# Blender 4.0.2
# www.blender.org
o Hull_B
v -0.761970 -0.009851 0.017205
v -0.746821 -0.017499 0.029240
v -0.762630 -0.013492 0.013517
v -0.746466 -0.023756 0.024833
v -0.761994 -0.017437 0.009393
v -0.746696 -0.032104 0.011520
v -0.762472 -0.018858 0.003538
v -0.746696 -0.033853 0.003893
v -0.761281 -0.020244 -0.002195
v -0.746695 -0.033816 -0.003932
v -0.761227 -0.019114 -0.007014
v -0.746695 -0.031994 -0.011543
v -0.763210 -0.015709 -0.009422
v -0.746466 -0.028719 -0.018544
v -0.762806 -0.008635 -0.016662
v -0.746840 -0.017244 -0.029094
v 0.595324 -0.003880 -0.153961
v 0.595324 -0.020281 -0.152578
v -0.594646 -0.004012 0.131796
v -0.594468 -0.017333 0.130724
v -0.570495 -0.003897 0.140069
v -0.569377 -0.018453 0.139154
v -0.545964 -0.003967 0.146443
v -0.544088 -0.019306 0.145583
v -0.518513 -0.019893 0.150002
v -0.521323 -0.003958 0.150927
v -0.496547 -0.003883 0.153516
v -0.494008 -0.020199 0.152301
v -0.466175 -0.020294 0.152808
v -0.471766 -0.003853 0.154180
v -0.010486 -0.004301 0.154411
v 0.595324 -0.020124 0.152980
v 0.144241 -0.020319 -0.152897
v -0.469539 -0.004357 -0.153787
v -0.488904 -0.020165 -0.152424
v -0.496056 -0.003889 -0.153261
v -0.518513 -0.019896 -0.149719
v -0.545940 -0.003714 -0.146288
v -0.544088 -0.019310 -0.145301
v -0.521159 -0.003943 -0.150670
v -0.569377 -0.018456 -0.138871
v -0.570248 -0.004152 -0.139757
v -0.662156 -0.003914 -0.098078
v -0.669664 -0.012309 -0.092596
v -0.702590 -0.004144 -0.070413
v -0.696275 -0.013516 -0.074135
v -0.723855 -0.003955 -0.053631
v -0.720391 -0.008372 -0.056048
v -0.683013 -0.004132 -0.084475
v -0.746627 -0.009943 -0.032496
v -0.761559 -0.003698 -0.019675
v -0.746840 -0.023458 -0.024386
v -0.762354 -0.013648 -0.013478
v -0.746832 -0.028508 0.018568
v -0.746467 -0.010289 0.032827
v -0.762905 -0.003919 0.018488
v 0.595324 -0.037826 -0.149302
v -0.488604 -0.037634 -0.149079
v -0.518513 -0.036976 -0.146441
v -0.544088 -0.035885 -0.142120
v -0.569377 -0.034298 -0.135831
v -0.594468 -0.032218 -0.127585
v -0.619526 -0.029628 -0.117320
v -0.644534 -0.026525 -0.105022
v -0.669664 -0.022878 -0.090567
v 0.144241 -0.037757 0.149833
v -0.488606 -0.037644 0.149359
v -0.518513 -0.036972 0.146724
v -0.544088 -0.035882 0.142403
v -0.569377 -0.034295 0.136113
v -0.594468 -0.032215 0.127868
v -0.720439 -0.013857 0.055100
v -0.720703 -0.022989 -0.051531
v -0.695268 -0.030991 -0.069496
v -0.669664 -0.033144 -0.087339
v -0.669664 -0.042971 -0.082952
v -0.644534 -0.038427 -0.101279
v -0.644534 -0.049820 -0.096193
v -0.619526 -0.042922 -0.113139
v -0.619526 -0.055647 -0.107459
v -0.594468 -0.046674 -0.123039
v -0.594468 -0.060512 -0.116863
v -0.569377 -0.049687 -0.130991
v -0.569377 -0.064418 -0.124416
v -0.544088 -0.051986 -0.137056
v -0.544088 -0.067398 -0.130177
v -0.518513 -0.053565 -0.141224
v -0.518513 -0.069446 -0.134136
v -0.488604 -0.054523 -0.143768
v -0.488603 -0.070689 -0.136553
v 0.144241 -0.054701 -0.144222
v 0.144241 -0.070919 -0.136984
v 0.595324 -0.054588 -0.143922
v 0.595324 -0.070771 -0.136698
v -0.720703 -0.034172 -0.044920
v -0.694935 -0.042620 -0.063189
v -0.669664 -0.052230 -0.077467
v -0.644534 -0.060554 -0.089833
v -0.619526 -0.067636 -0.100355
v -0.594468 -0.073549 -0.109138
v -0.569377 -0.078297 -0.116192
v -0.544088 -0.081919 -0.121573
v -0.518513 -0.084408 -0.125271
v -0.488603 -0.085920 -0.127530
v 0.595324 -0.086176 -0.127675
v -0.695268 -0.052732 -0.054892
v -0.669664 -0.060797 -0.070954
v -0.644534 -0.070487 -0.082283
v -0.619526 -0.078730 -0.091921
v -0.594468 -0.085612 -0.099967
v -0.569377 -0.091139 -0.106430
v -0.544088 -0.095355 -0.111359
v -0.518513 -0.098252 -0.114746
v -0.488604 -0.100014 -0.116816
v 0.595324 -0.100285 -0.116931
v -0.720703 -0.043552 -0.035932
v -0.669664 -0.068560 -0.063500
v -0.644534 -0.079486 -0.073641
v -0.619526 -0.088782 -0.082269
v -0.594468 -0.096543 -0.089471
v -0.569377 -0.102775 -0.095256
v -0.544088 -0.107529 -0.099669
v -0.518513 -0.110796 -0.102701
v -0.488605 -0.112784 -0.104555
v 0.595324 -0.113066 -0.104638
v -0.694935 -0.061539 -0.045022
v -0.669664 -0.075415 -0.055204
v -0.644534 -0.087434 -0.064023
v -0.619526 -0.097659 -0.071526
v -0.594468 -0.106195 -0.077790
v -0.569377 -0.113051 -0.082821
v -0.544088 -0.118281 -0.086658
v -0.518513 -0.121874 -0.089295
v -0.488606 -0.124062 -0.090908
v 0.595324 -0.124352 -0.090958
v -0.720703 -0.050634 -0.025041
v -0.695268 -0.068246 -0.033793
v -0.669664 -0.081272 -0.046175
v -0.644534 -0.094224 -0.053556
v -0.619526 -0.105244 -0.059835
v -0.594468 -0.114443 -0.065077
v -0.569377 -0.121831 -0.069287
v -0.544088 -0.127467 -0.072498
v -0.518513 -0.131339 -0.074705
v -0.488605 -0.133698 -0.076057
v 0.595324 -0.133991 -0.076073
v -0.669664 -0.086053 -0.036534
v -0.644534 -0.099768 -0.042378
v -0.619526 -0.111436 -0.047351
v -0.594468 -0.121176 -0.051501
v -0.569377 -0.128998 -0.054835
v -0.544088 -0.134965 -0.057378
v -0.518513 -0.139066 -0.059125
v -0.488605 -0.141564 -0.060197
v 0.595324 -0.141858 -0.060180
v -0.720439 -0.054342 -0.015944
v -0.695268 -0.074188 -0.017323
v -0.669664 -0.089696 -0.026408
v -0.644534 -0.103991 -0.030638
v -0.619526 -0.116152 -0.034237
v -0.594468 -0.126305 -0.037242
v -0.569377 -0.134459 -0.039655
v -0.544088 -0.140678 -0.041496
v -0.518513 -0.144952 -0.042761
v -0.488605 -0.147557 -0.043538
v 0.595324 -0.147846 -0.043488
v -0.720703 -0.056168 -0.006413
v -0.669664 -0.092151 -0.015930
v -0.644534 -0.106837 -0.018490
v -0.619526 -0.119332 -0.020669
v -0.594468 -0.129762 -0.022488
v -0.569377 -0.138139 -0.023949
v -0.544088 -0.144529 -0.025063
v -0.518513 -0.148920 -0.025829
v -0.488605 -0.151597 -0.026302
v 0.595324 -0.151879 -0.026218
v -0.694935 -0.076205 -0.004249
v -0.669664 -0.093387 -0.005239
v -0.644534 -0.108270 -0.006096
v -0.619526 -0.120932 -0.006826
v -0.594468 -0.131502 -0.007434
v -0.569377 -0.139992 -0.007923
v -0.544088 -0.146467 -0.008296
v -0.518513 -0.150917 -0.008553
v -0.488605 -0.153631 -0.008716
v 0.144241 -0.154118 -0.008737
v 0.595324 -0.153797 -0.008719
v -0.720703 -0.056182 0.006578
v -0.695268 -0.075720 0.008822
v -0.669664 -0.093387 0.005523
v -0.644534 -0.108270 0.006381
v -0.619526 -0.120932 0.007110
v -0.594468 -0.131502 0.007719
v -0.569377 -0.139992 0.008209
v -0.544088 -0.146467 0.008582
v -0.518513 -0.150917 0.008838
v -0.488605 -0.153631 0.008988
v 0.144241 -0.154118 0.009023
v -0.669664 -0.092151 0.016214
v -0.644534 -0.106837 0.018775
v -0.619526 -0.119331 0.020954
v -0.594468 -0.129762 0.022773
v -0.569377 -0.138139 0.024234
v -0.544088 -0.144529 0.025348
v -0.518513 -0.148919 0.026114
v -0.488605 -0.151599 0.026574
v 0.595324 -0.151835 0.026749
v -0.720703 -0.053231 0.019230
v -0.695268 -0.071741 0.025872
v -0.669664 -0.089695 0.026691
v -0.644534 -0.103990 0.030922
v -0.619526 -0.116152 0.034522
v -0.594468 -0.126304 0.037527
v -0.569377 -0.134458 0.039940
v -0.544088 -0.140677 0.041781
v -0.518513 -0.144951 0.043046
v -0.488604 -0.147560 0.043811
v 0.595324 -0.147775 0.044011
v -0.669664 -0.086053 0.036818
v -0.644534 -0.099767 0.042663
v -0.619526 -0.111434 0.047635
v -0.594468 -0.121174 0.051786
v -0.569377 -0.128997 0.055120
v -0.544088 -0.134964 0.057663
v -0.518513 -0.139064 0.059410
v -0.488605 -0.141568 0.060470
v 0.595324 -0.141759 0.060693
v -0.720703 -0.047471 0.030873
v -0.694935 -0.066318 0.037938
v -0.669664 -0.081271 0.046459
v -0.644534 -0.094223 0.053840
v -0.619526 -0.105243 0.060120
v -0.594468 -0.114441 0.065362
v -0.569377 -0.121830 0.069572
v -0.544088 -0.127465 0.072783
v -0.518513 -0.131337 0.074990
v -0.488605 -0.133703 0.076330
v 0.595324 -0.133866 0.076574
v -0.695268 -0.058797 0.048640
v -0.669664 -0.075414 0.055487
v -0.644534 -0.087432 0.064307
v -0.619526 -0.097658 0.071810
v -0.594468 -0.106194 0.078074
v -0.569377 -0.113050 0.083105
v -0.544088 -0.118279 0.086942
v -0.518513 -0.121872 0.089579
v -0.488606 -0.124068 0.091182
v 0.595324 -0.124203 0.091444
v -0.720704 -0.039206 0.040896
v -0.669664 -0.068558 0.063783
v -0.644534 -0.079485 0.073925
v -0.619526 -0.088781 0.082553
v -0.594468 -0.096541 0.089756
v -0.569377 -0.102773 0.095541
v -0.544088 -0.107527 0.099953
v -0.518513 -0.110794 0.102985
v -0.488605 -0.112791 0.104830
v 0.595324 -0.112895 0.105105
v -0.695268 -0.046179 0.060778
v -0.669664 -0.060796 0.071237
v -0.644534 -0.070485 0.082566
v -0.619526 -0.078728 0.092205
v -0.594468 -0.085610 0.100251
v -0.569377 -0.091137 0.106714
v -0.544088 -0.095353 0.111643
v -0.518513 -0.098250 0.115030
v -0.488605 -0.100022 0.117092
v 0.144241 -0.100333 0.117467
v 0.595324 -0.100125 0.117222
v -0.720439 -0.031641 0.047163
v -0.644534 -0.060552 0.090117
v -0.619526 -0.067634 0.100638
v -0.594468 -0.073546 0.109422
v -0.569377 -0.078294 0.116476
v -0.544088 -0.081916 0.121857
v -0.518513 -0.084405 0.125554
v -0.488605 -0.085928 0.127806
v 0.144241 -0.086195 0.128214
v 0.595324 -0.086016 0.127948
v -0.720703 -0.023097 0.051764
v -0.619526 -0.055645 0.107742
v -0.594468 -0.060509 0.117146
v -0.569377 -0.064416 0.124699
v -0.544088 -0.067396 0.130460
v -0.518513 -0.069443 0.134419
v -0.488604 -0.070698 0.136831
v 0.595324 -0.070702 0.137125
v -0.594468 -0.046671 0.123322
v -0.569377 -0.049684 0.131274
v -0.544088 -0.051983 0.137339
v -0.518513 -0.053562 0.141507
v -0.488605 -0.054532 0.144047
v 0.144241 -0.054698 0.144505
v 0.595324 -0.054585 0.144205
v -0.743052 -0.004248 -0.036851
v -0.723223 -0.003925 0.054473
v -0.570826 -0.003066 0.140857
v -0.546072 -0.003055 0.147348
v -0.662915 -0.003030 -0.098774
v -0.683996 -0.003071 -0.084897
v -0.570712 -0.003160 -0.140382
v -0.724535 -0.003060 -0.054233
v -0.763408 -0.003031 -0.019107
v -0.470909 -0.003025 -0.154926
v -0.521488 -0.003060 -0.151523
v -0.704520 -0.003076 -0.070061
v -0.725732 -0.002937 -0.054886
v -0.686270 -0.002974 -0.084700
v -0.665235 -0.002978 -0.098447
v -0.706645 -0.002965 -0.069932
v -0.573259 -0.002954 -0.141125
v -0.546363 -0.003013 -0.147191
v -0.524076 -0.002953 -0.152385
v -0.498841 -0.002975 -0.155142
v -0.496553 -0.003051 -0.154112
v 0.021059 -0.003107 -0.154957
v 0.595324 -0.002965 -0.155817
v -0.743423 -0.003276 -0.037333
v -0.470828 -0.003453 -0.154162
v 0.595324 -0.003139 -0.154700
v -0.763126 -0.003085 0.019297
v -0.594718 -0.003095 0.132576
v 0.595324 -0.003398 0.154588
v -0.471015 -0.003078 0.155005
v 0.002427 -0.003279 0.154968
v -0.521234 -0.003045 0.151870
v -0.496231 -0.003056 0.154403
v -0.743392 -0.003034 0.038239
v -0.724156 -0.003039 0.054883
v 0.595324 -0.003008 0.155379
v 0.012277 -0.004149 -0.154155
v -0.743048 -0.003887 0.037302
v 0.595324 -0.004225 0.154164
v -0.763271 -0.003562 -0.017899
v -0.765598 -0.008399 -0.012550
v -0.766063 -0.003905 -0.013710
v -0.767316 -0.008807 -0.008209
v -0.768194 -0.003554 -0.009446
v -0.768214 -0.009118 0.004429
v -0.769919 -0.003532 0.000132
v -0.768478 -0.009339 0.000096
v -0.769457 -0.003553 -0.004775
v -0.768197 -0.009231 -0.003931
v -0.767242 -0.008767 0.008761
v -0.769414 -0.003666 0.005045
v -0.765635 -0.008175 0.012878
v -0.768179 -0.003553 0.009770
v -0.766086 -0.003675 0.014104
v -0.764887 -0.016260 -0.000014
v -0.764600 -0.016053 -0.004315
v -0.765340 -0.014196 0.006687
v -0.767959 -0.003011 0.012900
v -0.766618 -0.002974 -0.017168
v -0.770092 -0.003004 -0.007145
v -0.770848 -0.003023 0.002752
v -0.766678 -0.003063 -0.014221
v -0.770478 -0.002945 -0.009753
v -0.766115 -0.002975 0.018060
v -0.771871 -0.002948 0.003989
v -0.572727 -0.002906 0.141563
v -0.744609 -0.002852 -0.038857
v -0.764689 -0.002591 -0.020396
v -0.764413 -0.002509 0.021073
v -0.764706 -0.001734 -0.021019
v -0.768225 -0.001964 -0.016343
v -0.770527 -0.001848 0.012255
v -0.764915 -0.001777 0.021064
v -0.769956 -0.002755 0.012085
v -0.772188 -0.002813 -0.002223
v -0.772016 -0.002206 0.007594
v -0.768202 -0.002102 0.016600
v -0.772038 -0.002084 -0.007338
v -0.772877 -0.001964 0.002646
v -0.772882 -0.001954 -0.002363
v -0.770499 -0.001979 -0.011979
v -0.472878 -0.002854 -0.156122
v -0.548821 -0.002881 -0.147787
v 0.595324 -0.002565 -0.156525
v 0.595324 -0.001656 -0.156962
v 0.007297 -0.002607 -0.156770
v 0.028534 -0.001862 -0.157164
v -0.664955 -0.001947 -0.099879
v -0.706038 -0.001944 -0.071661
v -0.687211 -0.001906 -0.085345
v -0.573010 -0.001870 -0.142089
v -0.546812 -0.001738 -0.149043
v -0.523884 -0.001852 -0.153265
v -0.498615 -0.001855 -0.156022
v -0.471702 -0.001801 -0.156863
v -0.744823 -0.001864 -0.039517
v -0.724368 -0.001664 -0.057235
v -0.652941 -0.001483 -0.107039
v -0.508398 -0.001480 -0.155233
v -0.725060 -0.002902 0.055754
v -0.744399 -0.002848 0.039241
v 0.595324 -0.001724 0.157215
v -0.723873 0.006011 0.057888
v -0.744536 -0.001915 0.040013
v -0.726095 -0.001903 0.056034
v -0.573445 -0.001902 0.142264
v -0.548788 -0.001905 0.148872
v -0.524079 -0.001795 0.153486
v -0.496920 -0.001909 0.156287
v -0.464572 -0.001481 0.157151
v -0.473929 -0.001911 0.157105
v -0.511337 -0.001509 0.155036
v 0.000938 -0.001588 0.157543
v -0.523711 -0.002754 0.153085
v 0.025671 -0.002903 0.156664
v -0.472211 -0.002931 0.156275
v -0.496317 -0.002887 0.155494
v -0.548421 -0.002886 0.148088
v 0.595324 -0.002904 0.156284
v -0.765486 0.006009 0.020521
v -0.770641 0.006009 0.012295
v -0.772617 0.006009 0.005098
v -0.773015 0.006009 -0.002354
v -0.770642 0.006009 -0.012013
v -0.765653 0.006010 -0.019965
v -0.723835 0.006009 -0.057637
v -0.652955 0.006009 -0.107026
v -0.508206 0.006009 0.155539
v -0.470565 0.006010 0.157174
v 0.595324 0.006010 0.157216
v -0.545610 0.006009 0.149600
v -0.577203 0.006035 0.140741
v -0.688124 0.006009 -0.084718
v -0.545610 0.006009 -0.149318
v -0.508206 0.006009 -0.155257
v -0.470594 0.006009 -0.156897
v 0.595324 0.006009 -0.156932
v -0.522994 0.006009 -0.150405
v -0.565922 0.006009 -0.141101
v -0.544388 0.006009 -0.146513
v -0.501764 0.006009 -0.152824
v -0.480391 0.006009 -0.153837
v -0.045357 0.006009 -0.154195
v 0.266728 0.006009 -0.154212
v 0.595324 0.006009 -0.153926
v -0.672324 0.006009 -0.091703
v -0.651760 0.006009 -0.104255
v -0.495753 0.006009 0.153340
v -0.514113 0.006009 0.151874
v -0.535099 0.006009 0.148666
v -0.555881 0.006009 0.144095
v -0.738535 0.006009 -0.041176
v -0.715608 0.006009 -0.060442
v -0.693003 0.006009 -0.077594
v -0.576607 0.006009 0.138136
v -0.473110 0.006009 0.154147
v 0.469803 0.006009 0.154312
v -0.137436 0.006009 0.154424
v -0.722278 0.006009 0.055314
v -0.744486 0.006009 0.036147
v -0.761463 0.006009 0.020286
v -0.764511 0.006009 0.016813
v -0.766954 0.006009 0.012873
v -0.768719 0.006009 0.008564
v -0.769736 0.006009 0.004087
v -0.770015 0.006009 0.000141
v -0.769634 0.006009 -0.004467
v -0.768495 0.006009 -0.008962
v -0.766620 0.006009 -0.013224
v -0.764105 0.006009 -0.017065
v -0.761463 0.006009 -0.020004
v -0.762984 0.003955 -0.018122
v -0.744448 0.006452 -0.035392
v -0.763347 0.012455 -0.013257
v -0.745093 0.023144 -0.026959
v -0.761975 0.017629 -0.008750
v -0.744450 0.034002 -0.012046
v -0.761259 0.020281 -0.002222
v -0.744450 0.035896 -0.003878
v -0.762474 0.018778 0.004177
v -0.744450 0.035855 0.004506
v -0.744450 0.033883 0.012655
v -0.763268 0.012355 0.013749
v -0.763228 0.004824 0.017886
v -0.744450 0.006108 0.035733
v -0.763106 0.000009 0.018651
v -0.743941 0.000009 0.036639
v -0.744234 0.014222 0.033537
v -0.761769 0.009791 0.017463
v -0.745046 0.022775 0.027605
v -0.761710 0.017402 0.009906
v -0.744233 0.030236 0.020233
v -0.744233 0.030430 -0.019657
v -0.762150 0.009248 -0.017021
v -0.744234 0.014547 -0.033116
v -0.720832 0.000018 0.056752
v -0.595544 0.000009 0.131459
v -0.595544 0.015254 0.130571
v -0.571008 0.000009 0.139884
v -0.571008 0.016232 0.138939
v -0.546305 0.016986 0.145386
v -0.521340 0.017514 0.149908
v -0.489619 0.000009 0.154026
v -0.495655 0.017818 0.152503
v -0.471379 0.017874 0.153110
v 0.595324 0.000008 0.154306
v 0.595324 0.018027 0.153243
v -0.719046 0.016558 0.055638
v -0.595544 0.030293 0.127919
v -0.571008 0.032236 0.136117
v -0.546305 0.033733 0.142433
v -0.521340 0.034783 0.146863
v -0.495655 0.035385 0.149405
v -0.471378 0.035512 0.150001
v 0.595324 0.035679 0.150116
v -0.595544 0.044922 0.123539
v -0.571008 0.047804 0.131457
v -0.546305 0.050024 0.137556
v -0.521340 0.051581 0.141834
v -0.495655 0.052475 0.144289
v -0.471377 0.052670 0.144867
v 0.595324 0.052849 0.144960
v -0.718752 0.026063 0.052019
v -0.620044 0.054269 0.108182
v -0.595544 0.058944 0.117491
v -0.571008 0.062726 0.125020
v -0.546305 0.065639 0.130820
v -0.521340 0.067682 0.134889
v -0.495655 0.068854 0.137223
v -0.471379 0.069115 0.137774
v 0.595324 0.069304 0.137847
v -0.719046 0.034542 0.046631
v -0.694175 0.045941 0.061968
v -0.644509 0.059616 0.090769
v -0.620044 0.066445 0.101152
v -0.595544 0.072169 0.109855
v -0.571008 0.076799 0.116895
v -0.546305 0.080366 0.122318
v -0.521340 0.082867 0.126121
v -0.495655 0.084303 0.128304
v -0.471379 0.084626 0.128821
v 0.595324 0.084823 0.128871
v -0.669091 0.060377 0.072085
v -0.644509 0.069734 0.083236
v -0.620044 0.077722 0.092756
v -0.595544 0.084419 0.100736
v -0.571008 0.089834 0.107190
v -0.546305 0.094006 0.112163
v -0.521340 0.096933 0.115650
v -0.495655 0.098612 0.117651
v -0.471377 0.098993 0.118128
v 0.595324 0.099194 0.118155
v -0.719046 0.044332 0.037414
v -0.694175 0.058961 0.049709
v -0.669091 0.068321 0.064590
v -0.644509 0.078909 0.074579
v -0.620044 0.087949 0.083108
v -0.595544 0.095526 0.090257
v -0.571008 0.101655 0.096039
v -0.546305 0.106376 0.100493
v -0.521340 0.109687 0.103617
v -0.495655 0.111587 0.105410
v -0.471378 0.112021 0.105838
v 0.595324 0.112224 0.105842
v -0.669091 0.075341 0.056223
v -0.644509 0.087018 0.064916
v -0.620044 0.096986 0.072338
v -0.595544 0.105342 0.078559
v -0.571008 0.112100 0.083590
v -0.546305 0.117307 0.087466
v -0.521340 0.120958 0.090184
v -0.495655 0.123054 0.091744
v -0.471377 0.123534 0.092120
v 0.595324 0.123736 0.092100
v -0.719046 0.051734 0.026188
v -0.694175 0.068803 0.034777
v -0.669091 0.081342 0.047099
v -0.644509 0.093949 0.054377
v -0.620044 0.104712 0.060591
v -0.595544 0.113734 0.065800
v -0.571008 0.121030 0.070013
v -0.546305 0.126651 0.073258
v -0.521340 0.130594 0.075534
v -0.495655 0.132856 0.076841
v -0.471379 0.133377 0.077158
v 0.595324 0.133575 0.077114
v -0.669091 0.086244 0.037339
v -0.644509 0.099610 0.043105
v -0.620044 0.111022 0.048027
v -0.595544 0.120587 0.052153
v -0.571008 0.128324 0.055490
v -0.546305 0.134283 0.058061
v -0.521340 0.138463 0.059864
v -0.495655 0.140862 0.060899
v -0.471378 0.141417 0.061154
v 0.595324 0.141608 0.061088
v -0.718752 0.055623 0.016791
v -0.693810 0.073923 0.022269
v -0.669091 0.089979 0.027076
v -0.644509 0.103925 0.031251
v -0.620044 0.115831 0.034816
v -0.595544 0.125810 0.037803
v -0.571008 0.133882 0.040220
v -0.546305 0.140100 0.042081
v -0.521340 0.144461 0.043387
v -0.495655 0.146964 0.044136
v -0.471378 0.147543 0.044325
v 0.595324 0.147726 0.044237
v -0.719046 0.057523 0.006926
v -0.694175 0.076501 0.009159
v -0.669091 0.092498 0.016449
v -0.644509 0.106834 0.018977
v -0.620044 0.119073 0.021135
v -0.595544 0.129332 0.022944
v -0.571008 0.137629 0.024407
v -0.546305 0.144021 0.025534
v -0.521340 0.148505 0.026325
v -0.495655 0.151078 0.026779
v -0.471379 0.151675 0.026898
v 0.595324 0.151847 0.026790
v -0.669091 0.093766 0.005602
v -0.644509 0.108298 0.006448
v -0.620044 0.120705 0.007171
v -0.595544 0.131105 0.007776
v -0.571008 0.139516 0.008266
v -0.546305 0.145996 0.008644
v -0.521340 0.150540 0.008908
v -0.495655 0.153149 0.009060
v -0.471378 0.153756 0.009110
v 0.595324 0.153914 0.008983
v -0.719046 0.057537 -0.006520
v -0.694175 0.076519 -0.008724
v -0.669091 0.093766 -0.005320
v -0.644509 0.108298 -0.006166
v -0.620044 0.120705 -0.006889
v -0.595544 0.131105 -0.007494
v -0.571008 0.139516 -0.007984
v -0.546305 0.145996 -0.008362
v -0.521340 0.150540 -0.008626
v -0.495655 0.153149 -0.008778
v -0.471378 0.153758 -0.008799
v 0.595324 0.153899 -0.008944
v -0.669091 0.092498 -0.016167
v -0.644509 0.106834 -0.018695
v -0.620044 0.119073 -0.020853
v -0.595544 0.129332 -0.022662
v -0.571008 0.137629 -0.024125
v -0.546305 0.144021 -0.025252
v -0.521340 0.148505 -0.026043
v -0.495655 0.151078 -0.026496
v -0.471378 0.151680 -0.026588
v 0.595324 0.151804 -0.026748
v -0.718752 0.055623 -0.016509
v -0.694175 0.072412 -0.026130
v -0.669091 0.089979 -0.026794
v -0.644509 0.103925 -0.030969
v -0.620044 0.115831 -0.034534
v -0.595544 0.125810 -0.037521
v -0.571008 0.133882 -0.039938
v -0.546305 0.140100 -0.041799
v -0.521340 0.144461 -0.043105
v -0.495655 0.146964 -0.043854
v -0.471379 0.147552 -0.044015
v 0.595324 0.147656 -0.044189
v -0.719046 0.051790 -0.025794
v -0.669091 0.086244 -0.037057
v -0.644509 0.099610 -0.042823
v -0.620044 0.111022 -0.047745
v -0.595544 0.120587 -0.051871
v -0.571008 0.128324 -0.055208
v -0.546305 0.134283 -0.057779
v -0.521340 0.138463 -0.059582
v -0.495655 0.140862 -0.060617
v -0.471377 0.141428 -0.060846
v 0.595324 0.141511 -0.061030
v -0.694175 0.064402 -0.042119
v -0.669091 0.081342 -0.046817
v -0.644509 0.093949 -0.054095
v -0.620044 0.104712 -0.060309
v -0.595544 0.113734 -0.065518
v -0.571008 0.121030 -0.069731
v -0.546305 0.126651 -0.072976
v -0.521340 0.130594 -0.075252
v -0.495655 0.132856 -0.076558
v -0.471377 0.133392 -0.076851
v 0.595324 0.133453 -0.077044
v -0.718752 0.046575 -0.034526
v -0.669091 0.075341 -0.055941
v -0.644509 0.087018 -0.064634
v -0.620044 0.096986 -0.072056
v -0.595544 0.105342 -0.078277
v -0.571008 0.112100 -0.083308
v -0.546305 0.117307 -0.087184
v -0.521340 0.120958 -0.089902
v -0.495655 0.123054 -0.091463
v -0.471378 0.123551 -0.091815
v 0.595324 0.123590 -0.092014
v -0.719046 0.039796 -0.041940
v -0.694175 0.052921 -0.055829
v -0.669091 0.068321 -0.064308
v -0.644509 0.078909 -0.074297
v -0.620044 0.087949 -0.082826
v -0.595544 0.095526 -0.089975
v -0.571008 0.101655 -0.095757
v -0.546305 0.106376 -0.100211
v -0.521340 0.109687 -0.103335
v -0.495655 0.111587 -0.105128
v -0.471379 0.112041 -0.105536
v 0.595324 0.112056 -0.105738
v -0.669091 0.060377 -0.071803
v -0.644509 0.069734 -0.082954
v -0.620044 0.077722 -0.092474
v -0.595544 0.084419 -0.100454
v -0.571008 0.089834 -0.106908
v -0.546305 0.094006 -0.111881
v -0.521340 0.096933 -0.115368
v -0.495655 0.098612 -0.117369
v -0.471377 0.099015 -0.117827
v 0.595324 0.099007 -0.118030
v -0.718752 0.031910 -0.048362
v -0.694175 0.038587 -0.066523
v -0.669091 0.051617 -0.078324
v -0.644509 0.059616 -0.090487
v -0.620044 0.066445 -0.100870
v -0.595544 0.072169 -0.109573
v -0.571008 0.076799 -0.116613
v -0.546305 0.080366 -0.122036
v -0.521340 0.082868 -0.125839
v -0.495655 0.084303 -0.128022
v -0.471377 0.084650 -0.128523
v 0.595324 0.084618 -0.128724
v -0.719046 0.023005 -0.053010
v -0.669091 0.042158 -0.083785
v -0.644509 0.048692 -0.096794
v -0.620044 0.054269 -0.107900
v -0.595544 0.058944 -0.117209
v -0.571008 0.062726 -0.124738
v -0.546305 0.065639 -0.130538
v -0.521340 0.067682 -0.134606
v -0.495655 0.068854 -0.136941
v -0.471375 0.069141 -0.137480
v 0.595324 0.069086 -0.137675
v -0.694175 0.022173 -0.073623
v -0.669091 0.032130 -0.088111
v -0.644509 0.037109 -0.101790
v -0.620044 0.041360 -0.113468
v -0.595544 0.044922 -0.123257
v -0.571008 0.047804 -0.131175
v -0.546305 0.050024 -0.137274
v -0.521340 0.051581 -0.141552
v -0.495655 0.052475 -0.144007
v -0.471380 0.052697 -0.144575
v 0.595324 0.052619 -0.144762
v -0.719046 0.010127 -0.056881
v -0.669091 0.021668 -0.091243
v -0.644509 0.025025 -0.105408
v -0.620044 0.027891 -0.117501
v -0.595544 0.030293 -0.127637
v -0.571008 0.032236 -0.135835
v -0.546305 0.033733 -0.142151
v -0.521340 0.034783 -0.146581
v -0.495655 0.035385 -0.149123
v -0.471376 0.035540 -0.149713
v 0.595324 0.035442 -0.149890
v -0.693810 0.008966 -0.076492
v -0.669091 0.010912 -0.093140
v -0.571008 0.016232 -0.138657
v -0.546305 0.016986 -0.145104
v -0.521340 0.017514 -0.149626
v -0.495655 0.017818 -0.152221
v -0.471373 0.017903 -0.152824
v 0.595324 0.017784 -0.152989
v 0.595324 0.000007 -0.154010
v -0.765605 0.012319 -0.008817
v -0.764605 0.016100 -0.004177
v -0.764867 0.016308 0.000293
v -0.765537 0.012359 0.009224
v -0.767684 0.000009 -0.011256
v -0.766359 0.004655 -0.013000
v -0.768132 0.005006 -0.008817
v -0.769646 0.000009 -0.004390
v -0.769215 0.005228 -0.004388
v -0.770032 0.000009 0.002078
v -0.769576 0.005310 0.000164
v -0.769203 0.005252 0.004714
v -0.767957 0.000009 0.010898
v -0.768110 0.005054 0.009137
v -0.766329 0.004722 0.013313
v -0.766607 0.012763 0.004695
v -0.767763 0.011007 -0.002141
v 0.595324 -0.153797 0.009004
v 0.595324 0.006009 0.154191
v 0.595324 -0.002330 0.156992
v 0.595324 -0.037678 0.149522
v -0.760503 -0.009172 0.016007
v -0.745474 -0.016732 0.027965
v -0.761121 -0.012539 0.012584
v -0.745124 -0.022720 0.023759
v -0.760525 -0.016222 0.008745
v -0.745355 -0.030696 0.011023
v -0.760989 -0.017522 0.003294
v -0.745353 -0.032371 0.003728
v -0.759848 -0.018843 -0.002048
v -0.745352 -0.032336 -0.003755
v -0.759805 -0.017786 -0.006518
v -0.745350 -0.030596 -0.011035
v -0.761658 -0.014619 -0.008732
v -0.745119 -0.027475 -0.017732
v -0.761308 -0.008003 -0.015470
v -0.745491 -0.016490 -0.027814
v 0.595322 -0.002684 -0.151378
v 0.595322 -0.020013 -0.150594
v -0.593952 -0.003222 0.129982
v -0.593756 -0.017076 0.128869
v -0.569942 -0.002989 0.138235
v -0.568808 -0.018188 0.137250
v -0.545543 -0.003069 0.144556
v -0.543668 -0.019039 0.143642
v -0.518248 -0.019621 0.148033
v -0.521045 -0.003052 0.149013
v -0.496420 -0.002954 0.151592
v -0.493891 -0.019930 0.150319
v -0.466160 -0.020020 0.150824
v -0.471734 -0.002943 0.152295
v -0.010485 -0.003712 0.152452
v 0.595323 -0.019856 0.150996
v 0.144242 -0.020050 -0.150913
v -0.469518 -0.003432 -0.149996
v -0.488813 -0.019901 -0.150438
v -0.495939 -0.002983 -0.151365
v -0.518251 -0.019623 -0.147751
v -0.545541 -0.002654 -0.144491
v -0.543666 -0.019039 -0.143360
v -0.520892 -0.003034 -0.148758
v -0.568808 -0.018197 -0.136967
v -0.569693 -0.003426 -0.137889
v -0.661177 -0.002963 -0.096459
v -0.668587 -0.012075 -0.090923
v -0.701428 -0.003352 -0.068863
v -0.695097 -0.013209 -0.072539
v -0.722633 -0.003057 -0.052175
v -0.719138 -0.008107 -0.054506
v -0.681925 -0.003283 -0.082901
v -0.745282 -0.009505 -0.031076
v -0.760291 -0.002537 -0.018410
v -0.745487 -0.022431 -0.023316
v -0.760872 -0.012685 -0.012513
v -0.745490 -0.027256 0.017756
v -0.745119 -0.009835 0.031415
v -0.761476 -0.002990 0.017306
v 0.595322 -0.037335 -0.147361
v -0.488513 -0.037144 -0.147137
v -0.518250 -0.036489 -0.144514
v -0.543667 -0.035406 -0.140219
v -0.568807 -0.033828 -0.133968
v -0.593756 -0.031760 -0.125769
v -0.618683 -0.029183 -0.115557
v -0.643571 -0.026095 -0.103319
v -0.668588 -0.022461 -0.088930
v 0.144241 -0.037282 0.147887
v -0.488515 -0.037157 0.147415
v -0.518250 -0.036486 0.144797
v -0.543667 -0.035403 0.140502
v -0.568807 -0.033825 0.134250
v -0.593756 -0.031757 0.126051
v -0.719178 -0.013476 0.053591
v -0.719435 -0.022367 -0.050104
v -0.694083 -0.030345 -0.068009
v -0.668589 -0.032549 -0.085757
v -0.668591 -0.042192 -0.081451
v -0.643571 -0.037804 -0.099636
v -0.643571 -0.049013 -0.094633
v -0.618683 -0.042277 -0.111439
v -0.618683 -0.054812 -0.105844
v -0.593756 -0.046010 -0.121287
v -0.593756 -0.059651 -0.115198
v -0.568807 -0.049006 -0.129194
v -0.568807 -0.063536 -0.122709
v -0.543667 -0.051291 -0.135223
v -0.543667 -0.066498 -0.128436
v -0.518250 -0.052861 -0.139365
v -0.518250 -0.068533 -0.132370
v -0.488512 -0.053813 -0.141894
v -0.488511 -0.069769 -0.134774
v 0.144242 -0.054021 -0.142337
v 0.144241 -0.069982 -0.135213
v 0.595322 -0.053872 -0.142051
v 0.595322 -0.069856 -0.134917
v -0.719434 -0.033236 -0.043680
v -0.693758 -0.041715 -0.061842
v -0.668587 -0.051285 -0.076066
v -0.643571 -0.059573 -0.088376
v -0.618683 -0.066621 -0.098847
v -0.593756 -0.072502 -0.107584
v -0.568807 -0.077224 -0.114598
v -0.543667 -0.080824 -0.119947
v -0.518250 -0.083298 -0.123622
v -0.488512 -0.084802 -0.125868
v 0.595323 -0.085060 -0.126011
v -0.694091 -0.051609 -0.053719
v -0.668589 -0.059701 -0.069666
v -0.643571 -0.069345 -0.080948
v -0.618683 -0.077549 -0.090539
v -0.593756 -0.084394 -0.098543
v -0.568807 -0.089890 -0.104969
v -0.543667 -0.094081 -0.109869
v -0.518250 -0.096960 -0.113235
v -0.488514 -0.098712 -0.115294
v 0.595324 -0.098981 -0.115410
v -0.719433 -0.042355 -0.034944
v -0.668591 -0.067318 -0.062350
v -0.643571 -0.078199 -0.072446
v -0.618683 -0.087450 -0.081032
v -0.593756 -0.095169 -0.088197
v -0.568807 -0.101367 -0.093949
v -0.543667 -0.106093 -0.098335
v -0.518250 -0.109339 -0.101349
v -0.488514 -0.111316 -0.103192
v 0.595324 -0.111597 -0.103277
v -0.693760 -0.060229 -0.044064
v -0.668587 -0.074051 -0.054206
v -0.643571 -0.086018 -0.062984
v -0.618683 -0.096194 -0.070451
v -0.593756 -0.104685 -0.076681
v -0.568807 -0.111502 -0.081684
v -0.543667 -0.116701 -0.085498
v -0.518250 -0.120272 -0.088119
v -0.488515 -0.122447 -0.089723
v 0.595324 -0.122736 -0.089775
v -0.719436 -0.049248 -0.024338
v -0.694088 -0.066787 -0.033080
v -0.668589 -0.079805 -0.045335
v -0.643571 -0.092698 -0.052686
v -0.618683 -0.103664 -0.058935
v -0.593756 -0.112815 -0.064149
v -0.568807 -0.120162 -0.068336
v -0.543667 -0.125764 -0.071528
v -0.518250 -0.129612 -0.073721
v -0.488514 -0.131957 -0.075065
v 0.595324 -0.132250 -0.075083
v -0.668589 -0.084497 -0.035875
v -0.643571 -0.098152 -0.041690
v -0.618683 -0.109763 -0.046638
v -0.593756 -0.119452 -0.050767
v -0.568807 -0.127231 -0.054082
v -0.543667 -0.133162 -0.056609
v -0.518250 -0.137237 -0.058346
v -0.488514 -0.139721 -0.059411
v 0.595324 -0.140014 -0.059396
v -0.719172 -0.052854 -0.015501
v -0.694089 -0.072612 -0.016937
v -0.668589 -0.088076 -0.025924
v -0.643571 -0.102306 -0.030139
v -0.618683 -0.114409 -0.033721
v -0.593756 -0.124508 -0.036710
v -0.568807 -0.132616 -0.039110
v -0.543667 -0.138799 -0.040940
v -0.518250 -0.143046 -0.042197
v -0.488514 -0.145636 -0.042970
v 0.595324 -0.145925 -0.042921
v -0.719431 -0.054626 -0.006249
v -0.668591 -0.090484 -0.015641
v -0.643571 -0.105107 -0.018189
v -0.618683 -0.117541 -0.020357
v -0.593756 -0.127916 -0.022166
v -0.568807 -0.136246 -0.023619
v -0.543667 -0.142598 -0.024726
v -0.518250 -0.146962 -0.025487
v -0.488514 -0.149623 -0.025958
v 0.595323 -0.149905 -0.025880
v -0.693760 -0.074584 -0.004159
v -0.668587 -0.091700 -0.005144
v -0.643571 -0.106516 -0.005995
v -0.618683 -0.119117 -0.006721
v -0.593756 -0.129632 -0.007327
v -0.568807 -0.138073 -0.007813
v -0.543667 -0.144511 -0.008184
v -0.518250 -0.148933 -0.008438
v -0.488513 -0.151630 -0.008600
v 0.144242 -0.152119 -0.008590
v 0.595322 -0.151797 -0.008609
v -0.719432 -0.054638 0.006399
v -0.694086 -0.074110 0.008624
v -0.668589 -0.091699 0.005430
v -0.643571 -0.106516 0.006279
v -0.618683 -0.119117 0.007006
v -0.593756 -0.129631 0.007611
v -0.568807 -0.138073 0.008098
v -0.543667 -0.144510 0.008469
v -0.518250 -0.148932 0.008724
v -0.488514 -0.151631 0.008873
v 0.144241 -0.152119 0.008889
v -0.668589 -0.090486 0.015919
v -0.643571 -0.105106 0.018473
v -0.618683 -0.117540 0.020641
v -0.593756 -0.127916 0.022451
v -0.568807 -0.136246 0.023904
v -0.543667 -0.142598 0.025011
v -0.518250 -0.146961 0.025772
v -0.488514 -0.149626 0.026230
v 0.595323 -0.149862 0.026408
v -0.719433 -0.051766 0.018704
v -0.694083 -0.070212 0.025337
v -0.668589 -0.088073 0.026215
v -0.643571 -0.102306 0.030424
v -0.618683 -0.114408 0.034006
v -0.593756 -0.124507 0.036995
v -0.568807 -0.132615 0.039395
v -0.543667 -0.138798 0.041225
v -0.518250 -0.143045 0.042482
v -0.488513 -0.145639 0.043243
v 0.595324 -0.145854 0.043441
v -0.668591 -0.084497 0.036153
v -0.643571 -0.098151 0.041974
v -0.618683 -0.109762 0.046922
v -0.593756 -0.119451 0.051051
v -0.568807 -0.127229 0.054366
v -0.543667 -0.133161 0.056894
v -0.518250 -0.137236 0.058631
v -0.488514 -0.139725 0.059685
v 0.595324 -0.139917 0.059906
v -0.719430 -0.046166 0.030033
v -0.693758 -0.064907 0.037137
v -0.668587 -0.079804 0.045621
v -0.643571 -0.092697 0.052970
v -0.618683 -0.103663 0.059219
v -0.593756 -0.112813 0.064434
v -0.568807 -0.120160 0.068620
v -0.543667 -0.125762 0.071813
v -0.518250 -0.129610 0.074006
v -0.488514 -0.131962 0.075338
v 0.595324 -0.132127 0.075581
v -0.694092 -0.057551 0.047596
v -0.668589 -0.074049 0.054491
v -0.643571 -0.086016 0.063268
v -0.618683 -0.096192 0.070735
v -0.593756 -0.104683 0.076966
v -0.568807 -0.111500 0.081968
v -0.543667 -0.116699 0.085783
v -0.518250 -0.120270 0.088403
v -0.488515 -0.122453 0.089997
v 0.595324 -0.122588 0.090257
v -0.719428 -0.038123 0.039788
v -0.668589 -0.067322 0.062630
v -0.643571 -0.078197 0.072730
v -0.618683 -0.087448 0.081316
v -0.593756 -0.095167 0.088481
v -0.568807 -0.101365 0.094233
v -0.543667 -0.106091 0.098620
v -0.518250 -0.109337 0.101633
v -0.488514 -0.111323 0.103467
v 0.595323 -0.111431 0.103738
v -0.694087 -0.045198 0.059485
v -0.668589 -0.059694 0.069955
v -0.643571 -0.069343 0.081231
v -0.618683 -0.077547 0.090823
v -0.593756 -0.084392 0.098827
v -0.568807 -0.089888 0.105253
v -0.543667 -0.094079 0.110153
v -0.518250 -0.096958 0.113520
v -0.488514 -0.098719 0.115569
v 0.144242 -0.099007 0.115964
v 0.595322 -0.098827 0.115696
v -0.719174 -0.030775 0.045871
v -0.643571 -0.059571 0.088659
v -0.618683 -0.066619 0.099130
v -0.593756 -0.072500 0.107867
v -0.568807 -0.077221 0.114882
v -0.543667 -0.080822 0.120231
v -0.518250 -0.083295 0.123906
v -0.488513 -0.084810 0.126144
v 0.144241 -0.085092 0.126542
v 0.595322 -0.084893 0.126289
v -0.719438 -0.022459 0.050345
v -0.618683 -0.054810 0.106127
v -0.593756 -0.059648 0.115482
v -0.568807 -0.063533 0.122992
v -0.543667 -0.066495 0.128719
v -0.518250 -0.068530 0.132654
v -0.488513 -0.069778 0.135052
v 0.595322 -0.069783 0.135346
v -0.593756 -0.046007 0.121570
v -0.568807 -0.049003 0.129477
v -0.543667 -0.051288 0.135506
v -0.518250 -0.052858 0.139649
v -0.488514 -0.053821 0.142173
v 0.144242 -0.053959 0.142643
v 0.595322 -0.053880 0.142330
v -0.741762 -0.003543 -0.035420
v -0.722017 -0.002974 0.053018
v -0.570564 -0.001165 0.139984
v -0.545877 -0.001170 0.146434
v -0.683447 -0.001168 -0.084098
v -0.723949 -0.001096 -0.053533
v -0.762944 -0.001019 -0.018733
v -0.470901 -0.001117 -0.154210
v -0.725029 -0.001058 -0.054056
v -0.685756 -0.001044 -0.083950
v -0.664777 -0.001055 -0.097728
v -0.546201 -0.001082 -0.146475
v -0.523911 -0.001049 -0.151337
v 0.595323 -0.001057 -0.155154
v -0.470798 -0.002061 -0.152643
v 0.595323 -0.001263 -0.153745
v -0.762430 -0.001166 0.018663
v -0.594352 -0.001245 0.131596
v 0.595323 -0.001897 0.153110
v -0.471008 -0.001164 0.154118
v 0.002426 -0.001630 0.153578
v -0.496177 -0.001159 0.153488
v -0.742802 -0.001122 0.037583
v -0.723585 -0.001128 0.054201
v 0.595324 -0.001065 0.154807
v 0.012277 -0.001928 -0.153092
v -0.741799 -0.002891 0.035927
v 0.595323 -0.003672 0.152193
v -0.761911 -0.002322 -0.016841
v -0.763909 -0.007765 -0.011650
v -0.764460 -0.002952 -0.012788
v -0.765514 -0.008125 -0.007611
v -0.766537 -0.002321 -0.008789
v -0.766338 -0.008434 0.004139
v -0.768150 -0.002251 0.000180
v -0.766586 -0.008626 0.000097
v -0.767707 -0.002237 -0.004510
v -0.766326 -0.008530 -0.003641
v -0.765442 -0.008111 0.008131
v -0.767605 -0.002490 0.004661
v -0.763954 -0.007559 0.011951
v -0.766465 -0.002376 0.009192
v -0.764566 -0.002513 0.013143
v -0.763215 -0.015128 -0.000022
v -0.762949 -0.014941 -0.003983
v -0.763651 -0.013187 0.006226
v -0.767332 -0.001021 0.012621
v -0.769582 -0.000977 -0.007025
v -0.770287 -0.000994 0.002727
v -0.765927 -0.001144 -0.013793
v -0.572434 -0.001033 0.140590
v -0.743838 -0.001000 -0.038003
v -0.763626 -0.001089 -0.019429
v -0.760741 -0.000462 -0.017266
v -0.766545 -0.001185 -0.015323
v -0.770158 -0.001230 0.007124
v -0.770134 -0.001215 -0.006885
v -0.768692 -0.001149 -0.011172
v -0.472856 -0.001052 -0.155008
v -0.548541 -0.001056 -0.146661
v 0.595323 -0.001142 -0.155006
v 0.595323 -0.000761 -0.152998
v 0.007298 -0.001061 -0.155386
v -0.682316 0.001578 -0.078263
v -0.545950 -0.000437 -0.145028
v -0.471633 -0.000548 -0.152822
v -0.701778 0.009851 -0.029713
v -0.651123 -0.000520 -0.103859
v -0.722613 0.004057 0.056352
v -0.547283 0.000521 0.142367
v -0.507752 0.007637 0.125331
v 0.000938 -0.001020 0.155542
v -0.523522 -0.001044 0.151755
v 0.025670 -0.001057 0.155580
v -0.472201 -0.001045 0.155245
v -0.548190 -0.001013 0.147087
v 0.595323 -0.000983 0.155477
v -0.763905 0.004088 0.019191
v -0.768721 0.004079 0.011463
v -0.770578 0.004061 0.004764
v -0.770933 0.004079 -0.002167
v -0.768716 0.004082 -0.011199
v -0.764055 0.004054 -0.018615
v -0.722557 0.004041 -0.056081
v -0.651948 0.004039 -0.105271
v -0.507991 0.004044 0.153499
v -0.470523 0.004054 0.155166
v 0.595323 0.004031 0.155237
v -0.545208 0.004071 0.147621
v -0.576601 0.004060 0.138913
v -0.686953 0.004022 -0.083045
v -0.545183 0.004037 -0.147316
v -0.508002 0.004036 -0.153222
v -0.470553 0.004025 -0.154883
v 0.595324 0.004009 -0.154939
v -0.522994 0.004009 -0.150405
v -0.565922 0.004009 -0.141101
v -0.544388 0.004009 -0.146513
v -0.501764 0.004009 -0.152824
v -0.480391 0.004009 -0.153837
v -0.045357 0.004009 -0.154195
v 0.266728 0.004009 -0.154212
v 0.595324 0.004009 -0.153926
v -0.672324 0.004009 -0.091703
v -0.651760 0.004009 -0.104255
v -0.495753 0.004009 0.153340
v -0.555884 0.004009 0.144101
v -0.738535 0.004009 -0.041177
v -0.715608 0.004009 -0.060442
v -0.693003 0.004009 -0.077594
v -0.576613 0.004009 0.138155
v -0.473110 0.004009 0.154148
v 0.469803 0.004009 0.154312
v -0.137436 0.004009 0.154424
v -0.722279 0.004009 0.055315
v -0.744486 0.004009 0.036148
v -0.761463 0.004009 0.020286
v -0.764511 0.004009 0.016813
v -0.766954 0.004009 0.012873
v -0.768719 0.004009 0.008564
v -0.769736 0.004009 0.004087
v -0.770015 0.004009 0.000141
v -0.769634 0.004009 -0.004467
v -0.768495 0.004009 -0.008962
v -0.766620 0.004009 -0.013224
v -0.764106 0.004009 -0.017065
v -0.761463 0.004009 -0.020004
v -0.761457 0.003672 -0.016830
v -0.743107 0.006174 -0.033925
v -0.761794 0.011577 -0.012301
v -0.743744 0.022177 -0.025826
v -0.760515 0.016396 -0.008116
v -0.743110 0.032595 -0.011545
v -0.759828 0.018878 -0.002057
v -0.743111 0.034408 -0.003712
v -0.760979 0.017460 0.003878
v -0.743111 0.034372 0.004328
v -0.743110 0.032483 0.012139
v -0.761719 0.011488 0.012780
v -0.761688 0.004471 0.016628
v -0.743107 0.005843 0.034269
v -0.761572 -0.000134 0.017352
v -0.742604 -0.000100 0.035155
v -0.742895 0.013625 0.032169
v -0.760298 0.009130 0.016262
v -0.743698 0.021823 0.026458
v -0.760249 0.016199 0.009227
v -0.742891 0.029003 0.019395
v -0.742893 0.029188 -0.018829
v -0.760669 0.008608 -0.015818
v -0.742894 0.013937 -0.031751
v -0.761947 -0.000113 -0.016577
v -0.719570 -0.000202 0.055212
v -0.594829 -0.000100 0.129593
v -0.594827 0.015037 0.128712
v -0.570430 -0.000102 0.137971
v -0.570428 0.016010 0.137034
v -0.545872 -0.000105 0.144424
v -0.545871 0.016759 0.143442
v -0.521061 0.017285 0.147935
v -0.489522 -0.000114 0.152030
v -0.495521 0.017582 0.150517
v -0.471360 0.017642 0.151120
v 0.595324 -0.000109 0.152310
v 0.595324 0.017793 0.151253
v -0.717784 0.016136 0.054138
v -0.594827 0.029861 0.126098
v -0.570428 0.031794 0.134250
v -0.545871 0.033282 0.140529
v -0.521059 0.034325 0.144931
v -0.495529 0.034924 0.147458
v -0.471353 0.035050 0.148052
v 0.595324 0.035216 0.148167
v -0.594827 0.044282 0.121781
v -0.570428 0.047148 0.129654
v -0.545871 0.049355 0.135717
v -0.521059 0.050902 0.139968
v -0.495529 0.051790 0.142409
v -0.471352 0.051985 0.142984
v 0.595324 0.052163 0.143078
v -0.717492 0.025362 0.050627
v -0.619199 0.053454 0.106558
v -0.594827 0.058104 0.115818
v -0.570428 0.061865 0.123305
v -0.545871 0.064760 0.129071
v -0.521059 0.066791 0.133115
v -0.495529 0.067956 0.135435
v -0.471354 0.068216 0.135984
v 0.595324 0.068404 0.136057
v -0.717782 0.033601 0.045387
v -0.692997 0.044961 0.060671
v -0.643545 0.058650 0.089301
v -0.619199 0.065447 0.099634
v -0.594827 0.071141 0.108292
v -0.570428 0.075745 0.115292
v -0.545871 0.079290 0.120682
v -0.521059 0.081777 0.124463
v -0.495529 0.083204 0.126632
v -0.471354 0.083525 0.127147
v 0.595324 0.083720 0.127198
v -0.668018 0.059286 0.070791
v -0.643545 0.068605 0.081890
v -0.619199 0.076555 0.091364
v -0.594827 0.083216 0.099303
v -0.570428 0.088601 0.105721
v -0.545871 0.092748 0.110663
v -0.521059 0.095657 0.114129
v -0.495529 0.097326 0.116119
v -0.471352 0.097705 0.116593
v 0.595324 0.097905 0.116621
v -0.717786 0.043137 0.036409
v -0.692994 0.057718 0.048663
v -0.668018 0.067093 0.063426
v -0.643545 0.077631 0.073374
v -0.619199 0.086627 0.081861
v -0.594827 0.094165 0.088972
v -0.570428 0.100259 0.094722
v -0.545871 0.104952 0.099150
v -0.521059 0.108243 0.102255
v -0.495529 0.110132 0.104037
v -0.471353 0.110564 0.104463
v 0.595324 0.110765 0.104468
v -0.668018 0.073981 0.055217
v -0.643545 0.085608 0.063867
v -0.619199 0.095529 0.071253
v -0.594827 0.103841 0.077441
v -0.570428 0.110561 0.082444
v -0.545871 0.115737 0.086297
v -0.521059 0.119366 0.088999
v -0.495529 0.121449 0.090550
v -0.471352 0.121928 0.090924
v 0.595324 0.122128 0.090905
v -0.717785 0.050346 0.025473
v -0.692996 0.067359 0.034034
v -0.668018 0.079879 0.046249
v -0.643545 0.092428 0.053499
v -0.619199 0.103139 0.059683
v -0.594827 0.112113 0.064864
v -0.570428 0.119369 0.069053
v -0.545871 0.124956 0.072279
v -0.521059 0.128875 0.074542
v -0.495529 0.131124 0.075840
v -0.471353 0.131642 0.076156
v 0.595324 0.131839 0.076114
v -0.668021 0.084688 0.036670
v -0.643545 0.097997 0.042409
v -0.619199 0.109354 0.047308
v -0.594827 0.118869 0.051412
v -0.570428 0.126562 0.054730
v -0.545871 0.132486 0.057286
v -0.521059 0.136641 0.059078
v -0.495529 0.139025 0.060107
v -0.471352 0.139577 0.060360
v 0.595324 0.139768 0.060296
v -0.717494 0.054129 0.016344
v -0.692638 0.072365 0.021804
v -0.668016 0.088358 0.026593
v -0.643545 0.102242 0.030747
v -0.619199 0.114090 0.034295
v -0.594827 0.124017 0.037267
v -0.570428 0.132043 0.039669
v -0.545871 0.138225 0.041520
v -0.521059 0.142559 0.042818
v -0.495529 0.145047 0.043562
v -0.471352 0.145624 0.043750
v 0.595324 0.145807 0.043664
v -0.717782 0.055972 0.006759
v -0.692997 0.074885 0.008982
v -0.668018 0.090832 0.016151
v -0.643545 0.105104 0.018672
v -0.619199 0.117284 0.020820
v -0.594827 0.127489 0.022619
v -0.570428 0.135740 0.024074
v -0.545871 0.142094 0.025194
v -0.521059 0.146550 0.025980
v -0.495529 0.149107 0.026431
v -0.471353 0.149702 0.026550
v 0.595324 0.149873 0.026444
v -0.668018 0.092076 0.005508
v -0.643545 0.106545 0.006346
v -0.619199 0.118891 0.007065
v -0.594827 0.129236 0.007668
v -0.570428 0.137600 0.008155
v -0.545871 0.144042 0.008530
v -0.521059 0.148559 0.008793
v -0.495529 0.151151 0.008944
v -0.471352 0.151756 0.008993
v 0.595324 0.151914 0.008868
v -0.717781 0.055987 -0.006355
v -0.692996 0.074904 -0.008539
v -0.668018 0.092077 -0.005226
v -0.643545 0.106545 -0.006064
v -0.619199 0.118891 -0.006783
v -0.594827 0.129236 -0.007386
v -0.570428 0.137600 -0.007873
v -0.545871 0.144042 -0.008248
v -0.521059 0.148559 -0.008511
v -0.495529 0.151151 -0.008662
v -0.471352 0.151758 -0.008683
v 0.595324 0.151900 -0.008826
v -0.668018 0.090832 -0.015869
v -0.643545 0.105104 -0.018390
v -0.619199 0.117284 -0.020538
v -0.594827 0.127489 -0.022337
v -0.570428 0.135740 -0.023792
v -0.545871 0.142094 -0.024912
v -0.521059 0.146550 -0.025698
v -0.495529 0.149107 -0.026149
v -0.471353 0.149707 -0.026240
v 0.595324 0.149832 -0.026399
v -0.717490 0.054130 -0.016068
v -0.693000 0.070882 -0.025576
v -0.668018 0.088357 -0.026313
v -0.643545 0.102242 -0.030465
v -0.619199 0.114090 -0.034012
v -0.594827 0.124017 -0.036985
v -0.570428 0.132043 -0.039387
v -0.545871 0.138225 -0.041238
v -0.521059 0.142559 -0.042536
v -0.495529 0.145047 -0.043280
v -0.471353 0.145632 -0.043441
v 0.595324 0.145737 -0.043613
v -0.717782 0.050400 -0.025097
v -0.668018 0.084692 -0.036383
v -0.643545 0.097997 -0.042127
v -0.619199 0.109354 -0.047026
v -0.594827 0.118869 -0.051130
v -0.570428 0.126562 -0.054448
v -0.545871 0.132486 -0.057004
v -0.521059 0.136641 -0.058796
v -0.495529 0.139025 -0.059825
v -0.471352 0.139588 -0.060052
v 0.595324 0.139672 -0.060235
v -0.692998 0.063044 -0.041224
v -0.668018 0.079875 -0.045974
v -0.643545 0.092428 -0.053217
v -0.619199 0.103139 -0.059401
v -0.594827 0.112113 -0.064582
v -0.570428 0.119369 -0.068771
v -0.545871 0.124956 -0.071997
v -0.521059 0.128875 -0.074260
v -0.495529 0.131124 -0.075558
v -0.471352 0.131656 -0.075849
v 0.595324 0.131719 -0.076041
v -0.717493 0.045329 -0.033588
v -0.668018 0.073986 -0.054928
v -0.643545 0.085608 -0.063585
v -0.619199 0.095529 -0.070971
v -0.594827 0.103841 -0.077159
v -0.570428 0.110561 -0.082162
v -0.545871 0.115737 -0.086015
v -0.521059 0.119366 -0.088717
v -0.495529 0.121449 -0.090268
v -0.471353 0.121944 -0.090619
v 0.595324 0.121984 -0.090816
v -0.717784 0.038721 -0.040809
v -0.692996 0.051803 -0.054649
v -0.668018 0.067087 -0.063150
v -0.643545 0.077631 -0.073092
v -0.619199 0.086627 -0.081579
v -0.594827 0.094165 -0.088690
v -0.570428 0.100259 -0.094440
v -0.545871 0.104952 -0.098868
v -0.521059 0.108243 -0.101973
v -0.495529 0.110132 -0.103755
v -0.471354 0.110583 -0.104161
v 0.595324 0.110600 -0.104362
v -0.668018 0.059293 -0.070504
v -0.643545 0.068605 -0.081608
v -0.619199 0.076555 -0.091082
v -0.594827 0.083216 -0.099021
v -0.570428 0.088601 -0.105439
v -0.545871 0.092748 -0.110381
v -0.521059 0.095657 -0.113847
v -0.495529 0.097326 -0.115837
v -0.471351 0.097727 -0.116293
v 0.595324 0.097720 -0.116494
v -0.717491 0.031052 -0.047062
v -0.693000 0.037771 -0.065116
v -0.668018 0.050683 -0.076913
v -0.643545 0.058651 -0.089019
v -0.619199 0.065447 -0.099352
v -0.594827 0.071141 -0.108010
v -0.570428 0.075745 -0.115010
v -0.545871 0.079290 -0.120400
v -0.521059 0.081777 -0.124181
v -0.495529 0.083204 -0.126350
v -0.471352 0.083549 -0.126850
v 0.595324 0.083519 -0.127049
v -0.717778 0.022400 -0.051578
v -0.668018 0.041403 -0.082271
v -0.643545 0.047903 -0.095224
v -0.619199 0.053454 -0.106276
v -0.594827 0.058104 -0.115536
v -0.570428 0.061865 -0.123023
v -0.545871 0.064760 -0.128789
v -0.521059 0.066791 -0.132833
v -0.495529 0.067956 -0.135153
v -0.471350 0.068241 -0.135689
v 0.595324 0.068189 -0.135884
v -0.693001 0.021692 -0.072069
v -0.668018 0.031548 -0.086522
v -0.643545 0.036508 -0.100139
v -0.619199 0.040738 -0.111761
v -0.594827 0.044282 -0.121499
v -0.570428 0.047148 -0.129372
v -0.545871 0.049355 -0.135435
v -0.521059 0.050902 -0.139686
v -0.495529 0.051790 -0.142127
v -0.471355 0.052011 -0.142692
v 0.595324 0.051936 -0.142879
v -0.717778 0.009844 -0.055352
v -0.668021 0.021279 -0.089595
v -0.643545 0.024619 -0.103698
v -0.619199 0.027472 -0.115733
v -0.594827 0.029861 -0.125816
v -0.570428 0.031794 -0.133968
v -0.545871 0.033282 -0.140247
v -0.521059 0.034325 -0.144649
v -0.495529 0.034924 -0.147176
v -0.471351 0.035078 -0.147764
v 0.595324 0.034981 -0.147940
v -0.692640 0.008765 -0.074879
v -0.668019 0.010716 -0.091459
v -0.570428 0.016010 -0.136751
v -0.545871 0.016759 -0.143160
v -0.521059 0.017284 -0.147654
v -0.495523 0.017583 -0.150234
v -0.471354 0.017670 -0.150835
v 0.595324 0.017553 -0.150999
v -0.570430 -0.000102 -0.137690
v -0.545872 -0.000105 -0.144142
v 0.595324 -0.000107 -0.152013
v -0.763884 0.011478 -0.008172
v -0.762982 0.014950 -0.003852
v -0.763222 0.015143 0.000264
v -0.763829 0.011488 0.008575
v -0.765848 -0.000125 -0.010428
v -0.764626 0.004291 -0.012030
v -0.766256 0.004605 -0.008177
v -0.767667 -0.000138 -0.004070
v -0.767259 0.004843 -0.004051
v -0.768026 -0.000136 0.001926
v -0.767596 0.004914 0.000161
v -0.767249 0.004850 0.004368
v -0.766092 -0.000105 0.010130
v -0.766231 0.004660 0.008508
v -0.764594 0.004364 0.012340
v -0.764823 0.011865 0.004370
v -0.765903 0.010230 -0.001980
v 0.595322 -0.151797 0.008894
v 0.595324 0.004009 0.154191
v 0.595322 -0.037183 0.147581
v -0.714015 -0.007329 0.061225
v -0.714242 -0.003974 0.061560
v -0.595941 -0.004632 0.131194
v -0.595899 -0.004009 0.131270
v -0.598418 -0.017113 0.129070
v -0.597654 -0.014929 0.129581
v -0.596137 -0.007529 0.130862
v -0.600153 -0.022074 0.127372
v -0.602617 -0.026922 0.125384
v -0.603592 -0.028841 0.124597
v -0.605155 -0.031111 0.123490
v -0.712667 -0.014040 0.061226
v -0.714001 -0.007529 0.061203
v -0.670453 -0.055716 0.074433
v -0.669664 -0.055869 0.074982
v -0.687941 -0.047910 0.065635
v -0.684790 -0.049954 0.066736
v -0.677816 -0.053291 0.070074
v -0.662840 -0.057186 0.079057
v -0.653501 -0.057582 0.085704
v -0.655069 -0.057682 0.084462
v -0.662828 -0.057188 0.079065
v -0.697100 -0.040787 0.062344
v -0.695268 -0.042346 0.063054
v -0.707318 -0.027322 0.061212
v -0.706546 -0.028841 0.061000
v -0.702227 -0.035114 0.061133
v -0.691254 -0.045762 0.064250
v -0.649173 -0.057307 0.088846
v -0.647310 -0.057188 0.090199
v -0.644534 -0.056652 0.092427
v -0.639685 -0.055716 0.095836
v -0.637340 -0.054944 0.097674
v -0.631440 -0.052869 0.102375
v -0.632322 -0.053291 0.101606
v -0.626789 -0.050643 0.105947
v -0.625349 -0.049954 0.107054
v -0.619526 -0.046178 0.111967
v -0.618884 -0.045762 0.112449
v -0.617343 -0.044451 0.113746
v -0.616139 -0.043426 0.114760
v -0.607911 -0.035114 0.121012
v -0.609261 -0.036608 0.119945
v -0.613038 -0.040787 0.116961
v -0.710467 -0.020698 0.060891
v -0.712485 -0.014929 0.061093
v -0.709985 -0.022074 0.060818
v -0.595837 -0.003088 0.132160
v -0.595828 -0.002957 0.133065
v -0.595837 -0.003099 0.132101
v -0.595840 -0.003137 0.132065
v -0.714273 -0.003511 0.062113
v -0.714305 -0.003043 0.062696
v -0.714310 -0.002967 0.063530
v -0.714314 -0.002901 0.064278
v -0.595628 -0.000000 0.134340
v -0.595716 -0.001307 0.134480
v -0.596036 0.006036 0.133375
v -0.595822 -0.002866 0.133645
v -0.595819 -0.002834 0.133676
v -0.595758 -0.001921 0.134482
v -0.714352 -0.002338 0.064880
v -0.714381 -0.001916 0.065323
v -0.714510 -0.000000 0.065243
v -0.714397 0.001679 0.065352
v -0.714104 0.006010 0.065297
v -0.596034 0.006009 0.131231
v -0.596034 0.006011 0.131401
v -0.489091 0.006009 0.153577
v -0.492060 0.006009 0.153471
v -0.491653 0.006009 0.153513
v -0.714104 0.006010 0.063943
v -0.714104 0.006009 0.061725
v -0.762997 0.002612 -0.018184
v -0.763197 0.002369 -0.018008
v -0.757603 0.002840 -0.023275
v -0.714364 0.002160 0.061544
v -0.714509 0.000016 0.061559
v -0.595632 0.000059 0.131419
v -0.595629 0.000009 0.131423
v -0.597654 0.014929 0.129693
v -0.597730 0.015146 0.129648
v -0.596137 0.007529 0.130769
v -0.563222 0.000009 0.141930
v -0.549987 0.002427 0.145266
v -0.546305 0.003100 0.146195
v -0.545731 0.003175 0.146295
v -0.543546 0.004229 0.146632
v -0.527454 0.004167 0.149570
v -0.521340 0.004143 0.150686
v -0.499024 0.000009 0.153107
v -0.507979 0.004237 0.151986
v -0.493606 0.004009 0.153416
v -0.490978 0.004017 0.153683
v -0.485529 0.004015 0.153821
v -0.484178 0.005338 0.153753
v -0.482249 0.004009 0.153822
v -0.712551 0.014604 0.061078
v -0.714001 0.007529 0.061011
v -0.711321 0.018256 0.061326
v -0.712485 0.014929 0.061067
v -0.598257 0.016653 0.129155
v -0.603592 0.028841 0.124707
v -0.604019 0.029462 0.124413
v -0.600153 0.022074 0.127382
v -0.609080 0.036407 0.120091
v -0.607911 0.035114 0.120996
v -0.614635 0.042146 0.115911
v -0.613038 0.040787 0.117026
v -0.708790 0.024426 0.060908
v -0.709985 0.022074 0.060877
v -0.705268 0.030698 0.061248
v -0.706546 0.028841 0.060953
v -0.620044 0.046514 0.111527
v -0.629745 0.052057 0.103778
v -0.625349 0.049954 0.107113
v -0.618884 0.045762 0.112388
v -0.702578 0.034603 0.061286
v -0.694091 0.043348 0.063601
v -0.702227 0.035114 0.061293
v -0.697100 0.040787 0.062456
v -0.691515 0.045540 0.064311
v -0.689264 0.047052 0.065225
v -0.691254 0.045762 0.064390
v -0.651208 0.057436 0.087454
v -0.647310 0.057188 0.090258
v -0.644509 0.056647 0.092482
v -0.632322 0.053291 0.101557
v -0.639685 0.055716 0.095845
v -0.670453 0.055716 0.074421
v -0.669091 0.055979 0.075359
v -0.684790 0.049954 0.066787
v -0.677816 0.053291 0.070103
v -0.655069 0.057682 0.084426
v -0.662828 0.057188 0.079075
v -0.744203 0.003341 -0.035858
v -0.736559 0.003009 -0.042443
v -0.732770 0.002836 -0.045698
v -0.721732 0.004271 -0.055034
v -0.718866 0.003928 -0.057513
v -0.708511 0.003687 -0.065541
v -0.716251 0.003655 -0.059557
v -0.693810 0.003715 -0.076798
v -0.685815 0.003536 -0.082230
v -0.686025 0.003533 -0.082087
v -0.669091 0.003768 -0.093556
v -0.661933 0.003676 -0.097800
v -0.651347 0.000714 -0.104241
v -0.657180 0.003615 -0.100618
v -0.571129 0.002610 -0.139409
v -0.571008 0.002625 -0.139450
v -0.567369 0.002510 -0.140413
v -0.546305 0.001844 -0.145986
v -0.543612 0.001897 -0.146474
v -0.545581 0.001710 -0.146126
v -0.533810 0.002830 -0.148207
v -0.521340 0.003189 -0.150460
v -0.517175 0.002897 -0.150901
v -0.490160 0.004011 -0.153414
v -0.490395 0.004601 -0.153363
v -0.490998 0.004009 -0.153335
v -0.489698 0.002850 -0.153514
v -0.507941 0.002168 -0.151814
v -0.494585 0.002345 -0.153075
v -0.485971 0.002711 -0.153619
v -0.488362 0.004009 -0.153459
v -0.405841 0.001366 -0.153701
v -0.471178 0.001379 -0.153691
v 0.595323 0.001514 -0.153924
v 0.127333 0.001340 -0.153826
v 0.595323 0.000007 -0.154010
v -0.764353 0.000008 -0.016516
v -0.714100 -0.006075 0.058792
v -0.714305 -0.003033 0.059091
v -0.595912 -0.004211 0.129066
v -0.595845 -0.003217 0.129187
v -0.598316 -0.016822 0.126959
v -0.597654 -0.014929 0.127403
v -0.596137 -0.007529 0.128685
v -0.600153 -0.022074 0.125162
v -0.602281 -0.026262 0.123444
v -0.604813 -0.030614 0.121522
v -0.603592 -0.028841 0.122386
v -0.712749 -0.013641 0.058655
v -0.714001 -0.007529 0.058638
v -0.670453 -0.055716 0.071407
v -0.668589 -0.056076 0.072705
v -0.690980 -0.045940 0.061540
v -0.684790 -0.049954 0.063706
v -0.677816 -0.053291 0.067046
v -0.662828 -0.057188 0.076145
v -0.660179 -0.057357 0.077987
v -0.650211 -0.057373 0.085391
v -0.655069 -0.057682 0.081542
v -0.697100 -0.040787 0.059413
v -0.694087 -0.043351 0.060582
v -0.707946 -0.026087 0.058455
v -0.706546 -0.028841 0.058070
v -0.702227 -0.035114 0.058203
v -0.691254 -0.045762 0.061425
v -0.647068 -0.057141 0.087691
v -0.647310 -0.057188 0.087497
v -0.643571 -0.056466 0.090499
v -0.639685 -0.055716 0.093230
v -0.635870 -0.054460 0.096220
v -0.629991 -0.052175 0.101034
v -0.632322 -0.053291 0.099000
v -0.625607 -0.050078 0.104400
v -0.618683 -0.045591 0.110241
v -0.618884 -0.045762 0.110054
v -0.625349 -0.049954 0.104599
v -0.616541 -0.043768 0.112045
v -0.615369 -0.042771 0.113031
v -0.607911 -0.035114 0.118736
v -0.608662 -0.035945 0.118143
v -0.613038 -0.040787 0.114685
v -0.711074 -0.018962 0.058321
v -0.712485 -0.014929 0.058461
v -0.709985 -0.022074 0.058154
v -0.595711 -0.001235 0.131107
v -0.595703 -0.001104 0.132191
v -0.750106 -0.001626 -0.029415
v -0.750481 -0.001555 -0.029019
v -0.764753 -0.001095 -0.017488
v -0.764168 -0.001035 -0.017833
v -0.720358 -0.001108 -0.056357
v -0.742103 -0.001079 -0.037528
v -0.740972 -0.001861 -0.037034
v -0.764197 -0.001058 -0.018049
v -0.748908 -0.001073 -0.031529
v -0.651699 -0.001227 -0.103961
v -0.666348 -0.001104 -0.095527
v -0.666083 -0.001082 -0.095919
v -0.689203 -0.001137 -0.080309
v -0.690329 -0.001166 -0.079117
v -0.531409 -0.001116 -0.148966
v -0.555101 -0.001181 -0.143858
v -0.551682 -0.001084 -0.145166
v -0.477861 -0.001120 -0.153960
v -0.476809 -0.001108 -0.154189
v 0.595323 -0.001106 -0.154818
v 0.595323 -0.001132 -0.154642
v 0.461567 -0.001289 -0.153754
v 0.595323 -0.001057 -0.155154
v -0.135128 -0.001098 -0.154508
v -0.476394 -0.001074 -0.154133
v -0.148409 -0.001069 -0.154446
v -0.206795 -0.001256 -0.153981
v -0.066181 -0.001498 -0.153581
v -0.249080 -0.001497 -0.153580
v -0.740858 -0.001989 -0.036972
v -0.710601 -0.001839 -0.063174
v -0.571183 -0.001402 -0.139042
v -0.529304 -0.001637 -0.148632
v -0.521198 -0.001799 -0.149996
v -0.514114 -0.001664 -0.150860
v -0.518897 -0.001744 -0.150288
v -0.501287 -0.001476 -0.152413
v -0.496358 -0.001596 -0.152805
v -0.487724 -0.001447 -0.153068
v -0.745186 -0.002018 -0.032967
v -0.750945 -0.001793 -0.028173
v -0.666189 -0.001520 -0.095073
v -0.662230 -0.001472 -0.097763
v -0.657072 -0.001232 -0.100952
v -0.560802 -0.001403 -0.141963
v -0.569265 -0.001412 -0.139592
v -0.533229 -0.001598 -0.148010
v -0.486699 -0.001442 -0.153114
v -0.595713 -0.001251 0.131018
v -0.703954 -0.002369 -0.067921
v -0.702640 -0.002286 -0.069068
v -0.697323 -0.001799 -0.073367
v -0.701453 -0.002185 -0.070019
v -0.595720 -0.001360 0.130915
v -0.714361 -0.002208 0.060084
v -0.714433 -0.001133 0.061438
v -0.529165 -0.001804 0.148816
v -0.528200 -0.001178 0.149630
v -0.529795 -0.002212 0.148285
v -0.522775 -0.002637 0.149123
v -0.521061 -0.002559 0.149513
v -0.499853 -0.001162 0.153108
v -0.570378 -0.001431 -0.139301
v 0.396075 -0.001436 -0.153535
v 0.070767 -0.001489 -0.153575
v -0.404224 -0.001129 0.155006
v -0.283826 -0.001049 0.155168
v -0.464889 -0.001084 0.154929
v -0.471689 -0.001096 0.154762
v 0.018740 -0.001522 -0.153601
v -0.740795 -0.002280 -0.036882
v -0.742069 -0.002225 -0.035809
v -0.766271 -0.001047 -0.015467
v -0.765859 -0.001089 -0.015558
v -0.769623 -0.001054 -0.008406
v -0.769569 -0.001030 -0.008566
v -0.765745 -0.001077 0.016658
v -0.765767 -0.001088 0.016628
v -0.770510 -0.001069 0.004913
v -0.770515 -0.001062 0.004886
v -0.765782 -0.001090 -0.015579
v -0.766446 -0.001057 -0.015414
v -0.768765 -0.001059 -0.010957
v -0.770732 -0.001045 0.003520
v 0.083078 -0.001058 0.155502
v 0.064838 -0.001058 0.155507
v 0.089838 -0.001058 0.155493
v -0.043923 -0.001055 0.155482
v -0.021729 -0.001056 0.155510
v -0.764948 -0.001101 0.017712
v -0.764424 -0.001091 0.018405
v -0.742825 -0.001058 -0.037723
v -0.763924 -0.001052 -0.018463
v -0.747176 -0.001057 -0.033730
v -0.764110 -0.001057 -0.018188
v -0.766630 -0.001068 0.015443
v -0.766474 -0.001071 0.015693
v -0.768684 -0.001041 0.011469
v -0.770283 -0.001055 0.006343
v -0.769803 -0.001046 0.008171
v -0.770883 -0.001040 0.002571
v -0.770894 -0.001037 0.002363
v -0.770892 -0.000981 -0.000742
v -0.770203 -0.001025 -0.006463
v -0.770070 -0.001032 -0.007077
v -0.770891 -0.000986 -0.002200
v -0.766462 -0.001077 -0.015399
v -0.046483 -0.001054 -0.155067
v 0.595323 -0.001068 -0.155136
v -0.684456 -0.000053 -0.081801
v -0.686513 -0.000086 -0.079548
v -0.684080 0.000234 -0.081179
v -0.722849 -0.000035 -0.051773
v -0.722982 -0.000098 -0.051913
v -0.722268 -0.000109 -0.052276
v -0.740300 -0.000087 -0.037306
v -0.739852 0.000029 -0.037218
v -0.739892 -0.000107 -0.037194
v -0.507202 -0.000079 -0.150461
v -0.497254 -0.000105 -0.150997
v -0.508849 -0.000082 -0.150244
v -0.515614 -0.000026 -0.149180
v -0.516873 -0.000103 -0.149064
v -0.657676 -0.000079 -0.098482
v -0.658879 0.000001 -0.097495
v -0.660328 -0.000090 -0.096642
v -0.672782 0.000147 -0.088845
v -0.671369 -0.000065 -0.090412
v -0.672199 -0.000089 -0.089254
v -0.754353 -0.001063 0.028154
v -0.764226 -0.001086 0.018668
v -0.763441 -0.001081 0.019706
v 0.595323 -0.000983 0.155477
v 0.143949 -0.001050 0.155492
v 0.595323 -0.001015 0.155217
v -0.714442 -0.001011 0.062892
v -0.724339 -0.001020 0.054899
v -0.714438 -0.001072 0.062155
v -0.714441 -0.001024 0.062728
v -0.744274 -0.001055 0.037525
v -0.743476 -0.001055 0.038243
v -0.595628 -0.000000 0.132197
v -0.595661 -0.001081 0.132374
v -0.595902 0.004055 0.131376
v -0.595701 -0.001082 0.132359
v -0.595702 -0.001092 0.132361
v -0.496860 -0.001091 0.153971
v -0.538652 -0.000105 0.145741
v -0.538842 -0.000035 0.145702
v -0.537937 -0.000094 0.146059
v -0.547643 -0.000089 0.144244
v -0.545908 -0.000095 0.144586
v -0.545973 -0.000039 0.144394
v -0.547590 0.000002 0.143966
v -0.545872 -0.000041 0.144420
v -0.557201 -0.000091 0.141666
v -0.556037 -0.000020 0.141748
v -0.556582 -0.000103 0.141627
v -0.556488 -0.000096 0.141634
v -0.571240 -0.001086 0.140460
v -0.595699 -0.001056 0.132574
v -0.595699 -0.001052 0.132576
v -0.595717 -0.001313 0.132360
v -0.714435 -0.001118 0.062804
v -0.714429 -0.001193 0.062734
v 0.595323 -0.001112 0.155363
v -0.761071 -0.000011 -0.017400
v -0.761154 -0.000112 -0.017327
v -0.762461 -0.000073 -0.016991
v -0.721856 0.004237 -0.055191
v -0.723602 0.004009 -0.053724
v -0.735769 0.002634 -0.040511
v -0.742754 0.001727 -0.034594
v -0.748317 0.001038 -0.029405
v -0.754623 0.000260 -0.023485
v -0.720479 0.004622 -0.053443
v -0.704961 0.002964 -0.065780
v -0.708011 0.003277 -0.063426
v -0.717619 0.004279 -0.055916
v -0.719883 0.004009 -0.056850
v -0.651216 -0.000006 -0.104018
v -0.663419 0.002259 -0.094675
v -0.664889 0.002990 -0.093762
v -0.549167 -0.000048 -0.144310
v -0.570599 -0.000070 -0.138249
v -0.496956 -0.001069 0.154137
v -0.498203 -0.000112 0.151182
v -0.507982 0.004189 0.152363
v -0.507597 0.004009 0.152394
v -0.507961 0.004495 0.149960
v -0.496429 -0.001072 0.154161
v -0.496233 -0.001074 0.154165
v -0.482324 -0.001093 0.154503
v -0.514113 0.004132 0.151874
v -0.521063 0.004403 0.148685
v -0.535099 0.004134 0.148666
v -0.543765 0.004208 0.146762
v -0.527735 0.004429 0.147467
v -0.540908 0.004480 0.145062
v -0.544151 0.004009 0.146678
v -0.545872 0.002086 0.144296
v -0.546586 0.001713 0.144131
v -0.572096 -0.001051 0.140531
v -0.572180 -0.001051 0.140507
v -0.572955 -0.001047 0.140292
v -0.548194 0.001419 0.143725
v -0.574310 -0.001051 0.139820
v -0.714405 0.001557 0.062801
v -0.724762 -0.001018 0.054565
v -0.714510 -0.000000 0.062691
v -0.714236 0.004062 0.062712
v -0.742119 -0.001050 0.039464
v -0.726053 -0.001018 0.053442
v -0.685992 0.002832 -0.079731
v -0.684634 0.002800 -0.080654
v -0.692641 0.002988 -0.075214
v -0.668021 0.003031 -0.091905
v -0.545882 -0.000044 -0.145229
v -0.546100 -0.000045 -0.145168
v -0.520491 0.000294 -0.148701
v -0.521063 0.000323 -0.148641
v -0.525540 -0.000103 -0.147850
v -0.475626 -0.000045 -0.152866
v -0.471512 -0.000034 -0.153054
v -0.488104 -0.000110 -0.151764
v -0.488155 -0.000105 -0.151764
v -0.488443 -0.000075 -0.151762
v -0.488493 -0.000072 -0.151760
v -0.491357 -0.000110 -0.151490
v 0.595323 -0.000034 -0.153294
v 0.432923 -0.000032 -0.153285
v -0.595899 0.004009 0.131307
v -0.595899 0.004013 0.131356
v -0.714237 0.004039 0.062426
v -0.714239 0.004009 0.061620
v -0.714408 0.001516 0.059036
v -0.714510 -0.000000 0.059047
v -0.714498 -0.000180 0.059066
v -0.595628 -0.000000 0.129247
v -0.595635 -0.000099 0.129250
v -0.595653 0.000371 0.129215
v -0.597647 0.014898 0.127521
v -0.596137 0.007529 0.128593
v -0.712552 0.014602 0.058512
v -0.714001 0.007529 0.058442
v -0.711588 0.017493 0.058701
v -0.712485 0.014929 0.058501
v -0.597654 0.014929 0.127513
v -0.598313 0.016816 0.126896
v -0.603592 0.028841 0.122500
v -0.603696 0.028992 0.122429
v -0.600153 0.022074 0.125176
v -0.608800 0.036097 0.118040
v -0.607911 0.035114 0.118728
v -0.613888 0.041510 0.114165
v -0.613038 0.040787 0.114758
v -0.708985 0.024042 0.058186
v -0.709985 0.022074 0.058161
v -0.706290 0.029213 0.058293
v -0.706546 0.028841 0.058234
v -0.628318 0.051375 0.102418
v -0.625349 0.049954 0.104671
v -0.619199 0.045966 0.109788
v -0.618884 0.045762 0.110022
v -0.703147 0.033778 0.058338
v -0.692975 0.044297 0.061089
v -0.702227 0.035114 0.058355
v -0.697100 0.040787 0.059519
v -0.692310 0.044863 0.061272
v -0.691899 0.045213 0.061397
v -0.647922 0.057227 0.087135
v -0.647310 0.057188 0.087575
v -0.643545 0.056461 0.090565
v -0.632322 0.053291 0.098967
v -0.639685 0.055716 0.093256
v -0.670453 0.055716 0.071422
v -0.668018 0.056186 0.073099
v -0.691254 0.045762 0.061525
v -0.688604 0.047480 0.062451
v -0.681779 0.051394 0.065216
v -0.677816 0.053291 0.067102
v -0.655069 0.057682 0.081529
v -0.662828 0.057188 0.076178
v -0.684790 0.049954 0.063727
v -0.595628 -0.000000 0.131240
v -0.714510 -0.000000 0.061376
v -0.714499 -0.000160 0.059559
v 0.595323 -0.001402 0.155474
v 0.595323 -0.001418 0.155500
v 0.595323 -0.001288 -0.155331
v -0.574568 -0.006504 -0.138095
v -0.574646 -0.004091 -0.138284
v -0.574463 -0.010047 -0.137839
v -0.577345 -0.018100 -0.136194
v -0.576425 -0.017099 -0.136589
v -0.574909 -0.013756 -0.137380
v -0.647909 -0.014008 -0.105389
v -0.648030 -0.013756 -0.105346
v -0.648334 -0.012038 -0.105369
v -0.648806 -0.004038 -0.105687
v -0.648659 -0.010047 -0.105330
v -0.578799 -0.019756 -0.135376
v -0.585319 -0.022047 -0.132689
v -0.594468 -0.022047 -0.129537
v -0.581847 -0.021459 -0.133998
v -0.604071 -0.022047 -0.125413
v -0.619526 -0.022047 -0.118775
v -0.633952 -0.022047 -0.111337
v -0.644534 -0.019051 -0.106456
v -0.643859 -0.019756 -0.106669
v -0.637419 -0.022047 -0.109550
v -0.640766 -0.021459 -0.107937
v -0.647298 -0.015218 -0.105525
v -0.646349 -0.017099 -0.105737
v -0.649409 -0.002993 -0.107149
v -0.649125 -0.003118 -0.106460
v -0.649523 -0.002975 -0.107425
v -0.575452 -0.002965 -0.140238
v -0.574934 -0.003143 -0.138982
v -0.575491 -0.002957 -0.140331
v -0.574879 -0.003274 -0.138849
v -0.648981 -0.003456 -0.106111
v -0.649742 -0.002730 -0.107956
v -0.649871 -0.002415 -0.108267
v -0.649958 -0.001855 -0.108479
v -0.575530 -0.002854 -0.140426
v -0.575817 -0.001875 -0.141122
v -0.575842 -0.001765 -0.141182
v -0.575730 -0.001534 -0.140912
v -0.650022 -0.001579 -0.108634
v -0.649993 -0.001514 -0.108563
v -0.649991 0.005317 -0.108559
v -0.575731 0.004352 -0.140912
v -0.649989 0.006009 -0.108553
v -0.575726 0.006009 -0.140901
v -0.575284 0.006009 -0.139830
v -0.649848 0.006009 -0.108211
v -0.574648 0.006009 -0.138288
v -0.648861 0.006009 -0.105820
v -0.644509 0.019074 -0.106457
v -0.648285 0.012342 -0.105377
v -0.648009 0.013755 -0.105294
v -0.646337 0.017099 -0.105708
v -0.629396 0.022047 -0.113715
v -0.637430 0.022047 -0.109578
v -0.643860 0.019756 -0.106671
v -0.640775 0.021459 -0.107959
v -0.620044 0.022047 -0.118531
v -0.607979 0.022047 -0.123732
v -0.595544 0.022047 -0.129091
v -0.585731 0.022047 -0.132507
v -0.578780 0.019756 -0.135331
v -0.576436 0.017099 -0.136615
v -0.575990 0.016034 -0.136958
v -0.581834 0.021459 -0.133967
v -0.585305 0.022047 -0.132655
v -0.648571 0.010521 -0.105314
v -0.648646 0.010047 -0.105297
v -0.648820 0.001043 -0.105719
v -0.574924 0.013643 -0.137463
v -0.574939 0.013755 -0.137452
v -0.574460 0.010047 -0.137832
v -0.574625 0.002220 -0.138232
v -0.573824 -0.005770 -0.136292
v -0.573905 -0.003330 -0.136488
v -0.573696 -0.010047 -0.135981
v -0.576357 -0.017858 -0.134431
v -0.575659 -0.017099 -0.134731
v -0.574143 -0.013756 -0.135523
v -0.647663 -0.011456 -0.103502
v -0.647257 -0.013741 -0.103467
v -0.648066 -0.003202 -0.103892
v -0.647894 -0.010047 -0.103476
v -0.578022 -0.019756 -0.133493
v -0.584543 -0.022047 -0.130807
v -0.593758 -0.022047 -0.127632
v -0.581071 -0.021459 -0.132116
v -0.603991 -0.022047 -0.123237
v -0.618683 -0.022047 -0.116927
v -0.633889 -0.022047 -0.109087
v -0.643571 -0.019246 -0.104633
v -0.643083 -0.019756 -0.104787
v -0.636642 -0.022047 -0.107667
v -0.639989 -0.021459 -0.106055
v -0.646601 -0.015050 -0.103611
v -0.645567 -0.017099 -0.103842
v -0.647254 -0.013756 -0.103466
v -0.648754 -0.001265 -0.105560
v -0.648777 -0.001253 -0.105615
v -0.574418 -0.001612 -0.137731
v -0.574535 -0.001329 -0.138014
v -0.648444 -0.001994 -0.104808
v -0.574148 -0.000420 -0.137076
v -0.648726 -0.001001 -0.105492
v -0.648604 -0.000524 -0.105197
v -0.648674 -0.000013 -0.105367
v -0.649179 0.003663 -0.106591
v -0.574775 0.003052 -0.138596
v -0.574213 -0.000058 -0.137234
v -0.649214 0.004038 -0.106676
v -0.574944 0.004040 -0.139006
v -0.574870 0.004026 -0.138826
v -0.649188 0.004035 -0.106611
v -0.574648 0.004009 -0.138288
v -0.648861 0.004009 -0.105820
v -0.645557 0.017099 -0.103817
v -0.643545 0.019273 -0.104641
v -0.647548 0.012123 -0.103499
v -0.647229 0.013755 -0.103403
v -0.627961 0.022047 -0.112177
v -0.636656 0.022047 -0.107700
v -0.643085 0.019756 -0.104793
v -0.640000 0.021459 -0.106081
v -0.619199 0.022047 -0.116689
v -0.606710 0.022047 -0.122072
v -0.594827 0.022047 -0.127194
v -0.584621 0.022047 -0.130747
v -0.578006 0.019756 -0.133453
v -0.575662 0.017099 -0.134738
v -0.575128 0.015822 -0.135149
v -0.581060 0.021459 -0.132090
v -0.584531 0.022047 -0.130778
v -0.647850 0.010202 -0.103432
v -0.647874 0.010047 -0.103427
v -0.648070 -0.000092 -0.103902
v -0.574147 0.013554 -0.135617
v -0.574173 0.013755 -0.135597
v -0.573695 0.010047 -0.135977
v -0.573908 -0.000102 -0.136495
v 0.595324 -0.003880 -0.153961
v 0.595324 -0.003880 -0.153961
v 0.595324 -0.020281 -0.152578
v -0.644534 -0.019051 -0.106456
v -0.646349 -0.017099 -0.105737
v -0.649523 -0.002975 -0.107425
v -0.649742 -0.002730 -0.107956
v -0.573010 -0.001870 -0.142089
v -0.575842 -0.001765 -0.141182
v -0.575842 -0.001765 -0.141182
v -0.649958 -0.001855 -0.108479
v -0.650022 -0.001579 -0.108634
v -0.650022 -0.001579 -0.108634
v -0.575731 0.004352 -0.140912
v -0.575726 0.006009 -0.140901
v -0.575726 0.006009 -0.140901
v -0.565922 0.006009 -0.141101
v -0.574648 0.006009 -0.138288
v -0.574648 0.006009 -0.138288
v -0.651760 0.006009 -0.104255
v -0.648861 0.006009 -0.105820
v -0.648861 0.006009 -0.105820
v -0.648285 0.012342 -0.105377
v -0.648009 0.013755 -0.105294
v -0.648571 0.010521 -0.105314
v -0.648646 0.010047 -0.105297
v -0.574463 -0.010047 -0.137839
v -0.574909 -0.013756 -0.137380
v 0.595324 -0.037826 -0.149302
v 0.595324 -0.054588 -0.143922
v -0.643571 -0.019246 -0.104633
v -0.645567 -0.017099 -0.103842
v -0.648777 -0.001253 -0.105615
v -0.648777 -0.001253 -0.105615
v -0.648726 -0.001001 -0.105492
v -0.651216 -0.000006 -0.104018
v -0.648674 -0.000013 -0.105367
v -0.648674 -0.000013 -0.105367
v -0.649179 0.003663 -0.106591
v -0.649214 0.004038 -0.106676
v -0.649214 0.004038 -0.106676
v 0.595324 -0.086176 -0.127675
v 0.595324 -0.100285 -0.116931
v -0.570430 -0.000102 -0.137690
v -0.573908 -0.000102 -0.136495
v -0.573908 -0.000102 -0.136495
v -0.643859 -0.019756 -0.106669
v -0.469539 -0.004357 -0.153787
v 0.595324 -0.003139 -0.154700
v -0.714104 0.006010 0.065297
v -0.714104 0.006010 0.065297
v -0.714104 0.006010 0.063943
v -0.548788 -0.001905 0.148872
v -0.524079 -0.001795 0.153486
v -0.511337 -0.001509 0.155036
v -0.773015 0.006009 -0.002354
v -0.770642 0.006009 -0.012013
v -0.545610 0.006009 0.149600
v -0.577203 0.006035 0.140741
v -0.544388 0.006009 -0.146513
v -0.766954 0.006009 0.012873
v -0.768719 0.006009 0.008564
v -0.762997 0.002612 -0.018184
v -0.757603 0.002840 -0.023275
v -0.743941 0.000009 0.036639
v -0.720832 0.000018 0.056752
v -0.489619 0.000009 0.154026
v 0.595324 0.000008 0.154306
v 0.595324 0.000008 0.154306
v -0.607979 0.022047 -0.123732
v -0.595544 0.022047 -0.129091
v 0.595324 0.099007 -0.118030
v 0.595324 0.084618 -0.128724
v -0.770032 0.000009 0.002078
v -0.767957 0.000009 0.010898
v 0.595322 -0.053872 -0.142051
v 0.595322 -0.069856 -0.134917
v -0.546812 -0.001738 -0.149043
v -0.546812 -0.001738 -0.149043
v 0.595324 -0.111597 -0.103277
v 0.595324 -0.122736 -0.089775
v -0.573905 -0.003330 -0.136488
v -0.574418 -0.001612 -0.137731
v 0.595322 -0.098827 0.115696
v 0.595322 -0.084893 0.126289
v -0.643083 -0.019756 -0.104787
v -0.766545 -0.001185 -0.015323
v -0.768692 -0.001149 -0.011172
v 0.007298 -0.001061 -0.155386
v 0.007298 -0.001061 -0.155386
v -0.471633 -0.000548 -0.152822
v -0.471633 -0.000548 -0.152822
v -0.768721 0.004079 0.011463
v -0.770578 0.004061 0.004764
v -0.470523 0.004054 0.155166
v 0.595323 0.004031 0.155237
v 0.595323 0.004031 0.155237
v 0.595324 0.004009 -0.154939
v 0.595324 0.004009 -0.154939
v 0.595324 0.004009 -0.153926
v 0.595324 0.004009 -0.153926
v -0.742604 -0.000100 0.035155
v -0.719570 -0.000202 0.055212
v -0.766954 0.004009 0.012873
v -0.768719 0.004009 0.008564
v 0.595324 0.110600 -0.104362
v 0.595324 0.097720 -0.116494
v -0.545872 -0.000105 -0.144142
v -0.603592 -0.028841 0.124597
v -0.605155 -0.031111 0.123490
v -0.706546 -0.028841 0.061000
v -0.702227 -0.035114 0.061133
v -0.631440 -0.052869 0.102375
v -0.632322 -0.053291 0.101606
v -0.607911 -0.035114 0.121012
v -0.609261 -0.036608 0.119945
v -0.595837 -0.003099 0.132101
v -0.595840 -0.003137 0.132065
v -0.714242 -0.003974 0.061560
v -0.714273 -0.003511 0.062113
v -0.576607 0.006009 0.138136
v -0.596034 0.006009 0.131231
v -0.596034 0.006009 0.131231
v -0.596036 0.006036 0.133375
v -0.596036 0.006036 0.133375
v -0.596034 0.006011 0.131401
v -0.763197 0.002369 -0.018008
v -0.499024 0.000009 0.153107
v -0.499024 0.000009 0.153107
v -0.521340 0.004143 0.150686
v -0.507979 0.004237 0.151986
v -0.712551 0.014604 0.061078
v -0.714001 0.007529 0.061011
v -0.712485 0.014929 0.061067
v -0.597730 0.015146 0.129648
v -0.598257 0.016653 0.129155
v -0.609080 0.036407 0.120091
v -0.607911 0.035114 0.120996
v -0.613038 0.040787 0.117026
v -0.620044 0.046514 0.111527
v -0.625349 0.049954 0.107113
v -0.618884 0.045762 0.112388
v -0.691515 0.045540 0.064311
v -0.691254 0.045762 0.064390
v -0.670453 0.055716 0.074421
v -0.669091 0.055979 0.075359
v -0.677816 0.053291 0.070103
v -0.732770 0.002836 -0.045698
v -0.732770 0.002836 -0.045698
v -0.721732 0.004271 -0.055034
v -0.669091 0.003768 -0.093556
v -0.661933 0.003676 -0.097800
v -0.543612 0.001897 -0.146474
v -0.545581 0.001710 -0.146126
v -0.533810 0.002830 -0.148207
v -0.489698 0.002850 -0.153514
v -0.494585 0.002345 -0.153075
v -0.485971 0.002711 -0.153619
v 0.595323 0.001514 -0.153924
v 0.595323 0.001514 -0.153924
v -0.597654 -0.014929 0.127403
v -0.596137 -0.007529 0.128685
v -0.581060 0.021459 -0.132090
v -0.584531 0.022047 -0.130778
v -0.618884 -0.045762 0.110054
v -0.625349 -0.049954 0.104599
v -0.750481 -0.001555 -0.029019
v -0.750481 -0.001555 -0.029019
v -0.689203 -0.001137 -0.080309
v -0.690329 -0.001166 -0.079117
v 0.595323 -0.001132 -0.154642
v 0.595323 -0.001132 -0.154642
v 0.595323 -0.001057 -0.155154
v 0.595323 -0.001057 -0.155154
v -0.720358 -0.001108 -0.056357
v -0.710601 -0.001839 -0.063174
v -0.501287 -0.001476 -0.152413
v -0.496358 -0.001596 -0.152805
v -0.560802 -0.001403 -0.141963
v -0.569265 -0.001412 -0.139592
v -0.521061 -0.002559 0.149513
v -0.499853 -0.001162 0.153108
v -0.765745 -0.001077 0.016658
v -0.765767 -0.001088 0.016628
v 0.083078 -0.001058 0.155502
v 0.064838 -0.001058 0.155507
v 0.064838 -0.001058 0.155507
v -0.764948 -0.001101 0.017712
v -0.763924 -0.001052 -0.018463
v -0.764110 -0.001057 -0.018188
v -0.770883 -0.001040 0.002571
v -0.770894 -0.001037 0.002363
v -0.766462 -0.001077 -0.015399
v -0.046483 -0.001054 -0.155067
v -0.739852 0.000029 -0.037218
v -0.739852 0.000029 -0.037218
v -0.739892 -0.000107 -0.037194
v -0.739892 -0.000107 -0.037194
v 0.143949 -0.001050 0.155492
v 0.143949 -0.001050 0.155492
v 0.595323 -0.000983 0.155477
v 0.595323 -0.000983 0.155477
v 0.595323 -0.001015 0.155217
v 0.595323 -0.001015 0.155217
v -0.507752 0.007637 0.125331
v -0.496860 -0.001091 0.153971
v -0.538842 -0.000035 0.145702
v -0.538842 -0.000035 0.145702
v -0.545872 -0.000041 0.144420
v -0.556037 -0.000020 0.141748
v -0.556488 -0.000096 0.141634
v 0.595323 -0.001112 0.155363
v 0.595323 -0.001112 0.155363
v -0.742754 0.001727 -0.034594
v -0.748317 0.001038 -0.029405
v -0.471689 -0.001096 0.154762
v -0.482324 -0.001093 0.154503
v -0.543765 0.004208 0.146762
v -0.544151 0.004009 0.146678
v -0.544151 0.004009 0.146678
v -0.572955 -0.001047 0.140292
v -0.574310 -0.001051 0.139820
v -0.743476 -0.001055 0.038243
v -0.742119 -0.001050 0.039464
v -0.576613 0.004009 0.138155
v -0.595899 0.004009 0.131307
v -0.595899 0.004009 0.131307
v -0.608800 0.036097 0.118040
v -0.607911 0.035114 0.118728
v -0.613038 0.040787 0.114758
v -0.626789 -0.050643 0.105947
v -0.628318 0.051375 0.102418
v -0.625349 0.049954 0.104671
v -0.632322 0.053291 0.098967
v 0.595323 -0.001068 -0.155136
v 0.595323 -0.001068 -0.155136
v 0.595323 -0.001288 -0.155331
v 0.595324 -0.112895 0.105105
v 0.595324 -0.100125 0.117222
v -0.714510 -0.000000 0.061376
v -0.714499 -0.000160 0.059559
v -0.523884 -0.001852 -0.153265
v -0.508398 -0.001480 -0.155233
v -0.508398 -0.001480 -0.155233
v 0.595324 -0.003008 0.155379
v 0.595324 -0.002904 0.156284
v 0.595324 -0.002904 0.156284
v 0.595324 -0.002904 0.156284
v -0.765653 0.006010 -0.019965
v -0.639989 -0.021459 -0.106055
v -0.495753 0.006009 0.153340
v -0.514113 0.006009 0.151874
v -0.473110 0.006009 0.154147
v -0.137436 0.006009 0.154424
v -0.769736 0.006009 0.004087
v -0.577345 -0.018100 -0.136194
v -0.576425 -0.017099 -0.136589
v -0.578799 -0.019756 -0.135376
v -0.581847 -0.021459 -0.133998
v -0.640766 -0.021459 -0.107937
v -0.575452 -0.002965 -0.140238
v -0.575491 -0.002957 -0.140331
v -0.649989 0.006009 -0.108553
v -0.649989 0.006009 -0.108553
v -0.649848 0.006009 -0.108211
v -0.573696 -0.010047 -0.135981
v -0.574143 -0.013756 -0.135523
v -0.574775 0.003052 -0.138596
v -0.574944 0.004040 -0.139006
v -0.574944 0.004040 -0.139006
v -0.578022 -0.019756 -0.133493
v -0.581071 -0.021459 -0.132116
v -0.648070 -0.000092 -0.103902
v -0.648070 -0.000092 -0.103902
v 0.595324 -0.133991 -0.076073
v 0.595324 -0.141858 -0.060180
v 0.595324 -0.147775 0.044011
v 0.595324 -0.141759 0.060693
v -0.473110 0.004009 0.154148
v -0.137436 0.004009 0.154424
v -0.769736 0.004009 0.004087
v -0.574535 -0.001329 -0.138014
v -0.574535 -0.001329 -0.138014
v 0.595323 -0.085060 -0.126011
v 0.595324 -0.145925 -0.042921
v 0.595323 -0.149905 -0.025880
v -0.770158 -0.001230 0.007124
v -0.770283 -0.001055 0.006343
v -0.770283 -0.001055 0.006343
v -0.645557 0.017099 -0.103817
v -0.643545 0.019273 -0.104641
v -0.647229 0.013755 -0.103403
v 0.595324 0.099194 0.118155
v 0.595324 0.112224 0.105842
v 0.595324 0.147726 0.044237
v 0.595324 0.151847 0.026790
v 0.595324 0.147656 -0.044189
v 0.595324 0.141511 -0.061030
v 0.595324 0.006009 0.154191
v 0.595324 0.006009 0.154191
v 0.595324 0.004009 0.154191
v 0.595324 0.004009 0.154191
v -0.619199 0.022047 -0.116689
v -0.606710 0.022047 -0.122072
v 0.595324 0.083720 0.127198
v 0.595324 0.097905 0.116621
v 0.595324 0.122128 0.090905
v 0.595324 0.131839 0.076114
v 0.595324 0.151914 0.008868
v 0.595324 0.151900 -0.008826
v 0.595324 0.131719 -0.076041
v 0.595324 0.121984 -0.090816
v 0.595324 0.068189 -0.135884
v 0.595324 0.051936 -0.142879
v -0.761947 -0.000113 -0.016577
v -0.765848 -0.000125 -0.010428
v -0.648820 0.001043 -0.105719
v -0.648820 0.001043 -0.105719
v 0.595322 -0.053880 0.142330
v 0.595322 -0.037183 0.147581
v 0.595324 -0.132127 0.075581
v 0.595324 -0.122588 0.090257
v 0.595324 -0.002565 -0.156525
v 0.595324 -0.002565 -0.156525
v 0.595324 -0.002565 -0.156525
v 0.595323 -0.001057 -0.155154
v 0.595323 -0.001057 -0.155154
v 0.595323 -0.001057 -0.155154
v 0.595323 -0.001142 -0.155006
v -0.682316 0.001578 -0.078263
v -0.682316 0.001578 -0.078263
v -0.682316 0.001578 -0.078263
v -0.701778 0.009851 -0.029713
v -0.701778 0.009851 -0.029713
v -0.701778 0.009851 -0.029713
v 0.000938 -0.001020 0.155542
v 0.000938 -0.001020 0.155542
v 0.000938 -0.001020 0.155542
v -0.472201 -0.001045 0.155245
v -0.472201 -0.001045 0.155245
v -0.770933 0.004079 -0.002167
v -0.522994 0.004009 -0.150405
v -0.544388 0.004009 -0.146513
v -0.501764 0.004009 -0.152824
v -0.672324 0.004009 -0.091703
v -0.651760 0.004009 -0.104255
v -0.693003 0.004009 -0.077594
v -0.685992 0.002832 -0.079731
v -0.684634 0.002800 -0.080654
v -0.487724 -0.001447 -0.153068
v -0.666189 -0.001520 -0.095073
v -0.666189 -0.001520 -0.095073
v -0.574934 -0.003143 -0.138982
v -0.697323 -0.001799 -0.073367
v -0.570378 -0.001431 -0.139301
v 0.461567 -0.001289 -0.153754
v 0.396075 -0.001436 -0.153535
v -0.740858 -0.001989 -0.036972
v -0.740795 -0.002280 -0.036882
v -0.740795 -0.002280 -0.036882
v 0.595324 -0.001656 -0.156962
v 0.595324 -0.001656 -0.156962
v 0.595324 -0.001656 -0.156962
v 0.595324 -0.001656 -0.156962
v 0.595324 -0.001656 -0.156962
v 0.089838 -0.001058 0.155493
v -0.021729 -0.001056 0.155510
v -0.021729 -0.001056 0.155510
v -0.742103 -0.001079 -0.037528
v -0.742825 -0.001058 -0.037723
v -0.766474 -0.001071 0.015693
v -0.769803 -0.001046 0.008171
v -0.769803 -0.001046 0.008171
v -0.770892 -0.000981 -0.000742
v -0.672782 0.000147 -0.088845
v -0.672782 0.000147 -0.088845
v -0.595628 -0.000000 0.132197
v -0.595902 0.004055 0.131376
v -0.595902 0.004055 0.131376
v -0.595701 -0.001082 0.132359
v -0.595701 -0.001082 0.132359
v -0.556582 -0.000103 0.141627
v -0.571240 -0.001086 0.140460
v -0.761154 -0.000112 -0.017327
v -0.754623 0.000260 -0.023485
v -0.498203 -0.000112 0.151182
v -0.498203 -0.000112 0.151182
v -0.507961 0.004495 0.149960
v -0.521063 0.004403 0.148685
v -0.527735 0.004429 0.147467
v -0.540908 0.004480 0.145062
v -0.692641 0.002988 -0.075214
v -0.525540 -0.000103 -0.147850
v 0.595323 0.000007 -0.154010
v 0.595323 0.000007 -0.154010
v 0.595323 -0.000034 -0.153294
v 0.595323 -0.000034 -0.153294
v 0.432923 -0.000032 -0.153285
v -0.619199 0.045966 0.109788
v -0.575530 -0.002854 -0.140426
v -0.575817 -0.001875 -0.141122
v -0.714498 -0.000180 0.059066
v 0.595323 -0.001402 0.155474
v -0.595941 -0.004632 0.131194
v -0.595899 -0.004009 0.131270
v -0.596137 -0.007529 0.130862
v -0.662840 -0.057186 0.079057
v -0.662828 -0.057188 0.079065
v -0.613038 -0.040787 0.116961
v -0.595822 -0.002866 0.133645
v -0.595819 -0.002834 0.133676
v -0.489091 0.006009 0.153577
v -0.489091 0.006009 0.153577
v -0.492060 0.006009 0.153471
v -0.492060 0.006009 0.153471
v -0.714509 0.000016 0.061559
v -0.714509 0.000016 0.061559
v -0.482249 0.004009 0.153822
v -0.482249 0.004009 0.153822
v -0.629745 0.052057 0.103778
v -0.689264 0.047052 0.065225
v -0.632322 0.053291 0.101557
v -0.684790 0.049954 0.066787
v -0.662828 0.057188 0.079075
v -0.718866 0.003928 -0.057513
v -0.657180 0.003615 -0.100618
v -0.507941 0.002168 -0.151814
v -0.764353 0.000008 -0.016516
v -0.764353 0.000008 -0.016516
v -0.585731 0.022047 -0.132507
v -0.646337 0.017099 -0.105708
v -0.643571 -0.056466 0.090499
v -0.639685 -0.055716 0.093230
v -0.740972 -0.001861 -0.037034
v -0.470901 -0.001117 -0.154210
v -0.476809 -0.001108 -0.154189
v -0.135128 -0.001098 -0.154508
v -0.135128 -0.001098 -0.154508
v -0.643085 0.019756 -0.104793
v 0.595324 0.123590 -0.092014
v 0.595324 0.112056 -0.105738
v 0.595324 0.052619 -0.144762
v 0.595324 0.035442 -0.149890
v 0.595324 -0.153797 -0.008719
v 0.595324 -0.153797 0.009004
v 0.469803 0.006009 0.154312
v 0.595324 -0.132250 -0.075083
v 0.595323 -0.149862 0.026408
v 0.595324 -0.145854 0.043441
v -0.594827 0.022047 -0.127194
v -0.668021 0.003031 -0.091905
v -0.585305 0.022047 -0.132655
v -0.651347 0.000714 -0.104241
v -0.585319 -0.022047 -0.132689
v -0.594468 -0.022047 -0.129537
v -0.576357 -0.017858 -0.134431
v -0.574148 -0.000420 -0.137076
v -0.574148 -0.000420 -0.137076
v -0.565922 0.004009 -0.141101
v -0.574648 0.004009 -0.138288
v -0.574648 0.004009 -0.138288
v -0.648861 0.004009 -0.105820
v -0.648861 0.004009 -0.105820
v 0.595324 -0.113066 -0.104638
v -0.574213 -0.000058 -0.137234
v -0.574213 -0.000058 -0.137234
v 0.595324 -0.147846 -0.043488
v -0.545950 -0.000437 -0.145028
v -0.545950 -0.000437 -0.145028
v -0.545950 -0.000437 -0.145028
v -0.533229 -0.001598 -0.148010
v -0.533229 -0.001598 -0.148010
v -0.742069 -0.002225 -0.035809
v 0.595324 -0.133866 0.076574
v -0.574879 -0.003274 -0.138849
v -0.637419 -0.022047 -0.109550
v 0.595324 -0.003398 0.154588
v 0.595324 -0.004225 0.154164
v 0.028534 -0.001862 -0.157164
v -0.471702 -0.001801 -0.156863
v -0.471702 -0.001801 -0.156863
v -0.723835 0.006009 -0.057637
v 0.595324 0.006009 -0.156932
v 0.595324 0.006009 -0.156932
v -0.501764 0.006009 -0.152824
v -0.480391 0.006009 -0.153837
v -0.535099 0.006009 0.148666
v -0.770015 0.006009 0.000141
v -0.686513 -0.000086 -0.079548
v -0.672199 -0.000089 -0.089254
v -0.575284 0.006009 -0.139830
v -0.595544 0.000009 0.131459
v -0.571008 0.000009 0.139884
v -0.712667 -0.014040 0.061226
v -0.714001 -0.007529 0.061203
v -0.653501 -0.057582 0.085704
v -0.655069 -0.057682 0.084462
v 0.595324 -0.000107 -0.152013
v 0.595324 -0.000107 -0.152013
v -0.488104 -0.000110 -0.151764
v -0.649173 -0.057307 0.088846
v -0.625349 -0.049954 0.107054
v -0.712485 -0.014929 0.061093
v -0.714305 -0.003043 0.062696
v -0.595758 -0.001921 0.134482
v -0.563222 0.000009 0.141930
v -0.563222 0.000009 0.141930
v -0.549987 0.002427 0.145266
v -0.711321 0.018256 0.061326
v -0.614635 0.042146 0.115911
v -0.709985 0.022074 0.060877
v -0.770891 -0.000986 -0.002200
v -0.744203 0.003341 -0.035858
v -0.716251 0.003655 -0.059557
v -0.618884 0.045762 0.110022
v -0.635870 -0.054460 0.096220
v -0.616541 -0.043768 0.112045
v -0.615369 -0.042771 0.113031
v -0.595711 -0.001235 0.131107
v -0.595703 -0.001104 0.132191
v -0.725029 -0.001058 -0.054056
v -0.595629 0.000009 0.131423
v -0.595629 0.000009 0.131423
v -0.531409 -0.001116 -0.148966
v -0.486699 -0.001442 -0.153114
v -0.595713 -0.001251 0.131018
v -0.703954 -0.002369 -0.067921
v -0.523522 -0.001044 0.151755
v -0.523522 -0.001044 0.151755
v -0.528200 -0.001178 0.149630
v -0.600153 -0.022074 0.125162
v -0.602281 -0.026262 0.123444
v -0.770510 -0.001069 0.004913
v -0.770515 -0.001062 0.004886
v -0.768716 0.004082 -0.011199
v -0.521340 0.003189 -0.150460
v -0.684080 0.000234 -0.081179
v -0.595661 -0.001081 0.132374
v -0.762461 -0.000073 -0.016991
v -0.575659 -0.017099 -0.134731
v -0.489522 -0.000114 0.152030
v -0.496429 -0.001072 0.154161
v -0.496233 -0.001074 0.154165
v -0.545208 0.004071 0.147621
v -0.545872 0.002086 0.144296
v -0.475626 -0.000045 -0.152866
v -0.471512 -0.000034 -0.153054
v -0.595628 -0.000000 0.129247
v -0.595635 -0.000099 0.129250
v -0.595635 -0.000099 0.129250
v -0.595653 0.000371 0.129215
v -0.613888 0.041510 0.114165
v -0.647310 0.057188 0.087575
v -0.770134 -0.001215 -0.006885
v -0.770203 -0.001025 -0.006463
v -0.770203 -0.001025 -0.006463
v -0.770070 -0.001032 -0.007077
v -0.770070 -0.001032 -0.007077
v 0.595322 -0.069783 0.135346
v -0.636642 -0.022047 -0.107667
v -0.743838 -0.001000 -0.038003
v -0.743838 -0.001000 -0.038003
v -0.743838 -0.001000 -0.038003
v -0.743838 -0.001000 -0.038003
v -0.743838 -0.001000 -0.038003
v -0.584543 -0.022047 -0.130807
v -0.593758 -0.022047 -0.127632
v -0.548190 -0.001013 0.147087
v 0.595324 -0.001065 0.154807
v 0.595323 -0.000983 0.155477
v 0.595323 -0.000983 0.155477
v 0.595323 -0.000983 0.155477
v -0.576601 0.004060 0.138913
v -0.647850 0.010202 -0.103432
v -0.647874 0.010047 -0.103427
v 0.469803 0.004009 0.154312
v 0.595324 -0.000109 0.152310
v 0.595324 -0.000109 0.152310
v -0.770015 0.004009 0.000141
v 0.595324 0.083519 -0.127049
v -0.767667 -0.000138 -0.004070
v -0.768026 -0.000136 0.001926
v 0.595322 -0.151797 0.008894
v -0.767684 0.000009 -0.011256
v -0.769646 0.000009 -0.004390
v 0.595324 -0.001724 0.157215
v 0.595324 -0.002330 0.156992
v 0.595322 -0.151797 -0.008609
v -0.517175 0.002897 -0.150901
v 0.595324 0.052849 0.144960
v 0.595324 0.069304 0.137847
v -0.575730 -0.001534 -0.140912
v 0.595324 0.133575 0.077114
v 0.595324 0.141608 0.061088
v 0.595324 0.153899 -0.008944
v 0.595324 0.151804 -0.026748
v -0.578780 0.019756 -0.135331
v -0.576436 0.017099 -0.136615
v -0.498615 -0.001855 -0.156022
v -0.764706 -0.001734 -0.021019
v -0.744823 -0.001864 -0.039517
v -0.724368 -0.001664 -0.057235
v -0.724368 -0.001664 -0.057235
v -0.724368 -0.001664 -0.057235
v 0.595324 0.006010 0.157216
v 0.595324 0.006010 0.157216
v -0.688124 0.006009 -0.084718
v -0.545610 0.006009 -0.149318
v -0.508206 0.006009 -0.155257
v -0.045357 0.006009 -0.154195
v -0.555881 0.006009 0.144095
v -0.769634 0.006009 -0.004467
v 0.595324 0.018027 0.153243
v -0.604071 -0.022047 -0.125413
v -0.629396 0.022047 -0.113715
v -0.620044 0.022047 -0.118531
v -0.595899 0.004013 0.131356
v -0.581834 0.021459 -0.133967
v -0.571183 -0.001402 -0.139042
v -0.637430 0.022047 -0.109578
v -0.649188 0.004035 -0.106611
v -0.647548 0.012123 -0.103499
v -0.603991 -0.022047 -0.123237
v -0.745186 -0.002018 -0.032967
v -0.750945 -0.001793 -0.028173
v -0.750945 -0.001793 -0.028173
v -0.555101 -0.001181 -0.143858
v 0.070767 -0.001489 -0.153575
v -0.768765 -0.001059 -0.010957
v -0.768765 -0.001059 -0.010957
v -0.770732 -0.001045 0.003520
v -0.043923 -0.001055 0.155482
v -0.764197 -0.001058 -0.018049
v -0.766630 -0.001068 0.015443
v -0.768684 -0.001041 0.011469
v -0.497254 -0.000105 -0.150997
v 0.025670 -0.001057 0.155580
v -0.714438 -0.001072 0.062155
v -0.720479 0.004622 -0.053443
v -0.717619 0.004279 -0.055916
v -0.549167 -0.000048 -0.144310
v -0.570599 -0.000070 -0.138249
v -0.495753 0.004009 0.153340
v -0.507597 0.004009 0.152394
v -0.507597 0.004009 0.152394
v -0.546100 -0.000045 -0.145168
v -0.491357 -0.000110 -0.151490
v -0.594829 -0.000100 0.129593
v -0.597654 0.014929 0.127513
v -0.598313 0.016816 0.126896
v -0.643545 0.056461 0.090565
v -0.595628 -0.000000 0.131240
v -0.598418 -0.017113 0.129070
v -0.597654 -0.014929 0.129581
v -0.600153 -0.022074 0.127372
v -0.584621 0.022047 -0.130747
v -0.647310 -0.057188 0.090199
v -0.619526 -0.046178 0.111967
v -0.710467 -0.020698 0.060891
v -0.709985 -0.022074 0.060818
v -0.714310 -0.002967 0.063530
v -0.491653 0.006009 0.153513
v -0.714364 0.002160 0.061544
v -0.546305 0.003100 0.146195
v -0.493606 0.004009 0.153416
v -0.493606 0.004009 0.153416
v -0.490978 0.004017 0.153683
v -0.484178 0.005338 0.153753
v -0.651208 0.057436 0.087454
v -0.647310 0.057188 0.090258
v -0.655069 0.057682 0.084426
v -0.708511 0.003687 -0.065541
v -0.693810 0.003715 -0.076798
v -0.471178 0.001379 -0.153691
v -0.603592 -0.028841 0.122386
v -0.632322 -0.053291 0.099000
v -0.613038 -0.040787 0.114685
v -0.685756 -0.001044 -0.083950
v -0.551682 -0.001084 -0.145166
v -0.148409 -0.001069 -0.154446
v -0.148409 -0.001069 -0.154446
v -0.206795 -0.001256 -0.153981
v -0.249080 -0.001497 -0.153580
v -0.249080 -0.001497 -0.153580
v 0.595324 0.110765 0.104468
v 0.595324 0.145807 0.043664
v 0.595324 0.149873 0.026444
v 0.595324 0.145737 -0.043613
v 0.595324 0.139672 -0.060235
v 0.595323 -0.019856 0.150996
v 0.595323 -0.111431 0.103738
v -0.664777 -0.001055 -0.097728
v -0.664777 -0.001055 -0.097728
v 0.595323 -0.003672 0.152193
v -0.574924 0.013643 -0.137463
v -0.574939 0.013755 -0.137452
v -0.764055 0.004054 -0.018615
v -0.574460 0.010047 -0.137832
v -0.769634 0.004009 -0.004467
v -0.570430 -0.000102 0.137971
v 0.595322 -0.002684 -0.151378
v 0.595322 -0.002684 -0.151378
v 0.595323 -0.001263 -0.153745
v 0.595323 -0.001897 0.153110
v -0.574870 0.004026 -0.138826
v -0.646601 -0.015050 -0.103611
v -0.472856 -0.001052 -0.155008
v -0.572434 -0.001033 0.140590
v -0.722557 0.004041 -0.056081
v -0.722557 0.004041 -0.056081
v -0.722557 0.004041 -0.056081
v -0.722557 0.004041 -0.056081
v -0.555884 0.004009 0.144101
v -0.722279 0.004009 0.055315
v -0.744486 0.004009 0.036148
v -0.768495 0.004009 -0.008962
v -0.470594 0.006009 -0.156897
v 0.595324 0.034981 -0.147940
v -0.766092 -0.000105 0.010130
v -0.670453 -0.055716 0.074433
v -0.669664 -0.055869 0.074982
v -0.677816 -0.053291 0.070074
v -0.644534 -0.056652 0.092427
v -0.618884 -0.045762 0.112449
v -0.714314 -0.002901 0.064278
v -0.714352 -0.002338 0.064880
v -0.714381 -0.001916 0.065323
v -0.723873 0.006011 0.057888
v -0.722278 0.006009 0.055314
v -0.714104 0.006009 0.061725
v -0.545731 0.003175 0.146295
v -0.485529 0.004015 0.153821
v -0.600153 0.022074 0.127382
v -0.708790 0.024426 0.060908
v -0.706546 0.028841 0.060953
v -0.702578 0.034603 0.061286
v -0.702227 0.035114 0.061293
v -0.644509 0.056647 0.092482
v -0.571129 0.002610 -0.139409
v -0.571008 0.002625 -0.139450
v -0.490998 0.004009 -0.153335
v -0.490998 0.004009 -0.153335
v -0.604813 -0.030614 0.121522
v -0.629991 -0.052175 0.101034
v -0.607911 -0.035114 0.118736
v -0.608662 -0.035945 0.118143
v -0.750106 -0.001626 -0.029415
v -0.750106 -0.001626 -0.029415
v -0.764753 -0.001095 -0.017488
v -0.764753 -0.001095 -0.017488
v -0.748908 -0.001073 -0.031529
v -0.666083 -0.001082 -0.095919
v -0.476394 -0.001074 -0.154133
v -0.529304 -0.001637 -0.148632
v -0.521198 -0.001799 -0.149996
v -0.595720 -0.001360 0.130915
v -0.529165 -0.001804 0.148816
v -0.529795 -0.002212 0.148285
v -0.529795 -0.002212 0.148285
v 0.018740 -0.001522 -0.153601
v -0.766446 -0.001057 -0.015414
v -0.766446 -0.001057 -0.015414
v -0.747176 -0.001057 -0.033730
v -0.722849 -0.000035 -0.051773
v -0.722268 -0.000109 -0.052276
v -0.724339 -0.001020 0.054899
v -0.714441 -0.001024 0.062728
v -0.545973 -0.000039 0.144394
v -0.547590 0.000002 0.143966
v -0.704961 0.002964 -0.065780
v -0.708011 0.003277 -0.063426
v -0.724762 -0.001018 0.054565
v -0.726053 -0.001018 0.053442
v -0.714239 0.004009 0.061620
v -0.596137 0.007529 0.128593
v -0.600153 0.022074 0.125176
v -0.639685 0.055716 0.093256
v -0.647909 -0.014008 -0.105389
v -0.648030 -0.013756 -0.105346
v -0.647298 -0.015218 -0.105525
v -0.652955 0.006009 -0.107026
v -0.640775 0.021459 -0.107959
v -0.574625 0.002220 -0.138232
v -0.574625 0.002220 -0.138232
v 0.595324 -0.070771 -0.136698
v -0.647254 -0.013756 -0.103466
v 0.595324 -0.124352 -0.090958
v 0.595324 -0.086016 0.127948
v 0.595324 -0.002965 -0.155817
v -0.765486 0.006009 0.020521
v 0.266728 0.006009 -0.154212
v -0.744486 0.006009 0.036147
v -0.768495 0.006009 -0.008962
v 0.595324 0.035679 0.150116
v 0.595324 0.084823 0.128871
v 0.595324 0.133453 -0.077044
v -0.575990 0.016034 -0.136958
v 0.595324 0.069086 -0.137675
v 0.595322 -0.020013 -0.150594
v 0.595322 -0.037335 -0.147361
v -0.625607 -0.050078 0.104400
v 0.595324 -0.098981 -0.115410
v -0.574147 0.013554 -0.135617
v -0.574173 0.013755 -0.135597
v 0.595324 0.139768 0.060296
v 0.595324 0.149832 -0.026399
v -0.721856 0.004237 -0.055191
v -0.723602 0.004009 -0.053724
v -0.723602 0.004009 -0.053724
v -0.719883 0.004009 -0.056850
v -0.719883 0.004009 -0.056850
v -0.740300 -0.000087 -0.037306
v -0.763626 -0.001089 -0.019429
v -0.760741 -0.000462 -0.017266
v -0.760741 -0.000462 -0.017266
v -0.760741 -0.000462 -0.017266
v -0.760741 -0.000462 -0.017266
v -0.545183 0.004037 -0.147316
v -0.508002 0.004036 -0.153222
v -0.761463 0.004009 0.020286
v -0.738535 0.004009 -0.041177
v -0.766620 0.004009 -0.013224
v -0.761463 0.004009 -0.020004
v -0.647663 -0.011456 -0.103502
v -0.647894 -0.010047 -0.103476
v -0.545872 -0.000105 0.144424
v 0.595324 0.017793 0.151253
v 0.595324 0.052163 0.143078
v 0.595324 0.068404 0.136057
v -0.662230 -0.001472 -0.097763
v -0.651699 -0.001227 -0.103961
v -0.657072 -0.001232 -0.100952
v -0.477861 -0.001120 -0.153960
v -0.702640 -0.002286 -0.069068
v -0.404224 -0.001129 0.155006
v -0.283826 -0.001049 0.155168
v -0.464889 -0.001084 0.154929
v -0.764424 -0.001091 0.018405
v -0.657676 -0.000079 -0.098482
v -0.754353 -0.001063 0.028154
v -0.763441 -0.001081 0.019706
v -0.744274 -0.001055 0.037525
v -0.573695 0.010047 -0.135977
v -0.496956 -0.001069 0.154137
v -0.514113 0.004132 0.151874
v -0.535099 0.004134 0.148666
v -0.545882 -0.000044 -0.145229
v -0.714237 0.004039 0.062426
v -0.597647 0.014898 0.127521
v -0.603592 0.028841 0.122500
v -0.603696 0.028992 0.122429
v -0.648604 -0.000524 -0.105197
v -0.697100 -0.040787 0.062344
v -0.695268 -0.042346 0.063054
v -0.639685 -0.055716 0.095836
v -0.617343 -0.044451 0.113746
v -0.649993 -0.001514 -0.108563
v -0.714510 -0.000000 0.065243
v -0.595632 0.000059 0.131419
v -0.596137 0.007529 0.130769
v -0.543546 0.004229 0.146632
v -0.603592 0.028841 0.124707
v -0.604019 0.029462 0.124413
v -0.694091 0.043348 0.063601
v -0.697100 0.040787 0.062456
v -0.639685 0.055716 0.095845
v -0.686025 0.003533 -0.082087
v -0.567369 0.002510 -0.140413
v -0.490160 0.004011 -0.153414
v -0.488362 0.004009 -0.153459
v -0.488362 0.004009 -0.153459
v -0.405841 0.001366 -0.153701
v 0.127333 0.001340 -0.153826
v -0.595912 -0.004211 0.129066
v -0.595845 -0.003217 0.129187
v -0.518897 -0.001744 -0.150288
v -0.508206 0.006009 0.155539
v -0.664955 -0.001947 -0.099879
v -0.687211 -0.001906 -0.085345
v -0.687211 -0.001906 -0.085345
v -0.652941 -0.001483 -0.107039
v -0.770641 0.006009 0.012295
v -0.470565 0.006010 0.157174
v -0.647257 -0.013741 -0.103467
v 0.595324 0.006009 -0.153926
v 0.595324 0.006009 -0.153926
v -0.738535 0.006009 -0.041176
v -0.715608 0.006009 -0.060442
v -0.761463 0.006009 0.020286
v -0.766620 0.006009 -0.013224
v -0.761463 0.006009 -0.020004
v -0.480391 0.004009 -0.153837
v -0.045357 0.004009 -0.154195
v -0.648334 -0.012038 -0.105369
v -0.619526 -0.022047 -0.118775
v -0.643860 0.019756 -0.106671
v -0.627961 0.022047 -0.112177
v -0.578006 0.019756 -0.133453
v -0.618683 -0.022047 -0.116927
v 0.595324 -0.151879 -0.026218
v -0.575662 0.017099 -0.134738
v 0.595324 -0.124203 0.091444
v 0.595324 -0.054585 0.144205
v 0.595324 -0.037678 0.149522
v -0.686953 0.004022 -0.083045
v 0.595324 -0.140014 -0.059396
v 0.595324 -0.139917 0.059906
v 0.595324 0.123736 0.092100
v -0.636656 0.022047 -0.107700
v -0.548541 -0.001056 -0.146661
v 0.595324 0.153914 0.008983
v 0.595324 0.017784 -0.152989
v 0.595324 0.000007 -0.154010
v 0.595324 0.000007 -0.154010
v -0.687941 -0.047910 0.065635
v -0.684790 -0.049954 0.066736
v -0.637340 -0.054944 0.097674
v -0.602617 -0.026922 0.125384
v -0.616139 -0.043426 0.114760
v -0.595837 -0.003088 0.132160
v -0.595828 -0.002957 0.133065
v -0.649991 0.005317 -0.108559
v -0.595628 -0.000000 0.134340
v -0.595716 -0.001307 0.134480
v -0.714397 0.001679 0.065352
v -0.527454 0.004167 0.149570
v -0.705268 0.030698 0.061248
v -0.736559 0.003009 -0.042443
v -0.685815 0.003536 -0.082230
v -0.546305 0.001844 -0.145986
v -0.490395 0.004601 -0.153363
v -0.714236 0.004062 0.062712
v -0.691254 -0.045762 0.064250
v -0.764168 -0.001035 -0.017833
v -0.523911 -0.001049 -0.151337
v -0.523911 -0.001049 -0.151337
v -0.514114 -0.001664 -0.150860
v -0.666348 -0.001104 -0.095527
v -0.701453 -0.002185 -0.070019
v -0.522775 -0.002637 0.149123
v -0.769623 -0.001054 -0.008406
v -0.769569 -0.001030 -0.008566
v -0.764226 -0.001086 0.018668
v -0.715608 0.004009 -0.060442
v -0.572180 -0.001051 0.140507
v -0.722613 0.004057 0.056352
v -0.574568 -0.006504 -0.138095
v -0.574646 -0.004091 -0.138284
v -0.763905 0.004088 0.019191
v -0.651948 0.004039 -0.105271
v -0.470553 0.004025 -0.154883
v 0.266728 0.004009 -0.154212
v -0.633889 -0.022047 -0.109087
v -0.764511 0.004009 0.016813
v -0.764106 0.004009 -0.017065
v 0.595324 0.035216 0.148167
v -0.575128 0.015822 -0.135149
v -0.640000 0.021459 -0.106081
v 0.595324 -0.151835 0.026749
v -0.648659 -0.010047 -0.105330
v -0.633952 -0.022047 -0.111337
v -0.649409 -0.002993 -0.107149
v -0.649871 -0.002415 -0.108267
v 0.595324 -0.070702 0.137125
v -0.649125 -0.003118 -0.106460
v -0.706038 -0.001944 -0.071661
v -0.772617 0.006009 0.005098
v -0.693003 0.006009 -0.077594
v -0.764511 0.006009 0.016813
v -0.764105 0.006009 -0.017065
v -0.547283 0.000521 0.142367
v -0.547283 0.000521 0.142367
v -0.547283 0.000521 0.142367
v -0.066181 -0.001498 -0.153581
v -0.765782 -0.001090 -0.015579
v -0.538652 -0.000105 0.145741
v -0.735769 0.002634 -0.040511
v -0.507991 0.004044 0.153499
v -0.507991 0.004044 0.153499
v -0.507982 0.004189 0.152363
v 0.595323 -0.000761 -0.152998
v 0.595323 -0.000761 -0.152998
v -0.714015 -0.007329 0.061225
v -0.707318 -0.027322 0.061212
v -0.597654 0.014929 0.129693
v -0.598316 -0.016822 0.126959
v -0.647310 -0.057188 0.087497
v -0.647068 -0.057141 0.087691
v -0.618683 -0.045591 0.110241
v 0.595323 -0.001106 -0.154818
v 0.595323 -0.001106 -0.154818
v 0.595324 0.017553 -0.150999
v -0.761572 -0.000134 0.017352
v -0.648806 -0.004038 -0.105687
v -0.648981 -0.003456 -0.106111
v -0.763106 0.000009 0.018651
v 0.595324 -0.020124 0.152980
v -0.522994 0.006009 -0.150405
v -0.672324 0.006009 -0.091703
v -0.648066 -0.003202 -0.103892
v -0.573824 -0.005770 -0.136292
v -0.648444 -0.001994 -0.104808
v -0.644509 0.019074 -0.106457
v -0.648754 -0.001265 -0.105560
vn -0.6689 -0.5162 0.5349
vn -0.7291 -0.3376 0.5954
vn -0.7496 -0.4729 0.4631
vn -0.7081 -0.6615 -0.2471
vn -0.6709 -0.6970 -0.2533
vn -0.7131 -0.6972 -0.0731
vn -0.7688 -0.5404 -0.3420
vn -0.6720 -0.6200 -0.4049
vn -0.6159 -0.1219 0.7783
vn -0.5484 -0.4700 0.6916
vn -0.5701 -0.4498 0.6875
vn -0.3311 -0.3766 0.8652
vn -0.3656 -0.3342 0.8687
vn -0.3879 -0.0813 0.9181
vn -0.3551 -0.1284 0.9260
vn -0.3889 -0.0791 0.9179
vn -0.3888 -0.0791 0.9179
vn -0.2606 -0.4284 0.8652
vn -0.2841 -0.1319 0.9497
vn -0.2096 -0.1335 0.9686
vn -0.1973 -0.4210 0.8853
vn -0.1318 -0.1359 0.9819
vn -0.1299 -0.4242 0.8962
vn -0.0597 -0.4339 0.8990
vn -0.0580 -0.1338 0.9893
vn -0.0071 -0.1371 0.9905
vn -0.0152 -0.4349 0.9003
vn -0.0005 -0.2881 0.9576
vn 0.0005 -0.1339 0.9910
vn 0.0005 -0.2705 0.9627
vn 0.0007 -0.1340 -0.9910
vn -0.0002 -0.1343 -0.9909
vn 0.0007 -0.0835 -0.9965
vn -0.0055 -0.2368 -0.9715
vn -0.0443 -0.1330 -0.9901
vn -0.2103 -0.1348 -0.9683
vn -0.1879 -0.4988 -0.8461
vn -0.1266 -0.4241 -0.8967
vn -0.1312 -0.1356 -0.9820
vn -0.2838 -0.1288 -0.9502
vn -0.2670 -0.3491 -0.8982
vn -0.3196 -0.0801 -0.9442
vn -0.3008 -0.3610 -0.8828
vn -0.3206 -0.0780 -0.9440
vn -0.5375 -0.1167 -0.8351
vn -0.5056 -0.0902 -0.8580
vn -0.5102 -0.1015 -0.8541
vn -0.4624 -0.4490 -0.7646
vn -0.4946 -0.0636 -0.8668
vn -0.5867 -0.1530 -0.7952
vn -0.5812 -0.4272 -0.6926
vn -0.5552 -0.3786 -0.7405
vn -0.6252 -0.1325 -0.7691
vn -0.5199 -0.4056 -0.7518
vn -0.6711 -0.2186 -0.7084
vn -0.6290 -0.3435 -0.6975
vn -0.5941 -0.5439 -0.5927
vn -0.7431 -0.3137 -0.5911
vn -0.7359 -0.4784 -0.4792
vn -0.6739 -0.5114 -0.5332
vn -0.6690 -0.7388 0.0819
vn -0.7374 -0.6645 0.1213
vn -0.6681 -0.7015 0.2481
vn -0.7295 -0.6036 0.3217
vn -0.6688 -0.6239 0.4043
vn -0.6726 -0.2262 0.7046
vn -0.6890 -0.4480 0.5697
vn 0.0007 -0.2451 -0.9695
vn -0.0453 -0.2446 -0.9686
vn -0.1311 -0.2426 -0.9612
vn -0.2099 -0.2392 -0.9480
vn -0.2845 -0.2345 -0.9295
vn -0.3549 -0.2287 -0.9065
vn -0.3205 -0.1785 -0.9303
vn -0.3887 -0.1737 -0.9049
vn -0.4205 -0.2220 -0.8797
vn -0.4188 -0.1711 -0.8918
vn -0.4517 -0.1681 -0.8762
vn -0.4810 -0.2145 -0.8501
vn -0.4517 -0.1682 -0.8762
vn -0.5371 -0.2081 -0.8174
vn -0.5096 -0.1622 -0.8450
vn -0.4939 -0.1639 -0.8539
vn -0.5100 -0.1420 -0.8484
vn 0.0007 -0.2470 0.9690
vn -0.0001 -0.2369 0.9715
vn -0.0452 -0.2426 0.9691
vn -0.1310 -0.2425 0.9613
vn -0.2099 -0.2392 0.9480
vn -0.2845 -0.2345 0.9295
vn -0.3549 -0.2287 0.9065
vn -0.3887 -0.1736 0.9049
vn -0.3891 -0.2446 0.8881
vn -0.6161 -0.1236 0.7779
vn -0.6109 -0.1861 0.7695
vn -0.6295 -0.1898 0.7535
vn -0.5924 -0.4726 0.6525
vn -0.6725 -0.3754 -0.6378
vn -0.6316 -0.3095 -0.7109
vn -0.5354 -0.3889 -0.7498
vn -0.5903 -0.3215 -0.7404
vn -0.5366 -0.2972 -0.7897
vn -0.4810 -0.3107 -0.8198
vn -0.4810 -0.4028 -0.7787
vn -0.4205 -0.3215 -0.8484
vn -0.4205 -0.4168 -0.8059
vn -0.3549 -0.3313 -0.8742
vn -0.3549 -0.4295 -0.8304
vn -0.2845 -0.3397 -0.8964
vn -0.2845 -0.4404 -0.8515
vn -0.2099 -0.3465 -0.9143
vn -0.2099 -0.4492 -0.8684
vn -0.1310 -0.3513 -0.9270
vn -0.1310 -0.4555 -0.8806
vn -0.0455 -0.3539 -0.9342
vn -0.0456 -0.4589 -0.8873
vn -0.0004 -0.3396 -0.9406
vn -0.0001 -0.4676 -0.8839
vn 0.0007 -0.3571 -0.9341
vn 0.0007 -0.4572 -0.8894
vn -0.6327 -0.4664 -0.6182
vn -0.5870 -0.4512 -0.6722
vn -0.5374 -0.4717 -0.6991
vn -0.4810 -0.4896 -0.7273
vn -0.4205 -0.5066 -0.7527
vn -0.3549 -0.5221 -0.7756
vn -0.2845 -0.5353 -0.7953
vn -0.2099 -0.5460 -0.8111
vn -0.1310 -0.5536 -0.8224
vn -0.0455 -0.5579 -0.8287
vn 0.0002 -0.5569 -0.8306
vn -0.5868 -0.5599 -0.5850
vn -0.5366 -0.5469 -0.6425
vn -0.4810 -0.5698 -0.6663
vn -0.4205 -0.5897 -0.6895
vn -0.3549 -0.6077 -0.7105
vn -0.2845 -0.6231 -0.7285
vn -0.2099 -0.6355 -0.7430
vn -0.1310 -0.6444 -0.7534
vn -0.0454 -0.6493 -0.7592
vn -0.0002 -0.6506 -0.7594
vn -0.6334 -0.5967 -0.4927
vn -0.5354 -0.6197 -0.5739
vn -0.4810 -0.6426 -0.5964
vn -0.4205 -0.6650 -0.6172
vn -0.3549 -0.6852 -0.6360
vn -0.2845 -0.7027 -0.6522
vn -0.2099 -0.7166 -0.6651
vn -0.1310 -0.7266 -0.6744
vn -0.0454 -0.7322 -0.6796
vn -0.0002 -0.7335 -0.6797
vn -0.5861 -0.6541 -0.4781
vn -0.5374 -0.6805 -0.4981
vn -0.4810 -0.7068 -0.5187
vn -0.4205 -0.7315 -0.5367
vn -0.3549 -0.7538 -0.5531
vn -0.2845 -0.7729 -0.5671
vn -0.2099 -0.7883 -0.5784
vn -0.1310 -0.7993 -0.5865
vn -0.0454 -0.8054 -0.5910
vn -0.0002 -0.8067 -0.5909
vn -0.6321 -0.6911 -0.3505
vn -0.5880 -0.7269 -0.3548
vn -0.5366 -0.7321 -0.4195
vn -0.4810 -0.7617 -0.4341
vn -0.4205 -0.7883 -0.4492
vn -0.3549 -0.8123 -0.4629
vn -0.2845 -0.8329 -0.4746
vn -0.2099 -0.8495 -0.4841
vn -0.1310 -0.8614 -0.4908
vn -0.0454 -0.8679 -0.4946
vn -0.0002 -0.8692 -0.4944
vn -0.5367 -0.7770 -0.3290
vn -0.4810 -0.8065 -0.3437
vn -0.4205 -0.8347 -0.3557
vn -0.3549 -0.8601 -0.3665
vn -0.2845 -0.8819 -0.3758
vn -0.2099 -0.8995 -0.3833
vn -0.1310 -0.9120 -0.3887
vn -0.0454 -0.9190 -0.3917
vn -0.0002 -0.9203 -0.3913
vn -0.6319 -0.7427 -0.2214
vn -0.5877 -0.7858 -0.1925
vn -0.5366 -0.8085 -0.2414
vn -0.4810 -0.8407 -0.2488
vn -0.4205 -0.8700 -0.2575
vn -0.3549 -0.8965 -0.2653
vn -0.2845 -0.9193 -0.2721
vn -0.2099 -0.9375 -0.2775
vn -0.1310 -0.9506 -0.2813
vn -0.0454 -0.9579 -0.2835
vn -0.0002 -0.9591 -0.2830
vn -0.6694 -0.7376 -0.0883
vn -0.6344 -0.7687 -0.0817
vn -0.5354 -0.8322 -0.1441
vn -0.4810 -0.8637 -0.1506
vn -0.4205 -0.8938 -0.1559
vn -0.3549 -0.9210 -0.1606
vn -0.2845 -0.9444 -0.1647
vn -0.2099 -0.9632 -0.1680
vn -0.1310 -0.9766 -0.1703
vn -0.0454 -0.9841 -0.1716
vn 0.0002 -0.9857 -0.1688
vn -0.5861 -0.8090 -0.0451
vn -0.5374 -0.8420 -0.0475
vn -0.4810 -0.8753 -0.0504
vn -0.4205 -0.9058 -0.0522
vn -0.3549 -0.9334 -0.0538
vn -0.2845 -0.9571 -0.0551
vn -0.2099 -0.9761 -0.0562
vn -0.1310 -0.9897 -0.0570
vn -0.0455 -0.9973 -0.0576
vn -0.0004 -0.9973 -0.0732
vn 0.0007 -0.9985 -0.0546
vn -0.6331 -0.7690 0.0891
vn -0.5888 -0.8023 0.0986
vn -0.5366 -0.8425 0.0466
vn -0.4810 -0.8753 0.0504
vn -0.4205 -0.9058 0.0522
vn -0.3549 -0.9334 0.0538
vn -0.2845 -0.9571 0.0552
vn -0.2099 -0.9761 0.0562
vn -0.1310 -0.9897 0.0570
vn -0.0456 -0.9973 0.0574
vn -0.0001 -0.9978 0.0667
vn 0.0007 -0.9985 0.0550
vn -0.5367 -0.8309 0.1469
vn -0.4810 -0.8637 0.1506
vn -0.4205 -0.8938 0.1559
vn -0.3549 -0.9210 0.1606
vn -0.2845 -0.9444 0.1647
vn -0.2099 -0.9632 0.1680
vn -0.1310 -0.9766 0.1703
vn -0.0455 -0.9841 0.1717
vn 0.0002 -0.9854 0.1700
vn -0.6322 -0.7293 0.2615
vn -0.5903 -0.7619 0.2665
vn -0.5366 -0.8097 0.2376
vn -0.4810 -0.8407 0.2488
vn -0.4205 -0.8700 0.2575
vn -0.3549 -0.8965 0.2653
vn -0.2845 -0.9192 0.2721
vn -0.2099 -0.9375 0.2775
vn -0.1310 -0.9506 0.2814
vn -0.0454 -0.9579 0.2835
vn -0.0002 -0.9587 0.2846
vn -0.5354 -0.7766 0.3320
vn -0.4810 -0.8065 0.3437
vn -0.4205 -0.8346 0.3557
vn -0.3549 -0.8601 0.3665
vn -0.2845 -0.8819 0.3758
vn -0.2099 -0.8994 0.3833
vn -0.1310 -0.9120 0.3887
vn -0.0454 -0.9190 0.3916
vn -0.0002 -0.9196 0.3928
vn -0.6342 -0.6501 0.4184
vn -0.5870 -0.7039 0.3999
vn -0.5374 -0.7322 0.4184
vn -0.4810 -0.7617 0.4341
vn -0.4205 -0.7883 0.4492
vn -0.3549 -0.8123 0.4629
vn -0.2845 -0.8329 0.4746
vn -0.2099 -0.8495 0.4841
vn -0.1310 -0.8613 0.4908
vn -0.0454 -0.8680 0.4946
vn -0.0002 -0.8684 0.4958
vn -0.5866 -0.6208 0.5201
vn -0.5366 -0.6815 0.4976
vn -0.4810 -0.7068 0.5187
vn -0.4205 -0.7315 0.5368
vn -0.3549 -0.7537 0.5531
vn -0.2845 -0.7729 0.5672
vn -0.2099 -0.7883 0.5784
vn -0.1310 -0.7993 0.5865
vn -0.0454 -0.8054 0.5910
vn -0.0002 -0.8057 0.5923
vn -0.6355 -0.5397 0.5521
vn -0.5367 -0.6171 0.5755
vn -0.4810 -0.6426 0.5964
vn -0.4205 -0.6650 0.6172
vn -0.3549 -0.6852 0.6360
vn -0.2845 -0.7026 0.6522
vn -0.2099 -0.7166 0.6651
vn -0.1310 -0.7266 0.6744
vn -0.0454 -0.7322 0.6796
vn 0.0002 -0.7309 0.6825
vn -0.5882 -0.4890 0.6441
vn -0.5366 -0.5500 0.6400
vn -0.4810 -0.5698 0.6663
vn -0.4205 -0.5897 0.6895
vn -0.3549 -0.6077 0.7105
vn -0.2845 -0.6231 0.7286
vn -0.2099 -0.6355 0.7430
vn -0.1310 -0.6444 0.7534
vn -0.0455 -0.6494 0.7591
vn -0.0004 -0.6618 0.7497
vn 0.0007 -0.6477 0.7619
vn -0.6711 -0.3819 0.6354
vn -0.6308 -0.4317 0.6447
vn -0.5570 -0.5026 0.6612
vn -0.5097 -0.5205 0.6851
vn -0.5305 -0.5130 0.6748
vn -0.5096 -0.5207 0.6850
vn -0.5101 -0.5197 0.6853
vn -0.4810 -0.4895 0.7273
vn -0.4205 -0.5066 0.7527
vn -0.3549 -0.5220 0.7756
vn -0.2845 -0.5353 0.7953
vn -0.2099 -0.5459 0.8111
vn -0.1310 -0.5536 0.8224
vn -0.0456 -0.5578 0.8287
vn -0.0001 -0.5507 0.8347
vn 0.0007 -0.5605 0.8282
vn -0.6306 -0.3180 0.7079
vn -0.6091 -0.4049 0.6820
vn -0.6091 -0.4049 0.6819
vn -0.5682 -0.4201 0.7075
vn -0.5944 -0.4106 0.6914
vn -0.5096 -0.4386 0.7402
vn -0.5098 -0.5110 0.6921
vn -0.4726 -0.4492 0.7582
vn -0.4517 -0.4548 0.7676
vn -0.4205 -0.4168 0.8059
vn -0.3549 -0.4295 0.8304
vn -0.2845 -0.4404 0.8515
vn -0.2099 -0.4492 0.8684
vn -0.1310 -0.4555 0.8806
vn -0.0455 -0.4589 0.8873
vn 0.0007 -0.4590 0.8884
vn -0.0548 -0.4310 -0.9007
vn -0.4517 -0.3636 0.8147
vn -0.4521 -0.4372 0.7775
vn -0.4064 -0.3724 0.8344
vn -0.3887 -0.3755 0.8414
vn -0.3891 -0.3513 0.8516
vn -0.3549 -0.3313 0.8742
vn -0.2845 -0.3397 0.8965
vn -0.2099 -0.3465 0.9143
vn -0.1310 -0.3513 0.9270
vn -0.0455 -0.3541 0.9341
vn -0.0004 -0.3690 0.9294
vn 0.0007 -0.3516 0.9361
vn -0.3887 -0.2764 0.8789
vn -0.6047 -0.2381 0.7600
vn -0.6087 -0.2497 0.7531
vn -0.6112 -0.3604 0.7047
vn -0.6100 -0.2536 0.7508
vn -0.1724 -0.8705 0.4611
vn -0.0566 -0.9869 0.1509
vn -0.0683 -0.9835 0.1673
vn -0.5440 -0.5782 -0.6081
vn -0.2212 -0.9588 -0.1782
vn -0.3723 -0.8923 -0.2551
vn -0.2802 -0.8893 -0.3614
vn -0.2708 -0.9068 -0.3231
vn -0.3238 -0.8654 -0.3825
vn -0.0549 -0.9942 -0.0929
vn -0.2086 -0.9078 -0.3639
vn -0.1973 -0.9259 -0.3221
vn -0.2571 -0.8909 -0.3744
vn -0.2410 -0.9047 -0.3515
vn -0.1213 -0.9696 -0.2125
vn -0.2658 -0.9011 -0.3425
vn -0.1328 -0.9115 -0.3893
vn -0.1527 -0.8640 -0.4797
vn -0.1457 -0.8606 -0.4880
vn -0.0354 -0.9944 -0.0995
vn -0.1426 -0.9037 -0.4038
vn -0.0757 -0.8734 -0.4810
vn -0.0596 -0.9103 -0.4096
vn -0.0784 -0.9346 -0.3468
vn -0.0040 -0.9363 -0.3511
vn -0.0260 -0.9189 -0.3936
vn -0.0366 -0.8786 -0.4761
vn 0.0001 -0.9447 -0.3280
vn 0.0002 -0.8911 -0.4537
vn 0.0002 -0.8276 -0.5613
vn -0.0143 -0.6756 -0.7371
vn -0.2397 -0.6708 -0.7018
vn -0.3608 -0.6869 -0.6309
vn -0.2231 -0.8162 0.5330
vn 0.0003 -0.7124 0.7017
vn 0.0001 -0.9593 0.2825
vn 0.0003 -0.7648 0.6443
vn -0.0002 -0.9020 -0.4317
vn 0.0003 -0.7057 -0.7085
vn 0.0005 -0.9996 0.0273
vn -0.4641 -0.3623 -0.8083
vn -0.3258 -0.8977 0.2967
vn -0.2994 -0.6369 0.7105
vn -0.2805 -0.9080 0.3113
vn -0.2709 -0.9066 0.3236
vn -0.4391 -0.7082 0.5528
vn -0.2017 -0.9460 0.2540
vn -0.1243 -0.9017 0.4141
vn -0.0926 -0.8958 0.4347
vn -0.0614 -0.8878 0.4562
vn -0.0257 -0.9003 0.4345
vn -0.0036 -0.9074 0.4203
vn -0.0047 -0.8776 0.4794
vn -0.8378 -0.3144 -0.4464
vn -0.7704 -0.4579 -0.4436
vn -0.6406 -0.5840 -0.4985
vn -0.8933 -0.3380 -0.2961
vn -0.7646 -0.5687 -0.3032
vn -0.9297 -0.3390 0.1438
vn -0.8098 -0.5864 -0.0218
vn -0.9357 -0.3529 -0.0008
vn -0.7935 -0.5966 -0.1201
vn -0.9268 -0.3470 -0.1439
vn -0.8925 -0.3253 0.3123
vn -0.8254 -0.5368 0.1749
vn -0.8337 -0.3056 0.4600
vn -0.7942 -0.5454 0.2679
vn -0.7099 -0.5428 0.4488
vn -0.8282 -0.5605 0.0040
vn -0.8181 -0.5511 -0.1642
vn -0.8357 -0.4995 0.2282
vn -0.3566 -0.9119 -0.2032
vn -0.2438 -0.9681 -0.0575
vn -0.4316 -0.8887 -0.1548
vn -0.2668 -0.9637 0.0115
vn -0.2980 -0.9453 0.1325
vn -0.3447 -0.9051 0.2489
vn -0.4462 -0.8933 0.0547
vn -0.0000 -0.8625 0.5061
vn -0.2174 -0.9144 -0.3416
vn -0.3534 -0.8496 -0.3914
vn -0.5107 -0.8314 0.2192
vn -0.4963 -0.8674 -0.0362
vn -0.8639 -0.4536 0.2188
vn -0.5135 -0.6981 0.4990
vn -0.7759 -0.4062 0.4827
vn -0.8891 -0.4060 -0.2116
vn -0.9304 -0.3604 0.0666
vn -0.9389 -0.3357 -0.0760
vn -0.8418 -0.3869 -0.3763
vn -0.7947 -0.3686 -0.4822
vn -0.5116 -0.7224 -0.4651
vn -0.7260 -0.2284 0.6486
vn -0.8838 -0.2779 0.3764
vn -0.7069 -0.2300 -0.6689
vn -0.0103 -0.8505 -0.5258
vn -0.1293 -0.8440 -0.5205
vn 0.0004 -0.6834 -0.7301
vn -0.0003 -0.7451 -0.6670
vn 0.0004 -0.4765 -0.8792
vn 0.0005 -0.4332 -0.9013
vn -0.2851 -0.8261 -0.4861
vn -0.3642 -0.7163 -0.5951
vn -0.4160 -0.5593 -0.7170
vn -0.4420 -0.4508 -0.7755
vn -0.4205 -0.7080 -0.5673
vn -0.4036 -0.7066 -0.5812
vn -0.2479 -0.6567 -0.7122
vn -0.2691 -0.5599 -0.7837
vn -0.1594 -0.5899 -0.7916
vn -0.1124 -0.6082 -0.7858
vn -0.2255 -0.6153 -0.7554
vn -0.0533 -0.6087 -0.7916
vn -0.0071 -0.5699 -0.8217
vn -0.5593 -0.5410 -0.6281
vn -0.5023 -0.6035 -0.6193
vn -0.2177 0.9459 -0.2407
vn -0.1990 0.9417 -0.2712
vn -0.2792 -0.5114 -0.8127
vn -0.1634 0.7825 -0.6009
vn -0.2394 0.4451 -0.8629
vn -0.2202 0.0037 -0.9754
vn -0.0213 0.7749 -0.6317
vn -0.1012 0.0100 -0.9948
vn -0.0238 0.0029 -0.9997
vn -0.0786 0.8891 -0.4509
vn -0.0872 -0.5951 -0.7989
vn -0.3517 0.7641 -0.5407
vn -0.5673 0.0043 -0.8235
vn -0.4974 0.0161 -0.8674
vn -0.4237 -0.5161 -0.7444
vn -0.2896 0.7645 -0.5759
vn -0.4104 0.4324 -0.8028
vn -0.0002 0.8908 -0.4543
vn -0.3470 -0.8552 0.3849
vn 0.0003 -0.9220 0.3873
vn -0.2956 -0.8844 0.3611
vn -0.0693 -0.9938 0.0873
vn -0.3631 -0.8115 0.4578
vn -0.0540 0.9623 0.2665
vn -0.3124 0.0477 0.9488
vn -0.3615 0.1234 0.9242
vn -0.3417 0.0620 0.9378
vn -0.0316 -0.0657 0.9973
vn -0.0047 -0.0441 0.9990
vn -0.0556 -0.3359 0.9403
vn -0.1142 -0.2993 0.9473
vn -0.1352 -0.4274 0.8939
vn -0.0003 -0.2727 0.9621
vn -0.0868 -0.7862 0.6118
vn -0.2117 -0.3451 0.9144
vn 0.0004 -0.5823 0.8130
vn 0.0005 -0.1757 0.9844
vn -0.6402 -0.2788 0.7158
vn -0.6012 -0.3498 0.7185
vn -0.0288 -0.8691 0.4937
vn -0.1083 -0.8767 0.4687
vn -0.1373 -0.8789 0.4568
vn -0.2776 -0.3303 0.9021
vn -0.2478 -0.6522 0.7164
vn -0.1385 -0.9063 0.3994
vn -0.3073 -0.3572 0.8820
vn -0.4692 -0.6561 0.5911
vn -0.5914 -0.3077 0.7453
vn -0.7653 0.0114 0.6435
vn -0.9175 0.0068 0.3977
vn -0.9868 0.0067 0.1618
vn -0.9959 0.0090 -0.0898
vn -0.9209 0.0139 -0.3894
vn -0.7636 0.0160 -0.6454
vn -0.6380 0.0040 -0.7700
vn -0.6346 0.0037 -0.7729
vn -0.4975 0.0014 -0.8675
vn -0.4584 0.0045 -0.8887
vn -0.2698 0.0042 -0.9629
vn -0.0207 -0.0128 0.9997
vn 0.0005 0.0003 1.0000
vn -0.1048 -0.0071 0.9945
vn -0.1993 -0.0051 0.9799
vn -0.6342 0.0089 0.7731
vn -0.6213 -0.0092 0.7835
vn -0.6143 0.0156 0.7889
vn -0.6035 0.0510 0.7957
vn -0.5735 -0.0013 -0.8192
vn -0.4575 0.0095 -0.8892
vn -0.2088 -0.0016 -0.9780
vn -0.2692 0.0075 -0.9631
vn -0.0998 -0.0004 -0.9950
vn -0.0199 -0.0015 -0.9998
vn -0.0000 0.0040 -1.0000
vn -0.0000 1.0000 -0.0000
vn -0.0000 1.0000 -0.0001
vn -0.0000 1.0000 -0.0002
vn 0.0001 1.0000 -0.0002
vn 0.0016 1.0000 -0.0032
vn 0.0030 1.0000 -0.0091
vn 0.0002 1.0000 0.0002
vn 0.0001 1.0000 0.0001
vn 0.0030 1.0000 -0.0093
vn 0.0039 0.9999 -0.0105
vn 0.0051 0.9999 -0.0128
vn 0.0002 1.0000 -0.0003
vn 0.0004 1.0000 -0.0004
vn 0.0002 1.0000 -0.0002
vn 0.0004 1.0000 -0.0005
vn -0.7116 0.6978 -0.0818
vn -0.7418 0.6541 0.1481
vn -0.6672 0.7395 0.0891
vn -0.7611 0.0709 0.6448
vn -0.6701 0.1325 0.7303
vn -0.7628 0.1748 0.6226
vn -0.6678 0.2980 0.6821
vn -0.7317 0.3287 0.5972
vn -0.6706 0.4740 0.5706
vn -0.7656 0.4288 0.4795
vn -0.6690 0.6146 0.4179
vn -0.7268 0.5981 0.3377
vn -0.6682 0.6981 0.2574
vn -0.6676 0.7014 -0.2498
vn -0.7249 0.6125 -0.3151
vn -0.7674 0.4335 -0.4725
vn -0.6681 0.6191 -0.4128
vn -0.7360 0.3182 -0.5975
vn -0.6711 0.4815 -0.5637
vn -0.7559 0.1399 -0.6396
vn -0.6673 0.3039 -0.6800
vn -0.6867 0.0404 -0.7259
vn -0.8143 0.0682 -0.5764
vn -0.6681 0.0545 0.7420
vn -0.6298 0.1098 0.7689
vn -0.6046 0.0463 0.7952
vn -0.6119 0.0893 0.7859
vn -0.3906 0.0533 0.9190
vn -0.3574 0.0543 0.9324
vn -0.3911 0.0535 0.9188
vn -0.3578 0.1084 0.9275
vn -0.3907 0.0536 0.9189
vn -0.3907 0.0535 0.9190
vn -0.2888 0.0557 0.9558
vn -0.2893 0.1111 0.9508
vn -0.2537 0.0562 0.9656
vn -0.2166 0.1133 0.9697
vn -0.2198 0.0567 0.9739
vn -0.1791 0.0572 0.9822
vn -0.1395 0.1144 0.9836
vn -0.1380 0.0576 0.9888
vn -0.0483 0.0614 0.9969
vn -0.0971 0.0579 0.9936
vn -0.0671 0.1174 0.9908
vn -0.1010 0.0507 0.9936
vn -0.0095 0.1158 0.9932
vn -0.0551 0.0665 0.9963
vn -0.0251 0.0768 0.9967
vn -0.0064 0.0577 0.9983
vn -0.0710 0.0611 0.9956
vn -0.0003 0.0515 0.9987
vn -0.0001 0.0589 0.9983
vn -0.0156 0.0671 0.9976
vn -0.0001 0.1169 0.9931
vn -0.6295 0.2102 0.7480
vn -0.6162 0.1189 0.7785
vn -0.6074 0.1517 0.7798
vn -0.6091 0.2469 0.7537
vn -0.3913 0.1188 0.9126
vn -0.3908 0.1599 0.9065
vn -0.3578 0.2153 0.9086
vn -0.3907 0.1598 0.9065
vn -0.2893 0.2208 0.9314
vn -0.2166 0.2251 0.9499
vn -0.1402 0.2283 0.9634
vn -0.0631 0.2302 0.9711
vn -0.0126 0.2305 0.9730
vn -0.0001 0.2314 0.9729
vn -0.3907 0.2640 0.8818
vn -0.3912 0.2319 0.8906
vn -0.3578 0.3194 0.8775
vn -0.2893 0.3274 0.8995
vn -0.2166 0.3339 0.9174
vn -0.1402 0.3386 0.9304
vn -0.0631 0.3413 0.9378
vn -0.0126 0.3419 0.9397
vn -0.0001 0.3428 0.9394
vn -0.6285 0.3497 0.6948
vn -0.6075 0.2990 0.7359
vn -0.6069 0.3010 0.7356
vn -0.6077 0.3851 0.6945
vn -0.4219 0.4069 0.8102
vn -0.4523 0.3533 0.8189
vn -0.4082 0.3616 0.8382
vn -0.3907 0.3646 0.8452
vn -0.3578 0.4191 0.8345
vn -0.2893 0.4296 0.8554
vn -0.2166 0.4381 0.8724
vn -0.1402 0.4444 0.8848
vn -0.0631 0.4479 0.8919
vn -0.0126 0.4487 0.8936
vn -0.0001 0.4495 0.8933
vn -0.6295 0.4684 0.6200
vn -0.6072 0.4100 0.6806
vn -0.5868 0.4882 0.6460
vn -0.6074 0.4093 0.6808
vn -0.5900 0.4166 0.6916
vn -0.5647 0.4168 0.7123
vn -0.5666 0.4120 0.7136
vn -0.5568 0.4863 0.6735
vn -0.4810 0.4818 0.7325
vn -0.5089 0.4304 0.7455
vn -0.4728 0.4406 0.7631
vn -0.4523 0.4459 0.7724
vn -0.4219 0.4982 0.7575
vn -0.3578 0.5131 0.7802
vn -0.2893 0.5260 0.7998
vn -0.2166 0.5365 0.8156
vn -0.1402 0.5441 0.8272
vn -0.0631 0.5484 0.8338
vn -0.0126 0.5494 0.8355
vn -0.0001 0.5502 0.8351
vn -0.5355 0.5444 0.6456
vn -0.5550 0.4965 0.6674
vn -0.5550 0.4967 0.6673
vn -0.5089 0.5140 0.6905
vn -0.4810 0.5636 0.6716
vn -0.4219 0.5828 0.6945
vn -0.3578 0.6002 0.7153
vn -0.2893 0.6153 0.7333
vn -0.2166 0.6275 0.7479
vn -0.1402 0.6364 0.7585
vn -0.0631 0.6415 0.7645
vn -0.0126 0.6427 0.7660
vn -0.0001 0.6434 0.7655
vn -0.6280 0.5956 0.5009
vn -0.5879 0.6192 0.5206
vn -0.5355 0.6128 0.5811
vn -0.4810 0.6377 0.6017
vn -0.4219 0.6595 0.6222
vn -0.3578 0.6792 0.6408
vn -0.2893 0.6963 0.6569
vn -0.2166 0.7101 0.6699
vn -0.1402 0.7202 0.6795
vn -0.0631 0.7259 0.6849
vn -0.0126 0.7273 0.6863
vn -0.0001 0.7279 0.6857
vn -0.5355 0.6787 0.5026
vn -0.4810 0.7033 0.5236
vn -0.4219 0.7273 0.5414
vn -0.3578 0.7490 0.5576
vn -0.2893 0.7678 0.5716
vn -0.2166 0.7831 0.5830
vn -0.1402 0.7942 0.5913
vn -0.0631 0.8005 0.5960
vn -0.0126 0.8020 0.5972
vn -0.0001 0.8026 0.5965
vn -0.6283 0.6915 0.3563
vn -0.5875 0.7195 0.3704
vn -0.5355 0.7303 0.4241
vn -0.4810 0.7593 0.4384
vn -0.4219 0.7852 0.4533
vn -0.3578 0.8087 0.4669
vn -0.2893 0.8290 0.4786
vn -0.2166 0.8455 0.4881
vn -0.1402 0.8575 0.4951
vn -0.0631 0.8643 0.4990
vn -0.0126 0.8659 0.5000
vn -0.0001 0.8664 0.4993
vn -0.5342 0.7766 0.3339
vn -0.4810 0.8050 0.3473
vn -0.4219 0.8325 0.3591
vn -0.3578 0.8574 0.3699
vn -0.2893 0.8790 0.3791
vn -0.2166 0.8964 0.3867
vn -0.1402 0.9091 0.3922
vn -0.0631 0.9164 0.3953
vn -0.0126 0.9181 0.3961
vn -0.0001 0.9185 0.3954
vn -0.6278 0.7457 0.2231
vn -0.5848 0.7773 0.2319
vn -0.5362 0.8089 0.2411
vn -0.4810 0.8399 0.2515
vn -0.4219 0.8686 0.2600
vn -0.3578 0.8946 0.2678
vn -0.2893 0.9170 0.2745
vn -0.2166 0.9352 0.2800
vn -0.1402 0.9485 0.2840
vn -0.0631 0.9561 0.2862
vn -0.0126 0.9579 0.2869
vn -0.0001 0.9582 0.2860
vn -0.6296 0.7724 0.0834
vn -0.5868 0.8049 0.0883
vn -0.5355 0.8313 0.1487
vn -0.4810 0.8634 0.1522
vn -0.4219 0.8929 0.1574
vn -0.3578 0.9196 0.1622
vn -0.2893 0.9427 0.1662
vn -0.2166 0.9614 0.1695
vn -0.1402 0.9751 0.1719
vn -0.0631 0.9828 0.1733
vn -0.0126 0.9847 0.1737
vn -0.0001 0.9849 0.1729
vn -0.5355 0.8432 0.0470
vn -0.4810 0.8753 0.0510
vn -0.4219 0.9051 0.0527
vn -0.3578 0.9322 0.0543
vn -0.2893 0.9556 0.0557
vn -0.2166 0.9746 0.0568
vn -0.1402 0.9884 0.0576
vn -0.0631 0.9963 0.0580
vn -0.0126 0.9982 0.0582
vn -0.0001 0.9984 0.0574
vn -0.6665 0.7409 -0.0829
vn -0.6302 0.7720 -0.0824
vn -0.5870 0.8043 -0.0925
vn -0.5355 0.8432 -0.0470
vn -0.4810 0.8753 -0.0510
vn -0.4219 0.9051 -0.0527
vn -0.3578 0.9322 -0.0543
vn -0.2893 0.9556 -0.0557
vn -0.2166 0.9746 -0.0568
vn -0.1402 0.9884 -0.0576
vn -0.0631 0.9963 -0.0580
vn -0.0126 0.9982 -0.0580
vn -0.0001 0.9983 -0.0589
vn -0.5355 0.8313 -0.1487
vn -0.4810 0.8634 -0.1522
vn -0.4219 0.8929 -0.1574
vn -0.3578 0.9196 -0.1622
vn -0.2893 0.9427 -0.1662
vn -0.2166 0.9614 -0.1695
vn -0.1402 0.9751 -0.1719
vn -0.0631 0.9828 -0.1733
vn -0.0126 0.9847 -0.1735
vn -0.0001 0.9847 -0.1744
vn -0.6297 0.7451 -0.2200
vn -0.5855 0.7623 -0.2759
vn -0.5355 0.8097 -0.2402
vn -0.4810 0.8399 -0.2515
vn -0.4219 0.8686 -0.2600
vn -0.3578 0.8946 -0.2678
vn -0.2893 0.9170 -0.2745
vn -0.2166 0.9352 -0.2800
vn -0.1402 0.9485 -0.2840
vn -0.0631 0.9561 -0.2862
vn -0.0126 0.9579 -0.2867
vn -0.0001 0.9578 -0.2876
vn -0.6308 0.6936 -0.3477
vn -0.5355 0.7746 -0.3364
vn -0.4810 0.8050 -0.3473
vn -0.4219 0.8325 -0.3591
vn -0.3578 0.8574 -0.3699
vn -0.2893 0.8790 -0.3791
vn -0.2166 0.8964 -0.3867
vn -0.1402 0.9091 -0.3922
vn -0.0631 0.9164 -0.3953
vn -0.0126 0.9182 -0.3960
vn -0.0001 0.9179 -0.3968
vn -0.5862 0.6766 -0.4456
vn -0.5355 0.7324 -0.4204
vn -0.4810 0.7593 -0.4384
vn -0.4219 0.7852 -0.4533
vn -0.3578 0.8087 -0.4669
vn -0.2893 0.8290 -0.4786
vn -0.2166 0.8455 -0.4881
vn -0.1402 0.8575 -0.4951
vn -0.0631 0.8643 -0.4990
vn -0.0126 0.8660 -0.4999
vn -0.0001 0.8656 -0.5007
vn -0.6281 0.6219 -0.4678
vn -0.5355 0.6761 -0.5060
vn -0.4810 0.7033 -0.5236
vn -0.4219 0.7273 -0.5414
vn -0.3578 0.7490 -0.5576
vn -0.2893 0.7678 -0.5716
vn -0.2166 0.7831 -0.5830
vn -0.1402 0.7942 -0.5913
vn -0.0631 0.8005 -0.5960
vn -0.0126 0.8021 -0.5970
vn -0.0001 0.8016 -0.5978
vn -0.6287 0.5359 -0.5635
vn -0.5870 0.5567 -0.5878
vn -0.5355 0.6157 -0.5780
vn -0.4810 0.6377 -0.6017
vn -0.4219 0.6595 -0.6222
vn -0.3578 0.6792 -0.6408
vn -0.2893 0.6963 -0.6569
vn -0.2166 0.7101 -0.6699
vn -0.1402 0.7202 -0.6795
vn -0.0631 0.7259 -0.6849
vn -0.0126 0.7274 -0.6861
vn -0.0001 0.7268 -0.6868
vn -0.5355 0.5412 -0.6483
vn -0.4810 0.5636 -0.6716
vn -0.4219 0.5828 -0.6945
vn -0.3578 0.6002 -0.7153
vn -0.2893 0.6153 -0.7333
vn -0.2166 0.6275 -0.7479
vn -0.1402 0.6364 -0.7585
vn -0.0631 0.6415 -0.7645
vn -0.0126 0.6428 -0.7659
vn -0.0001 0.6422 -0.7666
vn -0.6292 0.4283 -0.6486
vn -0.5855 0.4066 -0.7013
vn -0.5355 0.4658 -0.7044
vn -0.4810 0.4818 -0.7325
vn -0.4219 0.4982 -0.7575
vn -0.3578 0.5131 -0.7802
vn -0.2893 0.5260 -0.7998
vn -0.2166 0.5365 -0.8157
vn -0.1402 0.5441 -0.8272
vn -0.0631 0.5484 -0.8338
vn -0.0126 0.5495 -0.8354
vn -0.0001 0.5488 -0.8359
vn -0.6324 0.3013 -0.7137
vn -0.5355 0.3771 -0.7556
vn -0.4810 0.3935 -0.7835
vn -0.4219 0.4069 -0.8102
vn -0.3578 0.4191 -0.8345
vn -0.2893 0.4296 -0.8554
vn -0.2166 0.4381 -0.8724
vn -0.1402 0.4444 -0.8848
vn -0.0631 0.4479 -0.8919
vn -0.0126 0.4489 -0.8935
vn -0.0001 0.4481 -0.8940
vn -0.5853 0.2398 -0.7746
vn -0.5355 0.2908 -0.7929
vn -0.4810 0.2999 -0.8239
vn -0.4219 0.3101 -0.8520
vn -0.3578 0.3194 -0.8775
vn -0.2893 0.3274 -0.8995
vn -0.2166 0.3339 -0.9174
vn -0.1402 0.3386 -0.9304
vn -0.0631 0.3413 -0.9378
vn -0.0126 0.3421 -0.9396
vn -0.0001 0.3413 -0.9400
vn -0.6685 0.1384 -0.7307
vn -0.6321 0.1411 -0.7619
vn -0.5342 0.1940 -0.8228
vn -0.4810 0.2022 -0.8531
vn -0.4219 0.2091 -0.8822
vn -0.3578 0.2153 -0.9086
vn -0.2893 0.2208 -0.9314
vn -0.2166 0.2251 -0.9499
vn -0.1402 0.2283 -0.9634
vn -0.0631 0.2301 -0.9711
vn -0.0126 0.2307 -0.9729
vn -0.0001 0.2298 -0.9732
vn -0.5841 0.1004 -0.8055
vn -0.5351 0.0981 -0.8391
vn -0.4937 0.1510 -0.8564
vn -0.5089 0.1495 -0.8477
vn -0.4523 0.1549 -0.8783
vn -0.4203 0.1576 -0.8936
vn -0.3907 0.1598 -0.9065
vn -0.3564 0.1622 -0.9201
vn -0.3243 0.1643 -0.9316
vn -0.2893 0.1111 -0.9508
vn -0.2166 0.1133 -0.9697
vn -0.1402 0.1149 -0.9834
vn -0.0663 0.1172 -0.9909
vn -0.0096 0.1163 -0.9932
vn -0.0002 0.1153 -0.9933
vn -0.6847 0.0542 -0.7268
vn -0.6657 0.0591 -0.7439
vn -0.6497 0.0619 -0.7576
vn -0.6491 0.0584 -0.7585
vn -0.6103 0.0613 -0.7898
vn -0.6106 0.0627 -0.7894
vn -0.5836 0.0472 -0.8107
vn -0.5606 0.0482 -0.8267
vn -0.5345 0.0491 -0.8438
vn -0.5095 0.1064 -0.8539
vn -0.5089 0.0501 -0.8594
vn -0.5089 0.0500 -0.8594
vn -0.3242 0.0549 -0.9444
vn -0.3247 0.1247 -0.9376
vn -0.3242 0.0550 -0.9444
vn -0.3243 0.0550 -0.9444
vn -0.2537 0.0563 -0.9656
vn -0.2897 0.0557 -0.9555
vn -0.2139 0.0568 -0.9752
vn -0.1791 0.0572 -0.9822
vn -0.0996 0.0558 -0.9935
vn -0.1395 0.0576 -0.9886
vn -0.0945 0.0483 -0.9944
vn -0.0524 0.0653 -0.9965
vn -0.0181 0.0695 -0.9974
vn -0.0683 0.0589 -0.9959
vn -0.0251 0.0762 -0.9968
vn -0.0001 0.0524 -0.9986
vn -0.0000 0.0590 -0.9983
vn -0.0074 0.0532 -0.9986
vn -0.8514 0.4161 -0.3193
vn -0.8050 0.5709 -0.1613
vn -0.8159 0.5780 0.0141
vn -0.8437 0.4305 0.3207
vn -0.8425 0.0751 -0.5335
vn -0.9095 0.0661 -0.4103
vn -0.8582 0.1802 -0.4806
vn -0.9278 0.1982 -0.3161
vn -0.9846 0.0731 -0.1589
vn -0.9675 0.1901 -0.1666
vn -0.9946 0.0718 0.0751
vn -0.9805 0.1963 0.0013
vn -0.9651 0.1985 0.1709
vn -0.9233 0.0564 0.3799
vn -0.9301 0.1950 0.3112
vn -0.8584 0.1770 0.4815
vn -0.8816 0.4438 0.1606
vn -0.9197 0.3845 -0.0798
vn 0.6689 0.5162 -0.5349
vn 0.7496 0.4727 -0.4633
vn 0.7292 0.3362 -0.5960
vn 0.7081 0.6613 0.2476
vn 0.7128 0.6975 0.0731
vn 0.6708 0.6970 0.2533
vn 0.6720 0.6200 0.4050
vn 0.7688 0.5404 0.3418
vn 0.8960 0.1049 -0.4314
vn 0.5699 0.4513 -0.6867
vn 0.8206 0.3430 -0.4572
vn 0.3295 0.3799 -0.8644
vn 0.3879 0.0814 -0.9181
vn 0.3651 0.3382 -0.8674
vn 0.3552 0.1286 -0.9259
vn 0.3889 0.0793 -0.9179
vn 0.2614 0.4272 -0.8656
vn 0.2840 0.1323 -0.9496
vn 0.2097 0.1335 -0.9686
vn 0.1965 0.4231 -0.8845
vn 0.1318 0.1359 -0.9819
vn 0.1290 0.4246 -0.8961
vn 0.0582 0.4345 -0.8988
vn 0.0582 0.1340 -0.9893
vn 0.0073 0.1382 -0.9904
vn 0.0153 0.4298 -0.9028
vn 0.0006 0.2884 -0.9575
vn -0.0006 0.1337 -0.9910
vn -0.0005 0.2718 -0.9624
vn -0.0007 0.1146 0.9934
vn -0.0007 0.0439 0.9990
vn 0.0008 0.1007 0.9949
vn -0.0084 0.5072 0.8618
vn 0.0300 0.1154 0.9929
vn 0.2102 0.1363 0.9681
vn 0.1279 0.4280 0.8947
vn 0.1900 0.4905 0.8505
vn 0.1315 0.1359 0.9820
vn 0.2838 0.1289 0.9502
vn 0.2667 0.3599 0.8940
vn 0.3191 0.0810 0.9443
vn 0.3005 0.3738 0.8775
vn 0.3206 0.0782 0.9440
vn 0.4633 0.4487 0.7642
vn 0.5103 0.1367 0.8490
vn 0.5053 0.0926 0.8580
vn 0.4930 0.0650 0.8676
vn 0.4632 0.3703 0.8052
vn 0.5868 0.1538 0.7950
vn 0.5550 0.3857 0.7370
vn 0.5862 0.4179 0.6941
vn 0.6260 0.1395 0.7673
vn 0.5375 0.1193 0.8348
vn 0.5192 0.4114 0.7492
vn 0.6481 0.2475 0.7202
vn 0.6703 0.2196 0.7088
vn 0.5921 0.5471 0.5917
vn 0.7426 0.3150 0.5910
vn 0.7360 0.4784 0.4789
vn 0.6739 0.5114 0.5332
vn 0.7377 0.6642 -0.1211
vn 0.6690 0.7388 -0.0818
vn 0.6682 0.7014 -0.2482
vn 0.7295 0.6035 -0.3217
vn 0.6689 0.6238 -0.4043
vn 0.6721 0.2280 -0.7045
vn 0.6840 0.4588 -0.5671
vn -0.0007 0.2451 0.9695
vn 0.0452 0.2447 0.9686
vn 0.1311 0.2426 0.9612
vn 0.2099 0.2392 0.9480
vn 0.2845 0.2345 0.9295
vn 0.3549 0.2287 0.9065
vn 0.3205 0.1785 0.9303
vn 0.3887 0.1737 0.9049
vn 0.3533 0.1763 0.9187
vn 0.4188 0.1712 0.8918
vn 0.4205 0.2220 0.8797
vn 0.4517 0.1682 0.8762
vn 0.4810 0.2145 0.8501
vn 0.5371 0.2080 0.8174
vn 0.4939 0.1639 0.8539
vn 0.5096 0.1622 0.8450
vn 0.5098 0.1620 0.8449
vn -0.0007 0.2471 -0.9690
vn 0.0001 0.2369 -0.9715
vn 0.0452 0.2426 -0.9691
vn 0.1310 0.2425 -0.9613
vn 0.2099 0.2392 -0.9480
vn 0.2845 0.2345 -0.9295
vn 0.3549 0.2287 -0.9065
vn 0.3887 0.1736 -0.9049
vn 0.6294 0.1901 -0.7535
vn 0.8810 0.1442 -0.4507
vn 0.5927 0.4706 -0.6536
vn 0.6725 0.3755 0.6377
vn 0.6316 0.3095 0.7108
vn 0.5354 0.3889 0.7497
vn 0.5367 0.2972 0.7897
vn 0.5902 0.3215 0.7405
vn 0.4810 0.3107 0.8198
vn 0.4810 0.4028 0.7787
vn 0.4205 0.3215 0.8484
vn 0.4205 0.4168 0.8059
vn 0.3549 0.3313 0.8742
vn 0.3549 0.4295 0.8304
vn 0.2845 0.3397 0.8964
vn 0.2845 0.4404 0.8515
vn 0.2099 0.3465 0.9143
vn 0.2099 0.4492 0.8684
vn 0.1310 0.3513 0.9270
vn 0.1310 0.4555 0.8806
vn 0.0455 0.3539 0.9342
vn 0.0456 0.4589 0.8873
vn 0.0004 0.3396 0.9406
vn 0.0001 0.4677 0.8839
vn -0.0007 0.3572 0.9340
vn -0.0007 0.4572 0.8894
vn 0.6327 0.4664 0.6182
vn 0.5870 0.4512 0.6722
vn 0.5373 0.4717 0.6991
vn 0.4810 0.4896 0.7273
vn 0.4205 0.5066 0.7527
vn 0.3549 0.5221 0.7756
vn 0.2845 0.5353 0.7953
vn 0.2099 0.5460 0.8111
vn 0.1310 0.5536 0.8224
vn 0.0455 0.5579 0.8287
vn -0.0002 0.5569 0.8306
vn 0.5868 0.5598 0.5850
vn 0.5366 0.5470 0.6425
vn 0.4810 0.5698 0.6663
vn 0.4205 0.5897 0.6895
vn 0.3549 0.6077 0.7105
vn 0.2845 0.6231 0.7285
vn 0.2099 0.6355 0.7430
vn 0.1310 0.6444 0.7534
vn 0.0454 0.6493 0.7592
vn 0.0002 0.6506 0.7594
vn 0.6334 0.5966 0.4927
vn 0.5354 0.6197 0.5739
vn 0.4810 0.6426 0.5964
vn 0.4205 0.6650 0.6172
vn 0.3549 0.6852 0.6360
vn 0.2845 0.7027 0.6522
vn 0.2099 0.7166 0.6651
vn 0.1310 0.7266 0.6744
vn 0.0454 0.7322 0.6796
vn 0.0002 0.7335 0.6797
vn 0.5861 0.6541 0.4781
vn 0.5373 0.6805 0.4981
vn 0.4810 0.7068 0.5187
vn 0.4205 0.7315 0.5367
vn 0.3549 0.7538 0.5531
vn 0.2845 0.7729 0.5671
vn 0.2099 0.7883 0.5784
vn 0.1310 0.7993 0.5865
vn 0.0454 0.8054 0.5910
vn 0.0002 0.8067 0.5909
vn 0.6321 0.6911 0.3504
vn 0.5880 0.7269 0.3548
vn 0.5367 0.7322 0.4195
vn 0.4810 0.7617 0.4341
vn 0.4205 0.7883 0.4492
vn 0.3549 0.8123 0.4629
vn 0.2845 0.8329 0.4746
vn 0.2099 0.8495 0.4841
vn 0.1310 0.8614 0.4908
vn 0.0454 0.8679 0.4946
vn 0.0002 0.8692 0.4944
vn 0.5367 0.7770 0.3290
vn 0.4810 0.8065 0.3437
vn 0.4205 0.8347 0.3557
vn 0.3549 0.8601 0.3665
vn 0.2845 0.8819 0.3758
vn 0.2099 0.8995 0.3833
vn 0.1310 0.9120 0.3887
vn 0.0454 0.9190 0.3917
vn 0.0002 0.9203 0.3913
vn 0.6319 0.7427 0.2213
vn 0.5878 0.7858 0.1925
vn 0.5366 0.8086 0.2413
vn 0.4810 0.8407 0.2488
vn 0.4205 0.8700 0.2575
vn 0.3549 0.8965 0.2653
vn 0.2845 0.9193 0.2721
vn 0.2099 0.9375 0.2775
vn 0.1310 0.9506 0.2813
vn 0.0454 0.9579 0.2835
vn 0.0002 0.9591 0.2830
vn 0.6694 0.7376 0.0883
vn 0.6344 0.7687 0.0818
vn 0.5354 0.8322 0.1441
vn 0.4810 0.8637 0.1506
vn 0.4205 0.8938 0.1559
vn 0.3549 0.9210 0.1606
vn 0.2845 0.9444 0.1647
vn 0.2099 0.9632 0.1680
vn 0.1310 0.9766 0.1703
vn 0.0454 0.9841 0.1716
vn -0.0002 0.9857 0.1688
vn 0.5861 0.8090 0.0451
vn 0.5373 0.8420 0.0475
vn 0.4810 0.8753 0.0504
vn 0.4205 0.9058 0.0522
vn 0.3549 0.9334 0.0538
vn 0.2845 0.9571 0.0551
vn 0.2099 0.9761 0.0562
vn 0.1310 0.9897 0.0570
vn 0.0455 0.9973 0.0576
vn 0.0004 0.9973 0.0732
vn -0.0007 0.9985 0.0545
vn 0.6330 0.7690 -0.0891
vn 0.5888 0.8023 -0.0986
vn 0.5367 0.8425 -0.0466
vn 0.4810 0.8753 -0.0504
vn 0.4205 0.9058 -0.0522
vn 0.3549 0.9334 -0.0538
vn 0.2845 0.9571 -0.0552
vn 0.2099 0.9761 -0.0562
vn 0.1310 0.9897 -0.0570
vn 0.0456 0.9973 -0.0574
vn 0.0001 0.9978 -0.0668
vn -0.0007 0.9985 -0.0550
vn 0.5367 0.8309 -0.1469
vn 0.4810 0.8637 -0.1506
vn 0.4205 0.8938 -0.1559
vn 0.3549 0.9210 -0.1606
vn 0.2845 0.9444 -0.1647
vn 0.2099 0.9632 -0.1680
vn 0.1310 0.9766 -0.1703
vn 0.0455 0.9841 -0.1717
vn -0.0002 0.9854 -0.1700
vn 0.6322 0.7293 -0.2615
vn 0.5903 0.7619 -0.2665
vn 0.5367 0.8097 -0.2376
vn 0.4810 0.8407 -0.2488
vn 0.4205 0.8700 -0.2575
vn 0.3549 0.8965 -0.2653
vn 0.2845 0.9192 -0.2721
vn 0.2099 0.9375 -0.2775
vn 0.1310 0.9506 -0.2814
vn 0.0454 0.9579 -0.2835
vn 0.0002 0.9586 -0.2846
vn 0.5354 0.7766 -0.3320
vn 0.4810 0.8065 -0.3437
vn 0.4205 0.8346 -0.3557
vn 0.3549 0.8601 -0.3665
vn 0.2845 0.8819 -0.3758
vn 0.2099 0.8994 -0.3833
vn 0.1310 0.9120 -0.3887
vn 0.0454 0.9190 -0.3916
vn 0.0002 0.9196 -0.3928
vn 0.6342 0.6501 -0.4184
vn 0.5871 0.7039 -0.3999
vn 0.5373 0.7323 -0.4184
vn 0.4810 0.7617 -0.4341
vn 0.4205 0.7883 -0.4492
vn 0.3549 0.8123 -0.4629
vn 0.2845 0.8329 -0.4746
vn 0.2099 0.8495 -0.4841
vn 0.1310 0.8613 -0.4908
vn 0.0454 0.8680 -0.4946
vn 0.0002 0.8684 -0.4958
vn 0.5866 0.6208 -0.5200
vn 0.5366 0.6815 -0.4976
vn 0.4810 0.7068 -0.5187
vn 0.4205 0.7315 -0.5368
vn 0.3549 0.7537 -0.5531
vn 0.2845 0.7729 -0.5672
vn 0.2099 0.7883 -0.5784
vn 0.1310 0.7993 -0.5865
vn 0.0454 0.8054 -0.5910
vn 0.0002 0.8058 -0.5922
vn 0.6355 0.5397 -0.5521
vn 0.5367 0.6171 -0.5755
vn 0.4810 0.6426 -0.5964
vn 0.4205 0.6650 -0.6172
vn 0.3549 0.6852 -0.6360
vn 0.2845 0.7026 -0.6522
vn 0.2099 0.7166 -0.6651
vn 0.1310 0.7266 -0.6744
vn 0.0454 0.7322 -0.6796
vn -0.0002 0.7309 -0.6825
vn 0.5882 0.4891 -0.6441
vn 0.5367 0.5499 -0.6400
vn 0.4810 0.5698 -0.6663
vn 0.4205 0.5897 -0.6895
vn 0.3549 0.6077 -0.7105
vn 0.2845 0.6231 -0.7286
vn 0.2099 0.6355 -0.7430
vn 0.1310 0.6444 -0.7534
vn 0.0455 0.6494 -0.7591
vn 0.0004 0.6619 -0.7496
vn -0.0007 0.6477 -0.7619
vn 0.6712 0.3819 -0.6353
vn 0.6308 0.4317 -0.6447
vn 0.5209 0.7665 -0.3757
vn 0.4652 0.8001 -0.3788
vn 0.3765 0.8371 -0.3968
vn 0.3537 0.8635 -0.3595
vn 0.3141 0.8598 -0.4025
vn 0.2564 0.8806 -0.3986
vn 0.4810 0.4895 -0.7273
vn 0.4205 0.5066 -0.7527
vn 0.3549 0.5220 -0.7756
vn 0.2845 0.5353 -0.7953
vn 0.2099 0.5459 -0.8111
vn 0.1310 0.5536 -0.8224
vn 0.0456 0.5579 -0.8287
vn 0.0001 0.5506 -0.8347
vn -0.0007 0.5605 -0.8282
vn 0.6306 0.3181 -0.7079
vn 0.7454 0.5434 -0.3862
vn 0.7058 0.5938 -0.3863
vn 0.6403 0.6535 -0.4037
vn 0.5950 0.7212 -0.3549
vn 0.5096 0.4386 -0.7402
vn 0.4726 0.4492 -0.7582
vn 0.4517 0.4548 -0.7676
vn 0.4521 0.4372 -0.7775
vn 0.4205 0.4168 -0.8059
vn 0.3549 0.4295 -0.8304
vn 0.2845 0.4404 -0.8515
vn 0.2099 0.4492 -0.8684
vn 0.1310 0.4555 -0.8806
vn 0.0455 0.4589 -0.8873
vn -0.0007 0.4590 -0.8884
vn 0.0414 0.4386 0.8977
vn 0.4517 0.3636 -0.8147
vn 0.4516 0.3635 -0.8148
vn 0.3886 0.3755 -0.8414
vn 0.3891 0.3513 -0.8516
vn 0.3549 0.3313 -0.8742
vn 0.2845 0.3397 -0.8965
vn 0.2099 0.3465 -0.9143
vn 0.1310 0.3513 -0.9271
vn 0.0455 0.3541 -0.9341
vn 0.0004 0.3691 -0.9294
vn -0.0007 0.3516 -0.9362
vn 0.3887 0.2764 -0.8789
vn 0.3886 0.2764 -0.8790
vn 0.8545 0.2791 -0.4382
vn 0.8872 0.2143 -0.4086
vn 0.8537 0.3188 -0.4118
vn 0.8312 0.3506 -0.4315
vn 0.1674 0.8781 -0.4482
vn 0.0642 0.9855 -0.1568
vn 0.0472 0.9906 -0.1283
vn -0.3709 0.7886 -0.4905
vn -0.1984 0.9469 -0.2531
vn 0.0222 0.9955 -0.0916
vn 0.4278 0.7242 0.5409
vn 0.0232 0.9994 0.0252
vn 0.2595 0.9166 0.3041
vn 0.1567 0.9717 0.1767
vn 0.4260 0.7698 0.4753
vn 0.3794 0.8195 0.4295
vn 0.3533 0.8458 0.3998
vn 0.1078 0.9785 0.1757
vn 0.3258 0.7445 0.5827
vn 0.2189 0.8978 0.3821
vn 0.1696 0.9509 0.2590
vn 0.0583 0.9949 0.0825
vn 0.2575 0.8891 0.3783
vn 0.0572 0.9952 0.0788
vn 0.4242 0.6904 0.5860
vn 0.0133 0.9976 0.0678
vn 0.0720 0.9443 0.3211
vn 0.0254 0.9902 0.1375
vn 0.0430 0.9825 0.1815
vn 0.1589 0.8056 0.5708
vn 0.0018 0.9981 0.0623
vn 0.0173 0.8699 0.4929
vn 0.0092 0.8594 0.5112
vn -0.0002 0.9419 0.3360
vn -0.0000 0.9450 0.3272
vn -0.0038 0.9941 0.1088
vn 0.0005 -0.8549 0.5187
vn 0.0301 -0.9367 0.3490
vn 0.0515 -0.9755 0.2137
vn 0.0002 0.9490 0.3152
vn 0.0002 0.9488 0.3160
vn 0.0017 0.8701 0.4928
vn -0.0000 0.8566 0.5159
vn 0.5540 0.5495 0.6254
vn 0.4725 0.6552 0.5895
vn 0.2597 0.6205 0.7400
vn 0.2135 0.7346 0.6441
vn 0.2388 0.6759 0.6973
vn 0.1285 0.7210 0.6809
vn 0.0712 0.7156 0.6949
vn 0.1016 0.7169 0.6898
vn 0.0718 0.7287 0.6810
vn 0.0090 0.7254 0.6882
vn 0.0437 0.7259 0.6864
vn 0.4028 0.7990 0.4465
vn 0.3682 0.7459 0.5550
vn 0.3268 0.7426 0.5846
vn 0.1614 0.7990 0.5793
vn 0.1023 0.7960 0.5966
vn 0.0181 0.8571 0.5148
vn 0.2231 0.8162 -0.5330
vn -0.0002 0.7144 -0.6998
vn -0.0002 0.7500 -0.6615
vn -0.0000 0.9587 -0.2845
vn 0.0001 0.8476 0.5306
vn -0.0002 0.8575 0.5144
vn 0.4740 0.6528 0.5909
vn 0.4506 0.6335 0.6290
vn 0.4499 0.6352 0.6277
vn 0.3566 0.6948 0.6246
vn 0.3125 0.9102 -0.2717
vn 0.2982 0.6413 -0.7070
vn 0.2643 0.9190 -0.2924
vn 0.2679 0.9082 -0.3216
vn 0.8308 0.4547 -0.3209
vn 0.1230 0.9039 -0.4096
vn 0.0938 0.8982 -0.4294
vn 0.1258 0.7086 -0.6943
vn 0.1258 0.7087 -0.6942
vn 0.0690 0.7352 -0.6743
vn 0.0256 0.9061 -0.4222
vn 0.0049 0.9062 -0.4228
vn 0.2287 0.6134 0.7559
vn 0.1901 0.6156 0.7648
vn -0.0002 0.8575 0.5146
vn -0.0002 0.8580 0.5137
vn -0.0001 0.9315 -0.3638
vn 0.0009 0.9946 -0.1038
vn 0.0009 0.9945 -0.1043
vn -0.0008 0.7862 0.6179
vn -0.0008 0.7859 0.6184
vn 0.0004 0.7790 0.6271
vn 0.6132 0.3445 0.7108
vn 0.6280 0.3511 0.6945
vn 0.6395 0.3652 0.6766
vn 0.8379 0.3140 0.4464
vn 0.7716 0.4583 0.4412
vn 0.6376 0.5863 0.4998
vn 0.8939 0.3367 0.2959
vn 0.7610 0.5795 0.2917
vn 0.9307 0.3358 -0.1451
vn 0.9363 0.3513 0.0011
vn 0.7987 0.6015 0.0156
vn 0.7822 0.6102 0.1260
vn 0.9274 0.3453 0.1439
vn 0.8940 0.3223 -0.3111
vn 0.8116 0.5620 -0.1596
vn 0.8338 0.3051 -0.4601
vn 0.7804 0.5648 -0.2682
vn 0.7125 0.5487 -0.4374
vn 0.8181 0.5513 0.1640
vn 0.8281 0.5606 -0.0036
vn 0.8359 0.4993 -0.2281
vn 0.1768 0.8246 0.5373
vn 0.3550 0.9144 0.1944
vn 0.1651 0.8426 0.5126
vn -0.4497 0.8926 -0.0315
vn -0.0306 0.9987 0.0414
vn -0.1163 0.9926 -0.0350
vn -0.1497 0.9880 0.0373
vn 0.2065 0.9784 -0.0091
vn -0.0656 0.9971 0.0397
vn -0.1395 0.9888 0.0522
vn -0.6555 0.7066 0.2666
vn 0.1282 0.8751 0.4667
vn -0.0674 0.9971 -0.0347
vn -0.0000 1.0000 0.0052
vn 0.0276 0.9996 -0.0049
vn 0.0440 0.9979 -0.0479
vn 0.0201 0.9994 0.0298
vn 0.0255 0.9989 0.0387
vn 0.0438 0.9979 0.0477
vn 0.0371 0.9985 0.0404
vn 0.0428 0.9980 0.0465
vn 0.0292 0.9990 0.0327
vn 0.0245 0.9993 0.0266
vn 0.0465 0.9988 -0.0172
vn -0.0805 0.9966 0.0179
vn -0.0725 0.9971 0.0224
vn 0.0325 0.9995 -0.0018
vn 0.0391 0.9992 -0.0030
vn -0.8897 0.3935 0.2316
vn -0.9706 0.1151 -0.2114
vn -0.8283 0.3581 -0.4308
vn -0.8285 0.3575 -0.4310
vn -0.8285 0.3577 -0.4310
vn -0.8360 0.3342 -0.4353
vn -0.8303 0.3520 -0.4320
vn 0.1508 -0.9850 0.0843
vn 0.1509 -0.9850 0.0843
vn -0.0000 0.9997 0.0247
vn 0.0083 0.9993 0.0371
vn -0.0568 0.9968 -0.0557
vn 0.0322 0.9988 0.0357
vn -0.0000 -1.0000 -0.0000
vn 0.0023 -0.4772 0.8788
vn 0.0028 -0.9825 0.1863
vn 0.2897 -0.9237 0.2507
vn 0.2416 -0.9285 0.2820
vn 0.2787 -0.9297 0.2407
vn 0.0532 -0.9589 0.2788
vn 0.0701 -0.9597 0.2723
vn 0.0913 -0.9706 0.2228
vn -0.2328 -0.6147 -0.7536
vn 0.1051 -0.9737 0.2022
vn 0.0189 -0.9726 0.2317
vn 0.0543 -0.9792 0.1954
vn 0.1209 -0.9849 0.1241
vn 0.1321 -0.9852 0.1093
vn 0.1349 -0.9852 0.1055
vn -0.6492 -0.5601 -0.5146
vn -0.6491 -0.5603 -0.5145
vn 0.1289 -0.9505 0.2827
vn 0.1351 -0.9459 0.2949
vn 0.2007 -0.9417 0.2702
vn 0.2280 -0.9206 0.3171
vn 0.1288 -0.9797 0.1534
vn 0.1708 -0.9497 0.2625
vn 0.0715 -0.9895 0.1257
vn 0.1678 -0.9495 0.2653
vn 0.1988 -0.9511 0.2364
vn 0.2465 -0.2375 -0.9396
vn 0.2464 -0.2374 -0.9396
vn 0.2601 -0.9248 0.2775
vn 0.2472 -0.9269 0.2824
vn 0.2983 -0.9139 0.2753
vn 0.1813 -0.7427 0.6446
vn 0.1813 -0.7428 0.6445
vn 0.0328 -0.7631 0.6455
vn 0.0508 -0.9161 0.3978
vn 0.1083 -0.6771 0.7278
vn 0.1088 -0.6772 0.7277
vn 0.1084 -0.6748 0.7300
vn 0.0545 -0.9161 0.3972
vn 0.1019 -0.6366 0.7644
vn 0.0396 -0.7519 0.6581
vn 0.3247 -0.8240 0.4643
vn 0.3253 -0.8240 0.4639
vn 0.5258 -0.1027 0.8444
vn 0.3308 -0.8138 0.4778
vn 0.4330 -0.4644 0.7726
vn 0.4155 -0.5027 0.7581
vn 0.4653 -0.1247 0.8763
vn -0.2221 -0.9718 -0.0792
vn 0.1248 -0.9831 0.1339
vn 0.2013 -0.9301 0.3072
vn 0.2451 -0.9283 0.2798
vn -0.5811 -0.6909 -0.4301
vn -0.5810 -0.6910 -0.4300
vn -0.3656 -0.8878 -0.2797
vn -0.0000 0.9998 -0.0200
vn -0.0000 0.9998 -0.0199
vn 0.0002 -0.9744 0.2246
vn 0.0344 -0.9779 0.2063
vn -0.0051 -0.5205 -0.8539
vn -0.0051 -0.5205 -0.8538
vn -0.0000 -0.6233 0.7820
vn -0.0000 -0.6231 0.7821
vn 0.0476 0.9975 -0.0521
vn 0.0459 0.9977 -0.0503
vn 0.0098 0.9999 -0.0128
vn 0.0009 0.9925 -0.1222
vn -0.0000 0.9908 -0.1354
vn -0.0002 0.9926 -0.1211
vn 0.0671 0.9945 -0.0804
vn 0.0660 0.9944 -0.0828
vn 0.0467 0.9975 -0.0534
vn -0.0077 -0.9163 -0.4005
vn 0.0666 -0.9306 -0.3598
vn 0.0409 -0.9264 -0.3742
vn 0.3590 -0.1619 -0.9192
vn 0.3137 -0.0458 -0.9484
vn 0.3590 -0.1620 -0.9192
vn 0.1176 -0.9366 -0.3301
vn 0.0013 0.0822 -0.9966
vn 0.0013 0.0477 -0.9989
vn 0.0001 -0.0672 -0.9977
vn -0.2223 -0.8208 0.5262
vn -0.3468 -0.4982 0.7947
vn 0.0002 -0.4701 0.8826
vn 0.0002 -0.4738 0.8806
vn 0.6793 -0.0050 0.7338
vn -0.0004 -0.8280 -0.5608
vn -0.0004 -0.8278 -0.5610
vn 0.0006 -0.5128 -0.8585
vn 0.0006 -0.5125 -0.8587
vn -0.0005 -0.4597 0.8881
vn 0.0554 -0.9526 -0.2990
vn 0.0670 -0.9526 -0.2968
vn 0.0280 -0.9915 -0.1267
vn 0.0220 -0.9920 -0.1245
vn 0.0673 -0.9526 -0.2967
vn 0.0488 -0.9918 0.1185
vn 0.0677 -0.9534 -0.2940
vn 0.0213 -0.8822 0.4705
vn 0.0170 -0.8591 0.5115
vn 0.0170 -0.8592 0.5113
vn -0.0137 -0.9977 0.0668
vn -0.0000 -0.6823 0.7311
vn 0.0319 0.9915 -0.1265
vn 0.7977 0.0115 -0.6030
vn 0.7626 -0.0254 -0.6464
vn 0.7977 0.0115 -0.6029
vn 0.8591 -0.0452 -0.5098
vn 0.9175 -0.0264 -0.3969
vn 0.9201 0.0063 -0.3916
vn 0.9469 0.0066 -0.3215
vn 0.9696 -0.0130 -0.2443
vn 0.9869 -0.0273 -0.1587
vn 0.9876 0.0085 -0.1570
vn 0.9875 0.0085 -0.1571
vn 0.9990 -0.0255 -0.0375
vn 0.9959 -0.0242 0.0874
vn 1.0000 0.0083 0.0007
vn 0.9967 0.0078 0.0809
vn 0.9872 0.0073 0.1593
vn 0.9729 -0.0457 0.2267
vn 0.9203 -0.0338 0.3897
vn 0.9478 0.0059 0.3189
vn 0.9482 0.0062 0.3175
vn 0.9166 0.0062 0.3998
vn 0.8369 -0.0036 0.5474
vn 0.5758 0.3810 0.7234
vn 0.4304 0.5335 0.7281
vn 0.4282 0.2709 0.8621
vn -0.1861 0.9801 -0.0693
vn -0.1124 0.9853 -0.1286
vn -0.1128 0.9853 -0.1282
vn -0.1861 0.9801 -0.0694
vn -0.0413 0.9821 -0.1839
vn -0.1160 0.9853 -0.1257
vn 0.1725 0.9599 0.2212
vn 0.5211 0.3371 0.7841
vn 0.5178 0.3727 0.7700
vn 0.2600 0.8904 0.3735
vn 0.5730 0.1447 0.8067
vn 0.5181 -0.0515 0.8538
vn 0.5280 0.3369 0.7796
vn 0.6115 0.3329 0.7178
vn 0.4420 0.3373 0.8312
vn 0.4435 0.2916 0.8475
vn 0.2458 0.4257 0.8708
vn 0.2456 0.4087 0.8790
vn 0.2457 0.4157 0.8757
vn 0.2458 0.4249 0.8712
vn 0.2458 0.4256 0.8709
vn 0.0201 0.0601 -0.9980
vn 0.0013 0.0476 -0.9989
vn -0.0005 0.0037 -1.0000
vn -0.0005 0.0041 -1.0000
vn -0.0005 0.0026 -1.0000
vn 0.4117 0.9036 0.1187
vn 0.4117 0.9035 0.1188
vn 0.2795 0.9595 0.0350
vn 0.0444 -0.0288 -0.9986
vn 0.0431 -0.0222 -0.9988
vn 0.0445 -0.0289 -0.9986
vn 0.0067 0.0535 -0.9985
vn 0.0243 0.0733 -0.9970
vn -0.0192 0.9918 0.1264
vn -0.0192 0.9918 0.1263
vn -0.2740 0.9087 -0.3150
vn 0.2180 0.9679 0.1253
vn -0.1111 0.8433 -0.5259
vn -0.3363 0.8374 -0.4309
vn -0.2700 0.9123 -0.3078
vn -0.1541 0.8459 -0.5106
vn -0.3368 0.8365 -0.4322
vn 0.1915 0.6357 -0.7478
vn 0.2668 -0.0691 -0.9613
vn 0.1404 0.4489 -0.8825
vn -0.0131 0.5138 -0.8578
vn -0.1718 0.8135 -0.5555
vn -0.0114 0.8306 -0.5567
vn 0.3292 -0.0199 -0.9440
vn 0.2851 -0.0548 -0.9569
vn 0.6443 -0.0035 -0.7648
vn 0.9026 -0.0511 -0.4274
vn 0.8904 0.0083 -0.4551
vn 0.6324 -0.0067 -0.7746
vn 0.9750 -0.0733 -0.2099
vn 0.6654 -0.0911 -0.7409
vn 0.6658 -0.0962 -0.7399
vn 0.6563 -0.0123 -0.7544
vn 0.5455 0.5809 0.6041
vn 0.6866 -0.0281 0.7265
vn 0.6053 0.1911 0.7727
vn -0.0288 0.9864 -0.1617
vn 0.1998 0.9374 0.2852
vn 0.2097 0.9379 0.2762
vn 0.1998 0.9374 0.2853
vn 0.2096 0.9380 0.2761
vn 0.1877 0.9365 0.2964
vn 0.1879 0.9363 0.2967
vn 0.1878 0.9364 0.2964
vn 0.4440 0.2387 0.8636
vn 0.2456 0.4077 0.8795
vn 0.1913 0.4214 0.8864
vn 0.0946 0.5930 0.7996
vn 0.1251 0.5891 0.7983
vn 0.1255 0.5998 0.7903
vn 0.1162 0.4364 0.8922
vn 0.1715 0.4326 0.8851
vn 0.1899 0.4211 0.8869
vn 0.1516 0.2039 0.9672
vn 0.0954 -0.0483 0.9943
vn 0.1332 0.1835 0.9740
vn 0.0176 0.4073 0.9131
vn 0.0407 0.4026 0.9145
vn 0.0244 0.4139 0.9100
vn 0.0176 0.4074 0.9131
vn 0.0660 0.5937 0.8020
vn 0.0372 0.3054 0.9515
vn 0.0859 0.2960 0.9513
vn 0.0965 0.6011 0.7933
vn 0.0422 0.4144 0.9091
vn 0.0001 0.3770 0.9262
vn 0.0001 0.3771 0.9262
vn 0.0002 0.4108 0.9117
vn -0.0028 -0.9997 -0.0251
vn -0.0097 -0.9981 -0.0613
vn -0.0066 -0.9996 -0.0287
vn -0.0192 -0.9975 -0.0683
vn -0.0196 -0.9974 -0.0697
vn -0.0059 -0.9996 -0.0288
vn -0.0210 -0.9990 -0.0403
vn -0.0178 -0.9993 -0.0337
vn -0.0151 -0.9995 -0.0266
vn -0.0087 -0.9996 -0.0269
vn -0.0146 -0.9986 -0.0503
vn -0.0019 -0.9993 -0.0381
vn -0.0018 -0.9992 -0.0389
vn -0.0000 -0.9999 -0.0160
vn -0.0016 -0.9995 -0.0309
vn -0.0000 -0.9999 -0.0138
vn -0.0192 -0.9993 -0.0310
vn -0.0070 -0.9999 -0.0102
vn -0.0154 -0.9995 -0.0264
vn -0.0143 -0.9995 -0.0266
vn -0.0021 -0.9986 0.0531
vn -0.0002 -0.9990 0.0445
vn -0.0024 -0.9995 0.0315
vn -0.0024 -0.9995 0.0305
vn -0.0115 -0.9986 0.0525
vn -0.0119 -0.9985 0.0536
vn -0.0277 -0.9945 0.1013
vn -0.0213 -0.9975 0.0680
vn -0.0200 -0.9995 -0.0235
vn -0.0679 -0.9949 -0.0749
vn -0.0376 -0.9988 -0.0318
vn -0.0180 -0.9996 -0.0214
vn -0.0237 -0.9993 -0.0305
vn -0.0194 -0.9995 -0.0237
vn -0.0111 -0.9998 -0.0147
vn -0.0220 -0.9975 0.0671
vn -0.1828 -0.8624 0.4722
vn -0.3323 -0.4063 0.8512
vn -0.0017 -0.9988 0.0479
vn -0.0017 -0.9988 0.0483
vn -0.0000 -0.9997 0.0224
vn -0.0000 -0.9998 0.0204
vn -0.0000 -0.9988 0.0489
vn -0.0015 -0.9989 0.0478
vn -0.0513 -0.9964 0.0678
vn -0.0609 -0.9949 0.0810
vn -0.0303 -0.9988 0.0372
vn -0.0288 -0.9989 0.0368
vn -0.0302 -0.9989 0.0363
vn -0.1094 -0.9866 0.1207
vn -0.0580 -0.9971 0.0501
vn -0.0608 -0.9961 0.0637
vn -0.0814 -0.9952 0.0536
vn -0.0627 -0.9977 0.0270
vn -0.0745 -0.9962 0.0443
vn -0.0727 -0.9971 0.0230
vn -0.0567 -0.9984 0.0090
vn -0.0593 -0.9982 0.0046
vn -0.0677 -0.9977 -0.0059
vn -0.0877 -0.9961 0.0049
vn -0.0910 -0.9956 -0.0214
vn -0.0660 -0.9974 -0.0279
vn -0.0873 -0.9959 -0.0239
vn -0.0754 -0.9962 -0.0429
vn -0.0433 -0.9986 -0.0301
vn -0.0400 -0.9983 -0.0426
vn 0.7113 -0.6981 0.0817
vn 0.6672 -0.7395 -0.0890
vn 0.7418 -0.6541 -0.1479
vn 0.7611 -0.0702 -0.6448
vn 0.7631 -0.1742 -0.6224
vn 0.6702 -0.1323 -0.7303
vn 0.7314 -0.3293 -0.5972
vn 0.6678 -0.2979 -0.6821
vn 0.7659 -0.4288 -0.4791
vn 0.6707 -0.4739 -0.5706
vn 0.7266 -0.5982 -0.3379
vn 0.6690 -0.6147 -0.4178
vn 0.6682 -0.6980 -0.2573
vn 0.6676 -0.7014 0.2497
vn 0.7248 -0.6126 0.3153
vn 0.7675 -0.4334 0.4724
vn 0.6681 -0.6192 0.4126
vn 0.7361 -0.3185 0.5973
vn 0.6711 -0.4815 0.5637
vn 0.7560 -0.1396 0.6395
vn 0.6673 -0.3037 0.6801
vn 0.6682 -0.0541 -0.7420
vn 0.6299 -0.1096 -0.7689
vn 0.8858 -0.0283 -0.4632
vn 0.9002 -0.0868 -0.4267
vn 0.3907 -0.0535 -0.9190
vn 0.3573 -0.0543 -0.9324
vn 0.3907 -0.0536 -0.9189
vn 0.3907 -0.0535 -0.9189
vn 0.3578 -0.1084 -0.9275
vn 0.2888 -0.0557 -0.9558
vn 0.2893 -0.1111 -0.9508
vn 0.2163 -0.0567 -0.9747
vn 0.2494 -0.0279 -0.9680
vn 0.2537 -0.0562 -0.9656
vn 0.2271 -0.0566 -0.9722
vn 0.2537 -0.0565 -0.9656
vn 0.2172 -0.0566 -0.9745
vn 0.1791 -0.0572 -0.9822
vn 0.2166 -0.1133 -0.9697
vn 0.1791 -0.0574 -0.9822
vn 0.1395 -0.1144 -0.9836
vn 0.0971 -0.0579 -0.9936
vn 0.0484 -0.0614 -0.9969
vn 0.0670 -0.1174 -0.9908
vn 0.0095 -0.1158 -0.9932
vn 0.0001 -0.0588 -0.9983
vn 0.0001 -0.1169 -0.9931
vn 0.6295 -0.2102 -0.7480
vn 0.8848 -0.1862 -0.4271
vn 0.8813 -0.1409 -0.4511
vn 0.8624 -0.2283 -0.4518
vn 0.3907 -0.1602 -0.9065
vn 0.3913 -0.1146 -0.9131
vn 0.3578 -0.2153 -0.9086
vn 0.3907 -0.1598 -0.9065
vn 0.2893 -0.2208 -0.9314
vn 0.2166 -0.2251 -0.9499
vn 0.1402 -0.2283 -0.9634
vn 0.0631 -0.2302 -0.9711
vn 0.0126 -0.2305 -0.9730
vn 0.0001 -0.2314 -0.9729
vn 0.3907 -0.2640 -0.8818
vn 0.3578 -0.3194 -0.8775
vn 0.2893 -0.3274 -0.8995
vn 0.2166 -0.3339 -0.9174
vn 0.1402 -0.3386 -0.9304
vn 0.0631 -0.3413 -0.9378
vn 0.0126 -0.3419 -0.9396
vn 0.0001 -0.3428 -0.9394
vn 0.6285 -0.3498 -0.6947
vn 0.8183 -0.4114 -0.4014
vn 0.8251 -0.3763 -0.4215
vn 0.7949 -0.4367 -0.4212
vn 0.4219 -0.4069 -0.8102
vn 0.4523 -0.3532 -0.8189
vn 0.4527 -0.4283 -0.7821
vn 0.3907 -0.3646 -0.8452
vn 0.3912 -0.3402 -0.8552
vn 0.3578 -0.4191 -0.8345
vn 0.2893 -0.4296 -0.8554
vn 0.2166 -0.4381 -0.8724
vn 0.1402 -0.4444 -0.8848
vn 0.0631 -0.4479 -0.8919
vn 0.0126 -0.4487 -0.8936
vn 0.0001 -0.4495 -0.8933
vn 0.6295 -0.4684 -0.6200
vn 0.7758 -0.5168 -0.3620
vn 0.6721 -0.6428 -0.3674
vn 0.7043 -0.5959 -0.3858
vn 0.5868 -0.4881 -0.6460
vn 0.6604 -0.6407 -0.3916
vn 0.6495 -0.6719 -0.3560
vn 0.4810 -0.4818 -0.7325
vn 0.5089 -0.4304 -0.7455
vn 0.2566 -0.8787 -0.4026
vn 0.4523 -0.4459 -0.7724
vn 0.4219 -0.4982 -0.7575
vn 0.3578 -0.5131 -0.7802
vn 0.2893 -0.5260 -0.7998
vn 0.2166 -0.5365 -0.8156
vn 0.1402 -0.5441 -0.8272
vn 0.0631 -0.5484 -0.8338
vn 0.0126 -0.5494 -0.8355
vn 0.0001 -0.5502 -0.8351
vn 0.6219 -0.6864 -0.3770
vn 0.5206 -0.7647 -0.3797
vn 0.5356 -0.5444 -0.6456
vn 0.4648 -0.7983 -0.3829
vn 0.3142 -0.8579 -0.4066
vn 0.4810 -0.5636 -0.6716
vn 0.4219 -0.5828 -0.6945
vn 0.3578 -0.6002 -0.7153
vn 0.2893 -0.6153 -0.7333
vn 0.2166 -0.6275 -0.7479
vn 0.1402 -0.6364 -0.7585
vn 0.0631 -0.6415 -0.7645
vn 0.0126 -0.6427 -0.7660
vn 0.0001 -0.6434 -0.7655
vn 0.6280 -0.5956 -0.5009
vn 0.5879 -0.6192 -0.5206
vn 0.5330 -0.7832 -0.3203
vn 0.5693 -0.7505 -0.3357
vn 0.5355 -0.6129 -0.5810
vn 0.4810 -0.6377 -0.6017
vn 0.4219 -0.6595 -0.6222
vn 0.3578 -0.6792 -0.6408
vn 0.2893 -0.6963 -0.6569
vn 0.2166 -0.7101 -0.6699
vn 0.1402 -0.7202 -0.6795
vn 0.0631 -0.7259 -0.6849
vn 0.0126 -0.7273 -0.6863
vn 0.0001 -0.7279 -0.6857
vn 0.5356 -0.6786 -0.5026
vn 0.4810 -0.7033 -0.5236
vn 0.4219 -0.7273 -0.5414
vn 0.3578 -0.7490 -0.5576
vn 0.2893 -0.7678 -0.5716
vn 0.2166 -0.7831 -0.5830
vn 0.1402 -0.7942 -0.5913
vn 0.0631 -0.8005 -0.5960
vn 0.0126 -0.8020 -0.5972
vn 0.0001 -0.8026 -0.5965
vn 0.6284 -0.6915 -0.3563
vn 0.5875 -0.7195 -0.3703
vn 0.5355 -0.7303 -0.4241
vn 0.4810 -0.7593 -0.4384
vn 0.4219 -0.7852 -0.4533
vn 0.3578 -0.8087 -0.4669
vn 0.2893 -0.8290 -0.4786
vn 0.2166 -0.8455 -0.4881
vn 0.1402 -0.8575 -0.4951
vn 0.0631 -0.8643 -0.4990
vn 0.0126 -0.8659 -0.5000
vn 0.0001 -0.8664 -0.4993
vn 0.5342 -0.7766 -0.3339
vn 0.4810 -0.8050 -0.3473
vn 0.4219 -0.8325 -0.3591
vn 0.3578 -0.8574 -0.3699
vn 0.2893 -0.8790 -0.3791
vn 0.2166 -0.8964 -0.3867
vn 0.1402 -0.9091 -0.3922
vn 0.0631 -0.9164 -0.3953
vn 0.0126 -0.9181 -0.3961
vn 0.0001 -0.9185 -0.3954
vn 0.6278 -0.7457 -0.2230
vn 0.5848 -0.7773 -0.2319
vn 0.5362 -0.8089 -0.2411
vn 0.4810 -0.8399 -0.2515
vn 0.4219 -0.8686 -0.2600
vn 0.3578 -0.8946 -0.2678
vn 0.2893 -0.9170 -0.2745
vn 0.2166 -0.9352 -0.2800
vn 0.1402 -0.9485 -0.2840
vn 0.0631 -0.9561 -0.2862
vn 0.0126 -0.9579 -0.2869
vn 0.0001 -0.9582 -0.2860
vn 0.6296 -0.7724 -0.0834
vn 0.5868 -0.8049 -0.0883
vn 0.5355 -0.8313 -0.1487
vn 0.4810 -0.8634 -0.1522
vn 0.4219 -0.8929 -0.1574
vn 0.3578 -0.9196 -0.1622
vn 0.2893 -0.9427 -0.1662
vn 0.2166 -0.9614 -0.1695
vn 0.1402 -0.9751 -0.1719
vn 0.0631 -0.9828 -0.1733
vn 0.0126 -0.9847 -0.1737
vn 0.0001 -0.9849 -0.1729
vn 0.5356 -0.8432 -0.0470
vn 0.4810 -0.8753 -0.0510
vn 0.4219 -0.9051 -0.0527
vn 0.3578 -0.9322 -0.0543
vn 0.2893 -0.9556 -0.0557
vn 0.2166 -0.9746 -0.0568
vn 0.1402 -0.9884 -0.0576
vn 0.0631 -0.9963 -0.0580
vn 0.0126 -0.9982 -0.0582
vn 0.0001 -0.9984 -0.0574
vn 0.6665 -0.7409 0.0828
vn 0.6302 -0.7720 0.0824
vn 0.5871 -0.8043 0.0924
vn 0.5355 -0.8432 0.0470
vn 0.4810 -0.8753 0.0510
vn 0.4219 -0.9051 0.0527
vn 0.3578 -0.9322 0.0543
vn 0.2893 -0.9556 0.0557
vn 0.2166 -0.9746 0.0568
vn 0.1402 -0.9884 0.0576
vn 0.0631 -0.9963 0.0580
vn 0.0126 -0.9982 0.0580
vn 0.0001 -0.9983 0.0589
vn 0.5356 -0.8313 0.1487
vn 0.4810 -0.8634 0.1522
vn 0.4219 -0.8929 0.1574
vn 0.3578 -0.9196 0.1622
vn 0.2893 -0.9427 0.1662
vn 0.2166 -0.9614 0.1695
vn 0.1402 -0.9751 0.1719
vn 0.0631 -0.9828 0.1733
vn 0.0126 -0.9847 0.1735
vn 0.0001 -0.9847 0.1744
vn 0.6297 -0.7451 0.2199
vn 0.5855 -0.7623 0.2759
vn 0.5355 -0.8096 0.2402
vn 0.4810 -0.8399 0.2514
vn 0.4219 -0.8686 0.2600
vn 0.3578 -0.8946 0.2678
vn 0.2893 -0.9170 0.2745
vn 0.2166 -0.9352 0.2800
vn 0.1402 -0.9485 0.2840
vn 0.0631 -0.9561 0.2862
vn 0.0126 -0.9579 0.2867
vn 0.0001 -0.9578 0.2876
vn 0.6309 -0.6936 0.3477
vn 0.5355 -0.7746 0.3364
vn 0.4810 -0.8050 0.3473
vn 0.4219 -0.8325 0.3591
vn 0.3578 -0.8574 0.3699
vn 0.2893 -0.8790 0.3791
vn 0.2166 -0.8964 0.3867
vn 0.1402 -0.9091 0.3922
vn 0.0631 -0.9164 0.3953
vn 0.0126 -0.9182 0.3960
vn 0.0001 -0.9179 0.3968
vn 0.5862 -0.6766 0.4456
vn 0.5355 -0.7324 0.4205
vn 0.4810 -0.7593 0.4384
vn 0.4219 -0.7852 0.4533
vn 0.3578 -0.8087 0.4669
vn 0.2893 -0.8290 0.4786
vn 0.2166 -0.8455 0.4881
vn 0.1402 -0.8575 0.4951
vn 0.0631 -0.8643 0.4990
vn 0.0126 -0.8660 0.4999
vn 0.0001 -0.8656 0.5007
vn 0.6281 -0.6219 0.4678
vn 0.5356 -0.6762 0.5060
vn 0.4810 -0.7033 0.5236
vn 0.4219 -0.7273 0.5414
vn 0.3578 -0.7490 0.5576
vn 0.2893 -0.7678 0.5716
vn 0.2166 -0.7831 0.5830
vn 0.1402 -0.7942 0.5913
vn 0.0631 -0.8005 0.5960
vn 0.0126 -0.8021 0.5970
vn 0.0001 -0.8016 0.5978
vn 0.6287 -0.5359 0.5635
vn 0.5870 -0.5567 0.5878
vn 0.5355 -0.6157 0.5780
vn 0.4810 -0.6377 0.6017
vn 0.4219 -0.6595 0.6222
vn 0.3578 -0.6792 0.6408
vn 0.2893 -0.6963 0.6569
vn 0.2166 -0.7101 0.6699
vn 0.1402 -0.7202 0.6795
vn 0.0631 -0.7259 0.6849
vn 0.0126 -0.7274 0.6861
vn 0.0001 -0.7268 0.6868
vn 0.5355 -0.5413 0.6482
vn 0.4810 -0.5636 0.6716
vn 0.4219 -0.5828 0.6945
vn 0.3578 -0.6002 0.7153
vn 0.2893 -0.6153 0.7333
vn 0.2166 -0.6275 0.7479
vn 0.1402 -0.6364 0.7585
vn 0.0631 -0.6415 0.7645
vn 0.0126 -0.6428 0.7659
vn 0.0001 -0.6422 0.7666
vn 0.6292 -0.4284 0.6485
vn 0.5855 -0.4066 0.7013
vn 0.5355 -0.4658 0.7045
vn 0.4810 -0.4818 0.7325
vn 0.4219 -0.4982 0.7575
vn 0.3578 -0.5131 0.7802
vn 0.2893 -0.5260 0.7998
vn 0.2166 -0.5365 0.8157
vn 0.1402 -0.5441 0.8272
vn 0.0631 -0.5484 0.8338
vn 0.0126 -0.5495 0.8354
vn 0.0001 -0.5488 0.8359
vn 0.6324 -0.3013 0.7137
vn 0.5355 -0.3772 0.7556
vn 0.4810 -0.3935 0.7835
vn 0.4219 -0.4069 0.8102
vn 0.3578 -0.4191 0.8345
vn 0.2893 -0.4296 0.8554
vn 0.2166 -0.4381 0.8724
vn 0.1402 -0.4444 0.8848
vn 0.0631 -0.4479 0.8919
vn 0.0126 -0.4489 0.8935
vn 0.0001 -0.4481 0.8940
vn 0.5853 -0.2398 0.7746
vn 0.5355 -0.2908 0.7929
vn 0.4810 -0.2999 0.8239
vn 0.4219 -0.3101 0.8520
vn 0.3578 -0.3194 0.8775
vn 0.2893 -0.3274 0.8995
vn 0.2166 -0.3339 0.9174
vn 0.1402 -0.3386 0.9304
vn 0.0631 -0.3413 0.9378
vn 0.0126 -0.3421 0.9396
vn 0.0001 -0.3413 0.9400
vn 0.6685 -0.1383 0.7307
vn 0.6321 -0.1411 0.7619
vn 0.5342 -0.1940 0.8228
vn 0.4810 -0.2022 0.8531
vn 0.4219 -0.2091 0.8822
vn 0.3578 -0.2153 0.9086
vn 0.2893 -0.2208 0.9314
vn 0.2166 -0.2251 0.9499
vn 0.1402 -0.2283 0.9634
vn 0.0631 -0.2302 0.9711
vn 0.0126 -0.2307 0.9729
vn 0.0001 -0.2298 0.9732
vn 0.5841 -0.1003 0.8055
vn 0.5351 -0.0981 0.8391
vn 0.5089 -0.1495 0.8477
vn 0.4523 -0.1549 0.8783
vn 0.4203 -0.1576 0.8936
vn 0.3907 -0.1598 0.9065
vn 0.3564 -0.1622 0.9201
vn 0.3243 -0.1643 0.9316
vn 0.2893 -0.1111 0.9508
vn 0.2166 -0.1133 0.9697
vn 0.1402 -0.1149 0.9834
vn 0.0663 -0.1172 0.9909
vn 0.0096 -0.1163 0.9932
vn 0.0002 -0.1153 0.9933
vn 0.6848 -0.0539 0.7268
vn 0.6667 -0.0588 0.7430
vn 0.6498 -0.0621 0.7576
vn 0.6491 -0.0583 0.7585
vn 0.6279 -0.0607 0.7759
vn 0.6491 -0.0582 0.7585
vn 0.6491 -0.0584 0.7585
vn 0.6102 -0.0607 0.7899
vn 0.6074 -0.0461 0.7931
vn 0.5836 -0.0472 0.8107
vn 0.5605 -0.0481 0.8267
vn 0.5606 -0.0482 0.8267
vn 0.5606 -0.0483 0.8267
vn 0.5345 -0.0491 0.8438
vn 0.5627 0.1461 0.8137
vn 0.5089 -0.0501 0.8594
vn 0.5095 -0.1064 0.8539
vn 0.5090 -0.0501 0.8593
vn 0.3243 -0.0550 0.9443
vn 0.3243 -0.0550 0.9444
vn 0.2888 -0.0557 0.9558
vn 0.2163 -0.0568 0.9747
vn 0.1115 0.1960 0.9743
vn 0.0448 0.2814 0.9585
vn 0.0627 0.2756 0.9592
vn 0.0368 0.2867 0.9573
vn 0.0002 -0.0574 0.9984
vn 0.8511 -0.4165 0.3197
vn 0.8053 -0.5706 0.1610
vn 0.8161 -0.5778 -0.0142
vn 0.8437 -0.4305 -0.3207
vn 0.7770 -0.0589 0.6267
vn 0.9096 -0.0649 0.4103
vn 0.8588 -0.1799 0.4797
vn 0.9279 -0.1978 0.3160
vn 0.9846 -0.0728 0.1592
vn 0.9675 -0.1903 0.1668
vn 0.9946 -0.0710 -0.0750
vn 0.9806 -0.1962 -0.0017
vn 0.9651 -0.1983 -0.1708
vn 0.9233 -0.0551 -0.3802
vn 0.9303 -0.1942 -0.3111
vn 0.8587 -0.1770 -0.4810
vn 0.8815 -0.4438 -0.1612
vn 0.9198 -0.3842 0.0799
vn 0.0664 0.9950 0.0742
vn 0.0083 0.9922 -0.1243
vn 0.0028 0.9948 -0.1022
vn 0.0023 0.9947 -0.1024
vn 0.1375 0.9892 -0.0510
vn 0.0120 0.9922 -0.1240
vn 0.6959 0.6970 -0.1731
vn 0.0685 0.9945 -0.0789
vn 0.0455 0.9975 -0.0546
vn 0.0682 0.9946 -0.0785
vn 0.6808 -0.0119 -0.7323
vn 0.7373 -0.0012 -0.6756
vn 0.0450 0.9901 -0.1331
vn 0.0353 0.9934 -0.1094
vn 0.0351 0.9934 -0.1091
vn 0.0344 0.9932 -0.1111
vn 0.0211 0.9935 -0.1122
vn 0.0412 0.9734 -0.2254
vn 0.0181 0.9637 -0.2663
vn -0.0000 -0.9998 0.0203
vn 0.3053 -0.0096 -0.9522
vn 0.2457 -0.0035 -0.9693
vn 0.3053 -0.0097 -0.9522
vn 0.6354 -0.0006 -0.7722
vn 0.6682 -0.0004 -0.7440
vn 0.6682 -0.0003 -0.7440
vn -0.0195 -0.9985 0.0507
vn -0.0214 -0.9985 0.0499
vn -0.0214 -0.9985 0.0500
vn -0.0000 -0.9983 0.0589
vn -0.0031 -0.9981 0.0613
vn 1.0000 -0.0002 -0.0002
vn 1.0000 -0.0001 -0.0002
vn 1.0000 0.0001 0.0001
vn 1.0000 0.0003 -0.0007
vn 1.0000 0.0003 -0.0006
vn 1.0000 0.0001 -0.0001
vn -0.0004 -0.0000 1.0000
vn -0.0009 -0.0000 1.0000
vn 0.9864 -0.0000 0.1646
vn 0.9456 -0.0000 0.3252
vn 1.0000 0.0002 0.0007
vn -0.0059 -0.9982 0.0603
vn 1.0000 0.0001 -0.0000
vn -0.0769 -0.9939 0.0787
vn -0.0677 -0.9941 0.0842
vn -0.0675 -0.9941 0.0852
vn 1.0000 0.0001 0.0002
vn 1.0000 0.0004 -0.0003
vn 1.0000 0.0004 0.0001
vn 1.0000 0.0002 -0.0004
vn -1.0000 0.0006 0.0020
vn -1.0000 0.0006 0.0023
vn -1.0000 0.0006 0.0024
vn 0.4982 -0.0000 0.8671
vn 0.4750 -0.0000 0.8800
vn 0.6241 -0.0000 0.7814
vn 0.6611 -0.0001 0.7503
vn 0.6433 -0.0000 0.7656
vn 0.7118 -0.0003 0.7024
vn 1.0000 0.0004 -0.0006
vn -0.0712 -0.9974 -0.0127
vn -0.0605 -0.9978 -0.0281
vn -0.0719 -0.9973 -0.0132
vn 1.0000 0.0007 -0.0001
vn 1.0000 0.0002 -0.0000
vn 1.0000 -0.0001 0.0002
vn 1.0000 -0.0000 -0.0000
vn 0.8790 -0.0001 0.4768
vn 0.7180 -0.0000 -0.6960
vn 0.7180 -0.0000 -0.6961
vn -0.0000 -0.9984 -0.0573
vn -0.0000 -0.9982 -0.0597
vn -0.0002 -0.9986 -0.0536
vn 1.0000 0.0005 -0.0005
vn -0.0162 -0.9985 -0.0532
vn -0.0180 -0.9985 -0.0523
vn -0.0180 -0.9985 -0.0522
vn 1.0000 -0.0004 0.0003
vn 1.0000 -0.0001 -0.0001
vn 1.0000 -0.0000 0.0011
vn 1.0000 0.0001 -0.0003
vn 0.5842 -0.0000 0.8116
vn 0.8035 -0.0000 -0.5953
vn 1.0000 0.0004 0.0006
vn 1.0000 0.0003 0.0006
vn -0.0162 -0.9985 0.0532
vn -0.0162 -0.9984 0.0533
vn 1.0000 -0.0000 0.0002
vn 1.0000 -0.0000 0.0001
vn 1.0000 0.0001 0.0004
vn -1.0000 -0.0062 0.0008
vn -1.0000 -0.0003 -0.0027
vn -1.0000 -0.0005 -0.0010
vn -1.0000 -0.0055 0.0010
vn 1.0000 0.0007 0.0001
vn 0.7924 -0.0002 0.6100
vn 0.7924 -0.0003 0.6100
vn 1.0000 0.0002 -0.0001
vn -0.0123 -0.9984 -0.0554
vn -0.0144 -0.9984 -0.0548
vn -0.0715 -0.9974 0.0081
vn -0.0702 -0.9975 0.0073
vn 1.0000 -0.0002 0.0001
vn 0.8907 -0.0000 -0.4546
vn -0.0010 -0.0001 -1.0000
vn -0.0006 -0.0001 -1.0000
vn 1.0000 -0.0000 -0.0002
vn 1.0000 -0.0002 -0.0001
vn 1.0000 -0.0003 -0.0003
vn 0.5425 -0.0000 0.8401
vn 0.0003 -0.0002 -1.0000
vn 0.0241 -0.0000 0.9997
vn 0.0803 -0.0000 0.9968
vn 0.0473 -0.0000 0.9989
vn 0.3349 -0.0129 -0.9422
vn 0.3349 -0.0130 -0.9422
vn 0.9535 -0.0000 -0.3014
vn -0.0124 -0.9984 0.0554
vn 1.0000 -0.0002 0.0002
vn -0.0101 -0.9984 -0.0559
vn 1.0000 0.0001 -0.0004
vn 1.0000 0.0001 0.0005
vn 1.0000 0.0001 0.0007
vn 0.0182 -0.0002 -0.9998
vn 1.0000 -0.0000 -0.0001
vn -0.0383 -0.9984 0.0410
vn -0.0556 -0.9975 0.0434
vn -0.0373 -0.9985 0.0397
vn 1.0000 0.0002 0.0002
vn 1.0000 0.0003 -0.0000
vn 0.9892 -0.0000 -0.1465
vn 0.0145 -0.9492 0.3144
vn 0.0357 -0.0002 -0.9994
vn 0.0357 -0.0001 -0.9994
vn 0.0576 -0.0001 -0.9983
vn -1.0000 0.0020 -0.0021
vn -1.0000 0.0020 -0.0029
vn 0.0796 -0.0000 -0.9968
vn 0.1154 -0.0000 -0.9933
vn -0.0547 -0.9976 0.0434
vn -0.0539 -0.9983 0.0225
vn 1.0000 0.0002 -0.0007
vn -0.0378 -0.9983 -0.0440
vn 0.0004 -0.0000 1.0000
vn 1.0000 -0.0000 0.0060
vn -0.0413 -0.9982 -0.0440
vn -0.0464 -0.9982 -0.0385
vn -0.0481 -0.9982 -0.0356
vn -0.1835 -0.9299 0.3188
vn 1.0000 -0.0002 -0.0000
vn 1.0000 -0.0000 -0.0005
vn -0.0596 -0.9978 -0.0274
vn -0.0509 -0.9982 -0.0321
vn 0.2115 -0.0000 0.9774
vn 0.1462 -0.0000 0.9893
vn 0.1829 -0.0000 -0.9831
vn 0.1829 -0.0001 -0.9831
vn -0.0520 -0.9984 0.0217
vn -0.0672 -0.9941 0.0855
vn 1.0000 0.0001 -0.0006
vn 0.9864 -0.0000 0.1647
vn 0.1525 -0.9649 0.2140
vn -0.0258 -0.9987 -0.0434
vn -0.0259 -0.9987 -0.0435
vn 0.2755 -0.0000 0.9613
vn 0.3069 -0.0000 0.9517
vn 0.2145 0.0002 -0.9767
vn 0.8862 -0.0357 -0.4619
vn -0.0635 -0.9980 -0.0000
vn -0.1895 -0.9819 -0.0000
vn -0.3129 -0.9498 -0.0000
vn -0.4317 -0.9020 -0.0000
vn -0.5441 -0.8391 -0.0000
vn -0.6481 -0.7616 -0.0000
vn -0.7419 -0.6705 0.0001
vn -0.8236 -0.5671 -0.0000
vn -0.8915 -0.4530 -0.0000
vn -0.9439 -0.3302 -0.0000
vn -0.9796 -0.2008 -0.0001
vn -0.9977 -0.0673 -0.0000
vn -0.9977 -0.0672 0.0002
vn -0.9977 0.0674 -0.0000
vn -0.9978 0.0669 -0.0000
vn -0.9977 0.0676 -0.0000
vn -0.9796 0.2008 -0.0000
vn -0.9439 0.3302 -0.0000
vn -0.8915 0.4530 -0.0000
vn -0.8236 0.5671 -0.0000
vn -0.7419 0.6705 0.0001
vn -0.6481 0.7616 -0.0000
vn -0.5440 0.8391 -0.0000
vn -0.4317 0.9020 -0.0000
vn -0.3129 0.9498 -0.0000
vn -0.1895 0.9819 -0.0000
vn -0.0635 0.9980 -0.0000
vn 0.0635 0.9980 -0.0000
vn 0.1895 0.9819 -0.0000
vn 0.3129 0.9498 -0.0000
vn 0.4317 0.9020 -0.0000
vn 0.5440 0.8391 -0.0000
vn 0.6481 0.7616 -0.0000
vn 0.7419 0.6705 -0.0000
vn 0.8236 0.5671 -0.0000
vn 0.8915 0.4530 -0.0000
vn 0.9439 0.3302 -0.0000
vn 0.9796 0.2008 -0.0000
vn 0.9977 0.0674 -0.0000
vn 0.9977 0.0674 0.0002
vn 0.9977 0.0674 -0.0002
vn 0.9977 0.0674 0.0018
vn 0.9977 -0.0674 0.0001
vn 0.9977 -0.0674 -0.0000
vn 0.9796 -0.2008 -0.0000
vn 0.9439 -0.3302 -0.0001
vn 0.8915 -0.4530 -0.0000
vn 0.8236 -0.5671 -0.0000
vn 0.7419 -0.6705 -0.0000
vn 0.6481 -0.7616 -0.0000
vn 0.5440 -0.8391 -0.0000
vn 0.4317 -0.9020 -0.0000
vn 0.3129 -0.9498 -0.0000
vn 0.1895 -0.9819 -0.0000
vn 0.0635 -0.9980 -0.0000
vn -0.9244 -0.0000 0.3814
vn 0.9244 -0.0000 -0.3814
vn 0.1446 0.9877 -0.0597
vn 0.4197 0.8910 -0.1731
vn 0.6537 0.7071 -0.2696
vn 0.8237 0.4540 -0.3398
vn 0.9130 0.1565 -0.3767
vn 0.1446 -0.9877 -0.0597
vn 0.4197 -0.8910 -0.1731
vn 0.6537 -0.7071 -0.2697
vn 0.8237 -0.4540 -0.3398
vn 0.9130 -0.1565 -0.3766
vn -0.9130 -0.1565 0.3767
vn -0.8237 -0.4540 0.3398
vn -0.6537 -0.7071 0.2697
vn -0.4197 -0.8910 0.1732
vn -0.1446 -0.9877 0.0597
vn -0.1446 0.9877 0.0597
vn -0.4196 0.8910 0.1731
vn -0.6537 0.7071 0.2697
vn -0.8237 0.4540 0.3398
vn -0.9131 0.1565 0.3766
vn -0.3892 -0.1371 0.9109
vn -0.3209 -0.1520 -0.9348
vn -0.3533 -0.1763 -0.9187
vn -0.5587 -0.4926 0.6673
vn 0.0033 1.0000 -0.0092
vn -0.1010 0.0508 0.9936
vn -0.6121 0.1345 0.7792
vn -0.3912 0.3402 0.8552
vn -0.6071 0.3002 0.7357
vn -0.4527 0.4283 0.7821
vn -0.5092 0.5043 0.6974
vn -0.5550 0.4968 0.6672
vn -0.5293 0.5067 0.6805
vn -0.5089 0.5141 0.6905
vn -0.3242 0.1642 -0.9316
vn -0.6279 0.0608 -0.7759
vn -0.5606 0.0505 -0.8266
vn -0.3243 0.0549 -0.9444
vn -0.1791 0.0570 -0.9822
vn -0.0945 0.0484 -0.9943
vn -0.0576 0.0632 -0.9963
vn -0.0002 0.0578 -0.9983
vn 0.3892 0.1372 -0.9109
vn 0.3206 0.0781 0.9440
vn 0.3209 0.1520 0.9348
vn 0.3891 0.2447 -0.8881
vn 0.5732 0.7291 -0.3739
vn 0.3986 0.8392 -0.3700
vn 0.6747 0.6394 -0.3687
vn 0.8207 0.4426 -0.3612
vn 0.7813 0.4903 -0.3863
vn 0.4042 0.3727 -0.8352
vn -0.0002 0.9895 0.1445
vn -0.0000 0.9449 0.3273
vn 0.0005 -0.8551 0.5184
vn 0.0712 0.7146 0.6959
vn 0.3484 0.7446 0.5694
vn 0.4660 0.6462 0.6044
vn 0.0960 0.7106 -0.6970
vn -0.6494 0.7131 0.2641
vn -0.0804 0.9966 0.0179
vn 0.1509 -0.9850 0.0844
vn 0.1519 -0.9847 0.0848
vn -0.0000 -0.6241 0.7814
vn 0.2975 -0.9148 0.2730
vn 0.2904 -0.9233 0.2513
vn 0.1793 -0.7550 0.6307
vn 0.0337 -0.7744 0.6317
vn -0.6492 -0.5602 -0.5146
vn 0.2465 -0.2372 -0.9397
vn 0.1812 -0.7431 0.6442
vn 0.1088 -0.6773 0.7277
vn -0.0051 -0.5204 -0.8539
vn -0.0051 -0.5206 -0.8538
vn -0.0000 -0.6229 0.7823
vn 0.0654 0.9945 -0.0822
vn 0.0478 0.9975 -0.0523
vn 0.3567 -0.1513 -0.9219
vn -0.3468 -0.4983 0.7947
vn 0.0553 -0.9528 -0.2985
vn 0.0523 -0.9906 0.1263
vn 0.7996 0.0104 -0.6004
vn 0.7977 0.0103 -0.6029
vn 0.7977 0.0116 -0.6029
vn 0.8343 -0.0428 -0.5496
vn 0.9876 0.0068 -0.1570
vn 0.9876 0.0089 -0.1570
vn 0.9957 -0.0205 -0.0908
vn 0.9478 0.0063 0.3188
vn 0.9478 0.0059 0.3187
vn 0.2369 0.4337 0.8694
vn 0.3967 0.5177 0.7580
vn 0.2373 0.4344 0.8689
vn 0.2394 0.4387 0.8662
vn 0.2369 0.4337 0.8693
vn -0.1162 0.9853 -0.1255
vn -0.1858 0.9801 -0.0705
vn 0.1980 0.9467 0.2541
vn 0.0620 0.9981 0.0017
vn 0.1835 0.9749 0.1258
vn 0.2141 0.9687 0.1253
vn 0.4117 0.9036 0.1186
vn 0.4117 0.9035 0.1187
vn 0.0606 0.9955 0.0730
vn 0.0243 0.0786 -0.9966
vn 0.0243 0.0744 -0.9969
vn 0.0039 0.9999 0.0156
vn -0.0986 0.9951 -0.0066
vn -0.0330 0.9758 0.2160
vn 0.9770 0.0585 -0.2051
vn 0.6203 0.0032 -0.7844
vn 0.6669 -0.0912 -0.7396
vn 0.1975 0.9372 0.2873
vn -0.2234 -0.0000 -0.9747
vn 0.1711 0.4252 0.8888
vn 0.1256 0.5997 0.7903
vn 0.0407 0.4025 0.9145
vn 0.0227 0.4063 0.9135
vn 0.0671 0.6018 0.7958
vn -0.0238 -0.9975 0.0671
vn 0.9084 0.0156 -0.4177
vn 0.2537 -0.0566 -0.9656
vn 0.1380 -0.0576 -0.9888
vn 0.8621 -0.3193 -0.3936
vn 0.3912 -0.2319 -0.8906
vn 0.4082 -0.3616 -0.8383
vn 0.7705 -0.5263 -0.3596
vn 0.7440 -0.5457 -0.3855
vn 0.4728 -0.4406 -0.7631
vn 0.5885 -0.7435 -0.3176
vn 0.3989 -0.8372 -0.3741
vn 0.3768 -0.8351 -0.4008
vn 0.4937 -0.1510 0.8564
vn 0.4523 -0.1548 0.8783
vn 0.3247 -0.1247 0.9376
vn 0.3243 -0.1645 0.9315
vn 0.0314 0.9923 -0.1202
vn 0.2457 -0.0035 -0.9694
vn -0.0196 -0.9985 0.0507
vn -0.0212 -0.9985 0.0499
vn -0.0059 -0.9982 0.0602
vn -0.9977 -0.0681 -0.0003
vn -0.0667 -0.9939 0.0873
vn 1.0000 0.0004 -0.0040
vn -1.0000 0.0006 0.0018
vn 1.0000 -0.0001 0.0003
vn 1.0000 -0.0001 0.0004
vn 1.0000 -0.0002 0.0003
vn -0.0000 -0.9983 -0.0588
vn -0.0000 -0.9980 -0.0628
vn -0.0162 -0.9984 -0.0533
vn -0.0122 -0.9984 -0.0554
vn 1.0000 -0.0000 -0.0009
vn 1.0000 -0.0000 0.0007
vn -0.0143 -0.9984 0.0545
vn -0.0055 -0.9984 -0.0555
vn -1.0000 0.0019 -0.0018
vn 0.1155 -0.0000 -0.9933
vn -0.0256 -0.9987 -0.0431
vn 0.2145 -0.0033 -0.9767
vn 0.9075 -0.0394 -0.4182
vn -0.0634 -0.9980 -0.0000
vn -0.4316 -0.9021 0.0002
vn -0.5440 -0.8391 -0.0000
vn -0.5440 -0.8391 0.0007
vn -0.6481 -0.7616 -0.0008
vn -0.7419 -0.6705 -0.0000
vn -0.8236 -0.5672 0.0001
vn 0.0156 -0.0624 0.9979
vn -0.9796 -0.2008 -0.0000
vn -0.9796 -0.2012 -0.0000
vn -0.9977 -0.0681 -0.0018
vn -0.9977 -0.0674 -0.0000
vn -0.9977 -0.0674 0.0001
vn -0.9977 -0.0674 0.0007
vn -0.9977 -0.0675 -0.0004
vn -0.9936 -0.0650 0.0924
vn -0.9978 0.0670 0.0015
vn -0.9977 0.0674 -0.0002
vn -0.9973 0.0731 -0.0024
vn -0.9952 0.0983 -0.0000
vn -0.9975 0.0676 -0.0206
vn -0.9977 0.0675 -0.0003
vn -0.9977 0.0674 -0.0001
vn -0.9977 0.0675 0.0001
vn -0.9977 0.0674 0.0001
vn -0.9977 0.0672 0.0008
vn -0.9977 0.0674 -0.0003
vn -0.9950 0.0749 -0.0665
vn -0.9977 0.0675 -0.0010
vn -0.9977 0.0673 -0.0028
vn -0.9972 0.0583 0.0466
vn -0.9981 0.0618 -0.0012
vn -0.9977 0.0672 0.0016
vn -0.9977 0.0675 -0.0001
vn -0.7419 0.6705 -0.0000
vn -0.0624 -0.0000 -0.9981
vn -0.7071 -0.7071 -0.0000
vn -0.5442 0.8390 0.0007
vn -0.4318 0.9020 -0.0000
vn 0.1204 0.2408 -0.9631
vn -0.1895 0.9819 -0.0001
vn -0.3810 0.8890 -0.2540
vn 0.1103 0.9924 0.0551
vn 0.1896 0.9819 -0.0004
vn 0.1891 0.9820 -0.0000
vn 0.5440 0.8391 0.0003
vn 0.5441 0.8390 -0.0000
vn 0.6481 0.7616 -0.0005
vn 0.8915 0.4530 -0.0004
vn 0.9977 0.0674 -0.0001
vn 0.9978 0.0668 -0.0000
vn 0.9977 0.0673 -0.0000
vn 0.9977 0.0675 0.0007
vn 0.9977 0.0673 -0.0001
vn 0.9977 0.0681 -0.0000
vn 0.9977 0.0675 0.0015
vn 0.9974 0.0678 -0.0243
vn 0.9977 0.0675 -0.0000
vn 0.9979 -0.0654 -0.0000
vn 0.9977 -0.0674 0.0007
vn 0.9978 -0.0668 -0.0000
vn 0.9796 -0.2007 -0.0000
vn 0.9439 -0.3302 -0.0000
vn 0.9439 -0.3302 0.0002
vn 0.8236 -0.5671 -0.0002
vn 0.8234 -0.5673 0.0136
vn 0.6481 -0.7615 -0.0000
vn 0.6481 -0.7615 -0.0002
vn 0.6480 -0.7616 -0.0000
vn 0.6483 -0.7614 -0.0030
vn 0.5440 -0.8391 0.0005
vn 0.5441 -0.8391 -0.0000
vn 0.1895 -0.9819 -0.0001
vn 0.0624 0.9981 -0.0000
vn -0.9240 0.0018 0.3823
vn -0.9247 -0.0004 0.3808
vn -0.9245 -0.0000 0.3812
vn -0.9247 -0.0000 0.3807
vn -0.9244 -0.0000 0.3813
vn -0.9245 -0.0001 0.3813
vn -0.9245 -0.0001 0.3812
vn -0.9243 -0.0000 0.3816
vn -0.9216 0.0061 0.3880
vn -0.9244 -0.0000 0.3815
vn -0.9245 -0.0000 0.3813
vn -0.9243 0.0003 0.3817
vn -0.9222 0.0002 0.3868
vn -0.9242 -0.0000 0.3818
vn -0.9246 -0.0000 0.3811
vn 0.9244 -0.0000 -0.3813
vn 0.9245 0.0001 -0.3812
vn 0.9245 -0.0000 -0.3812
vn 0.9244 0.0001 -0.3815
vn 0.9245 -0.0000 -0.3811
vn 0.9240 -0.0000 -0.3824
vn 0.9243 -0.0002 -0.3817
vn 0.9244 0.0002 -0.3813
vn 0.9242 -0.0000 -0.3820
vn 0.9245 -0.0000 -0.3813
vn 0.9247 -0.0000 -0.3808
vn 0.9243 -0.0000 -0.3816
vn 0.9249 -0.0000 -0.3802
vn 0.9242 -0.0000 -0.3818
vn 0.9242 -0.0002 -0.3819
vn 0.0312 -0.9995 -0.0000
vn 0.0206 -0.9998 -0.0000
vn 0.6536 0.7071 -0.2696
vn 0.6532 0.7067 -0.2718
vn 0.6537 0.7071 -0.2697
vn 0.8249 0.4545 -0.3361
vn 0.8237 0.4539 -0.3398
vn 0.8267 0.4553 -0.3305
vn 0.9126 0.1591 -0.3766
vn 0.9137 0.1566 -0.3751
vn 0.9131 0.1565 -0.3766
vn 0.6536 -0.7070 -0.2699
vn 0.6537 -0.7071 -0.2696
vn 0.9130 -0.1566 -0.3766
vn 0.9132 -0.1565 -0.3764
vn 0.9130 -0.1565 -0.3767
vn 0.9131 -0.1565 -0.3766
vn -0.9131 -0.1564 0.3766
vn -0.0156 -0.0000 0.9999
vn -0.8239 -0.4541 0.3391
vn -0.4197 -0.8910 0.1731
vn -0.4197 0.8910 0.1731
vn -0.6538 0.7072 0.2692
vn -0.6537 0.7071 0.2696
vn -0.9130 0.1565 0.3767
vt 0.227926 0.876518
vt 0.130955 0.779547
vt 0.227926 0.779547
vt 0.196613 0.845205
vt 0.227926 0.831629
vt 0.222718 0.871310
vt 0.227926 0.871471
vt 0.157182 0.799819
vt 0.211705 0.848084
vt 0.210627 0.859220
vt 0.227926 0.859003
vt 0.207596 0.825916
vt 0.227926 0.855609
vt 0.216276 0.862243
vt 0.170780 0.793411
vt 0.151864 0.779547
vt 0.167367 0.804749
vt 0.168118 0.816710
vt 0.168118 0.779547
vt 0.227926 0.833263
vt 0.186892 0.835484
vt 0.225308 0.830858
vt 0.213313 0.807017
vt 0.155412 0.786548
vt 0.168774 0.779547
vt 0.143976 0.792568
vt 0.141619 0.779547
vt 0.194974 0.801548
vt 0.162490 0.811083
vt 0.166264 0.797629
vt 0.172312 0.820904
vt 0.196775 0.781676
vt 0.198636 0.847229
vt 0.197051 0.811817
vt 0.157287 0.805880
vt 0.172159 0.779547
vt 0.187274 0.829823
vt 0.157334 0.779611
vt 0.220941 0.803573
vt 0.201396 0.810146
vt 0.219128 0.794749
vt 0.203233 0.779547
vt 0.210026 0.858618
vt 0.227926 0.841916
vt 0.217213 0.792391
vt 0.227926 0.814779
vt 0.171830 0.798352
vt 0.158852 0.807445
vt 0.178308 0.821826
vt 0.158852 0.779547
vt 0.130955 0.876518
vt 0.199760 0.848353
vt 0.227926 0.830319
vt 0.205347 0.792361
vt 0.227926 0.851685
vt 0.151667 0.782031
vt 0.139400 0.787992
vt 0.144060 0.792653
vt 0.139400 0.779547
vt 0.199157 0.831573
vt 0.188203 0.836796
vt 0.202819 0.828774
vt 0.188203 0.779547
vt 0.222781 0.846430
vt 0.189508 0.838100
vt 0.176896 0.825488
vt 0.187541 0.790307
vt 0.189248 0.779547
vt 0.135255 0.783847
vt 0.164054 0.812647
vt 0.227926 0.816073
vt 0.227926 0.846300
vt 0.194826 0.843419
vt 0.147774 0.779547
vt 0.140712 0.779547
vt 0.140121 0.788714
vt 0.211006 0.859598
vt 0.227926 0.859699
vt 0.227926 0.839993
vt 0.190755 0.839348
vt 0.223626 0.872218
vt 0.227926 0.871893
vt 0.168459 0.779547
vt 0.227926 0.839348
vt 0.135633 0.779547
vt 0.227931 0.825255
vt 0.178910 0.827503
vt 0.227926 0.824437
vt 0.182217 0.779546
vt 0.148470 0.779547
vt 0.227926 0.859598
vt 0.223301 0.871893
vt 0.227926 0.871840
vt 0.227926 0.847533
vt 0.161173 0.779547
vt 0.159939 0.779547
vt 0.160880 0.779547
vt 0.227926 0.845552
vt 0.140121 0.779547
vt 0.140261 0.788854
vt 0.227926 0.865136
vt 0.140261 0.779547
vt 0.216543 0.865136
vt 0.227926 0.850491
vt 0.227926 0.800210
vt 0.196959 0.845552
vt 0.199675 0.779547
vt 0.227926 0.788063
vt 0.176854 0.825447
vt 0.174760 0.779547
vt 0.219733 0.794781
vt 0.227926 0.787053
vt 0.227926 0.873395
vt 0.224906 0.873498
vt 0.227926 0.870365
vt 0.134078 0.779547
vt 0.174758 0.823352
vt 0.227926 0.820544
vt 0.186927 0.779545
vt 0.227928 0.818521
vt 0.219369 0.867961
vt 0.219410 0.779547
vt 0.227926 0.800291
vt 0.151617 0.800210
vt 0.227926 0.785700
vt 0.220420 0.779547
vt 0.227926 0.837546
vt 0.204453 0.834243
vt 0.183878 0.779547
vt 0.157455 0.806047
vt 0.139512 0.788104
vt 0.139216 0.779547
vt 0.151698 0.800291
vt 0.151054 0.779547
vt 0.151054 0.799646
vt 0.176573 0.779547
vt 0.139216 0.787809
vt 0.144928 0.779547
vt 0.176573 0.825165
vt 0.227926 0.838072
vt 0.227926 0.793349
vt 0.144928 0.793520
vt 0.222097 0.870689
vt 0.222097 0.779547
vt 0.179079 0.827672
vt 0.227926 0.847988
vt 0.227038 0.859058
vt 0.227926 0.835793
vt 0.201426 0.850019
vt 0.191343 0.779547
vt 0.227096 0.843532
vt 0.227926 0.837555
vt 0.153644 0.779547
vt 0.154164 0.802757
vt 0.227926 0.876185
vt 0.227579 0.876171
vt 0.219578 0.866765
vt 0.225582 0.825221
vt 0.227926 0.810110
vt 0.213471 0.862063
vt 0.213471 0.779547
vt 0.227926 0.797204
vt 0.203822 0.790263
vt 0.209840 0.781776
vt 0.204177 0.779547
vt 0.227926 0.802448
vt 0.204507 0.820394
vt 0.218030 0.791601
vt 0.195254 0.779547
vt 0.205511 0.789771
vt 0.227926 0.801290
vt 0.206099 0.779547
vt 0.206214 0.779841
vt 0.199001 0.779547
vt 0.196011 0.801949
vt 0.227926 0.802756
vt 0.156206 0.782130
vt 0.161076 0.809669
vt 0.227926 0.867870
vt 0.217191 0.865783
vt 0.196074 0.840390
vt 0.184484 0.827569
vt 0.227926 0.842973
vt 0.158685 0.796729
vt 0.174352 0.779547
vt 0.191729 0.814446
vt 0.227926 0.809669
vt 0.178569 0.816150
vt 0.183380 0.831972
vt 0.206900 0.832161
vt 0.227926 0.818266
vt 0.189207 0.779547
vt 0.196125 0.784139
vt 0.227926 0.831972
vt 0.194232 0.842824
vt 0.195647 0.783918
vt 0.153200 0.779547
vt 0.141237 0.789830
vt 0.142244 0.782224
vt 0.149938 0.798530
vt 0.216875 0.852009
vt 0.227926 0.850168
vt 0.157305 0.779547
vt 0.175335 0.798669
vt 0.167237 0.800457
vt 0.194195 0.819932
vt 0.188814 0.804254
vt 0.227926 0.825997
vt 0.220715 0.833225
vt 0.196678 0.794348
vt 0.186202 0.782119
vt 0.227926 0.820477
vt 0.190858 0.779547
vt 0.178710 0.827302
vt 0.186996 0.779547
vt 0.178710 0.779547
vt 0.227926 0.832721
vt 0.169741 0.818333
vt 0.174752 0.779547
vt 0.197210 0.822577
vt 0.185139 0.799447
vt 0.158356 0.806949
vt 0.227926 0.826373
vt 0.159709 0.808301
vt 0.181100 0.779547
vt 0.159709 0.779547
vt 0.216930 0.824672
vt 0.170770 0.819363
vt 0.167047 0.789576
vt 0.227926 0.836394
vt 0.170770 0.779547
vt 0.162319 0.810912
vt 0.171079 0.779547
vt 0.227926 0.843090
vt 0.162319 0.779547
vt 0.164383 0.779547
vt 0.227926 0.861622
vt 0.211901 0.860494
vt 0.177942 0.798768
vt 0.211901 0.779547
vt 0.211607 0.782907
vt 0.213168 0.860985
vt 0.227926 0.856828
vt 0.227447 0.860491
vt 0.214284 0.802880
vt 0.145241 0.793833
vt 0.146592 0.779547
vt 0.227926 0.866036
vt 0.145241 0.779547
vt 0.141437 0.779547
vt 0.141415 0.790008
vt 0.179491 0.812454
vt 0.141415 0.779547
vt 0.146682 0.795275
vt 0.148569 0.779547
vt 0.146682 0.779547
vt 0.225443 0.852254
vt 0.227926 0.861046
vt 0.145597 0.794189
vt 0.152745 0.779547
vt 0.152702 0.786715
vt 0.138356 0.786948
vt 0.145597 0.779547
vt 0.227926 0.868302
vt 0.227926 0.799046
vt 0.169918 0.779547
vt 0.179970 0.828563
vt 0.227926 0.825447
vt 0.224906 0.779547
vt 0.200975 0.849567
vt 0.227926 0.837896
vt 0.227926 0.868830
vt 0.220015 0.868608
vt 0.214407 0.847943
vt 0.161977 0.801826
vt 0.211277 0.859869
vt 0.227926 0.859665
vt 0.210778 0.807163
vt 0.208173 0.829104
vt 0.213635 0.862227
vt 0.227926 0.853976
vt 0.166180 0.788804
vt 0.227926 0.838125
vt 0.178616 0.802029
vt 0.170767 0.819359
vt 0.163781 0.779547
vt 0.227926 0.830827
vt 0.170767 0.779547
vt 0.190203 0.838796
vt 0.200932 0.788800
vt 0.213972 0.804769
vt 0.172886 0.779547
vt 0.157960 0.787285
vt 0.145234 0.793689
vt 0.142701 0.779547
vt 0.164120 0.812713
vt 0.192563 0.804433
vt 0.169218 0.804158
vt 0.164120 0.779547
vt 0.200975 0.779547
vt 0.202097 0.794165
vt 0.192834 0.792895
vt 0.220834 0.813202
vt 0.173390 0.801877
vt 0.163550 0.812142
vt 0.183357 0.812921
vt 0.202187 0.850780
vt 0.196791 0.797858
vt 0.216401 0.790788
vt 0.227186 0.790321
vt 0.227926 0.791365
vt 0.215723 0.862022
vt 0.214369 0.862962
vt 0.214370 0.779548
vt 0.227926 0.808060
vt 0.182420 0.794688
vt 0.160960 0.809553
vt 0.174783 0.809754
vt 0.183867 0.832460
vt 0.227926 0.832460
vt 0.200945 0.849538
vt 0.201954 0.781874
vt 0.227143 0.848480
vt 0.139289 0.787881
vt 0.143846 0.792438
vt 0.188942 0.837534
vt 0.195122 0.834614
vt 0.205966 0.837281
vt 0.188942 0.779547
vt 0.220322 0.851047
vt 0.227926 0.852210
vt 0.196608 0.779547
vt 0.192140 0.804691
vt 0.136171 0.784764
vt 0.202136 0.779547
vt 0.163573 0.812165
vt 0.227926 0.820839
vt 0.210542 0.779544
vt 0.173000 0.821592
vt 0.221692 0.779547
vt 0.227926 0.812166
vt 0.224170 0.872762
vt 0.227926 0.872153
vt 0.224342 0.816305
vt 0.227925 0.829361
vt 0.227925 0.816503
vt 0.148765 0.779547
vt 0.203262 0.851854
vt 0.155618 0.804211
vt 0.163556 0.779547
vt 0.227926 0.818770
vt 0.150838 0.799431
vt 0.166608 0.779547
vt 0.207361 0.779547
vt 0.227926 0.805913
vt 0.192690 0.841282
vt 0.227926 0.845980
vt 0.132937 0.779547
vt 0.207361 0.855954
vt 0.161493 0.779547
vt 0.183013 0.831606
vt 0.201755 0.806629
vt 0.221545 0.779549
vt 0.227926 0.796931
vt 0.193297 0.841890
vt 0.224721 0.873313
vt 0.227059 0.860050
vt 0.211386 0.859978
vt 0.227926 0.844666
vt 0.227926 0.807194
vt 0.194126 0.779547
vt 0.209877 0.839389
vt 0.200279 0.779547
vt 0.227926 0.812654
vt 0.203530 0.779547
vt 0.210094 0.833206
vt 0.206395 0.836553
vt 0.224105 0.803021
vt 0.227926 0.839562
vt 0.218217 0.808050
vt 0.227926 0.840865
vt 0.197872 0.829390
vt 0.195345 0.783960
vt 0.227926 0.850153
vt 0.227926 0.870879
vt 0.222709 0.871302
vt 0.180136 0.822182
vt 0.188882 0.785994
vt 0.227926 0.808623
vt 0.227926 0.843917
vt 0.198850 0.779547
vt 0.169349 0.779548
vt 0.227926 0.838660
vt 0.136770 0.779547
vt 0.227926 0.868608
vt 0.227926 0.820031
vt 0.227926 0.818170
vt 0.187442 0.779547
vt 0.227926 0.844537
vt 0.206358 0.848157
vt 0.213624 0.862216
vt 0.224241 0.872833
vt 0.227926 0.859979
vt 0.147808 0.779547
vt 0.227926 0.783996
vt 0.224241 0.779547
vt 0.218773 0.833720
vt 0.227926 0.853932
vt 0.227926 0.859407
vt 0.226495 0.804644
vt 0.214037 0.779547
vt 0.227926 0.870703
vt 0.222286 0.870879
vt 0.139349 0.779547
vt 0.156554 0.805146
vt 0.148154 0.796747
vt 0.156554 0.779547
vt 0.154616 0.796851
vt 0.149499 0.798092
vt 0.147221 0.795813
vt 0.149499 0.779547
vt 0.142605 0.791202
vt 0.167397 0.779547
vt 0.139099 0.787670
vt 0.165640 0.779547
vt 0.210475 0.779537
vt 0.216703 0.865296
vt 0.227989 0.869164
vt 0.186631 0.779546
vt 0.171338 0.817261
vt 0.147205 0.795797
vt 0.207268 0.855860
vt 0.142167 0.790769
vt 0.147085 0.782765
vt 0.141262 0.787912
vt 0.210503 0.859096
vt 0.227927 0.861845
vt 0.135131 0.783723
vt 0.227926 0.794485
vt 0.173259 0.779542
vt 0.183605 0.779547
vt 0.227926 0.787907
vt 0.223864 0.779547
vt 0.220552 0.869139
vt 0.227926 0.822796
vt 0.164904 0.779908
vt 0.215269 0.801467
vt 0.197973 0.779547
vt 0.199979 0.779549
vt 0.219795 0.868393
vt 0.227926 0.837062
vt 0.184677 0.779547
vt 0.161823 0.779547
vt 0.170411 0.779547
vt 0.162234 0.779547
vt 0.211676 0.860268
vt 0.151613 0.800205
vt 0.152676 0.779547
vt 0.174788 0.792533
vt 0.167795 0.788533
vt 0.157806 0.788072
vt 0.196873 0.779547
vt 0.225943 0.779547
vt 0.150838 0.779547
vt 0.219567 0.779558
vt 0.142733 0.791326
vt 0.208825 0.834533
vt 0.140005 0.788598
vt 0.169682 0.791693
vt 0.186091 0.822559
vt 0.182982 0.798176
vt 0.227926 0.834316
vt 0.195801 0.813869
vt 0.168846 0.802149
vt 0.182324 0.810495
vt 0.173266 0.807150
vt 0.159136 0.788055
vt 0.172945 0.791703
vt 0.225005 0.788423
vt 0.164209 0.782124
vt 0.183885 0.832478
vt 0.208258 0.853899
vt 0.227926 0.787705
vt 0.139492 0.788085
vt 0.140049 0.788642
vt 0.227926 0.788737
vt 0.218967 0.785152
vt 0.223092 0.851061
vt 0.224508 0.803092
vt 0.227926 0.782012
vt 0.221908 0.780611
vt 0.172948 0.794013
vt 0.172482 0.799013
vt 0.188414 0.781474
vt 0.227926 0.869595
vt 0.206022 0.782038
vt 0.197251 0.838064
vt 0.227926 0.848273
vt 0.221840 0.779547
vt 0.177972 0.797826
vt 0.227926 0.847495
vt 0.202461 0.787415
vt 0.221666 0.850130
vt 0.181752 0.779547
vt 0.207990 0.800155
vt 0.227926 0.804342
vt 0.203130 0.779547
vt 0.227926 0.786928
vt 0.167402 0.815995
vt 0.227926 0.816186
vt 0.175210 0.823803
vt 0.227926 0.826799
vt 0.177139 0.814719
vt 0.191478 0.797828
vt 0.189219 0.779547
vt 0.173549 0.790145
vt 0.201204 0.805306
vt 0.186517 0.796986
vt 0.188219 0.810230
vt 0.227926 0.828824
vt 0.227926 0.784775
vt 0.177715 0.783566
vt 0.190232 0.779547
vt 0.218153 0.866746
vt 0.218284 0.856384
vt 0.227926 0.789691
vt 0.180575 0.829168
vt 0.223750 0.872342
vt 0.227926 0.827242
vt 0.206828 0.779547
vt 0.227926 0.851077
vt 0.223023 0.871615
vt 0.217713 0.793103
vt 0.227826 0.783696
vt 0.143315 0.789741
vt 0.227926 0.871615
vt 0.223296 0.779547
vt 0.227926 0.788893
vt 0.195310 0.841289
vt 0.169991 0.798594
vt 0.223465 0.863118
vt 0.204594 0.853187
vt 0.227926 0.853187
vt 0.227926 0.784177
vt 0.227926 0.842069
vt 0.199108 0.841254
vt 0.195064 0.843657
vt 0.189365 0.837957
vt 0.195929 0.837690
vt 0.227926 0.817787
vt 0.189365 0.779547
vt 0.195065 0.779547
vt 0.227926 0.813299
vt 0.194175 0.779547
vt 0.227926 0.814460
vt 0.189686 0.779547
vt 0.227926 0.870410
vt 0.227926 0.814817
vt 0.130955 0.779547
vt 0.208774 0.779547
vt 0.205538 0.850857
vt 0.158931 0.803850
vt 0.134120 0.782712
vt 0.227926 0.872405
vt 0.134120 0.779547
vt 0.208070 0.853150
vt 0.135068 0.779547
vt 0.208037 0.853710
vt 0.148877 0.794349
vt 0.133876 0.782469
vt 0.197873 0.841985
vt 0.227926 0.871864
vt 0.222709 0.867805
vt 0.168966 0.814610
vt 0.135270 0.780536
vt 0.136691 0.783250
vt 0.225520 0.866223
vt 0.218226 0.866818
vt 0.225974 0.822211
vt 0.227926 0.850581
vt 0.224655 0.873248
vt 0.225284 0.869785
vt 0.219829 0.866876
vt 0.222414 0.869199
vt 0.227926 0.872668
vt 0.227926 0.866818
vt 0.193763 0.840631
vt 0.201670 0.779547
vt 0.147660 0.796252
vt 0.185892 0.816658
vt 0.227926 0.803657
vt 0.216984 0.779547
vt 0.227926 0.799919
vt 0.227926 0.790489
vt 0.220545 0.779547
vt 0.220479 0.790417
vt 0.220344 0.812882
vt 0.220010 0.868602
vt 0.209871 0.801007
vt 0.227926 0.810519
vt 0.227926 0.800964
vt 0.227926 0.868086
vt 0.169861 0.810779
vt 0.152549 0.801141
vt 0.227926 0.867173
vt 0.224482 0.817241
vt 0.221599 0.870192
vt 0.227672 0.793797
vt 0.225422 0.864093
vt 0.211672 0.857132
vt 0.226517 0.875109
vt 0.227926 0.780890
vt 0.226517 0.779547
vt 0.226583 0.779547
vt 0.222610 0.871202
vt 0.225088 0.820767
vt 0.225506 0.814345
vt 0.226030 0.850192
vt 0.225663 0.795513
vt 0.216795 0.865388
vt 0.218476 0.813668
vt 0.215743 0.779547
vt 0.227926 0.804014
vt 0.224931 0.784243
vt 0.224190 0.779547
vt 0.226566 0.835135
vt 0.216795 0.779547
vt 0.227926 0.782194
vt 0.227666 0.781932
vt 0.200659 0.843582
vt 0.195373 0.843966
vt 0.225279 0.779547
vt 0.212078 0.798929
vt 0.225151 0.868207
vt 0.225208 0.873800
vt 0.225233 0.779548
vt 0.176897 0.825490
vt 0.205799 0.828237
vt 0.176897 0.779547
vt 0.153769 0.802361
vt 0.136069 0.779547
vt 0.135962 0.782683
vt 0.225011 0.866767
vt 0.222812 0.779547
vt 0.182749 0.816163
vt 0.212389 0.779547
vt 0.227926 0.789219
vt 0.173358 0.821951
vt 0.227926 0.828042
vt 0.224390 0.826805
vt 0.167418 0.793314
vt 0.207646 0.791873
vt 0.217500 0.827648
vt 0.213727 0.846977
vt 0.188255 0.826739
vt 0.179431 0.779547
vt 0.138871 0.787463
vt 0.138606 0.779547
vt 0.152372 0.800964
vt 0.162231 0.810196
vt 0.226009 0.827075
vt 0.227368 0.868017
vt 0.219493 0.868086
vt 0.227926 0.846959
vt 0.186586 0.814407
vt 0.177898 0.821545
vt 0.181392 0.829984
vt 0.226677 0.823316
vt 0.227926 0.799261
vt 0.218737 0.804134
vt 0.204837 0.828399
vt 0.217019 0.779547
vt 0.227926 0.790192
vt 0.224187 0.819868
vt 0.225551 0.829942
vt 0.176747 0.825340
vt 0.166730 0.779547
vt 0.227926 0.822124
vt 0.181684 0.779547
vt 0.213139 0.779547
vt 0.227926 0.794322
vt 0.213151 0.779547
vt 0.217019 0.865611
vt 0.187077 0.829731
vt 0.185349 0.779547
vt 0.151502 0.800094
vt 0.138606 0.787198
vt 0.143977 0.779547
vt 0.227926 0.838072
vt 0.176956 0.825549
vt 0.222348 0.833823
vt 0.227926 0.840352
vt 0.227926 0.793349
vt 0.193508 0.779547
vt 0.227927 0.821778
vt 0.227926 0.842707
vt 0.227926 0.858439
vt 0.221589 0.870182
vt 0.221590 0.779547
vt 0.180498 0.829090
vt 0.209816 0.858136
vt 0.215785 0.834121
vt 0.227926 0.839600
vt 0.205112 0.853704
vt 0.191945 0.779547
vt 0.191008 0.839600
vt 0.223598 0.782132
vt 0.223949 0.779547
vt 0.149178 0.781520
vt 0.149544 0.798136
vt 0.227234 0.873340
vt 0.227926 0.873314
vt 0.222720 0.823627
vt 0.224648 0.779547
vt 0.227882 0.834600
vt 0.227289 0.869734
vt 0.227926 0.792145
vt 0.225106 0.787304
vt 0.227529 0.779547
vt 0.227926 0.779912
vt 0.201560 0.798949
vt 0.201848 0.850440
vt 0.227522 0.807029
vt 0.227926 0.807770
vt 0.201848 0.779547
vt 0.202251 0.819827
vt 0.227926 0.849829
vt 0.151132 0.799725
vt 0.191724 0.797197
vt 0.151429 0.782197
vt 0.151132 0.779547
vt 0.227701 0.865273
vt 0.227926 0.865299
vt 0.214055 0.779547
vt 0.206736 0.807803
vt 0.180152 0.824458
vt 0.172331 0.820923
vt 0.155467 0.798364
vt 0.172331 0.779547
vt 0.164634 0.813227
vt 0.183153 0.809531
vt 0.173692 0.820033
vt 0.164634 0.779547
vt 0.203431 0.836024
vt 0.191604 0.840196
vt 0.189963 0.780800
vt 0.227926 0.800677
vt 0.227926 0.823251
vt 0.227926 0.870696
vt 0.211584 0.840356
vt 0.136777 0.779547
vt 0.133619 0.782212
vt 0.133620 0.779547
vt 0.135215 0.783807
vt 0.213007 0.859454
vt 0.210584 0.859176
vt 0.165373 0.794924
vt 0.137719 0.784071
vt 0.135215 0.779547
vt 0.189888 0.834236
vt 0.218471 0.842545
vt 0.227926 0.859176
vt 0.196572 0.830856
vt 0.227926 0.823095
vt 0.225753 0.811408
vt 0.213331 0.849145
vt 0.199554 0.793667
vt 0.227926 0.818123
vt 0.193025 0.779547
vt 0.180643 0.829236
vt 0.189350 0.779547
vt 0.227926 0.830666
vt 0.180643 0.779547
vt 0.171520 0.820112
vt 0.176807 0.779547
vt 0.197810 0.821533
vt 0.207127 0.847745
vt 0.198556 0.847149
vt 0.227926 0.848210
vt 0.157666 0.806258
vt 0.159263 0.779547
vt 0.216924 0.819423
vt 0.227926 0.833763
vt 0.207259 0.855134
vt 0.141445 0.790038
vt 0.209493 0.858086
vt 0.167954 0.816546
vt 0.173709 0.779547
vt 0.179856 0.794907
vt 0.227926 0.842846
vt 0.157145 0.805738
vt 0.164627 0.779547
vt 0.211473 0.860066
vt 0.164677 0.810392
vt 0.155095 0.803688
vt 0.162491 0.785177
vt 0.227926 0.848519
vt 0.156661 0.791956
vt 0.210873 0.859465
vt 0.227926 0.860658
vt 0.167180 0.815057
vt 0.210008 0.858601
vt 0.210776 0.780658
vt 0.214441 0.861636
vt 0.213146 0.861739
vt 0.214947 0.802460
vt 0.214103 0.862695
vt 0.210427 0.859019
vt 0.227926 0.874143
vt 0.133126 0.781718
vt 0.133330 0.779547
vt 0.147263 0.795427
vt 0.219354 0.867947
vt 0.131147 0.779740
vt 0.131167 0.779547
vt 0.130984 0.779576
vt 0.130988 0.779581
vt 0.227926 0.821592
vt 0.227926 0.837353
vt 0.223864 0.872456
vt 0.227926 0.872762
vt 0.227926 0.807809
vt 0.171897 0.820489
vt 0.186984 0.835576
vt 0.227926 0.834960
vt 0.189127 0.782027
vt 0.201996 0.780306
vt 0.183345 0.831937
vt 0.227926 0.829167
vt 0.221840 0.781593
vt 0.217785 0.779547
vt 0.220937 0.797417
vt 0.139533 0.788126
vt 0.184321 0.828293
vt 0.227926 0.872450
vt 0.227926 0.805337
vt 0.226876 0.793957
vt 0.139254 0.787847
vt 0.225117 0.867809
vt 0.227926 0.863361
vt 0.200154 0.779547
vt 0.226186 0.818929
vt 0.227581 0.792631
vt 0.227926 0.875947
vt 0.227926 0.873314
vt 0.149222 0.779547
vt 0.153316 0.779547
vt 1.727716 0.779547
vt 0.838471 0.779548
vt 0.227926 0.850091
vt 0.225017 0.779547
vt 0.132109 0.780701
vt 0.214103 0.862695
vt 0.213859 0.862452
vt 0.140004 0.788597
vt 0.227926 0.876518
vt 0.215808 0.864400
vt 0.220884 0.869477
vt 0.227926 0.831129
vt 0.227926 0.870177
vt 0.227926 0.870857
vt 0.227926 0.834244
vt 0.131820 0.780413
vt 0.210427 0.859020
vt 0.201821 0.850413
vt 0.143423 0.792016
vt 0.167429 0.816022
vt 0.227926 0.826949
vt 0.227926 0.818687
vt 0.227926 0.867325
vt -0.379221 0.269372
vt 0.195542 0.779547
vt 0.141445 0.790038
vt 0.207200 0.855793
vt 0.209493 0.858086
vt 0.223949 0.779547
vt 0.227926 0.779547
vt 0.227926 0.810704
vt 0.211473 0.860066
vt 0.164783 0.813376
vt 0.215792 0.864384
vt 0.227926 0.799047
vt 0.172415 0.821007
vt 0.210670 0.859262
vt 0.210008 0.858600
vt 0.227926 0.838072
vt 0.227926 0.819976
vt 0.191945 0.779547
vt 0.979167 0.701887
vt 1.000000 0.679796
vt 0.980809 0.690062
vt 0.958333 0.723049
vt 0.979167 0.701887
vt 0.968881 0.703050
vt 0.937500 0.734874
vt 0.958333 0.723049
vt 0.958333 0.713242
vt 0.916667 0.765725
vt 0.937500 0.744681
vt 0.925538 0.747944
vt 0.895833 0.785701
vt 0.916667 0.765726
vt 0.896848 0.775855
vt 0.875000 0.803268
vt 0.895833 0.785701
vt 0.878030 0.792432
vt 0.858914 0.814877
vt 0.875000 0.794679
vt 0.857777 0.807109
vt 0.835397 0.831244
vt 0.854167 0.809714
vt 0.833835 0.823731
vt 0.833333 0.832357
vt 0.812500 0.834134
vt 0.812500 0.842490
vt 0.792300 0.851072
vt 0.812500 0.842490
vt 0.797168 0.840649
vt 0.791667 0.851243
vt 0.791579 0.843017
vt 0.770833 0.847075
vt 0.761222 0.857615
vt 0.766632 0.857710
vt 0.761094 0.857356
vt 0.750165 0.857778
vt 0.751028 0.849433
vt 0.750000 0.857101
vt 0.747088 0.862162
vt 0.746978 0.861345
vt 0.746368 0.861343
vt 0.747008 0.861340
vt 0.746945 0.860702
vt 0.741455 0.860585
vt 0.744684 0.869382
vt 0.749725 0.849566
vt 0.750000 0.857101
vt 0.750000 0.849555
vt 0.708334 0.850820
vt 0.729167 0.847423
vt 0.708334 0.842569
vt 0.701965 0.848881
vt 0.702814 0.840887
vt 0.672574 0.834922
vt 0.687500 0.834082
vt 0.674607 0.827577
vt 0.659130 0.827749
vt 0.666667 0.823570
vt 0.660778 0.820295
vt 0.640349 0.814324
vt 0.645834 0.809746
vt 0.625000 0.794404
vt 0.604883 0.777573
vt 0.625000 0.803021
vt 0.616692 0.788136
vt 0.604167 0.785935
vt 0.583334 0.756201
vt 0.583334 0.765499
vt 0.569466 0.742699
vt 0.579029 0.761307
vt 0.583334 0.756201
vt 0.548303 0.729975
vt 0.552462 0.724469
vt 0.541667 0.723014
vt 0.541667 0.723015
vt 0.531051 0.702802
vt 0.520834 0.691431
vt 0.515832 0.696539
vt 0.513045 0.683459
vt 0.500000 0.679935
vt 0.500000 0.668876
vt 0.479167 0.648439
vt 0.479167 0.659494
vt 0.479134 0.659468
vt 0.463428 0.635408
vt 0.458334 0.641953
vt 0.437500 0.625444
vt 0.458334 0.630492
vt 0.437500 0.613975
vt 0.416667 0.612803
vt 0.437500 0.613975
vt 0.416667 0.601325
vt 0.416667 0.612803
vt 0.396718 0.593122
vt 0.395834 0.603385
vt 0.395834 0.603385
vt 0.385738 0.589494
vt 0.375000 0.596167
vt 0.354167 0.591581
vt 0.375000 0.585068
vt 0.354167 0.580484
vt 0.354167 0.580484
vt 0.333334 0.591076
vt 0.354167 0.591581
vt 0.324855 0.581440
vt 0.312500 0.590387
vt 0.308489 0.590665
vt 0.312500 0.580299
vt 0.303427 0.580930
vt 0.288040 0.582196
vt 0.270834 0.591848
vt 0.291667 0.591428
vt 0.260998 0.593199
vt 0.266810 0.582715
vt 0.253301 0.597645
vt 0.250000 0.583679
vt 0.250444 0.585621
vt 0.250498 0.583754
vt 0.252966 0.595453
vt 0.252835 0.597622
vt 0.253094 0.597908
vt 0.238761 0.597561
vt 0.233370 0.602224
vt 0.245353 0.607562
vt 0.249956 0.593195
vt 0.245805 0.583640
vt 0.229167 0.591120
vt 0.209255 0.581656
vt 0.208334 0.591331
vt 0.229167 0.591120
vt 0.200858 0.582369
vt 0.187500 0.590613
vt 0.208334 0.591331
vt 0.180257 0.590730
vt 0.187500 0.580324
vt 0.181440 0.580420
vt 0.147530 0.592160
vt 0.165432 0.580825
vt 0.145834 0.581061
vt 0.145834 0.592186
vt 0.125000 0.585469
vt 0.125000 0.596593
vt 0.125000 0.596593
vt 0.110299 0.591415
vt 0.106466 0.592580
vt 0.083334 0.612995
vt 0.104167 0.603916
vt 0.095625 0.596572
vt 0.062500 0.625553
vt 0.083334 0.601406
vt 0.074341 0.607044
vt 0.041667 0.630551
vt 0.062500 0.625552
vt 0.062500 0.614186
vt 0.020834 0.659534
vt 0.041667 0.641908
vt 0.035013 0.636901
vt 0.000000 0.668827
vt 0.020834 0.659532
vt 0.020834 0.648563
vt 0.411301 0.787043
vt 0.401676 0.890295
vt 0.401676 0.830322
vt 0.518613 0.661877
vt 0.523697 0.681962
vt 0.518808 0.632536
vt 0.522451 0.117899
vt 0.526594 0.106844
vt 0.522279 0.102108
vt 0.401676 0.415132
vt 0.598324 0.418485
vt 0.401676 0.417955
vt 0.524470 0.974406
vt 0.528520 0.962957
vt 0.523993 0.962957
vt 0.528978 1.000000
vt 0.524472 0.974406
vt 0.524452 1.000000
vt 0.524454 0.000000
vt 0.524259 0.028053
vt 0.528882 0.005380
vt 0.523635 0.047009
vt 0.528413 0.039670
vt 0.524259 0.028053
vt 0.523635 0.047009
vt 0.523137 0.068038
vt 0.527737 0.060046
vt 0.524417 0.275594
vt 0.528442 0.287043
vt 0.528933 0.275594
vt 0.528933 0.275594
vt 0.524449 0.265273
vt 0.524417 0.275594
vt 0.524449 0.265273
vt 0.528887 0.257396
vt 0.524328 0.221947
vt 0.528309 0.202991
vt 0.528875 0.221947
vt 0.523244 0.184653
vt 0.523762 0.202991
vt 0.527841 0.193735
vt 0.524062 0.548149
vt 0.519622 0.547009
vt 0.519246 0.568038
vt 0.524195 0.535291
vt 0.520072 0.528053
vt 0.519622 0.547009
vt 0.520724 0.484727
vt 0.524586 0.528053
vt 0.525239 0.484727
vt 0.520937 0.474406
vt 0.525238 0.484727
vt 0.525451 0.474406
vt 0.520937 0.474406
vt 0.525205 0.462957
vt 0.520690 0.462957
vt 0.520862 0.775594
vt 0.525135 0.787043
vt 0.525389 0.775594
vt 0.520862 0.775594
vt 0.525143 0.765273
vt 0.520616 0.765273
vt 0.520134 0.721947
vt 0.520616 0.765273
vt 0.524627 0.734330
vt 0.524261 0.702991
vt 0.519794 0.702991
vt 0.519794 0.702991
vt 0.523697 0.681962
vt 0.519231 0.681962
vt 0.136002 0.779547
vt 0.227926 0.861233
vt 0.210202 0.803172
vt 0.210627 0.779547
vt 0.197130 0.845723
vt 0.200931 0.842439
vt 0.214905 0.863497
vt 0.227926 0.839014
vt 0.227926 0.845823
vt 0.192569 0.813126
vt 0.179150 0.804545
vt 0.161750 0.810343
vt 0.161650 0.779547
vt 0.174210 0.779547
vt 0.200336 0.791159
vt 0.186892 0.779547
vt 0.227926 0.838699
vt 0.141619 0.790211
vt 0.227926 0.794833
vt 0.162490 0.779547
vt 0.196613 0.779547
vt 0.170640 0.804531
vt 0.158705 0.807298
vt 0.227926 0.835313
vt 0.224935 0.831937
vt 0.193323 0.841916
vt 0.157287 0.779547
vt 0.184928 0.825305
vt 0.181985 0.830577
vt 0.227926 0.804240
vt 0.227926 0.807298
vt 0.210026 0.779547
vt 0.192694 0.779547
vt 0.181727 0.830319
vt 0.199760 0.779547
vt 0.155788 0.779547
vt 0.227926 0.820904
vt 0.214820 0.863413
vt 0.227926 0.847229
vt 0.189508 0.779547
vt 0.227926 0.866761
vt 0.227926 0.871310
vt 0.160880 0.809473
vt 0.156982 0.779547
vt 0.227926 0.807798
vt 0.179801 0.828394
vt 0.183878 0.832471
vt 0.227926 0.870857
vt 0.227926 0.860703
vt 0.187200 0.835793
vt 0.200524 0.849116
vt 0.227579 0.779547
vt 0.219277 0.867870
vt 0.204177 0.852769
vt 0.210269 0.779547
vt 0.227926 0.847768
vt 0.205025 0.779547
vt 0.226394 0.810712
vt 0.227926 0.812219
vt 0.227926 0.801374
vt 0.227926 0.808472
vt 0.206184 0.779547
vt 0.155913 0.804505
vt 0.155913 0.779547
vt 0.209686 0.808194
vt 0.217191 0.779547
vt 0.194381 0.842973
vt 0.174353 0.822945
vt 0.152363 0.800956
vt 0.170261 0.818854
vt 0.170261 0.779547
vt 0.189474 0.838067
vt 0.227926 0.800956
vt 0.216047 0.832406
vt 0.227926 0.854273
vt 0.194232 0.779547
vt 0.141237 0.779547
vt 0.201500 0.850093
vt 0.211763 0.827852
vt 0.227926 0.838067
vt 0.222658 0.828339
vt 0.227926 0.827837
vt 0.149938 0.779547
vt 0.211298 0.834861
vt 0.227926 0.850092
vt 0.179636 0.779547
vt 0.214120 0.851831
vt 0.213029 0.861622
vt 0.190858 0.839451
vt 0.198206 0.807604
vt 0.181476 0.779547
vt 0.171421 0.781330
vt 0.169741 0.779547
vt 0.208235 0.856827
vt 0.206474 0.848505
vt 0.174275 0.795770
vt 0.227926 0.838962
vt 0.168511 0.779547
vt 0.162467 0.810088
vt 0.159190 0.807783
vt 0.210921 0.851549
vt 0.200952 0.844116
vt 0.159190 0.779547
vt 0.212450 0.861042
vt 0.212450 0.779547
vt 0.227926 0.860881
vt 0.213633 0.849011
vt 0.140582 0.782357
vt 0.227926 0.858904
vt 0.212872 0.848745
vt 0.173143 0.809982
vt 0.227926 0.851515
vt 0.227926 0.854728
vt 0.155958 0.779547
vt 0.146427 0.779547
vt 0.138391 0.781008
vt 0.186057 0.827381
vt 0.138356 0.779547
vt 0.227926 0.818225
vt 0.138643 0.779547
vt 0.227926 0.858779
vt 0.201485 0.844872
vt 0.198589 0.847181
vt 0.211277 0.779547
vt 0.153497 0.779547
vt 0.192111 0.810613
vt 0.227926 0.843692
vt 0.160292 0.808885
vt 0.166767 0.802333
vt 0.176646 0.779547
vt 0.226025 0.828854
vt 0.227926 0.834587
vt 0.190203 0.779547
vt 0.142701 0.791294
vt 0.145246 0.793838
vt 0.227926 0.797286
vt 0.173967 0.822559
vt 0.203618 0.852210
vt 0.142772 0.791364
vt 0.166314 0.785659
vt 0.227926 0.821279
vt 0.186194 0.779547
vt 0.163550 0.779547
vt 0.227926 0.791699
vt 0.174912 0.823504
vt 0.180266 0.813643
vt 0.215774 0.779547
vt 0.227926 0.850780
vt 0.199413 0.779547
vt 0.160960 0.779547
vt 0.200945 0.779547
vt 0.227926 0.850864
vt 0.156609 0.779547
vt 0.139289 0.779547
vt 0.227926 0.822559
vt 0.215035 0.863627
vt 0.196608 0.845201
vt 0.183969 0.832561
vt 0.169827 0.779547
vt 0.223560 0.872153
vt 0.188760 0.837353
vt 0.145893 0.794481
vt 0.204797 0.853390
vt 0.153541 0.779547
vt 0.162007 0.779547
vt 0.183013 0.779547
vt 0.227926 0.796747
vt 0.227926 0.785781
vt 0.194126 0.842719
vt 0.205706 0.788538
vt 0.203530 0.852123
vt 0.227926 0.837646
vt 0.211659 0.860252
vt 0.227926 0.858708
vt 0.208097 0.856689
vt 0.227926 0.826705
vt 0.208097 0.779547
vt 0.190067 0.838659
vt 0.223477 0.779547
vt 0.227926 0.837296
vt 0.196073 0.844666
vt 0.194819 0.779547
vt 0.227926 0.841890
vt 0.178172 0.826764
vt 0.178173 0.779547
vt 0.175536 0.824128
vt 0.200154 0.848746
vt 0.162936 0.779547
vt 0.184072 0.798137
vt 0.202390 0.850982
vt 0.202390 0.779547
vt 0.227926 0.873313
vt 0.219532 0.779547
vt 0.214037 0.862630
vt 0.227926 0.821105
vt 0.137337 0.779547
vt 0.227895 0.786021
vt 0.167400 0.815991
vt 0.227925 0.841829
vt 0.142609 0.779547
vt 0.160897 0.779546
vt 0.140727 0.789320
vt 0.141878 0.790470
vt 0.227926 0.796659
vt 0.153826 0.783892
vt 0.145632 0.779547
vt 0.160420 0.780200
vt 0.137436 0.786035
vt 0.227924 0.845651
vt 0.215276 0.791204
vt 0.199990 0.848575
vt 0.214781 0.798026
vt 0.215991 0.788255
vt 0.227923 0.845241
vt 0.227926 0.854798
vt 0.227926 0.792293
vt 0.179439 0.785102
vt 0.164408 0.788281
vt 0.189219 0.837811
vt 0.227926 0.842429
vt 0.178207 0.826799
vt 0.227926 0.790980
vt 0.206711 0.791589
vt 0.160119 0.788678
vt 0.167594 0.816186
vt 0.227925 0.821847
vt 0.227927 0.822089
vt 0.171113 0.803593
vt 0.212387 0.822377
vt 0.211326 0.819353
vt 0.227926 0.832478
vt 0.227926 0.788084
vt 0.209009 0.781931
vt 0.227926 0.788642
vt 0.133419 0.782012
vt 0.222481 0.866975
vt 0.227926 0.871790
vt 0.225944 0.793810
vt 0.219768 0.779547
vt 0.218736 0.779547
vt 0.223198 0.871790
vt 0.223003 0.858090
vt 0.216493 0.779547
vt 0.227926 0.801141
vt 0.176944 0.786147
vt 0.171374 0.795733
vt 0.173255 0.821848
vt 0.227926 0.808570
vt 0.215155 0.794188
vt 0.185385 0.779547
vt 0.199512 0.848104
vt 0.208212 0.779547
vt 0.185723 0.834316
vt 0.222472 0.849267
vt 0.227926 0.785633
vt 0.227926 0.786471
vt 0.159199 0.779547
vt 0.203816 0.779547
vt 0.214585 0.863178
vt 0.227926 0.825721
vt 0.207554 0.779547
vt 0.221590 0.812261
vt 0.167402 0.779547
vt 0.167633 0.807175
vt 0.227926 0.863178
vt 0.175213 0.779550
vt 0.227926 0.822695
vt 0.145080 0.782645
vt 0.171832 0.791076
vt 0.193837 0.842429
vt 0.184778 0.779547
vt 0.186167 0.804540
vt 0.217003 0.865595
vt 0.178933 0.790615
vt 0.227926 0.871291
vt 0.209645 0.782993
vt 0.178383 0.826975
vt 0.227926 0.783800
vt 0.221407 0.865628
vt 0.131545 0.779547
vt 0.193476 0.842069
vt 0.227926 0.804989
vt 0.205049 0.802463
vt 0.189784 0.838377
vt 0.227926 0.866093
vt 0.199359 0.841104
vt 0.227926 0.838376
vt 0.164937 0.810007
vt 0.180806 0.826256
vt 0.206062 0.851585
vt 0.227925 0.873412
vt 0.135023 0.779547
vt 0.134061 0.779547
vt 0.178655 0.824581
vt 0.179292 0.825093
vt 0.227926 0.873640
vt 0.133833 0.779547
vt 0.133876 0.779547
vt 0.135610 0.779547
vt 0.165342 0.811386
vt 0.223059 0.869922
vt 0.222127 0.808998
vt 0.227926 0.810501
vt 0.133421 0.780106
vt 0.133898 0.780225
vt 0.177904 0.808400
vt 0.142512 0.790911
vt 0.143702 0.792294
vt 0.205957 0.842686
vt 0.227926 0.866847
vt 0.226928 0.809556
vt 0.227926 0.795084
vt 0.223559 0.836221
vt 0.224075 0.872668
vt 0.212730 0.861323
vt 0.227926 0.873248
vt 0.219848 0.861040
vt 0.185522 0.834115
vt 0.172277 0.820870
vt 0.227926 0.805803
vt 0.160417 0.801123
vt 0.224242 0.792164
vt 0.222610 0.779547
vt 0.227926 0.789972
vt 0.136162 0.779547
vt 0.134864 0.779547
vt 0.138170 0.782883
vt 0.227926 0.875928
vt 0.143137 0.779547
vt 0.226589 0.780143
vt 0.223722 0.851647
vt 0.224016 0.779547
vt 0.222719 0.779547
vt 0.224988 0.830279
vt 0.223625 0.872218
vt 0.224190 0.872783
vt 0.217911 0.831057
vt 0.223625 0.779547
vt 0.227926 0.843966
vt 0.225207 0.779547
vt 0.227926 0.841605
vt 0.227926 0.841248
vt 0.227926 0.785655
vt 0.155421 0.804013
vt 0.156462 0.802962
vt 0.168567 0.802084
vt 0.223673 0.779547
vt 0.224801 0.830730
vt 0.225259 0.781649
vt 0.135963 0.784555
vt 0.225233 0.873825
vt 0.165451 0.791795
vt 0.156892 0.779547
vt 0.227926 0.845565
vt 0.214927 0.837492
vt 0.207069 0.820744
vt 0.146150 0.794742
vt 0.227926 0.798966
vt 0.211220 0.859813
vt 0.208508 0.779547
vt 0.208619 0.780144
vt 0.186603 0.835196
vt 0.227926 0.829984
vt 0.151502 0.779547
vt 0.161927 0.810519
vt 0.171627 0.812683
vt 0.227926 0.867990
vt 0.182885 0.803567
vt 0.176748 0.779547
vt 0.160514 0.779547
vt 0.219398 0.867990
vt 0.219553 0.803478
vt 0.198038 0.818663
vt 0.187062 0.779547
vt 0.227926 0.840743
vt 0.217281 0.779547
vt 0.224080 0.819897
vt 0.223466 0.820053
vt 0.223401 0.820119
vt 0.227926 0.848104
vt 0.187062 0.835654
vt 0.176957 0.779547
vt 0.227926 0.828391
vt 0.143977 0.792570
vt 0.227926 0.818687
vt 0.227926 0.867325
vt 0.191437 0.789029
vt 0.160324 0.808917
vt 0.149222 0.779547
vt 0.224648 0.873240
vt 0.216706 0.865299
vt 0.218757 0.867349
vt 0.227420 0.836381
vt 0.227529 0.876122
vt 0.218757 0.779547
vt 0.215328 0.779547
vt 0.227561 0.779547
vt 0.227926 0.804692
vt 0.202781 0.779547
vt 0.227926 0.798136
vt 0.155195 0.803788
vt 0.214055 0.862647
vt 0.193053 0.840590
vt 0.192639 0.841231
vt 0.227926 0.841231
vt 0.152085 0.800677
vt 0.227926 0.803788
vt 0.174659 0.823251
vt 0.227926 0.819415
vt 0.188058 0.779547
vt 0.187397 0.835990
vt 0.191111 0.791163
vt 0.187397 0.779547
vt 0.227926 0.856766
vt 0.227926 0.840196
vt 0.202401 0.824248
vt 0.150707 0.779547
vt 0.148008 0.796601
vt 0.174502 0.823095
vt 0.227926 0.841547
vt 0.173669 0.800113
vt 0.165926 0.779547
vt 0.227926 0.796601
vt 0.219956 0.830153
vt 0.227926 0.821972
vt 0.212066 0.860658
vt 0.201107 0.806988
vt 0.193025 0.841617
vt 0.185501 0.779547
vt 0.188906 0.781379
vt 0.209249 0.857842
vt 0.171519 0.779547
vt 0.171877 0.779927
vt 0.185672 0.798181
vt 0.157666 0.779547
vt 0.141615 0.788884
vt 0.167954 0.779547
vt 0.209177 0.855655
vt 0.157145 0.779547
vt 0.158954 0.779547
vt 0.149191 0.797783
vt 0.210872 0.779547
vt 0.149191 0.779547
vt 0.161436 0.810029
vt 0.227926 0.857842
vt 0.213146 0.779547
vt 0.227926 0.876306
vt 0.133126 0.779547
vt 0.143423 0.792016
vt 0.131147 0.779547
vt 0.130984 0.779547
vt 0.173259 0.821854
vt 0.183598 0.832198
vt 0.145257 0.793849
vt 0.207137 0.782344
vt 0.199665 0.779547
vt 0.227926 0.788126
vt 0.227926 0.800645
vt 0.135963 0.779547
vt 0.227048 0.794078
vt 0.219627 0.868219
vt 0.227926 0.792701
vt 0.227926 0.876185
vt 0.227926 0.847767
vt 0.150101 0.779547
vt 0.153644 0.779547
vt 0.208771 0.779547
vt 0.227926 0.858439
vt 0.227926 0.842708
vt 0.213139 0.779547
vt 0.227926 0.779547
vt 0.225235 0.779547
vt 0.181684 0.779547
vt 0.210964 0.779547
vt 0.227926 0.876518
vt 0.130988 0.779581
vt 0.132478 0.781070
vt 0.213396 0.861989
vt 0.227746 0.876338
vt 0.223244 0.871837
vt 0.221599 0.870192
vt 0.227926 0.876518
vt 0.227926 0.869766
vt 0.227926 0.831993
vt 0.172344 0.820936
vt 0.219354 0.867947
vt 0.227926 0.847989
vt 0.142729 0.791321
vt 0.227926 0.779547
vt 0.140768 0.789361
vt 0.155095 0.803688
vt 0.161436 0.810029
vt 0.200891 0.849484
vt 0.227926 0.821778
vt 0.191343 0.779547
vt 0.979167 0.691725
vt 0.989632 0.691273
vt 1.000000 0.668827
vt 0.958333 0.713242
vt 0.971513 0.710313
vt 0.979167 0.691727
vt 0.937500 0.744681
vt 0.916667 0.756476
vt 0.929801 0.753093
vt 0.937500 0.734874
vt 0.895833 0.776740
vt 0.899572 0.782441
vt 0.916667 0.756476
vt 0.875000 0.794679
vt 0.880692 0.799047
vt 0.895833 0.776739
vt 0.854167 0.809714
vt 0.854167 0.818304
vt 0.833333 0.824001
vt 0.833333 0.832357
vt 0.854167 0.818304
vt 0.791667 0.842986
vt 0.796694 0.849206
vt 0.770834 0.855318
vt 0.791667 0.842986
vt 0.761104 0.857542
vt 0.750000 0.860726
vt 0.750000 0.868844
vt 0.766703 0.865187
vt 0.766628 0.857069
vt 0.750026 0.857795
vt 0.770834 0.855318
vt 0.770834 0.847075
vt 0.747079 0.862152
vt 0.746584 0.856599
vt 0.746539 0.856261
vt 0.746236 0.855870
vt 0.741099 0.849327
vt 0.738349 0.848869
vt 0.729167 0.847424
vt 0.729167 0.855669
vt 0.737182 0.856929
vt 0.738907 0.857216
vt 0.741320 0.860228
vt 0.741426 0.860364
vt 0.746385 0.869374
vt 0.742070 0.866209
vt 0.742160 0.866328
vt 0.741819 0.864015
vt 0.729167 0.855669
vt 0.687500 0.834082
vt 0.687500 0.842453
vt 0.666667 0.823570
vt 0.666667 0.831941
vt 0.645834 0.809745
vt 0.645834 0.818363
vt 0.666667 0.831941
vt 0.645834 0.818363
vt 0.642783 0.807499
vt 0.604167 0.776862
vt 0.604167 0.785935
vt 0.609657 0.790846
vt 0.613949 0.794685
vt 0.612517 0.784402
vt 0.625000 0.794404
vt 0.602099 0.784108
vt 0.604167 0.776862
vt 0.562500 0.734998
vt 0.562500 0.744867
vt 0.565134 0.747780
vt 0.583334 0.765499
vt 0.582560 0.755448
vt 0.562500 0.744867
vt 0.562500 0.734999
vt 0.541667 0.713146
vt 0.520834 0.701664
vt 0.528418 0.710104
vt 0.541667 0.713147
vt 0.521496 0.692169
vt 0.504210 0.684641
vt 0.520834 0.701662
vt 0.520834 0.691432
vt 0.500000 0.679935
vt 0.486279 0.655413
vt 0.460491 0.644032
vt 0.479167 0.659496
vt 0.479167 0.648438
vt 0.458334 0.630493
vt 0.458334 0.641952
vt 0.437500 0.625445
vt 0.406512 0.608631
vt 0.416667 0.601324
vt 0.395834 0.592687
vt 0.381529 0.598858
vt 0.395834 0.592687
vt 0.375000 0.585068
vt 0.333334 0.579980
vt 0.312500 0.580299
vt 0.328657 0.591880
vt 0.291667 0.581463
vt 0.312500 0.590386
vt 0.270834 0.582131
vt 0.289164 0.591934
vt 0.256470 0.605774
vt 0.258029 0.603492
vt 0.258209 0.600659
vt 0.258419 0.597501
vt 0.250000 0.607147
vt 0.255303 0.607450
vt 0.250000 0.597482
vt 0.252797 0.598245
vt 0.259715 0.595291
vt 0.253136 0.592737
vt 0.270279 0.591928
vt 0.270834 0.591848
vt 0.270834 0.582131
vt 0.258391 0.583846
vt 0.256109 0.587608
vt 0.250000 0.592501
vt 0.238825 0.596478
vt 0.238907 0.593425
vt 0.233372 0.593822
vt 0.233369 0.607352
vt 0.245691 0.597899
vt 0.244024 0.593139
vt 0.229167 0.581389
vt 0.208334 0.581612
vt 0.209248 0.591374
vt 0.229167 0.581389
vt 0.198632 0.592312
vt 0.166667 0.580602
vt 0.166667 0.590898
vt 0.187500 0.590613
vt 0.160499 0.592016
vt 0.166667 0.590898
vt 0.166667 0.580602
vt 0.150270 0.580994
vt 0.145834 0.592186
vt 0.145834 0.581061
vt 0.104167 0.593065
vt 0.104167 0.603917
vt 0.105096 0.603618
vt 0.114276 0.600930
vt 0.107930 0.592109
vt 0.125000 0.585469
vt 0.097754 0.607079
vt 0.104167 0.593065
vt 0.062500 0.614186
vt 0.083334 0.612994
vt 0.041667 0.641908
vt 0.020834 0.648564
vt 0.037944 0.645460
vt 0.041667 0.630551
vt 0.000000 0.679796
vt 0.471419 0.787043
vt 0.525135 0.787043
vt 0.520609 0.787043
vt 0.467281 0.787043
vt 0.401676 0.833137
vt 0.401676 0.881310
vt 0.401676 0.892888
vt 0.401676 0.881100
vt 0.411765 0.787043
vt 0.511336 0.635629
vt 0.513008 0.641183
vt 0.513236 0.641763
vt 0.513461 0.641809
vt 0.511840 0.633697
vt 0.511190 0.635005
vt 0.511867 0.590929
vt 0.511839 0.600326
vt 0.518151 0.602269
vt 0.518151 0.590929
vt 0.514443 0.590929
vt 0.516481 0.642818
vt 0.516856 0.602176
vt 0.516422 0.602096
vt 0.516800 0.643564
vt 0.517410 0.607698
vt 0.523707 0.568038
vt 0.519246 0.568038
vt 0.518285 0.612413
vt 0.522461 0.625578
vt 0.518160 0.648197
vt 0.520683 0.625327
vt 0.521065 0.627382
vt 0.522479 0.643881
vt 0.519489 0.634137
vt 0.522950 0.657714
vt 0.519231 0.681962
vt 0.521959 0.159071
vt 0.521959 0.147731
vt 0.520056 0.147877
vt 0.519899 0.147895
vt 0.515372 0.155146
vt 0.515387 0.159071
vt 0.516208 0.159071
vt 0.520105 0.145768
vt 0.515362 0.116416
vt 0.515563 0.114484
vt 0.515191 0.116048
vt 0.516821 0.109524
vt 0.516075 0.111310
vt 0.518762 0.108030
vt 0.518099 0.108130
vt 0.520419 0.107323
vt 0.522201 0.130916
vt 0.523215 0.181962
vt 0.527712 0.181962
vt 0.526571 0.124477
vt 0.523047 0.124928
vt 0.523456 0.122031
vt 0.522746 0.119323
vt 0.521257 0.105407
vt 0.527594 0.068038
vt 0.522583 0.117829
vt 0.524392 0.113696
vt 0.401676 0.357074
vt 0.401676 0.383904
vt 0.401676 0.455421
vt 0.598324 0.384293
vt 0.598324 0.417064
vt 0.598324 0.421071
vt 0.598324 0.420770
vt 0.598324 0.386688
vt 0.401676 0.359661
vt 0.401676 0.388694
vt 0.401676 0.459656
vt 0.528997 0.974406
vt 0.528996 0.974406
vt 0.528979 0.000000
vt 0.524318 0.007446
vt 0.528816 0.028053
vt 0.523889 0.038716
vt 0.523651 0.045576
vt 0.528158 0.047009
vt 0.528816 0.028053
vt 0.528154 0.047094
vt 0.528158 0.047009
vt 0.523331 0.056745
vt 0.527594 0.068038
vt 0.523926 0.287043
vt 0.528965 0.265273
vt 0.524339 0.254161
vt 0.528965 0.265273
vt 0.523762 0.202991
vt 0.527722 0.182844
vt 0.523356 0.194979
vt 0.528309 0.202991
vt 0.524083 0.547009
vt 0.519610 0.547646
vt 0.523707 0.568038
vt 0.519745 0.534092
vt 0.524083 0.547009
vt 0.520072 0.528053
vt 0.520723 0.484727
vt 0.525452 0.474406
vt 0.520608 0.787043
vt 0.525388 0.775594
vt 0.524603 0.721947
vt 0.520166 0.738272
vt 0.525143 0.765273
vt 0.524603 0.721947
vt 0.524261 0.702991
s 1
f 4/1/1 1/2/2 3/3/3
f 11/3/4 12/1/5 9/2/6
f 11/2/4 13/3/7 14/1/8
f 3168/4/9 2304/5/10 296/1/11
f 19/1/12 2590/6/13 2589/7/14
f 20/1/15 2591/8/16 2839/9/17
f 20/3/15 21/1/18 19/2/12
f 22/1/19 21/2/18 20/3/15
f 24/2/20 23/3/21 22/1/19
f 22/2/19 23/3/21 21/1/18
f 25/2/22 26/3/23 24/1/20
f 24/2/20 26/3/23 23/1/21
f 25/3/22 27/1/24 26/2/23
f 28/1/25 27/2/24 25/3/22
f 29/2/26 30/3/27 27/1/24
f 28/1/25 29/2/26 27/3/24
f 29/3/26 31/1/28 30/2/27
f 3182/1/29 31/2/28 29/3/26
f 3182/2/29 2663/3/30 31/1/28
f 2188/3/31 33/1/32 2186/2/33
f 33/3/32 2233/1/34 2186/2/33
f 33/3/32 35/1/35 2233/2/34
f 39/2/36 38/3/37 40/1/38
f 37/1/39 39/2/36 40/3/38
f 41/2/40 42/3/41 39/1/36
f 39/2/36 42/3/41 38/1/37
f 3132/10/42 3133/11/43 42/1/41
f 42/3/41 41/1/40 2213/12/44
f 44/2/45 3079/13/46 2964/14/47
f 43/3/48 2057/15/49 3079/16/46
f 46/3/50 47/1/51 45/2/52
f 48/1/53 47/2/51 46/3/50
f 46/2/50 45/3/52 44/1/45
f 44/2/45 45/3/52 49/1/54
f 44/2/45 49/3/54 43/1/48
f 48/2/53 50/3/55 295/1/56
f 50/3/55 51/1/57 295/2/56
f 15/3/58 51/1/57 50/2/55
f 53/3/59 15/1/58 52/2/60
f 13/3/7 53/1/59 52/2/60
f 9/1/6 8/2/61 7/3/62
f 6/2/63 5/3/64 7/1/62
f 54/1/65 3/2/3 5/3/64
f 55/2/66 56/3/67 1/1/2
f 2214/3/68 33/1/32 2188/2/31
f 2214/3/68 58/1/69 33/2/32
f 58/3/69 35/1/35 33/2/32
f 58/3/69 59/1/70 35/2/35
f 35/2/35 59/3/70 37/1/39
f 59/3/70 60/1/71 37/2/39
f 37/2/39 60/3/71 39/1/36
f 60/3/71 61/1/72 39/2/36
f 39/2/36 61/3/72 41/1/40
f 61/3/72 62/1/73 41/2/40
f 41/2/40 62/3/73 2443/17/74
f 2799/18/75 62/3/73 63/1/76
f 2799/19/75 63/3/76 3080/20/77
f 3146/21/78 63/3/76 64/1/79
f 64/3/79 2232/22/80 2445/23/80
f 65/1/81 2190/24/82 2189/25/83
f 65/3/81 2963/26/84 2965/27/82
f 65/3/81 46/1/50 44/2/45
f 3089/2/85 3182/3/29 66/1/86
f 66/2/86 3182/3/29 29/1/26
f 66/2/86 29/3/26 67/1/87
f 67/2/87 29/3/26 28/1/25
f 67/2/87 28/3/25 25/1/22
f 67/2/87 25/3/22 68/1/88
f 68/2/88 25/3/22 24/1/20
f 68/2/88 24/3/20 69/1/89
f 69/2/89 24/3/20 22/1/19
f 69/2/89 22/3/19 70/1/90
f 70/2/90 22/3/19 20/1/15
f 70/2/90 20/3/15 71/1/91
f 20/3/15 2840/28/92 3103/29/92
f 71/2/91 2294/30/92 2295/31/93
f 2680/32/94 296/3/11 2679/33/95
f 72/2/96 296/3/11 332/1/97
f 72/2/96 332/3/97 55/1/66
f 55/2/66 332/3/97 56/1/67
f 16/1/98 15/2/58 50/3/55
f 73/1/99 16/2/98 50/3/55
f 76/1/100 74/2/101 75/3/102
f 77/1/103 76/2/100 75/3/102
f 78/1/104 76/2/100 77/3/103
f 79/1/105 78/2/104 77/3/103
f 80/1/106 78/2/104 79/3/105
f 81/1/107 80/2/106 79/3/105
f 82/1/108 80/2/106 81/3/107
f 83/1/109 82/2/108 81/3/107
f 84/1/110 82/2/108 83/3/109
f 85/1/111 84/2/110 83/3/109
f 86/1/112 84/2/110 85/3/111
f 87/1/113 86/2/112 85/3/111
f 88/1/114 86/2/112 87/3/113
f 89/1/115 88/2/114 87/3/113
f 90/1/116 88/2/114 89/3/115
f 90/2/116 89/3/115 91/1/117
f 92/1/118 90/2/116 91/3/117
f 2215/1/119 92/2/118 91/3/117
f 2970/1/120 92/2/118 2215/3/119
f 95/1/121 16/2/98 73/3/99
f 74/1/101 95/2/121 73/3/99
f 96/1/122 95/2/121 74/3/101
f 96/2/122 74/3/101 76/1/100
f 97/1/123 96/2/122 76/3/100
f 78/1/104 97/2/123 76/3/100
f 98/1/124 97/2/123 78/3/104
f 80/1/106 98/2/124 78/3/104
f 99/1/125 98/2/124 80/3/106
f 82/1/108 99/2/125 80/3/106
f 100/1/126 99/2/125 82/3/108
f 84/1/110 100/2/126 82/3/108
f 101/1/127 100/2/126 84/3/110
f 86/1/112 101/2/127 84/3/110
f 102/1/128 101/2/127 86/3/112
f 88/1/114 102/2/128 86/3/112
f 103/1/129 102/2/128 88/3/114
f 90/1/116 103/2/129 88/3/114
f 104/1/130 103/2/129 90/3/116
f 92/1/118 104/2/130 90/3/116
f 2227/1/131 104/2/130 92/3/118
f 2227/2/131 92/3/118 2970/1/120
f 52/1/60 15/2/58 16/3/98
f 52/2/60 16/3/98 95/1/121
f 106/1/132 95/2/121 96/3/122
f 97/1/123 106/2/132 96/3/122
f 107/1/133 106/2/132 97/3/123
f 98/1/124 107/2/133 97/3/123
f 108/1/134 107/2/133 98/3/124
f 99/1/125 108/2/134 98/3/124
f 109/1/135 108/2/134 99/3/125
f 100/1/126 109/2/135 99/3/125
f 110/1/136 109/2/135 100/3/126
f 101/1/127 110/2/136 100/3/126
f 111/1/137 110/2/136 101/3/127
f 102/1/128 111/2/137 101/3/127
f 112/1/138 111/2/137 102/3/128
f 103/1/129 112/2/138 102/3/128
f 113/1/139 112/2/138 103/3/129
f 104/1/130 113/2/139 103/3/129
f 114/1/140 113/2/139 104/3/130
f 2227/1/131 114/2/140 104/3/130
f 2228/1/141 114/2/140 2227/3/131
f 116/1/142 52/2/60 95/3/121
f 116/2/142 95/3/121 106/1/132
f 117/1/143 106/2/132 107/3/133
f 108/1/134 117/2/143 107/3/133
f 118/1/144 117/2/143 108/3/134
f 109/1/135 118/2/144 108/3/134
f 119/1/145 118/2/144 109/3/135
f 110/1/136 119/2/145 109/3/135
f 120/1/146 119/2/145 110/3/136
f 111/1/137 120/2/146 110/3/136
f 121/1/147 120/2/146 111/3/137
f 112/1/138 121/2/147 111/3/137
f 122/1/148 121/2/147 112/3/138
f 113/1/139 122/2/148 112/3/138
f 123/1/149 122/2/148 113/3/139
f 114/1/140 123/2/149 113/3/139
f 124/1/150 123/2/149 114/3/140
f 2228/1/141 124/2/150 114/3/140
f 2649/1/151 124/2/150 2228/3/141
f 14/1/8 13/2/7 52/3/60
f 14/2/8 52/3/60 116/1/142
f 126/1/152 116/2/142 106/3/132
f 117/1/143 126/2/152 106/3/132
f 117/3/143 127/1/153 126/2/152
f 118/1/144 127/2/153 117/3/143
f 118/3/144 128/1/154 127/2/153
f 119/1/145 128/2/154 118/3/144
f 119/3/145 129/1/155 128/2/154
f 120/1/146 129/2/155 119/3/145
f 120/3/146 130/1/156 129/2/155
f 121/1/147 130/2/156 120/3/146
f 121/3/147 131/1/157 130/2/156
f 122/1/148 131/2/157 121/3/147
f 122/3/148 132/1/158 131/2/157
f 123/1/149 132/2/158 122/3/148
f 123/3/149 133/1/159 132/2/158
f 124/1/150 133/2/159 123/3/149
f 124/3/150 134/1/160 133/2/159
f 124/3/150 2649/1/151 134/2/160
f 2649/3/151 2972/1/161 134/2/160
f 136/1/162 14/2/8 116/3/142
f 116/3/142 126/1/152 136/2/162
f 126/3/152 137/1/163 136/2/162
f 126/3/152 127/1/153 137/2/163
f 127/3/153 138/1/164 137/2/163
f 128/1/154 138/2/164 127/3/153
f 128/3/154 139/1/165 138/2/164
f 129/1/155 139/2/165 128/3/154
f 129/3/155 140/1/166 139/2/165
f 130/1/156 140/2/166 129/3/155
f 130/3/156 141/1/167 140/2/166
f 131/1/157 141/2/167 130/3/156
f 131/3/157 142/1/168 141/2/167
f 132/1/158 142/2/168 131/3/157
f 132/3/158 143/1/169 142/2/168
f 133/1/159 143/2/169 132/3/158
f 133/3/159 144/1/170 143/2/169
f 134/1/160 144/2/170 133/3/159
f 134/3/160 145/1/171 144/2/170
f 2972/1/161 145/2/171 134/3/160
f 2972/3/161 2460/1/172 145/2/171
f 12/1/5 11/2/4 14/3/8
f 14/3/8 136/1/162 12/2/5
f 138/3/164 147/1/173 137/2/163
f 139/1/165 147/2/173 138/3/164
f 139/3/165 148/1/174 147/2/173
f 140/1/166 148/2/174 139/3/165
f 140/3/166 149/1/175 148/2/174
f 141/1/167 149/2/175 140/3/166
f 141/3/167 150/1/176 149/2/175
f 142/1/168 150/2/176 141/3/167
f 142/3/168 151/1/177 150/2/176
f 143/1/169 151/2/177 142/3/168
f 143/3/169 152/1/178 151/2/177
f 144/1/170 152/2/178 143/3/169
f 144/3/170 153/1/179 152/2/178
f 145/1/171 153/2/179 144/3/170
f 145/3/171 154/1/180 153/2/179
f 145/3/171 2460/1/172 154/2/180
f 2460/3/172 2461/1/181 154/2/180
f 136/3/162 156/1/182 12/2/5
f 137/1/163 156/2/182 136/3/162
f 137/3/163 157/1/183 156/2/182
f 137/3/163 147/1/173 157/2/183
f 147/3/173 158/1/184 157/2/183
f 148/1/174 158/2/184 147/3/173
f 148/3/174 159/1/185 158/2/184
f 149/1/175 159/2/185 148/3/174
f 149/3/175 160/1/186 159/2/185
f 150/1/176 160/2/186 149/3/175
f 150/3/176 161/1/187 160/2/186
f 151/1/177 161/2/187 150/3/176
f 151/3/177 162/1/188 161/2/187
f 152/1/178 162/2/188 151/3/177
f 152/3/178 163/1/189 162/2/188
f 153/1/179 163/2/189 152/3/178
f 153/3/179 164/1/190 163/2/189
f 154/1/180 164/2/190 153/3/179
f 154/3/180 165/1/191 164/2/190
f 2461/1/181 165/2/191 154/3/180
f 2461/3/181 2652/1/192 165/2/191
f 12/3/5 10/1/193 9/2/6
f 156/1/182 10/2/193 12/3/5
f 156/3/182 167/1/194 10/2/193
f 156/3/182 157/1/183 167/2/194
f 158/3/184 168/1/195 157/2/183
f 159/1/185 168/2/195 158/3/184
f 159/3/185 169/1/196 168/2/195
f 160/1/186 169/2/196 159/3/185
f 160/3/186 170/1/197 169/2/196
f 161/1/187 170/2/197 160/3/186
f 161/3/187 171/1/198 170/2/197
f 162/1/188 171/2/198 161/3/187
f 162/3/188 172/1/199 171/2/198
f 163/1/189 172/2/199 162/3/188
f 163/3/189 173/1/200 172/2/199
f 164/1/190 173/2/200 163/3/189
f 164/3/190 174/1/201 173/2/200
f 165/1/191 174/2/201 164/3/190
f 165/3/191 175/1/202 174/2/201
f 2652/1/192 175/2/202 165/3/191
f 2652/3/192 3085/1/203 175/2/202
f 157/3/183 177/1/204 167/2/194
f 168/1/195 177/2/204 157/3/183
f 168/3/195 178/1/205 177/2/204
f 169/1/196 178/2/205 168/3/195
f 169/3/196 179/1/206 178/2/205
f 170/1/197 179/2/206 169/3/196
f 170/3/197 180/1/207 179/2/206
f 171/1/198 180/2/207 170/3/197
f 171/3/198 181/1/208 180/2/207
f 172/1/199 181/2/208 171/3/198
f 172/3/199 182/1/209 181/2/208
f 173/1/200 182/2/209 172/3/199
f 173/3/200 183/1/210 182/2/209
f 174/1/201 183/2/210 173/3/200
f 174/3/201 184/1/211 183/2/210
f 175/1/202 184/2/211 174/3/201
f 175/3/202 185/1/212 184/2/211
f 3085/1/203 185/2/212 175/3/202
f 3085/3/203 186/1/213 185/2/212
f 3085/3/203 2629/1/214 186/2/213
f 10/3/193 8/1/61 9/2/6
f 10/3/193 167/1/194 8/2/61
f 167/3/194 188/1/215 8/2/61
f 167/3/194 177/1/204 188/2/215
f 177/3/204 189/1/216 188/2/215
f 177/3/204 178/1/205 189/2/216
f 178/3/205 190/1/217 189/2/216
f 179/1/206 190/2/217 178/3/205
f 179/3/206 191/1/218 190/2/217
f 180/1/207 191/2/218 179/3/206
f 180/3/207 192/1/219 191/2/218
f 181/1/208 192/2/219 180/3/207
f 181/3/208 193/1/220 192/2/219
f 182/1/209 193/2/220 181/3/208
f 182/3/209 194/1/221 193/2/220
f 183/1/210 194/2/221 182/3/209
f 183/3/210 195/1/222 194/2/221
f 184/1/211 195/2/222 183/3/210
f 184/3/211 196/1/223 195/2/222
f 185/1/212 196/2/223 184/3/211
f 185/3/212 197/1/224 196/2/223
f 185/3/212 186/1/213 197/2/224
f 186/3/213 198/1/225 197/2/224
f 2629/1/214 198/2/225 186/3/213
f 2629/3/214 785/1/226 198/2/225
f 190/3/217 199/1/227 189/2/216
f 191/1/218 199/2/227 190/3/217
f 191/3/218 200/1/228 199/2/227
f 192/1/219 200/2/228 191/3/218
f 192/3/219 201/1/229 200/2/228
f 193/1/220 201/2/229 192/3/219
f 193/3/220 202/1/230 201/2/229
f 194/1/221 202/2/230 193/3/220
f 194/3/221 203/1/231 202/2/230
f 195/1/222 203/2/231 194/3/221
f 195/3/222 204/1/232 203/2/231
f 196/1/223 204/2/232 195/3/222
f 196/3/223 205/1/233 204/2/232
f 197/1/224 205/2/233 196/3/223
f 197/3/224 206/1/234 205/2/233
f 198/1/225 206/2/234 197/3/224
f 198/3/225 3144/1/235 206/2/234
f 785/1/226 3144/2/235 198/3/225
f 8/3/61 6/1/63 7/2/62
f 8/3/61 188/1/215 6/2/63
f 188/3/215 208/1/236 6/2/63
f 189/1/216 208/2/236 188/3/215
f 189/3/216 209/1/237 208/2/236
f 189/3/216 199/1/227 209/2/237
f 199/3/227 210/1/238 209/2/237
f 200/1/228 210/2/238 199/3/227
f 200/3/228 211/1/239 210/2/238
f 201/1/229 211/2/239 200/3/228
f 201/3/229 212/1/240 211/2/239
f 202/1/230 212/2/240 201/3/229
f 202/3/230 213/1/241 212/2/240
f 203/1/231 213/2/241 202/3/230
f 203/3/231 214/1/242 213/2/241
f 204/1/232 214/2/242 203/3/231
f 204/3/232 215/1/243 214/2/242
f 205/1/233 215/2/243 204/3/232
f 205/3/233 216/1/244 215/2/243
f 206/1/234 216/2/244 205/3/233
f 206/3/234 217/1/245 216/2/244
f 3144/1/235 217/2/245 206/3/234
f 3144/3/235 2462/1/246 217/2/245
f 210/3/238 219/1/247 209/2/237
f 211/1/239 219/2/247 210/3/238
f 211/3/239 220/1/248 219/2/247
f 212/1/240 220/2/248 211/3/239
f 212/3/240 221/1/249 220/2/248
f 213/1/241 221/2/249 212/3/240
f 213/3/241 222/1/250 221/2/249
f 214/1/242 222/2/250 213/3/241
f 214/3/242 223/1/251 222/2/250
f 215/1/243 223/2/251 214/3/242
f 215/3/243 224/1/252 223/2/251
f 216/1/244 224/2/252 215/3/243
f 216/3/244 225/1/253 224/2/252
f 217/1/245 225/2/253 216/3/244
f 217/3/245 226/1/254 225/2/253
f 217/3/245 2462/1/246 226/2/254
f 2462/3/246 2463/1/255 226/2/254
f 6/3/63 54/1/65 5/2/64
f 6/3/63 208/1/236 54/2/65
f 208/3/236 228/1/256 54/2/65
f 208/3/236 209/1/237 228/2/256
f 209/3/237 229/1/257 228/2/256
f 219/1/247 229/2/257 209/3/237
f 219/3/247 230/1/258 229/2/257
f 220/1/248 230/2/258 219/3/247
f 220/3/248 231/1/259 230/2/258
f 221/1/249 231/2/259 220/3/248
f 221/3/249 232/1/260 231/2/259
f 222/1/250 232/2/260 221/3/249
f 222/3/250 233/1/261 232/2/260
f 223/1/251 233/2/261 222/3/250
f 223/3/251 234/1/262 233/2/261
f 224/1/252 234/2/262 223/3/251
f 224/3/252 235/1/263 234/2/262
f 225/1/253 235/2/263 224/3/252
f 225/3/253 236/1/264 235/2/263
f 226/1/254 236/2/264 225/3/253
f 226/3/254 237/1/265 236/2/264
f 226/3/254 2463/1/255 237/2/265
f 2463/3/255 2659/1/266 237/2/265
f 229/3/257 239/1/267 228/2/256
f 229/3/257 230/1/258 239/2/267
f 230/3/258 240/1/268 239/2/267
f 231/1/259 240/2/268 230/3/258
f 231/3/259 241/1/269 240/2/268
f 232/1/260 241/2/269 231/3/259
f 232/3/260 242/1/270 241/2/269
f 233/1/261 242/2/270 232/3/260
f 233/3/261 243/1/271 242/2/270
f 234/1/262 243/2/271 233/3/261
f 234/3/262 244/1/272 243/2/271
f 235/1/263 244/2/272 234/3/262
f 235/3/263 245/1/273 244/2/272
f 236/1/264 245/2/273 235/3/263
f 236/3/264 246/1/274 245/2/273
f 237/1/265 246/2/274 236/3/264
f 237/3/265 247/1/275 246/2/274
f 237/3/265 2659/1/266 247/2/275
f 2659/3/266 3087/1/276 247/2/275
f 54/3/65 4/1/1 3/2/3
f 228/1/256 4/2/1 54/3/65
f 228/3/256 249/1/277 4/2/1
f 239/1/267 249/2/277 228/3/256
f 240/3/268 250/1/278 239/2/267
f 241/1/269 250/2/278 240/3/268
f 241/3/269 251/1/279 250/2/278
f 242/1/270 251/2/279 241/3/269
f 242/3/270 252/1/280 251/2/279
f 243/1/271 252/2/280 242/3/270
f 243/3/271 253/1/281 252/2/280
f 244/1/272 253/2/281 243/3/271
f 244/3/272 254/1/282 253/2/281
f 245/1/273 254/2/282 244/3/272
f 245/3/273 255/1/283 254/2/282
f 246/1/274 255/2/283 245/3/273
f 246/3/274 256/1/284 255/2/283
f 247/1/275 256/2/284 246/3/274
f 247/3/275 257/1/285 256/2/284
f 3087/1/276 257/2/285 247/3/275
f 3087/3/276 2423/1/286 257/2/285
f 239/3/267 259/1/287 249/2/277
f 250/1/278 259/2/287 239/3/267
f 250/3/278 260/1/288 259/2/287
f 251/1/279 260/2/288 250/3/278
f 251/3/279 261/1/289 260/2/288
f 252/1/280 261/2/289 251/3/279
f 252/3/280 262/1/290 261/2/289
f 253/1/281 262/2/290 252/3/280
f 253/3/281 263/1/291 262/2/290
f 254/1/282 263/2/291 253/3/281
f 254/3/282 264/1/292 263/2/291
f 255/1/283 264/2/292 254/3/282
f 255/3/283 265/1/293 264/2/292
f 256/1/284 265/2/293 255/3/283
f 256/3/284 266/1/294 265/2/293
f 257/1/285 266/2/294 256/3/284
f 257/3/285 267/1/295 266/2/294
f 257/3/285 2423/1/286 267/2/295
f 2423/3/286 268/1/296 267/2/295
f 2423/3/286 2424/1/297 268/2/296
f 4/3/1 2/1/298 1/2/2
f 249/1/277 2/2/298 4/3/1
f 249/3/277 270/1/299 2/2/298
f 259/1/287 270/2/299 249/3/277
f 259/2/287 260/3/288 1553/34/300
f 260/3/288 2592/35/301 2906/36/302
f 261/3/289 2682/37/303 2593/38/304
f 262/1/290 271/2/305 261/3/289
f 262/3/290 272/1/306 271/2/305
f 263/1/291 272/2/306 262/3/290
f 263/3/291 273/1/307 272/2/306
f 264/1/292 273/2/307 263/3/291
f 264/3/292 274/1/308 273/2/307
f 265/1/293 274/2/308 264/3/292
f 265/3/293 275/1/309 274/2/308
f 266/1/294 275/2/309 265/3/293
f 266/3/294 276/1/310 275/2/309
f 267/1/295 276/2/310 266/3/294
f 267/3/295 277/1/311 276/2/310
f 268/1/296 277/2/311 267/3/295
f 268/3/296 278/1/312 277/2/311
f 2424/1/297 278/2/312 268/3/296
f 2424/3/297 2973/1/313 278/2/312
f 270/3/299 280/1/314 2/2/298
f 270/3/299 259/1/287 280/2/314
f 280/2/314 3038/39/315 2297/40/316
f 259/3/287 1563/41/317 3039/42/318
f 271/1/305 2686/43/319 2681/44/320
f 2842/45/319 271/3/305 2908/46/321
f 3040/47/322 271/3/305 3102/48/322
f 281/1/323 2299/49/322 3102/50/322
f 273/1/307 281/2/323 272/3/306
f 273/3/307 282/1/324 281/2/323
f 274/1/308 282/2/324 273/3/307
f 274/3/308 283/1/325 282/2/324
f 275/1/309 283/2/325 274/3/308
f 275/3/309 284/1/326 283/2/325
f 276/1/310 284/2/326 275/3/309
f 276/3/310 285/1/327 284/2/326
f 277/1/311 285/2/327 276/3/310
f 277/3/311 286/1/328 285/2/327
f 278/1/312 286/2/328 277/3/311
f 278/3/312 3149/1/329 286/2/328
f 2973/1/313 3149/2/329 278/3/312
f 36/2/330 37/1/39 40/51/38
f 2/3/298 55/1/66 1/2/2
f 280/1/314 55/2/66 2/3/298
f 281/1/323 2416/52/331 2298/53/332
f 2687/54/331 281/3/323 2843/55/333
f 2909/56/334 281/3/323 3041/57/334
f 282/3/324 3104/58/335 3041/59/334
f 283/1/325 288/2/336 282/3/324
f 283/3/325 289/1/337 288/2/336
f 284/1/326 289/2/337 283/3/325
f 284/3/326 290/1/338 289/2/337
f 285/1/327 290/2/338 284/3/326
f 285/3/327 291/1/339 290/2/338
f 286/1/328 291/2/339 285/3/327
f 286/3/328 292/1/340 291/2/339
f 286/3/328 3149/1/329 292/2/340
f 3149/3/329 293/1/341 292/2/340
f 3149/3/329 3088/1/342 293/2/341
f 3088/2/342 3089/3/85 66/1/86
f 3088/2/342 66/3/86 293/1/341
f 293/2/341 66/3/86 67/1/87
f 292/1/340 293/2/341 67/3/87
f 292/2/340 67/3/87 68/1/88
f 292/2/340 68/3/88 291/1/339
f 291/2/339 68/3/88 69/1/89
f 291/2/339 69/3/89 290/1/338
f 290/2/338 69/3/89 70/1/90
f 290/2/338 70/3/90 289/1/337
f 289/2/337 70/3/90 71/1/91
f 289/2/337 71/3/91 288/1/336
f 71/3/91 2300/60/343 2301/61/343
f 2594/62/343 288/2/336 2301/63/343
f 2688/64/344 72/1/96 2844/65/345
f 72/3/96 3169/66/346 2845/67/347
f 280/2/314 72/3/96 55/1/66
f 2215/3/119 91/1/117 2214/2/68
f 91/3/117 89/1/115 2214/2/68
f 89/3/115 58/1/69 2214/2/68
f 89/3/115 87/1/113 58/2/69
f 58/2/69 87/3/113 59/1/70
f 87/3/113 85/1/111 59/2/70
f 59/2/70 85/3/111 60/1/71
f 85/3/111 83/1/109 60/2/71
f 60/2/71 83/3/109 61/1/72
f 83/3/109 81/1/107 61/2/72
f 61/2/72 81/3/107 62/1/73
f 81/3/107 79/1/105 62/2/73
f 62/2/73 79/3/105 63/1/76
f 79/3/105 77/1/103 63/2/76
f 63/2/76 77/3/103 64/1/79
f 77/3/103 75/1/102 64/2/79
f 64/2/79 75/3/102 65/1/81
f 75/3/102 74/1/101 65/2/81
f 74/3/101 46/1/50 65/2/81
f 74/3/101 73/1/99 46/2/50
f 46/2/50 73/3/99 48/1/53
f 73/3/99 50/1/55 48/2/53
f 322/2/348 3106/68/349 3105/69/350
f 318/2/351 303/3/352 353/1/353
f 306/2/354 302/3/355 307/1/356
f 302/2/355 318/3/351 353/1/353
f 3147/70/357 3150/71/358 299/1/359
f 299/2/359 300/3/360 308/1/361
f 299/2/359 2191/72/362 3147/73/357
f 308/3/361 300/1/360 310/2/363
f 300/2/360 306/3/354 310/1/363
f 2538/74/364 311/1/365 301/2/366
f 311/2/365 2446/75/367 2447/76/368
f 313/2/369 305/3/370 312/1/371
f 312/2/371 301/3/366 311/1/365
f 304/3/372 315/1/373 314/2/374
f 314/1/374 305/2/370 313/3/369
f 314/1/374 315/2/373 305/3/370
f 2974/1/375 2234/2/376 316/3/377
f 2974/3/375 304/1/372 314/2/374
f 2974/3/375 316/1/377 304/2/372
f 316/3/377 319/1/378 304/2/372
f 302/1/355 47/2/51 318/3/351
f 306/1/354 47/2/51 302/3/355
f 301/1/366 2660/77/379 2538/78/364
f 305/1/370 40/2/38 38/3/37
f 36/1/330 40/2/38 305/3/370
f 315/1/373 36/2/330 305/3/370
f 319/1/378 36/2/330 315/3/373
f 318/1/351 51/2/57 303/3/352
f 299/1/359 43/2/48 300/3/360
f 43/2/48 3150/79/358 3180/80/380
f 312/1/371 38/2/37 301/3/366
f 305/1/370 38/2/37 312/3/371
f 304/1/372 319/2/378 315/3/373
f 322/1/348 3105/81/350 2302/82/381
f 2662/1/382 2430/2/383 325/3/384
f 331/3/385 2187/1/386 34/2/387
f 306/1/354 45/2/52 47/3/51
f 45/2/52 306/3/354 49/1/54
f 300/1/360 49/2/54 306/3/354
f 49/2/54 300/3/360 43/1/48
f 3179/83/388 43/3/48 3180/84/380
f 56/3/67 332/1/97 321/2/389
f 2303/85/390 19/1/12 322/2/348
f 19/3/12 21/1/18 322/2/348
f 2233/3/34 36/1/330 319/2/378
f 332/1/97 328/2/391 321/3/389
f 332/3/97 329/1/392 328/2/391
f 296/1/11 329/2/392 332/3/97
f 329/2/392 2305/86/393 2689/87/394
f 2304/88/10 2305/89/393 296/3/11
f 21/1/18 297/2/395 322/3/348
f 21/3/18 298/1/396 297/2/395
f 23/1/21 298/2/396 21/3/18
f 23/3/21 326/1/397 298/2/396
f 26/1/23 326/2/397 23/3/21
f 327/1/398 326/2/397 26/3/23
f 27/1/24 327/2/398 26/3/23
f 324/1/399 327/2/398 27/3/24
f 30/1/27 324/2/399 27/3/24
f 325/1/384 324/2/399 30/3/27
f 2663/1/30 2662/2/382 325/3/384
f 2233/1/34 319/2/378 331/3/385
f 301/1/366 3133/90/43 2660/91/379
f 42/2/41 301/3/366 38/1/37
f 2187/2/386 316/3/377 2234/1/376
f 31/1/28 325/2/384 30/3/27
f 2663/1/30 325/2/384 31/3/28
f 325/2/384 2430/3/383 410/1/400
f 324/1/399 325/2/384 410/3/400
f 322/1/348 2302/92/381 2303/93/390
f 2187/3/386 331/1/385 316/2/377
f 331/3/385 319/1/378 316/2/377
f 295/1/56 318/2/351 47/3/51
f 295/3/56 51/1/57 318/2/351
f 335/2/401 336/3/402 15/1/58
f 15/2/58 336/3/402 334/1/403
f 337/2/404 338/3/405 335/1/401
f 335/2/401 338/3/405 336/1/402
f 339/2/406 340/3/407 341/1/408
f 341/2/408 340/3/407 342/1/409
f 343/1/410 341/2/408 342/3/409
f 343/2/410 342/3/409 337/1/404
f 337/2/404 342/3/409 338/1/405
f 344/2/411 345/3/412 339/1/406
f 339/2/406 345/3/412 340/1/407
f 346/2/413 347/3/414 344/1/411
f 344/2/411 347/3/414 345/1/412
f 56/2/67 348/3/415 346/1/413
f 346/2/413 348/3/415 347/1/414
f 9/3/6 349/1/416 350/2/417
f 7/1/62 349/2/416 9/3/6
f 11/3/4 350/1/417 13/2/7
f 9/1/6 350/2/417 11/3/4
f 15/1/58 334/2/403 51/3/57
f 7/3/62 351/1/418 349/2/416
f 5/1/64 351/2/418 7/3/62
f 5/3/64 3/1/3 351/2/418
f 53/3/59 335/1/401 15/2/58
f 13/1/7 335/2/401 53/3/59
f 13/3/7 337/1/404 335/2/401
f 350/1/417 337/2/404 13/3/7
f 350/3/417 343/1/410 337/2/404
f 349/1/416 343/2/410 350/3/417
f 349/3/416 341/1/408 343/2/410
f 351/1/418 341/2/408 349/3/416
f 351/3/418 339/1/406 341/2/408
f 351/3/418 344/1/411 339/2/406
f 3/1/3 344/2/411 351/3/418
f 3/3/3 346/1/413 344/2/411
f 3/3/3 1/1/2 346/2/413
f 1/3/2 56/1/67 346/2/413
f 353/2/353 356/3/419 354/1/420
f 357/2/421 354/3/420 355/1/422
f 56/2/67 321/3/389 348/1/415
f 336/1/402 338/2/405 356/3/419
f 334/1/403 336/2/402 356/3/419
f 348/1/415 321/2/389 352/3/423
f 348/2/415 352/3/423 347/1/414
f 345/1/412 347/2/414 355/3/422
f 340/1/407 345/2/412 355/3/422
f 51/1/57 334/2/403 303/3/352
f 347/2/414 352/3/423 355/1/422
f 354/1/420 340/2/407 355/3/422
f 342/1/409 340/2/407 354/3/420
f 338/1/405 342/2/409 354/3/420
f 356/1/419 338/2/405 354/3/420
f 303/3/352 334/1/403 356/2/419
f 352/2/423 358/3/424 359/1/425
f 353/2/353 303/3/352 356/1/419
f 353/2/353 354/3/420 357/1/421
f 355/3/422 352/1/423 359/2/425
f 2430/1/383 409/2/426 410/3/400
f 321/3/389 358/1/424 352/2/423
f 321/3/389 328/1/391 358/2/424
f 309/2/427 299/3/359 308/1/361
f 310/2/363 306/3/354 307/1/356
f 361/1/428 307/2/356 353/3/353
f 358/2/424 368/3/429 359/1/425
f 355/2/422 359/3/425 369/1/430
f 357/1/421 355/2/422 369/3/430
f 359/2/425 368/3/429 370/1/431
f 358/2/424 363/3/432 371/1/433
f 358/2/424 371/3/433 368/1/429
f 372/1/434 357/2/421 369/3/430
f 359/2/425 370/3/431 373/1/435
f 359/2/425 373/3/435 369/1/430
f 369/2/430 373/3/435 374/1/436
f 369/2/430 374/3/436 372/1/434
f 357/2/421 372/3/434 375/1/437
f 353/1/353 357/2/421 375/3/437
f 365/1/438 353/2/353 375/3/437
f 362/1/439 353/2/353 365/3/438
f 363/2/432 367/3/440 371/1/433
f 371/3/433 366/1/441 368/2/429
f 368/2/429 366/3/441 370/1/431
f 362/2/439 365/3/438 2785/1/442
f 376/1/443 2974/2/375 314/3/374
f 377/1/444 312/2/371 311/3/365
f 362/1/439 361/2/428 353/3/353
f 2508/1/445 2974/2/375 380/3/446
f 2508/2/445 380/3/446 2664/1/447
f 2508/2/445 2664/3/447 2546/1/448
f 2192/94/449 2191/95/362 309/3/427
f 3063/1/450 2192/96/449 309/3/427
f 3148/97/451 3063/3/450 2196/98/452
f 3151/1/453 308/2/361 310/3/363
f 3064/1/454 308/2/361 3151/3/453
f 311/2/365 2447/99/368 2585/100/455
f 2586/101/456 311/2/365 2585/102/455
f 313/2/369 312/3/371 377/1/444
f 313/2/369 377/3/444 2263/1/457
f 313/2/369 2263/3/457 2427/1/458
f 377/2/444 311/3/365 2193/1/459
f 377/2/444 2193/3/459 2263/1/457
f 376/2/443 314/3/374 2784/1/460
f 376/2/443 2784/3/460 2666/1/461
f 314/2/374 313/3/369 2427/1/458
f 314/2/374 2427/3/458 2784/1/460
f 362/2/439 2785/3/442 361/1/428
f 361/2/428 2785/3/442 2786/1/462
f 3151/1/453 310/2/363 307/3/356
f 3151/2/453 307/3/356 2787/1/463
f 390/1/464 364/2/464 2788/3/464
f 307/2/356 361/3/428 2787/1/463
f 361/3/428 2786/1/462 2787/2/463
f 383/3/465 391/1/465 384/2/465
f 2586/103/456 2194/104/466 2193/1/459
f 385/2/467 2777/105/468 386/1/469
f 388/3/470 2428/1/471 389/2/472
f 387/1/473 2264/2/473 2429/3/473
f 2784/1/460 2427/2/458 393/3/474
f 382/1/475 3065/2/476 3066/3/477
f 392/3/478 2196/106/452 3063/2/450
f 2198/107/479 3066/3/477 3042/108/480
f 309/2/427 308/3/361 3064/1/454
f 3063/1/450 309/2/427 3064/3/454
f 380/1/446 2974/2/375 376/3/443
f 380/2/446 376/3/443 2666/1/461
f 380/2/446 2666/3/461 2664/1/447
f 381/2/481 2665/3/481 2547/1/481
f 395/1/482 363/2/432 358/3/424
f 2430/2/383 2431/3/483 409/1/426
f 394/3/484 2846/109/485 2910/110/486
f 328/2/391 395/3/482 358/1/424
f 2240/2/487 2238/3/487 2239/1/487
f 2244/1/488 3108/111/489 3109/112/490
f 405/1/491 404/2/492 403/3/493
f 403/2/493 406/3/494 402/1/495
f 407/3/496 404/1/492 405/2/491
f 408/2/497 403/3/493 402/1/495
f 408/2/497 402/3/495 401/1/498
f 2772/2/499 2771/3/500 407/1/496
f 363/2/432 398/3/501 367/1/440
f 409/2/426 2772/3/499 407/1/496
f 409/2/426 407/3/496 410/1/400
f 410/2/400 407/3/496 405/1/491
f 410/2/400 405/3/491 403/1/493
f 395/2/482 399/3/502 398/1/501
f 395/2/482 398/3/501 363/1/432
f 411/2/503 410/3/400 403/1/493
f 411/2/503 403/3/493 408/1/497
f 412/2/504 408/3/497 401/1/498
f 412/2/504 401/3/498 360/1/505
f 360/2/505 401/3/498 400/1/506
f 360/2/505 2596/113/507 2595/114/508
f 400/3/506 2690/115/509 2596/116/507
f 2910/117/486 2911/118/510 394/1/484
f 399/1/502 2911/119/510 2912/120/511
f 394/2/484 399/3/502 395/1/482
f 2431/2/483 2772/3/499 409/1/426
f 298/3/396 412/1/504 297/2/395
f 367/2/440 2975/3/512 371/1/433
f 371/2/433 2975/3/512 3067/1/513
f 371/2/433 3067/3/513 366/1/441
f 366/2/441 3067/3/513 370/1/431
f 370/2/431 3067/3/513 3152/1/514
f 370/2/431 3152/3/514 373/1/435
f 373/2/435 3152/3/514 2241/1/515
f 373/2/435 2241/3/515 374/1/436
f 374/2/436 2241/3/515 372/1/434
f 372/2/434 2241/3/515 2242/1/516
f 375/1/437 372/2/434 2242/3/516
f 375/2/437 2242/3/516 365/1/438
f 365/2/438 2242/3/516 2434/1/517
f 365/2/438 2434/3/517 2785/1/442
f 2789/2/518 2785/3/442 2667/1/519
f 3065/2/476 2789/3/518 2667/1/519
f 3066/3/477 3065/1/476 2966/2/520
f 3066/3/477 3107/121/521 3042/122/480
f 2199/123/522 386/1/469 2777/124/468
f 404/3/492 407/1/496 3068/2/523
f 407/3/496 2790/1/524 3068/2/523
f 2771/1/500 2790/2/524 407/3/496
f 403/1/493 3062/2/525 406/3/494
f 403/3/493 3068/1/523 3062/2/525
f 404/1/492 3068/2/523 403/3/493
f 406/2/494 3062/3/525 2243/1/526
f 406/2/494 2243/3/526 401/1/498
f 400/3/506 2243/1/526 2244/2/488
f 401/1/498 2243/2/526 400/3/506
f 2690/125/509 2244/2/488 3109/126/490
f 397/2/527 2912/127/511 3043/128/528
f 3110/129/529 2236/130/530 397/2/527
f 398/2/501 397/3/527 2975/1/512
f 399/1/502 397/2/527 398/3/501
f 2785/3/442 2434/1/517 2667/2/519
f 3065/1/476 2667/2/519 427/3/531
f 3065/2/476 427/3/531 2966/1/520
f 3107/131/521 2966/2/520 2449/132/532
f 2793/3/533 2199/133/522 2200/134/534
f 2428/3/471 2793/1/533 2794/2/535
f 2428/3/471 386/1/469 2793/2/533
f 389/3/472 2794/1/535 2902/2/536
f 389/3/472 2428/1/471 2794/2/535
f 2548/3/537 2902/1/536 2668/2/537
f 2548/3/537 389/1/472 2902/2/536
f 3183/2/538 429/3/538 428/1/538
f 2202/3/538 2201/135/538 2676/136/538
f 2202/3/538 2245/1/538 428/2/538
f 3183/1/538 428/2/538 2245/3/538
f 2448/137/538 421/2/538 2450/138/538
f 2202/1/538 2676/139/538 2203/140/538
f 429/1/538 3183/2/538 2670/3/538
f 2671/1/538 429/2/538 2670/3/538
f 430/1/538 429/2/538 2671/3/538
f 430/2/538 2671/3/538 2795/1/538
f 431/1/538 430/2/538 2795/3/538
f 431/1/538 2795/2/538 2976/3/538
f 431/2/538 2976/3/538 3070/1/538
f 421/1/538 2792/2/538 3184/3/538
f 421/2/538 3184/3/538 2205/1/538
f 421/2/538 2206/141/538 2450/142/538
f 2436/2/539 422/3/538 423/1/540
f 2436/2/539 2437/3/538 422/1/538
f 2437/3/538 2672/1/538 422/2/538
f 425/1/541 422/2/538 2672/3/538
f 2672/3/538 2796/1/542 425/2/541
f 2796/3/542 426/1/543 425/2/541
f 420/1/538 419/2/544 3072/3/545
f 420/2/538 3072/3/545 3073/1/538
f 2792/1/538 420/2/538 3073/3/538
f 3153/1/538 2792/2/538 3073/3/538
f 2792/2/538 3153/3/538 3184/1/538
f 449/3/546 426/1/543 2796/2/542
f 449/3/546 2311/143/547 426/2/543
f 2311/144/547 2309/145/548 426/2/543
f 423/2/540 2597/146/540 1606/147/540
f 2631/3/539 2439/1/540 424/2/539
f 2439/3/540 423/1/540 424/2/539
f 2439/3/540 2438/1/540 423/2/540
f 2237/148/549 2913/1/550 2235/149/551
f 2913/1/550 2915/150/552 453/3/552
f 453/3/552 2977/1/549 2913/2/550
f 2977/2/549 414/3/538 2913/1/550
f 3074/1/538 414/2/538 2977/3/549
f 3154/1/538 414/2/538 3074/3/538
f 3154/3/538 415/1/538 414/2/538
f 2246/1/538 415/2/538 3154/3/538
f 2247/1/538 415/2/538 2246/3/538
f 2247/3/538 416/1/538 415/2/538
f 2440/1/538 416/2/538 2247/3/538
f 2440/3/538 417/1/538 416/2/538
f 2673/1/538 417/2/538 2440/3/538
f 2797/1/538 417/2/538 2673/3/538
f 418/1/538 417/2/538 2797/3/538
f 2978/1/538 418/2/538 2797/3/538
f 3075/1/545 418/2/538 2978/3/538
f 419/1/544 418/2/538 3075/3/545
f 419/2/544 3075/3/545 3155/1/544
f 465/1/544 419/2/544 3155/3/544
f 3072/1/545 419/2/544 465/3/544
f 472/2/553 474/3/554 475/1/555
f 3181/2/556 479/3/557 478/1/558
f 478/3/558 482/1/559 483/2/560
f 483/1/560 484/2/561 477/3/562
f 477/1/562 486/2/563 485/3/564
f 485/2/564 476/3/565 474/1/554
f 471/2/566 470/3/567 472/1/553
f 468/2/568 470/3/567 487/1/569
f 488/3/570 468/1/568 469/2/571
f 466/3/572 488/1/570 489/2/573
f 466/1/572 2248/151/574 2312/152/575
f 2250/3/576 479/1/557 3181/2/556
f 2250/3/576 2251/1/577 479/2/557
f 2601/153/578 2848/154/579 2251/2/577
f 2707/155/580 2677/1/581 3044/156/582
f 492/1/583 1616/157/584 1618/158/585
f 2678/1/586 492/2/583 2677/3/581
f 2678/3/586 494/1/587 492/2/583
f 494/2/587 2691/159/588 2693/160/588
f 495/1/589 2693/161/588 2849/162/590
f 3046/163/591 495/2/589 1622/164/591
f 496/1/592 3111/165/591 2315/166/593
f 2252/1/594 496/2/592 2316/167/595
f 498/1/596 496/2/592 2851/168/597
f 499/1/598 2847/169/599 2598/170/600
f 2252/3/594 2917/171/601 2852/172/602
f 2604/173/603 2253/1/604 2853/174/605
f 2253/3/604 2798/1/606 499/2/598
f 2251/3/577 502/1/607 479/2/557
f 2318/175/608 502/2/607 2848/176/579
f 502/2/607 2319/177/609 2694/178/610
f 2320/179/611 492/1/583 2321/180/612
f 492/3/583 503/1/613 1638/181/614
f 494/1/587 503/2/613 492/3/583
f 494/3/587 504/1/615 503/2/613
f 495/1/589 504/2/615 494/3/587
f 495/3/589 505/1/616 504/2/615
f 496/1/592 505/2/616 495/3/589
f 496/3/592 506/1/617 505/2/616
f 498/1/596 506/2/617 496/3/592
f 498/3/596 507/1/618 506/2/617
f 499/1/598 507/2/618 498/3/596
f 499/3/598 508/1/619 507/2/618
f 2798/1/606 508/2/619 499/3/598
f 2798/3/606 2979/1/620 508/2/619
f 479/3/557 482/1/559 478/2/558
f 502/1/607 482/2/559 479/3/557
f 503/1/613 2323/182/621 3048/183/622
f 510/1/623 2324/184/621 2322/185/621
f 504/1/615 510/2/623 503/3/613
f 504/3/615 511/1/624 510/2/623
f 505/1/616 511/2/624 504/3/615
f 505/3/616 512/1/625 511/2/624
f 506/1/617 512/2/625 505/3/616
f 506/3/617 513/1/626 512/2/625
f 507/1/618 513/2/626 506/3/617
f 507/3/618 514/1/627 513/2/626
f 508/1/619 514/2/627 507/3/618
f 508/3/619 515/1/628 514/2/627
f 2979/1/620 515/2/628 508/3/619
f 2979/3/620 2775/1/629 515/2/628
f 502/3/607 517/1/630 482/2/559
f 2696/186/631 517/2/630 2694/187/610
f 517/2/630 2920/188/632 3112/189/633
f 518/1/634 2326/190/635 2325/191/636
f 510/1/623 2325/192/636 2327/193/637
f 510/3/623 519/1/638 518/2/634
f 511/1/624 519/2/638 510/3/623
f 511/3/624 520/1/639 519/2/638
f 512/1/625 520/2/639 511/3/624
f 512/3/625 521/1/640 520/2/639
f 513/1/626 521/2/640 512/3/625
f 513/3/626 522/1/641 521/2/640
f 514/1/627 522/2/641 513/3/626
f 514/3/627 523/1/642 522/2/641
f 515/1/628 523/2/642 514/3/627
f 515/3/628 524/1/643 523/2/642
f 515/3/628 2775/1/629 524/2/643
f 2775/3/629 2776/1/644 524/2/643
f 482/3/559 484/1/561 483/2/560
f 482/3/559 517/1/630 484/2/561
f 517/3/630 526/1/645 484/2/561
f 526/2/645 3112/194/633 2921/195/646
f 527/1/647 526/2/645 2922/196/648
f 3049/197/649 2328/198/650 527/2/647
f 527/2/647 2329/199/651 2606/200/652
f 528/1/653 2855/201/654 2923/202/655
f 518/1/634 2923/203/655 3051/204/656
f 518/3/634 529/1/657 528/2/653
f 519/1/638 529/2/657 518/3/634
f 519/3/638 530/1/658 529/2/657
f 520/1/639 530/2/658 519/3/638
f 520/3/639 531/1/659 530/2/658
f 521/1/640 531/2/659 520/3/639
f 521/3/640 532/1/660 531/2/659
f 522/1/641 532/2/660 521/3/640
f 522/3/641 533/1/661 532/2/660
f 523/1/642 533/2/661 522/3/641
f 523/3/642 534/1/662 533/2/661
f 524/1/643 534/2/662 523/3/642
f 524/3/643 535/1/663 534/2/662
f 524/3/643 2776/1/644 535/2/663
f 2776/3/644 2980/1/664 535/2/663
f 537/1/665 2608/205/666 2332/206/667
f 528/1/653 537/2/665 2609/207/668
f 528/3/653 538/1/669 537/2/665
f 529/1/657 538/2/669 528/3/653
f 529/3/657 539/1/670 538/2/669
f 530/1/658 539/2/670 529/3/657
f 530/3/658 540/1/671 539/2/670
f 531/1/659 540/2/671 530/3/658
f 531/3/659 541/1/672 540/2/671
f 532/1/660 541/2/672 531/3/659
f 532/3/660 542/1/673 541/2/672
f 533/1/661 542/2/673 532/3/660
f 533/3/661 543/1/674 542/2/673
f 534/1/662 543/2/674 533/3/661
f 534/3/662 544/1/675 543/2/674
f 535/1/663 544/2/675 534/3/662
f 535/3/663 545/1/676 544/2/675
f 2980/1/664 545/2/676 535/3/663
f 2980/3/664 2478/1/677 545/2/676
f 526/3/645 547/1/678 484/2/561
f 526/3/645 527/1/647 547/2/678
f 527/3/647 548/1/679 547/2/678
f 527/3/647 537/1/665 548/2/679
f 537/3/665 549/1/680 548/2/679
f 538/1/669 549/2/680 537/3/665
f 538/3/669 550/1/681 549/2/680
f 539/1/670 550/2/681 538/3/669
f 539/3/670 551/1/682 550/2/681
f 540/1/671 551/2/682 539/3/670
f 540/3/671 552/1/683 551/2/682
f 541/1/672 552/2/683 540/3/671
f 541/3/672 553/1/684 552/2/683
f 542/1/673 553/2/684 541/3/672
f 542/3/673 554/1/685 553/2/684
f 543/1/674 554/2/685 542/3/673
f 543/3/674 555/1/686 554/2/685
f 544/1/675 555/2/686 543/3/674
f 544/3/675 556/1/687 555/2/686
f 545/1/676 556/2/687 544/3/675
f 545/3/676 557/1/688 556/2/687
f 545/3/676 2478/1/677 557/2/688
f 2478/3/677 2479/1/689 557/2/688
f 484/3/561 486/1/563 477/2/562
f 484/3/561 547/1/678 486/2/563
f 559/1/690 548/2/679 549/3/680
f 550/1/681 559/2/690 549/3/680
f 560/1/691 559/2/690 550/3/681
f 551/1/682 560/2/691 550/3/681
f 561/1/692 560/2/691 551/3/682
f 552/1/683 561/2/692 551/3/682
f 562/1/693 561/2/692 552/3/683
f 553/1/684 562/2/693 552/3/683
f 563/1/694 562/2/693 553/3/684
f 554/1/685 563/2/694 553/3/684
f 564/1/695 563/2/694 554/3/685
f 555/1/686 564/2/695 554/3/685
f 565/1/696 564/2/695 555/3/686
f 556/1/687 565/2/696 555/3/686
f 566/1/697 565/2/696 556/3/687
f 557/1/688 566/2/697 556/3/687
f 567/1/698 566/2/697 557/3/688
f 567/2/698 557/3/688 2479/1/689
f 3093/1/699 567/2/698 2479/3/689
f 547/3/678 569/1/700 486/2/563
f 569/2/700 547/3/678 548/1/679
f 570/1/701 569/2/700 548/3/679
f 559/1/690 570/2/701 548/3/679
f 571/1/702 570/2/701 559/3/690
f 560/1/691 571/2/702 559/3/690
f 572/1/703 571/2/702 560/3/691
f 561/1/692 572/2/703 560/3/691
f 573/1/704 572/2/703 561/3/692
f 562/1/693 573/2/704 561/3/692
f 574/1/705 573/2/704 562/3/693
f 563/1/694 574/2/705 562/3/693
f 575/1/706 574/2/705 563/3/694
f 564/1/695 575/2/706 563/3/694
f 576/1/707 575/2/706 564/3/695
f 565/1/696 576/2/707 564/3/695
f 577/1/708 576/2/707 565/3/696
f 566/1/697 577/2/708 565/3/696
f 578/1/709 577/2/708 566/3/697
f 567/1/698 578/2/709 566/3/697
f 579/1/710 578/2/709 567/3/698
f 3093/1/699 579/2/710 567/3/698
f 2778/1/711 579/2/710 3093/3/699
f 486/3/563 476/1/565 485/2/564
f 569/1/700 476/2/565 486/3/563
f 581/1/712 570/2/701 571/3/702
f 572/1/703 581/2/712 571/3/702
f 582/1/713 581/2/712 572/3/703
f 573/1/704 582/2/713 572/3/703
f 583/1/714 582/2/713 573/3/704
f 574/1/705 583/2/714 573/3/704
f 584/1/715 583/2/714 574/3/705
f 575/1/706 584/2/715 574/3/705
f 585/1/716 584/2/715 575/3/706
f 576/1/707 585/2/716 575/3/706
f 586/1/717 585/2/716 576/3/707
f 577/1/708 586/2/717 576/3/707
f 587/1/718 586/2/717 577/3/708
f 578/1/709 587/2/718 577/3/708
f 588/1/719 587/2/718 578/3/709
f 579/1/710 588/2/719 578/3/709
f 589/1/720 588/2/719 579/3/710
f 589/2/720 579/3/710 2778/1/711
f 2779/1/721 589/2/720 2778/3/711
f 591/1/722 476/2/565 569/3/700
f 591/2/722 569/3/700 570/1/701
f 592/1/723 591/2/722 570/3/701
f 592/2/723 570/3/701 581/1/712
f 593/1/724 592/2/723 581/3/712
f 582/1/713 593/2/724 581/3/712
f 594/1/725 593/2/724 582/3/713
f 583/1/714 594/2/725 582/3/713
f 595/1/726 594/2/725 583/3/714
f 584/1/715 595/2/726 583/3/714
f 596/1/727 595/2/726 584/3/715
f 585/1/716 596/2/727 584/3/715
f 597/1/728 596/2/727 585/3/716
f 586/1/717 597/2/728 585/3/716
f 598/1/729 597/2/728 586/3/717
f 587/1/718 598/2/729 586/3/717
f 599/1/730 598/2/729 587/3/718
f 588/1/719 599/2/730 587/3/718
f 600/1/731 599/2/730 588/3/719
f 589/1/720 600/2/731 588/3/719
f 601/1/732 600/2/731 589/3/720
f 2779/1/721 601/2/732 589/3/720
f 2480/1/733 601/2/732 2779/3/721
f 475/1/555 474/2/554 476/3/565
f 591/1/722 475/2/555 476/3/565
f 603/1/734 475/2/555 591/3/722
f 592/1/723 603/2/734 591/3/722
f 604/1/735 603/2/734 592/3/723
f 593/1/724 604/2/735 592/3/723
f 605/1/736 604/2/735 593/3/724
f 594/1/725 605/2/736 593/3/724
f 606/1/737 605/2/736 594/3/725
f 595/1/726 606/2/737 594/3/725
f 607/1/738 606/2/737 595/3/726
f 596/1/727 607/2/738 595/3/726
f 608/1/739 607/2/738 596/3/727
f 597/1/728 608/2/739 596/3/727
f 609/1/740 608/2/739 597/3/728
f 598/1/729 609/2/740 597/3/728
f 610/1/741 609/2/740 598/3/729
f 599/1/730 610/2/741 598/3/729
f 611/1/742 610/2/741 599/3/730
f 600/1/731 611/2/742 599/3/730
f 612/1/743 611/2/742 600/3/731
f 601/1/732 612/2/743 600/3/731
f 613/1/744 612/2/743 601/3/732
f 2480/1/733 613/2/744 601/3/732
f 2481/1/745 613/2/744 2480/3/733
f 615/1/746 604/2/735 605/3/736
f 606/1/737 615/2/746 605/3/736
f 616/1/747 615/2/746 606/3/737
f 607/1/738 616/2/747 606/3/737
f 617/1/748 616/2/747 607/3/738
f 608/1/739 617/2/748 607/3/738
f 618/1/749 617/2/748 608/3/739
f 609/1/740 618/2/749 608/3/739
f 619/1/750 618/2/749 609/3/740
f 610/1/741 619/2/750 609/3/740
f 620/1/751 619/2/750 610/3/741
f 611/1/742 620/2/751 610/3/741
f 621/1/752 620/2/751 611/3/742
f 612/1/743 621/2/752 611/3/742
f 622/1/753 621/2/752 612/3/743
f 613/1/744 622/2/753 612/3/743
f 623/1/754 622/2/753 613/3/744
f 623/2/754 613/3/744 2481/1/745
f 3096/1/755 623/2/754 2481/3/745
f 473/1/756 472/2/553 475/3/555
f 603/1/734 473/2/756 475/3/555
f 625/1/757 473/2/756 603/3/734
f 604/1/735 625/2/757 603/3/734
f 626/1/758 625/2/757 604/3/735
f 626/2/758 604/3/735 615/1/746
f 627/1/759 626/2/758 615/3/746
f 615/3/746 616/1/747 627/2/759
f 628/1/760 627/2/759 616/3/747
f 616/3/747 617/1/748 628/2/760
f 629/1/761 628/2/760 617/3/748
f 617/3/748 618/1/749 629/2/761
f 630/1/762 629/2/761 618/3/749
f 618/3/749 619/1/750 630/2/762
f 631/1/763 630/2/762 619/3/750
f 619/3/750 620/1/751 631/2/763
f 632/1/764 631/2/763 620/3/751
f 620/3/751 621/1/752 632/2/764
f 633/1/765 632/2/764 621/3/752
f 621/3/752 622/1/753 633/2/765
f 634/1/766 633/2/765 622/3/753
f 623/1/754 634/2/766 622/3/753
f 635/1/767 634/2/766 623/3/754
f 3096/1/755 635/2/767 623/3/754
f 2780/1/768 635/2/767 3096/3/755
f 637/1/769 626/2/758 627/3/759
f 628/1/760 637/2/769 627/3/759
f 638/1/770 637/2/769 628/3/760
f 629/1/761 638/2/770 628/3/760
f 639/1/771 638/2/770 629/3/761
f 630/1/762 639/2/771 629/3/761
f 640/1/772 639/2/771 630/3/762
f 631/1/763 640/2/772 630/3/762
f 641/1/773 640/2/772 631/3/763
f 632/1/764 641/2/773 631/3/763
f 642/1/774 641/2/773 632/3/764
f 633/1/765 642/2/774 632/3/764
f 643/1/775 642/2/774 633/3/765
f 634/1/766 643/2/775 633/3/765
f 644/1/776 643/2/775 634/3/766
f 635/1/767 644/2/776 634/3/766
f 645/1/777 644/2/776 635/3/767
f 2780/1/768 645/2/777 635/3/767
f 2781/1/778 645/2/777 2780/3/768
f 471/1/566 472/2/553 473/3/756
f 471/2/566 473/3/756 625/1/757
f 647/1/779 471/2/566 625/3/757
f 647/2/779 625/3/757 626/1/758
f 648/1/780 647/2/779 626/3/758
f 637/1/769 648/2/780 626/3/758
f 649/1/781 648/2/780 637/3/769
f 638/1/770 649/2/781 637/3/769
f 650/1/782 649/2/781 638/3/770
f 639/1/771 650/2/782 638/3/770
f 651/1/783 650/2/782 639/3/771
f 640/1/772 651/2/783 639/3/771
f 652/1/784 651/2/783 640/3/772
f 641/1/773 652/2/784 640/3/772
f 653/1/785 652/2/784 641/3/773
f 642/1/774 653/2/785 641/3/773
f 654/1/786 653/2/785 642/3/774
f 643/1/775 654/2/786 642/3/774
f 655/1/787 654/2/786 643/3/775
f 644/1/776 655/2/787 643/3/775
f 656/1/788 655/2/787 644/3/776
f 645/1/777 656/2/788 644/3/776
f 657/1/789 656/2/788 645/3/777
f 2781/1/778 657/2/789 645/3/777
f 2482/1/790 657/2/789 2781/3/778
f 659/1/791 471/2/566 647/3/779
f 648/1/780 659/2/791 647/3/779
f 660/1/792 648/2/780 649/3/781
f 650/1/782 660/2/792 649/3/781
f 661/1/793 660/2/792 650/3/782
f 651/1/783 661/2/793 650/3/782
f 662/1/794 661/2/793 651/3/783
f 652/1/784 662/2/794 651/3/783
f 663/1/795 662/2/794 652/3/784
f 653/1/785 663/2/795 652/3/784
f 664/1/796 663/2/795 653/3/785
f 654/1/786 664/2/796 653/3/785
f 665/1/797 664/2/796 654/3/786
f 655/1/787 665/2/797 654/3/786
f 666/1/798 665/2/797 655/3/787
f 656/1/788 666/2/798 655/3/787
f 667/1/799 666/2/798 656/3/788
f 657/1/789 667/2/799 656/3/788
f 668/1/800 667/2/799 657/3/789
f 668/2/800 657/3/789 2482/1/790
f 2483/1/801 668/2/800 2482/3/790
f 470/2/567 471/3/566 487/1/569
f 487/2/569 471/3/566 659/1/791
f 670/1/802 659/2/791 648/3/780
f 660/1/792 670/2/802 648/3/780
f 671/1/803 670/2/802 660/3/792
f 661/1/793 671/2/803 660/3/792
f 672/1/804 671/2/803 661/3/793
f 662/1/794 672/2/804 661/3/793
f 673/1/805 672/2/804 662/3/794
f 663/1/795 673/2/805 662/3/794
f 674/1/806 673/2/805 663/3/795
f 664/1/796 674/2/806 663/3/795
f 675/1/807 674/2/806 664/3/796
f 665/1/797 675/2/807 664/3/796
f 676/1/808 675/2/807 665/3/797
f 666/1/798 676/2/808 665/3/797
f 677/1/809 676/2/808 666/3/798
f 667/1/799 677/2/809 666/3/798
f 678/1/810 677/2/809 667/3/799
f 668/1/800 678/2/810 667/3/799
f 679/1/811 678/2/810 668/3/800
f 2483/1/801 679/2/811 668/3/800
f 2981/1/812 679/2/811 2483/3/801
f 487/2/569 659/3/791 681/1/813
f 681/2/813 659/3/791 670/1/802
f 682/1/814 670/2/802 671/3/803
f 672/1/804 682/2/814 671/3/803
f 683/1/815 682/2/814 672/3/804
f 673/1/805 683/2/815 672/3/804
f 684/1/816 683/2/815 673/3/805
f 674/1/806 684/2/816 673/3/805
f 685/1/817 684/2/816 674/3/806
f 675/1/807 685/2/817 674/3/806
f 686/1/818 685/2/817 675/3/807
f 676/1/808 686/2/818 675/3/807
f 687/1/819 686/2/818 676/3/808
f 677/1/809 687/2/819 676/3/808
f 688/1/820 687/2/819 677/3/809
f 678/1/810 688/2/820 677/3/809
f 689/1/821 688/2/820 678/3/810
f 679/1/811 689/2/821 678/3/810
f 690/1/822 689/2/821 679/3/811
f 2981/1/812 690/2/822 679/3/811
f 2625/1/823 690/2/822 2981/3/812
f 468/2/568 487/3/569 469/1/571
f 469/2/571 487/3/569 681/1/813
f 469/2/571 681/3/813 692/1/824
f 670/1/802 692/2/824 681/3/813
f 693/1/825 692/2/824 670/3/802
f 682/1/814 693/2/825 670/3/802
f 694/1/826 693/2/825 682/3/814
f 683/1/815 694/2/826 682/3/814
f 695/1/827 694/2/826 683/3/815
f 684/1/816 695/2/827 683/3/815
f 696/1/828 695/2/827 684/3/816
f 685/1/817 696/2/828 684/3/816
f 697/1/829 696/2/828 685/3/817
f 686/1/818 697/2/829 685/3/817
f 698/1/830 697/2/829 686/3/818
f 687/1/819 698/2/830 686/3/818
f 699/1/831 698/2/830 687/3/819
f 688/1/820 699/2/831 687/3/819
f 700/1/832 699/2/831 688/3/820
f 689/1/821 700/2/832 688/3/820
f 701/1/833 700/2/832 689/3/821
f 690/1/822 701/2/833 689/3/821
f 702/1/834 701/2/833 690/3/822
f 2625/1/823 702/2/834 690/3/822
f 2626/1/835 702/2/834 2625/3/823
f 704/1/836 693/2/825 694/3/826
f 695/1/827 704/2/836 694/3/826
f 705/1/837 704/2/836 695/3/827
f 696/1/828 705/2/837 695/3/827
f 706/1/838 705/2/837 696/3/828
f 697/1/829 706/2/838 696/3/828
f 707/1/839 706/2/838 697/3/829
f 698/1/830 707/2/839 697/3/829
f 708/1/840 707/2/839 698/3/830
f 699/1/831 708/2/840 698/3/830
f 709/1/841 708/2/840 699/3/831
f 700/1/832 709/2/841 699/3/831
f 710/1/842 709/2/841 700/3/832
f 701/1/833 710/2/842 700/3/832
f 711/1/843 710/2/842 701/3/833
f 702/1/834 711/2/843 701/3/833
f 712/1/844 711/2/843 702/3/834
f 712/2/844 702/3/834 2626/1/835
f 2257/1/845 712/2/844 2626/3/835
f 469/2/571 692/3/824 714/1/846
f 714/2/846 692/3/824 693/1/825
f 715/1/847 714/2/846 693/3/825
f 704/1/836 715/2/847 693/3/825
f 716/1/848 715/2/847 704/3/836
f 705/1/837 716/2/848 704/3/836
f 717/1/849 716/2/848 705/3/837
f 706/1/838 717/2/849 705/3/837
f 718/1/850 717/2/849 706/3/838
f 707/1/839 718/2/850 706/3/838
f 719/1/851 718/2/850 707/3/839
f 708/1/840 719/2/851 707/3/839
f 720/1/852 719/2/851 708/3/840
f 709/1/841 720/2/852 708/3/840
f 721/1/853 720/2/852 709/3/841
f 710/1/842 721/2/853 709/3/841
f 722/1/854 721/2/853 710/3/842
f 711/1/843 722/2/854 710/3/842
f 723/1/855 722/2/854 711/3/843
f 712/1/844 723/2/855 711/3/843
f 724/1/856 723/2/855 712/3/844
f 2257/1/845 724/2/856 712/3/844
f 2258/1/857 724/2/856 2257/3/845
f 488/2/570 469/3/571 489/1/573
f 489/2/573 469/3/571 714/1/846
f 726/1/858 489/2/573 714/3/846
f 715/1/847 726/2/858 714/3/846
f 727/1/859 715/2/847 716/3/848
f 717/1/849 727/2/859 716/3/848
f 728/1/860 727/2/859 717/3/849
f 718/1/850 728/2/860 717/3/849
f 729/1/861 728/2/860 718/3/850
f 719/1/851 729/2/861 718/3/850
f 730/1/862 729/2/861 719/3/851
f 720/1/852 730/2/862 719/3/851
f 731/1/863 730/2/862 720/3/852
f 721/1/853 731/2/863 720/3/852
f 732/1/864 731/2/863 721/3/853
f 722/1/854 732/2/864 721/3/853
f 733/1/865 732/2/864 722/3/854
f 723/1/855 733/2/865 722/3/854
f 734/1/866 733/2/865 723/3/855
f 724/1/856 734/2/866 723/3/855
f 735/1/867 734/2/866 724/3/856
f 735/2/867 724/3/856 2258/1/857
f 2983/1/868 735/2/867 2258/3/857
f 737/1/869 726/2/858 715/3/847
f 737/2/869 715/3/847 727/1/859
f 738/1/870 737/2/869 727/3/859
f 728/1/860 738/2/870 727/3/859
f 739/1/871 738/2/870 728/3/860
f 729/1/861 739/2/871 728/3/860
f 740/1/872 739/2/871 729/3/861
f 730/1/862 740/2/872 729/3/861
f 741/1/873 740/2/872 730/3/862
f 731/1/863 741/2/873 730/3/862
f 742/1/874 741/2/873 731/3/863
f 732/1/864 742/2/874 731/3/863
f 743/1/875 742/2/874 732/3/864
f 733/1/865 743/2/875 732/3/864
f 744/1/876 743/2/875 733/3/865
f 734/1/866 744/2/876 733/3/865
f 745/1/877 744/2/876 734/3/866
f 735/1/867 745/2/877 734/3/866
f 746/1/878 745/2/877 735/3/867
f 2983/1/868 746/2/878 735/3/867
f 2627/1/879 746/2/878 2983/3/868
f 467/1/880 466/2/572 489/3/573
f 726/1/858 467/2/880 489/3/573
f 748/1/881 467/2/880 726/3/858
f 737/1/869 748/2/881 726/3/858
f 749/1/882 737/2/869 738/3/870
f 739/1/871 749/2/882 738/3/870
f 750/1/883 749/2/882 739/3/871
f 740/1/872 750/2/883 739/3/871
f 751/1/884 750/2/883 740/3/872
f 741/1/873 751/2/884 740/3/872
f 752/1/885 751/2/884 741/3/873
f 742/1/874 752/2/885 741/3/873
f 753/1/886 752/2/885 742/3/874
f 743/1/875 753/2/886 742/3/874
f 754/1/887 753/2/886 743/3/875
f 744/1/876 754/2/887 743/3/875
f 755/1/888 754/2/887 744/3/876
f 745/1/877 755/2/888 744/3/876
f 756/1/889 755/2/888 745/3/877
f 746/1/878 756/2/889 745/3/877
f 757/1/890 756/2/889 746/3/878
f 757/2/890 746/3/878 2627/1/879
f 2628/1/891 757/2/890 2627/3/879
f 759/1/892 748/2/881 737/3/869
f 759/2/892 737/3/869 749/1/882
f 760/1/893 759/2/892 749/3/882
f 750/1/883 760/2/893 749/3/882
f 760/2/893 3188/208/894 2616/209/895
f 750/3/883 2967/210/896 3081/211/896
f 2801/212/897 2800/213/896 751/3/884
f 751/3/884 2255/214/898 2801/215/897
f 2255/216/898 752/3/885 2256/217/899
f 752/3/885 2615/218/900 2256/219/899
f 753/3/886 2782/220/900 2803/221/900
f 754/1/887 761/2/901 753/3/886
f 762/1/902 761/2/901 754/3/887
f 755/1/888 762/2/902 754/3/887
f 763/1/903 762/2/902 755/3/888
f 756/1/889 763/2/903 755/3/888
f 764/1/904 763/2/903 756/3/889
f 757/1/890 764/2/904 756/3/889
f 765/1/905 764/2/904 757/3/890
f 765/2/905 757/3/890 2628/1/891
f 3097/1/906 765/2/905 2628/3/891
f 2249/222/907 467/3/880 2698/223/908
f 467/3/880 3113/224/909 2698/225/908
f 3113/226/909 748/3/881 2335/227/910
f 748/3/881 2857/228/911 2699/229/912
f 2858/230/913 2857/231/911 759/3/892
f 3114/232/914 2858/233/913 759/3/892
f 2336/234/915 3114/235/914 760/3/893
f 2336/236/915 2208/237/916 2210/238/917
f 2611/239/918 2210/240/917 2211/241/917
f 761/1/901 2881/242/919 2982/243/920
f 761/3/901 2924/244/921 2883/245/922
f 761/3/901 3053/246/923 2925/247/924
f 3115/248/925 3053/249/923 762/3/902
f 3115/250/925 763/1/903 2338/251/926
f 763/3/903 2340/252/926 2338/253/926
f 763/3/903 2774/254/927 2721/255/928
f 2774/256/927 2927/257/929 2341/258/930
f 2343/259/931 3054/260/932 3055/261/933
f 3057/262/934 2343/263/931 765/3/905
f 3097/3/906 3098/1/935 2345/264/936
f 768/2/937 470/3/567 468/1/568
f 769/1/938 472/2/553 470/3/567
f 770/2/939 472/3/553 769/1/938
f 770/2/939 474/3/554 472/1/553
f 477/3/562 485/1/564 771/2/940
f 2613/265/941 466/2/572 2312/266/575
f 2769/3/942 773/1/943 466/2/572
f 2769/3/942 774/1/944 773/2/943
f 2770/1/945 774/2/944 2769/3/942
f 2770/3/945 776/1/946 774/2/944
f 2259/1/947 776/2/946 2770/3/945
f 2259/3/947 778/1/948 776/2/946
f 2259/3/947 779/1/949 778/2/948
f 2260/1/950 779/2/949 2259/3/947
f 2260/3/950 781/1/951 779/2/949
f 2260/3/950 782/1/952 781/2/951
f 3181/1/556 782/2/952 2260/3/950
f 3181/3/556 478/1/558 782/2/952
f 771/2/940 485/3/564 474/1/554
f 783/1/953 771/2/940 474/3/554
f 783/2/953 474/3/554 770/1/939
f 769/2/938 470/3/567 768/1/937
f 783/2/953 770/3/939 784/1/954
f 784/2/954 770/3/939 769/1/938
f 784/2/954 769/3/938 768/1/937
f 478/2/558 483/3/560 477/1/562
f 478/2/558 477/3/562 782/1/952
f 782/2/952 477/3/562 771/1/940
f 782/2/952 771/3/940 781/1/951
f 781/2/951 771/3/940 783/1/953
f 779/1/949 781/2/951 783/3/953
f 779/2/949 783/3/953 784/1/954
f 778/1/948 779/2/949 784/3/954
f 778/2/948 784/3/954 776/1/946
f 776/2/946 784/3/954 768/1/937
f 774/1/944 776/2/946 768/3/937
f 774/2/944 768/3/937 468/1/568
f 773/1/943 774/2/944 468/3/568
f 773/2/943 468/3/568 488/1/570
f 773/2/943 488/3/570 466/1/572
f 48/1/53 295/2/56 47/3/51
f 35/3/35 36/1/330 2233/2/34
f 307/2/356 302/3/355 353/1/353
f 327/1/398 410/2/400 411/3/503
f 324/3/399 410/1/400 327/2/398
f 327/2/398 411/3/503 326/1/397
f 326/1/397 411/2/503 408/3/497
f 2689/267/394 2846/268/485 329/1/392
f 329/2/392 394/3/484 328/1/391
f 328/1/391 394/2/484 395/3/482
f 367/1/440 398/2/501 2975/3/512
f 2595/269/508 322/1/348 360/2/505
f 297/3/395 360/1/505 322/2/348
f 298/1/396 408/2/497 412/3/504
f 326/3/397 408/1/497 298/2/396
f 297/1/395 412/2/504 360/3/505
f 2485/2/539 2631/3/539 424/1/539
f 792/1/955 791/3/956 789/2/957
f 799/3/958 797/2/959 800/1/960
f 799/2/958 802/1/961 801/3/962
f 1708/270/963 1084/1/964 1709/271/965
f 807/1/966 3059/272/967 3060/273/968
f 808/1/969 2346/274/970 2347/275/970
f 808/3/969 807/2/966 809/1/971
f 810/1/972 808/3/969 809/2/971
f 812/2/973 810/1/972 811/3/974
f 810/2/972 809/1/971 811/3/974
f 813/2/975 812/1/973 814/3/976
f 812/2/973 811/1/974 814/3/976
f 813/3/975 814/2/976 815/1/977
f 816/1/978 813/3/975 815/2/977
f 817/2/979 815/1/977 818/3/980
f 816/1/978 815/3/977 817/2/979
f 817/3/979 818/2/980 819/1/981
f 2875/1/982 817/3/979 819/2/981
f 2875/2/982 819/1/981 2879/3/983
f 806/3/984 805/2/985 821/1/986
f 821/3/986 805/2/985 822/1/987
f 821/3/986 822/2/987 823/1/988
f 827/2/989 828/1/990 826/3/991
f 825/1/992 828/3/990 827/2/989
f 829/2/993 827/1/989 830/3/994
f 827/2/989 826/1/991 830/3/994
f 3186/276/995 830/1/994 2267/277/996
f 829/1/993 2122/278/997 2452/279/997
f 831/3/998 3069/280/999 3009/281/1000
f 831/3/998 2129/282/1001 3185/283/1002
f 834/3/1003 833/2/1004 835/1/1005
f 836/1/1006 834/3/1003 835/2/1005
f 834/2/1003 832/1/1007 833/3/1004
f 832/2/1007 837/1/1008 833/3/1004
f 832/2/1007 831/1/998 837/3/1008
f 836/2/1006 1083/1/1009 838/3/1010
f 838/3/1010 1083/2/1009 839/1/1011
f 803/3/1012 838/2/1010 839/1/1011
f 841/3/1013 840/2/1014 803/1/1012
f 801/3/962 840/2/1014 841/1/1013
f 797/1/959 795/3/1015 796/2/1016
f 794/2/1017 795/1/1015 793/3/1018
f 842/1/1019 793/3/1018 791/2/956
f 843/2/1020 789/1/957 844/3/1021
f 845/3/1022 806/2/984 821/1/986
f 845/3/1022 821/2/986 846/1/1023
f 846/3/1023 821/2/986 823/1/988
f 846/3/1023 823/2/988 847/1/1024
f 847/3/1024 823/2/988 825/1/992
f 847/3/1024 825/2/992 848/1/1025
f 825/2/992 827/1/989 848/3/1025
f 848/3/1025 827/2/989 849/1/1026
f 849/3/1026 827/2/989 829/1/993
f 849/3/1026 829/2/993 850/1/1027
f 850/3/1027 829/2/993 2457/284/1028
f 2808/285/1029 850/3/1027 2752/286/1030
f 3084/287/1031 851/3/1032 2808/288/1029
f 851/3/1032 3138/289/1033 852/1/1034
f 852/3/1034 2139/290/1033 2435/291/1033
f 853/1/1035 2216/292/1036 2217/293/1037
f 2971/294/1038 832/1/1007 2891/295/1037
f 853/3/1035 832/2/1007 834/1/1003
f 2505/2/1039 854/1/1040 2875/3/982
f 854/2/1040 817/1/979 2875/3/982
f 854/2/1040 855/1/1041 817/3/979
f 855/2/1041 816/1/978 817/3/979
f 855/2/1041 813/1/975 816/3/978
f 855/2/1041 856/1/1042 813/3/975
f 856/2/1042 812/1/973 813/3/975
f 857/1/1043 812/3/973 856/2/1042
f 857/2/1043 810/1/972 812/3/973
f 858/1/1044 810/3/972 857/2/1043
f 858/2/1044 808/1/969 810/3/972
f 858/2/1044 859/1/1045 808/3/969
f 2717/296/1046 2716/297/1046 808/3/969
f 859/2/1045 1718/298/1046 2717/299/1046
f 860/1/1047 1708/300/963 1720/301/1048
f 860/2/1047 1109/1/1049 1084/3/964
f 860/2/1047 843/1/1020 1109/3/1049
f 843/2/1020 844/1/1021 1109/3/1049
f 804/1/1050 838/3/1010 803/2/1012
f 861/1/1051 838/3/1010 804/2/1050
f 864/1/1052 863/3/1053 862/2/1054
f 865/1/1055 863/3/1053 864/2/1052
f 866/1/1056 865/3/1055 864/2/1052
f 867/1/1057 865/3/1055 866/2/1056
f 868/1/1058 867/3/1057 866/2/1056
f 869/1/1059 867/3/1057 868/2/1058
f 870/1/1060 869/3/1059 868/2/1058
f 871/1/1061 869/3/1059 870/2/1060
f 872/1/1062 871/3/1061 870/2/1060
f 873/1/1063 871/3/1061 872/2/1062
f 874/1/1064 873/3/1063 872/2/1062
f 875/1/1065 873/3/1063 874/2/1064
f 876/1/1066 875/3/1065 874/2/1064
f 877/1/1067 875/3/1065 876/2/1066
f 878/1/1068 877/3/1067 876/2/1066
f 878/2/1068 879/1/1069 877/3/1067
f 880/1/1070 879/3/1069 878/2/1068
f 2261/1/1071 879/3/1069 880/2/1070
f 2262/1/1072 2261/3/1071 880/2/1070
f 883/1/1073 861/3/1051 804/2/1050
f 883/2/1073 862/1/1054 861/3/1051
f 884/1/1074 862/3/1054 883/2/1073
f 884/2/1074 864/1/1052 862/3/1054
f 885/1/1075 864/3/1052 884/2/1074
f 885/2/1075 866/1/1056 864/3/1052
f 886/1/1076 866/3/1056 885/2/1075
f 868/1/1058 866/3/1056 886/2/1076
f 887/1/1077 868/3/1058 886/2/1076
f 870/1/1060 868/3/1058 887/2/1077
f 888/1/1078 870/3/1060 887/2/1077
f 872/1/1062 870/3/1060 888/2/1078
f 889/1/1079 872/3/1062 888/2/1078
f 874/1/1064 872/3/1062 889/2/1079
f 890/1/1080 874/3/1064 889/2/1079
f 876/1/1066 874/3/1064 890/2/1080
f 891/1/1081 876/3/1066 890/2/1080
f 878/1/1068 876/3/1066 891/2/1081
f 892/1/1082 878/3/1068 891/2/1081
f 880/1/1070 878/3/1068 892/2/1082
f 893/1/1083 880/3/1070 892/2/1082
f 893/2/1083 2262/1/1072 880/3/1070
f 840/1/1014 804/3/1050 803/2/1012
f 840/2/1014 883/1/1073 804/3/1050
f 894/1/1084 884/3/1074 883/2/1073
f 885/1/1075 884/3/1074 894/2/1084
f 895/1/1085 885/3/1075 894/2/1084
f 886/1/1076 885/3/1075 895/2/1085
f 896/1/1086 886/3/1076 895/2/1085
f 887/1/1077 886/3/1076 896/2/1086
f 897/1/1087 887/3/1077 896/2/1086
f 888/1/1078 887/3/1077 897/2/1087
f 898/1/1088 888/3/1078 897/2/1087
f 889/1/1079 888/3/1078 898/2/1088
f 899/1/1089 889/3/1079 898/2/1088
f 890/1/1080 889/3/1079 899/2/1089
f 900/1/1090 890/3/1080 899/2/1089
f 891/1/1081 890/3/1080 900/2/1090
f 901/1/1091 891/3/1081 900/2/1090
f 892/1/1082 891/3/1081 901/2/1091
f 902/1/1092 892/3/1082 901/2/1091
f 893/1/1083 892/3/1082 902/2/1092
f 903/1/1093 893/3/1083 902/2/1092
f 904/1/1094 883/3/1073 840/2/1014
f 904/2/1094 894/1/1084 883/3/1073
f 905/1/1095 895/3/1085 894/2/1084
f 896/1/1086 895/3/1085 905/2/1095
f 906/1/1096 896/3/1086 905/2/1095
f 897/1/1087 896/3/1086 906/2/1096
f 907/1/1097 897/3/1087 906/2/1096
f 898/1/1088 897/3/1087 907/2/1097
f 908/1/1098 898/3/1088 907/2/1097
f 899/1/1089 898/3/1088 908/2/1098
f 909/1/1099 899/3/1089 908/2/1098
f 900/1/1090 899/3/1089 909/2/1099
f 910/1/1100 900/3/1090 909/2/1099
f 901/1/1091 900/3/1090 910/2/1100
f 911/1/1101 901/3/1091 910/2/1100
f 902/1/1092 901/3/1091 911/2/1101
f 912/1/1102 902/3/1092 911/2/1101
f 903/1/1093 902/3/1092 912/2/1102
f 2265/1/1103 903/3/1093 912/2/1102
f 802/1/961 840/3/1014 801/2/962
f 802/2/961 904/1/1094 840/3/1014
f 914/1/1104 894/3/1084 904/2/1094
f 905/1/1095 894/3/1084 914/2/1104
f 905/3/1095 914/2/1104 915/1/1105
f 906/1/1096 905/3/1095 915/2/1105
f 906/3/1096 915/2/1105 916/1/1106
f 907/1/1097 906/3/1096 916/2/1106
f 907/3/1097 916/2/1106 917/1/1107
f 908/1/1098 907/3/1097 917/2/1107
f 908/3/1098 917/2/1107 918/1/1108
f 909/1/1099 908/3/1098 918/2/1108
f 909/3/1099 918/2/1108 919/1/1109
f 910/1/1100 909/3/1099 919/2/1109
f 910/3/1100 919/2/1109 920/1/1110
f 911/1/1101 910/3/1100 920/2/1110
f 911/3/1101 920/2/1110 921/1/1111
f 912/1/1102 911/3/1101 921/2/1111
f 912/3/1102 921/2/1111 922/1/1112
f 912/3/1102 922/2/1112 2265/1/1103
f 2265/3/1103 922/2/1112 2266/1/1113
f 924/1/1114 904/3/1094 802/2/961
f 904/3/1094 924/2/1114 914/1/1104
f 914/3/1104 924/2/1114 925/1/1115
f 914/3/1104 925/2/1115 915/1/1105
f 915/3/1105 925/2/1115 926/1/1116
f 915/3/1105 926/2/1116 916/1/1106
f 916/3/1106 926/2/1116 927/1/1117
f 917/1/1107 916/3/1106 927/2/1117
f 917/3/1107 927/2/1117 928/1/1118
f 918/1/1108 917/3/1107 928/2/1118
f 918/3/1108 928/2/1118 929/1/1119
f 919/1/1109 918/3/1108 929/2/1119
f 919/3/1109 929/2/1119 930/1/1120
f 920/1/1110 919/3/1109 930/2/1120
f 920/3/1110 930/2/1120 931/1/1121
f 921/1/1111 920/3/1110 931/2/1121
f 921/3/1111 931/2/1121 932/1/1122
f 922/1/1112 921/3/1111 932/2/1122
f 922/3/1112 932/2/1122 933/1/1123
f 2266/1/1113 922/3/1112 933/2/1123
f 2266/3/1113 933/2/1123 934/1/1124
f 800/1/960 802/3/961 799/2/958
f 802/3/961 800/2/960 924/1/1114
f 926/3/1116 925/2/1115 935/1/1125
f 927/1/1117 926/3/1116 935/2/1125
f 927/3/1117 935/2/1125 936/1/1126
f 928/1/1118 927/3/1117 936/2/1126
f 928/3/1118 936/2/1126 937/1/1127
f 929/1/1119 928/3/1118 937/2/1127
f 929/3/1119 937/2/1127 938/1/1128
f 930/1/1120 929/3/1119 938/2/1128
f 930/3/1120 938/2/1128 939/1/1129
f 931/1/1121 930/3/1120 939/2/1129
f 931/3/1121 939/2/1129 940/1/1130
f 932/1/1122 931/3/1121 940/2/1130
f 932/3/1122 940/2/1130 941/1/1131
f 933/1/1123 932/3/1122 941/2/1131
f 933/3/1123 941/2/1131 942/1/1132
f 933/3/1123 942/2/1132 934/1/1124
f 934/3/1124 942/2/1132 943/1/1133
f 924/3/1114 800/2/960 944/1/1134
f 925/1/1115 924/3/1114 944/2/1134
f 925/3/1115 944/2/1134 945/1/1135
f 925/3/1115 945/2/1135 935/1/1125
f 935/3/1125 945/2/1135 946/1/1136
f 935/3/1125 946/2/1136 936/1/1126
f 936/3/1126 946/2/1136 947/1/1137
f 937/1/1127 936/3/1126 947/2/1137
f 937/3/1127 947/2/1137 948/1/1138
f 938/1/1128 937/3/1127 948/2/1138
f 938/3/1128 948/2/1138 949/1/1139
f 939/1/1129 938/3/1128 949/2/1139
f 939/3/1129 949/2/1139 950/1/1140
f 940/1/1130 939/3/1129 950/2/1140
f 940/3/1130 950/2/1140 951/1/1141
f 941/1/1131 940/3/1130 951/2/1141
f 941/3/1131 951/2/1141 952/1/1142
f 942/1/1132 941/3/1131 952/2/1142
f 942/3/1132 952/2/1142 953/1/1143
f 943/1/1133 942/3/1132 953/2/1143
f 943/3/1133 953/2/1143 2470/1/1144
f 800/3/960 797/2/959 798/1/1145
f 800/3/960 798/2/1145 944/1/1134
f 944/3/1134 798/2/1145 955/1/1146
f 944/3/1134 955/2/1146 945/1/1135
f 946/3/1136 945/2/1135 956/1/1147
f 946/3/1136 956/2/1147 947/1/1137
f 947/3/1137 956/2/1147 957/1/1148
f 948/1/1138 947/3/1137 957/2/1148
f 948/3/1138 957/2/1148 958/1/1149
f 949/1/1139 948/3/1138 958/2/1149
f 949/3/1139 958/2/1149 959/1/1150
f 950/1/1140 949/3/1139 959/2/1150
f 950/3/1140 959/2/1150 960/1/1151
f 951/1/1141 950/3/1140 960/2/1151
f 951/3/1141 960/2/1151 961/1/1152
f 952/1/1142 951/3/1141 961/2/1152
f 952/3/1142 961/2/1152 962/1/1153
f 953/1/1143 952/3/1142 962/2/1153
f 953/3/1143 962/2/1153 963/1/1154
f 2470/1/1144 953/3/1143 963/2/1154
f 2470/3/1144 963/2/1154 2471/1/1155
f 945/3/1135 955/2/1146 965/1/1156
f 956/1/1147 945/3/1135 965/2/1156
f 956/3/1147 965/2/1156 966/1/1157
f 957/1/1148 956/3/1147 966/2/1157
f 957/3/1148 966/2/1157 967/1/1158
f 958/1/1149 957/3/1148 967/2/1158
f 958/3/1149 967/2/1158 968/1/1159
f 959/1/1150 958/3/1149 968/2/1159
f 959/3/1150 968/2/1159 969/1/1160
f 960/1/1151 959/3/1150 969/2/1160
f 960/3/1151 969/2/1160 970/1/1161
f 961/1/1152 960/3/1151 970/2/1161
f 961/3/1152 970/2/1161 971/1/1162
f 962/1/1153 961/3/1152 971/2/1162
f 962/3/1153 971/2/1162 972/1/1163
f 963/1/1154 962/3/1153 972/2/1163
f 963/3/1154 972/2/1163 973/1/1164
f 2471/1/1155 963/3/1154 973/2/1164
f 2471/3/1155 973/2/1164 974/1/1165
f 2471/3/1155 974/2/1165 975/1/1166
f 798/3/1145 797/2/959 796/1/1016
f 798/3/1145 796/2/1016 955/1/1146
f 955/3/1146 796/2/1016 976/1/1167
f 955/3/1146 976/2/1167 965/1/1156
f 965/3/1156 976/2/1167 977/1/1168
f 965/3/1156 977/2/1168 966/1/1157
f 966/3/1157 977/2/1168 978/1/1169
f 966/3/1157 978/2/1169 967/1/1158
f 967/3/1158 978/2/1169 979/1/1170
f 968/1/1159 967/3/1158 979/2/1170
f 968/3/1159 979/2/1170 980/1/1171
f 969/1/1160 968/3/1159 980/2/1171
f 969/3/1160 980/2/1171 981/1/1172
f 970/1/1161 969/3/1160 981/2/1172
f 970/3/1161 981/2/1172 982/1/1173
f 971/1/1162 970/3/1161 982/2/1173
f 971/3/1162 982/2/1173 983/1/1174
f 972/1/1163 971/3/1162 983/2/1174
f 972/3/1163 983/2/1174 984/1/1175
f 973/1/1164 972/3/1163 984/2/1175
f 973/3/1164 984/2/1175 985/1/1176
f 973/3/1164 985/2/1176 974/1/1165
f 974/3/1165 985/2/1176 986/1/1177
f 974/3/1165 986/2/1177 975/1/1166
f 975/3/1166 986/2/1177 1533/1/1178
f 978/3/1169 977/2/1168 987/1/1179
f 979/1/1170 978/3/1169 987/2/1179
f 979/3/1170 987/2/1179 988/1/1180
f 980/1/1171 979/3/1170 988/2/1180
f 980/3/1171 988/2/1180 989/1/1181
f 981/1/1172 980/3/1171 989/2/1181
f 981/3/1172 989/2/1181 990/1/1182
f 982/1/1173 981/3/1172 990/2/1182
f 982/3/1173 990/2/1182 991/1/1183
f 983/1/1174 982/3/1173 991/2/1183
f 983/3/1174 991/2/1183 992/1/1184
f 984/1/1175 983/3/1174 992/2/1184
f 984/3/1175 992/2/1184 993/1/1185
f 985/1/1176 984/3/1175 993/2/1185
f 985/3/1176 993/2/1185 994/1/1186
f 986/1/1177 985/3/1176 994/2/1186
f 986/3/1177 994/2/1186 2633/1/1187
f 1533/1/1178 986/3/1177 2633/2/1187
f 796/3/1016 795/2/1015 794/1/1017
f 796/3/1016 794/2/1017 976/1/1167
f 976/3/1167 794/2/1017 996/1/1188
f 976/3/1167 996/2/1188 977/1/1168
f 977/3/1168 996/2/1188 997/1/1189
f 987/1/1179 977/3/1168 997/2/1189
f 987/3/1179 997/2/1189 998/1/1190
f 987/3/1179 998/2/1190 988/1/1180
f 988/3/1180 998/2/1190 999/1/1191
f 989/1/1181 988/3/1180 999/2/1191
f 989/3/1181 999/2/1191 1000/1/1192
f 990/1/1182 989/3/1181 1000/2/1192
f 990/3/1182 1000/2/1192 1001/1/1193
f 991/1/1183 990/3/1182 1001/2/1193
f 991/3/1183 1001/2/1193 1002/1/1194
f 992/1/1184 991/3/1183 1002/2/1194
f 992/3/1184 1002/2/1194 1003/1/1195
f 993/1/1185 992/3/1184 1003/2/1195
f 993/3/1185 1003/2/1195 1004/1/1196
f 994/1/1186 993/3/1185 1004/2/1196
f 994/3/1186 1004/2/1196 1005/1/1197
f 2633/1/1187 994/3/1186 1005/2/1197
f 2633/3/1187 1005/2/1197 1006/1/1198
f 998/3/1190 997/2/1189 1007/1/1199
f 998/3/1190 1007/2/1199 999/1/1191
f 999/3/1191 1007/2/1199 1008/1/1200
f 1000/1/1192 999/3/1191 1008/2/1200
f 1000/3/1192 1008/2/1200 1009/1/1201
f 1001/1/1193 1000/3/1192 1009/2/1201
f 1001/3/1193 1009/2/1201 1010/1/1202
f 1002/1/1194 1001/3/1193 1010/2/1202
f 1002/3/1194 1010/2/1202 1011/1/1203
f 1003/1/1195 1002/3/1194 1011/2/1203
f 1003/3/1195 1011/2/1203 1012/1/1204
f 1004/1/1196 1003/3/1195 1012/2/1204
f 1004/3/1196 1012/2/1204 1013/1/1205
f 1005/1/1197 1004/3/1196 1013/2/1205
f 1005/3/1197 1013/2/1205 1014/1/1206
f 1005/3/1197 1014/2/1206 1006/1/1198
f 1006/3/1198 1014/2/1206 1015/1/1207
f 794/3/1017 793/2/1018 842/1/1019
f 794/3/1017 842/2/1019 996/1/1188
f 996/3/1188 842/2/1019 1016/1/1208
f 997/1/1189 996/3/1188 1016/2/1208
f 997/3/1189 1016/2/1208 1017/1/1209
f 1007/1/1199 997/3/1189 1017/2/1209
f 1007/3/1199 1017/2/1209 1018/1/1210
f 1008/1/1200 1007/3/1199 1018/2/1210
f 1008/3/1200 1018/2/1210 1019/1/1211
f 1009/1/1201 1008/3/1200 1019/2/1211
f 1009/3/1201 1019/2/1211 1020/1/1212
f 1010/1/1202 1009/3/1201 1020/2/1212
f 1010/3/1202 1020/2/1212 1021/1/1213
f 1011/1/1203 1010/3/1202 1021/2/1213
f 1011/3/1203 1021/2/1213 1022/1/1214
f 1012/1/1204 1011/3/1203 1022/2/1214
f 1012/3/1204 1022/2/1214 1023/1/1215
f 1013/1/1205 1012/3/1204 1023/2/1215
f 1013/3/1205 1023/2/1215 1024/1/1216
f 1014/1/1206 1013/3/1205 1024/2/1216
f 1014/3/1206 1024/2/1216 1025/1/1217
f 1014/3/1206 1025/2/1217 1015/1/1207
f 1015/3/1207 1025/2/1217 2506/1/1218
f 1017/3/1209 1016/2/1208 1027/1/1219
f 1017/3/1209 1027/2/1219 1018/1/1210
f 1018/3/1210 1027/2/1219 1028/1/1220
f 1018/3/1210 1028/2/1220 1019/1/1211
f 1019/3/1211 1028/2/1220 1029/1/1221
f 1020/1/1212 1019/3/1211 1029/2/1221
f 1020/3/1212 1029/2/1221 1030/1/1222
f 1021/1/1213 1020/3/1212 1030/2/1222
f 1021/3/1213 1030/2/1222 1031/1/1223
f 1022/1/1214 1021/3/1213 1031/2/1223
f 1022/3/1214 1031/2/1223 1032/1/1224
f 1023/1/1215 1022/3/1214 1032/2/1224
f 1023/3/1215 1032/2/1224 1033/1/1225
f 1024/1/1216 1023/3/1215 1033/2/1225
f 1024/3/1216 1033/2/1225 1034/1/1226
f 1025/1/1217 1024/3/1216 1034/2/1226
f 1025/3/1217 1034/2/1226 1035/1/1227
f 1025/3/1217 1035/2/1227 2506/1/1218
f 2506/3/1218 1035/2/1227 2507/1/1228
f 842/3/1019 791/2/956 792/1/955
f 1016/1/1208 842/3/1019 792/2/955
f 1016/3/1208 792/2/955 1037/1/1229
f 1027/1/1219 1016/3/1208 1037/2/1229
f 1028/3/1220 1027/2/1219 1038/1/1230
f 1029/1/1221 1028/3/1220 1038/2/1230
f 1029/3/1221 1038/2/1230 1039/1/1231
f 1030/1/1222 1029/3/1221 1039/2/1231
f 1030/3/1222 1039/2/1231 1040/1/1232
f 1031/1/1223 1030/3/1222 1040/2/1232
f 1031/3/1223 1040/2/1232 1041/1/1233
f 1032/1/1224 1031/3/1223 1041/2/1233
f 1032/3/1224 1041/2/1233 1042/1/1234
f 1033/1/1225 1032/3/1224 1042/2/1234
f 1033/3/1225 1042/2/1234 1043/1/1235
f 1034/1/1226 1033/3/1225 1043/2/1235
f 1034/3/1226 1043/2/1235 1044/1/1236
f 1035/1/1227 1034/3/1226 1044/2/1236
f 1035/3/1227 1044/2/1236 1045/1/1237
f 2507/1/1228 1035/3/1227 1045/2/1237
f 2507/3/1228 1045/2/1237 1046/1/1238
f 1027/3/1219 1037/2/1229 1047/1/1239
f 1038/1/1230 1027/3/1219 1047/2/1239
f 1038/3/1230 1047/2/1239 1048/1/1240
f 1038/3/1230 1048/2/1240 1039/1/1231
f 1039/3/1231 1048/2/1240 1049/1/1241
f 1040/1/1232 1039/3/1231 1049/2/1241
f 1040/3/1232 1049/2/1241 1050/1/1242
f 1041/1/1233 1040/3/1232 1050/2/1242
f 1041/3/1233 1050/2/1242 1051/1/1243
f 1042/1/1234 1041/3/1233 1051/2/1243
f 1042/3/1234 1051/2/1243 1052/1/1244
f 1043/1/1235 1042/3/1234 1052/2/1244
f 1043/3/1235 1052/2/1244 1053/1/1245
f 1044/1/1236 1043/3/1235 1053/2/1245
f 1044/3/1236 1053/2/1245 1054/1/1246
f 1045/1/1237 1044/3/1236 1054/2/1246
f 1045/3/1237 1054/2/1246 1055/1/1247
f 1046/1/1238 1045/3/1237 1055/2/1247
f 1046/3/1238 1055/2/1247 1056/1/1248
f 1046/3/1238 1056/2/1248 2269/1/1249
f 792/3/955 789/2/957 790/1/1250
f 1037/1/1229 792/3/955 790/2/1250
f 1037/3/1229 790/2/1250 1058/1/1251
f 1047/1/1239 1037/3/1229 1058/2/1251
f 1048/3/1240 1725/302/1252 1721/303/1253
f 1048/3/1240 1726/304/1254 1727/305/1255
f 1049/3/1241 1729/306/1256 1728/307/1257
f 1050/1/1242 1049/3/1241 1059/2/1258
f 1050/3/1242 1059/2/1258 1060/1/1259
f 1051/1/1243 1050/3/1242 1060/2/1259
f 1051/3/1243 1060/2/1259 1061/1/1260
f 1052/1/1244 1051/3/1243 1061/2/1260
f 1052/3/1244 1061/2/1260 1062/1/1261
f 1053/1/1245 1052/3/1244 1062/2/1261
f 1053/3/1245 1062/2/1261 1063/1/1262
f 1054/1/1246 1053/3/1245 1063/2/1262
f 1054/3/1246 1063/2/1262 1064/1/1263
f 1055/1/1247 1054/3/1246 1064/2/1263
f 1055/3/1247 1064/2/1263 1065/1/1264
f 1056/1/1248 1055/3/1247 1065/2/1264
f 1056/3/1248 1065/2/1264 1066/1/1265
f 1056/3/1248 1066/2/1265 2269/1/1249
f 2269/3/1249 1066/2/1265 2270/1/1266
f 1058/3/1251 790/2/1250 1068/1/1267
f 1058/3/1251 1068/2/1267 1047/1/1239
f 1068/2/1267 1734/308/1268 1730/309/1269
f 1047/3/1239 1735/310/1270 1723/311/1271
f 1059/1/1258 1737/312/1272 3173/313/1272
f 1059/3/1258 3173/314/1272 2617/315/1273
f 1059/3/1258 2618/316/1274 2701/317/1274
f 1060/3/1259 1742/318/1274 2929/319/1275
f 1061/1/1260 1060/3/1259 1069/2/1276
f 1061/3/1260 1069/2/1276 1070/1/1277
f 1062/1/1261 1061/3/1260 1070/2/1277
f 1062/3/1261 1070/2/1277 1071/1/1278
f 1063/1/1262 1062/3/1261 1071/2/1278
f 1063/3/1262 1071/2/1278 1072/1/1279
f 1064/1/1263 1063/3/1262 1072/2/1279
f 1064/3/1263 1072/2/1279 1073/1/1280
f 1065/1/1264 1064/3/1263 1073/2/1280
f 1065/3/1264 1073/2/1280 1074/1/1281
f 1065/3/1264 1074/2/1281 1066/1/1265
f 1066/3/1265 1074/2/1281 2744/1/1282
f 2270/1/1266 1066/3/1265 2744/2/1282
f 824/2/1283 825/1/992 823/3/988
f 790/3/1250 789/2/957 843/1/1020
f 1068/1/1267 790/3/1250 843/2/1020
f 1069/1/1276 2929/320/1275 2986/321/1284
f 1069/3/1276 2351/322/1284 2350/323/1285
f 1069/3/1276 2702/324/1286 1070/1/1277
f 1070/3/1277 2703/325/1287 1076/1/1288
f 1071/1/1278 1070/3/1277 1076/2/1288
f 1071/3/1278 1076/2/1288 1077/1/1289
f 1072/1/1279 1071/3/1278 1077/2/1289
f 1072/3/1279 1077/2/1289 1078/1/1290
f 1073/1/1280 1072/3/1279 1078/2/1290
f 1073/3/1280 1078/2/1290 1079/1/1291
f 1074/1/1281 1073/3/1280 1079/2/1291
f 1074/3/1281 1079/2/1291 1080/1/1292
f 1074/3/1281 1080/2/1292 2744/1/1282
f 2744/3/1282 1080/2/1292 1081/1/1293
f 2744/3/1282 1081/2/1293 2504/1/1294
f 2504/2/1294 854/1/1040 2505/3/1039
f 1081/1/1293 854/3/1040 2504/2/1294
f 1081/2/1293 855/1/1041 854/3/1040
f 1080/1/1292 855/3/1041 1081/2/1293
f 1080/2/1292 856/1/1042 855/3/1041
f 1080/2/1292 1079/1/1291 856/3/1042
f 1079/2/1291 857/1/1043 856/3/1042
f 1079/2/1291 1078/1/1290 857/3/1043
f 1078/2/1290 858/1/1044 857/3/1043
f 1078/2/1290 1077/1/1289 858/3/1044
f 1077/2/1289 859/1/1045 858/3/1044
f 1077/2/1289 1076/1/1288 859/3/1045
f 2931/326/1295 1749/327/1296 859/3/1045
f 1076/2/1288 1751/328/1295 2931/329/1295
f 1753/330/1297 860/1/1047 1719/331/1298
f 1068/1/1267 1752/332/1299 1754/333/1300
f 1068/2/1267 843/1/1020 860/3/1047
f 2261/3/1071 845/2/1022 879/1/1069
f 879/3/1069 845/2/1022 877/1/1067
f 877/3/1067 845/2/1022 846/1/1023
f 877/3/1067 846/2/1023 875/1/1065
f 846/2/1023 847/1/1024 875/3/1065
f 875/3/1065 847/2/1024 873/1/1063
f 847/2/1024 848/1/1025 873/3/1063
f 873/3/1063 848/2/1025 871/1/1061
f 848/2/1025 849/1/1026 871/3/1061
f 871/3/1061 849/2/1026 869/1/1059
f 849/2/1026 850/1/1027 869/3/1059
f 869/3/1059 850/2/1027 867/1/1057
f 850/2/1027 851/1/1032 867/3/1057
f 867/3/1057 851/2/1032 865/1/1055
f 851/2/1032 852/1/1034 865/3/1055
f 865/3/1055 852/2/1034 863/1/1053
f 852/2/1034 853/1/1035 863/3/1053
f 863/3/1053 853/2/1035 862/1/1054
f 862/3/1054 853/2/1035 834/1/1003
f 862/3/1054 834/2/1003 861/1/1051
f 834/2/1003 836/1/1006 861/3/1051
f 861/3/1051 836/2/1006 838/1/1010
f 1100/2/1301 2704/334/1302 2705/335/1303
f 2932/336/1304 3119/337/1305 1089/3/1306
f 2360/338/1307 2706/1/1308 1088/3/1309
f 1088/2/1309 1762/339/1310 2619/340/1311
f 2933/341/1312 1764/342/1313 2935/343/1312
f 2219/344/1314 3016/345/1315 3189/346/1316
f 3123/347/1317 1092/1/1318 1087/3/1319
f 1092/3/1318 2354/348/1320 1087/1/1319
f 2354/349/1320 2355/350/1321 1087/2/1319
f 3120/2/1322 1094/1/1323 2709/351/1324
f 2864/352/1325 2812/353/1326 1094/2/1323
f 2621/354/1327 3018/355/1328 2620/3/1329
f 2888/2/1330 2358/1/1331 2356/356/1332
f 2622/357/1333 1781/358/1334 1775/359/1335
f 2623/360/1336 2620/2/1329 2867/361/1337
f 2620/2/1329 1097/1/1338 2869/362/1339
f 1088/1/1309 2543/363/1340 835/2/1005
f 2360/364/1307 835/2/1005 2361/365/1341
f 2804/366/1342 2467/367/1343 2268/368/1344
f 828/2/990 2939/369/1345 826/3/991
f 3122/370/1346 2940/371/1347 828/2/990
f 824/2/1283 2362/372/1348 3122/373/1346
f 824/2/1283 2535/374/1349 2363/375/1350
f 1089/3/1306 839/2/1011 2810/376/1351
f 1087/3/1319 831/2/998 2537/377/1352
f 3017/378/1353 831/2/998 3189/379/1316
f 2364/380/1354 826/2/991 2812/381/1326
f 1094/3/1323 826/2/991 2657/382/1355
f 2710/383/1356 1097/2/1338 3018/384/1328
f 1100/1/1301 2711/385/1357 2704/386/1302
f 1101/1/1358 1103/3/1359 1107/2/1360
f 1108/3/1361 822/2/987 2887/1/1362
f 835/3/1005 833/2/1004 2712/387/1363
f 1809/388/1364 833/2/1004 2539/389/1365
f 837/2/1008 2355/390/1321 2539/391/1365
f 831/1/998 1087/3/1319 837/2/1008
f 3185/392/1002 3187/393/1366 831/3/998
f 844/3/1021 1099/2/1367 1109/1/1049
f 2941/394/1368 807/1/966 3060/395/968
f 807/3/966 1100/2/1301 809/1/971
f 1097/2/1338 824/1/1283 822/3/987
f 1109/1/1049 1099/3/1367 1105/2/1369
f 1109/3/1049 1105/2/1369 1106/1/1370
f 1084/1/964 1109/3/1049 1106/2/1370
f 1106/2/1370 1811/396/1371 1084/3/964
f 1709/397/965 1084/3/964 1811/398/1371
f 809/1/971 1100/3/1301 1085/2/1372
f 809/3/971 1085/2/1372 1086/1/1373
f 811/1/974 809/3/971 1086/2/1373
f 1086/2/1373 2942/399/1374 811/3/974
f 814/1/976 811/3/974 1816/400/1375
f 814/3/976 2367/401/1376 1104/1/1377
f 815/1/977 814/3/976 1104/2/1377
f 1102/1/1378 815/3/977 1104/2/1377
f 818/1/980 815/3/977 1102/2/1378
f 1103/1/1359 818/3/980 1102/2/1378
f 2879/1/983 1103/3/1359 1101/2/1358
f 1108/3/1361 1097/2/1338 822/1/987
f 2540/402/1379 2268/403/1344 2267/404/996
f 830/2/994 2365/405/1380 2540/406/1379
f 2542/407/1381 2887/2/1362 2541/408/1382
f 819/1/981 818/3/980 1103/2/1359
f 2879/1/983 819/3/981 1103/2/1359
f 1103/2/1359 3021/409/1383 1107/3/1360
f 1102/1/1378 1824/410/1384 3020/411/1385
f 1100/1/1301 2941/412/1368 2711/413/1357
f 1108/1/1361 2813/414/1386 2945/415/1387
f 3159/416/1388 1108/3/1361 2945/417/1387
f 835/3/1005 2544/418/1389 2658/419/1390
f 2809/420/1391 1083/3/1009 2658/421/1390
f 1112/2/1392 803/1/1012 1113/3/1393
f 803/2/1012 1111/1/1394 1113/3/1393
f 1114/2/1395 1112/1/1392 1115/3/1396
f 1112/2/1392 1113/1/1393 1115/3/1396
f 1116/2/1397 1118/1/1398 1117/3/1399
f 1118/2/1398 1119/1/1400 1117/3/1399
f 1120/1/1401 1119/3/1400 1118/2/1398
f 1120/2/1401 1114/1/1395 1119/3/1400
f 1114/2/1395 1115/1/1396 1119/3/1400
f 1121/2/1402 1116/1/1397 1122/3/1403
f 1116/2/1397 1117/1/1399 1122/3/1403
f 1123/2/1404 1121/1/1402 1124/3/1405
f 1121/2/1402 1122/1/1403 1124/3/1405
f 844/2/1021 1123/1/1404 1125/3/1406
f 1123/2/1404 1124/1/1405 1125/3/1406
f 797/3/959 1127/2/1407 1126/1/1408
f 795/1/1015 797/3/959 1126/2/1408
f 799/3/958 801/2/962 1127/1/1407
f 797/1/959 799/3/958 1127/2/1407
f 803/1/1012 839/3/1011 1111/2/1394
f 795/3/1015 1126/2/1408 1128/1/1409
f 793/1/1018 795/3/1015 1128/2/1409
f 793/3/1018 1128/2/1409 791/1/956
f 841/3/1013 803/2/1012 1112/1/1392
f 801/1/962 841/3/1013 1112/2/1392
f 801/3/962 1112/2/1392 1114/1/1395
f 1127/1/1407 801/3/962 1114/2/1395
f 1127/3/1407 1114/2/1395 1120/1/1401
f 1126/1/1408 1127/3/1407 1120/2/1401
f 1126/3/1408 1120/2/1401 1118/1/1398
f 1128/1/1409 1126/3/1408 1118/2/1398
f 1128/3/1409 1118/2/1398 1116/1/1397
f 1128/3/1409 1116/2/1397 1121/1/1402
f 791/1/956 1128/3/1409 1121/2/1402
f 791/3/956 1121/2/1402 1123/1/1404
f 791/3/956 1123/2/1404 789/1/957
f 789/3/957 1123/2/1404 844/1/1021
f 1829/422/1410 1132/3/1411 1830/423/1412
f 3126/424/1413 1130/3/1414 3127/425/1415
f 844/2/1021 1125/1/1406 1099/3/1367
f 1132/3/1411 1115/2/1396 1113/1/1393
f 1111/1/1394 1132/3/1411 1113/2/1393
f 1125/1/1406 1129/3/1416 1099/2/1367
f 1124/1/1405 1129/3/1416 1125/2/1406
f 1122/1/1403 1131/3/1417 1124/2/1405
f 1117/1/1399 1131/3/1417 1122/2/1403
f 839/1/1011 1089/3/1306 1111/2/1394
f 1124/2/1405 1131/1/1417 1129/3/1416
f 1130/1/1414 1131/3/1417 1117/2/1399
f 1119/1/1400 1130/3/1414 1117/2/1399
f 1115/1/1396 1130/3/1414 1119/2/1400
f 1132/1/1411 1130/3/1414 1115/2/1396
f 1089/3/1306 1132/2/1411 1111/1/1394
f 2368/426/1418 2719/427/1419 2718/428/1420
f 1132/1/1411 3119/429/1305 3160/430/1421
f 1130/3/1414 2946/431/1422 2815/432/1422
f 1131/3/1417 2719/433/1419 1129/1/1416
f 2553/434/1423 2371/435/1423 1107/1/1360
f 1099/3/1367 2368/436/1418 2373/437/1424
f 1099/3/1367 3023/438/1425 1105/1/1369
f 2877/2/1426 1092/1/1318 2937/439/1427
f 2706/2/1308 2746/1/1428 1848/440/1429
f 2948/441/1430 2374/442/1431 2375/443/1432
f 2718/444/1420 2558/445/1433 1852/446/1433
f 2377/447/1434 2816/448/1435 1131/2/1417
f 2559/449/1436 3126/450/1413 2741/451/1437
f 2472/1/1438 2557/452/1438 2473/453/1438
f 2739/1/1439 2740/454/1439 2742/455/1439
f 2947/456/1440 2273/3/1441 2814/457/1442
f 2272/1/1443 2273/3/1441 2378/458/1444
f 1760/459/1445 2818/460/1446 1849/461/1445
f 2866/462/1447 2892/1/1447 2938/463/1447
f 3095/1/1448 2864/464/1325 1094/2/1323
f 2998/1/1449 2374/465/1431 2748/2/1450
f 2512/2/1451 2421/466/1451 2359/2/1451
f 3166/1/1452 1778/467/1453 3175/468/1453
f 1770/469/1454 2863/2/1455 2674/470/1456
f 3120/2/1322 3095/1/1448 1094/3/1323
f 3121/2/1457 2654/1/1458 1142/3/1459
f 2653/3/1460 1771/471/1460 2656/472/1460
f 2654/1/1458 1772/473/1461 1773/474/1461
f 2276/1/1462 1774/475/1463 1781/476/1334
f 2749/1/1464 2999/3/1465 1135/2/1466
f 3000/3/1467 1850/477/1467 1765/478/1468
f 2950/479/1469 1787/480/1470 2518/1/1471
f 2519/3/1472 1797/481/1472 1796/482/1472
f 2997/483/1473 1091/2/1474 1870/484/1475
f 2949/485/1476 2518/1/1471 2381/486/1477
f 2382/487/1478 1763/488/1479 2554/489/1478
f 2516/2/1480 1806/490/1481 1807/491/1482
f 1788/492/1483 1802/493/1484 2654/1/1458
f 1795/494/1485 2276/2/1462 1875/495/1486
f 1879/496/1487 1789/497/1488 1792/498/1489
f 1877/499/1490 1791/500/1491 1793/501/1492
f 1882/502/1493 1799/503/1494 1150/3/1495
f 1800/504/1496 1766/505/1497 2220/506/1498
f 2220/507/1498 3037/508/1499 1150/3/1495
f 2863/3/1455 1884/509/1500 1866/510/1501
f 2560/511/1502 2516/1/1480 2722/512/1503
f 1767/513/1504 1146/3/1505 1885/514/1506
f 2275/1/1507 2892/3/1447 2379/515/1508
f 2274/2/1509 2276/1/1462 1141/3/1510
f 1148/3/1511 1782/516/1512 1783/517/1512
f 3166/1/1452 1784/518/1513 1821/519/1514
f 3025/520/1515 3128/521/1516 3026/522/1517
f 1107/2/1360 2388/523/1518 2386/3/1519
f 2370/524/1520 1156/1/1423 2384/525/1520
f 2951/526/1521 2823/527/1522 1106/1/1370
f 3023/528/1425 3025/529/1515 2408/530/1523
f 2944/531/1524 2390/2/1525 3125/532/1526
f 2562/533/1527 2758/1/1528 2565/534/1529
f 1818/535/1530 3125/536/1526 2390/3/1525
f 2552/537/1531 2817/538/1532 2522/3/1533
f 1904/539/1534 1152/1/1535 2715/540/1535
f 2523/1/1536 1841/541/1537 2385/542/1538
f 1890/543/1539 2822/2/1540 2521/1/1541
f 2822/2/1540 2524/1/1542 2521/3/1541
f 1845/544/1543 1154/3/1543 1157/2/1543
f 2392/545/1544 2953/546/1544 2954/547/1545
f 2714/3/1544 1907/548/1546 1908/549/1547
f 2753/2/1548 1912/550/1549 1907/551/1546
f 3157/3/1550 2954/552/1545 2395/553/1551
f 3157/3/1550 2395/554/1551 2396/555/1552
f 1912/556/1549 2568/557/1553 2567/558/1554
f 2757/2/1555 2387/559/1555 2397/560/1555
f 1086/3/1373 1085/2/1372 1158/1/1556
f 1833/561/1557 3134/3/1558 1887/562/1559
f 3134/3/1558 2819/563/1560 2278/1/1561
f 2820/564/1562 2278/3/1561 2819/565/1560
f 1856/566/1563 2278/3/1561 2820/567/1562
f 1138/2/1564 2279/1/1565 2278/3/1561
f 1840/568/1566 2279/3/1565 1855/569/1567
f 2279/3/1565 1858/570/1568 2526/1/1569
f 2526/3/1569 1859/571/1570 1862/572/1571
f 2526/3/1569 1860/573/1572 1139/1/1573
f 1139/2/1573 2720/1/1574 2526/3/1569
f 1832/574/1575 2720/3/1574 1861/575/1576
f 1140/2/1577 1137/1/1578 2720/3/1574
f 1137/2/1578 2882/1/1579 2720/3/1574
f 1829/576/1410 3001/1/1580 2569/577/1581
f 3002/3/1582 2824/578/1583 2399/579/1582
f 2334/580/1582 2992/581/1584 2993/582/1585
f 1675/583/1586 2995/584/1586 1674/585/1587
f 2824/586/1583 2515/2/1588 1934/587/1586
f 1683/588/1589 3135/2/1590 1684/589/1591
f 1938/590/1592 2515/1/1588 1881/591/1593
f 1150/3/1495 2221/592/1594 1880/593/1595
f 2221/594/1594 3037/595/1499 2222/596/1596
f 3135/1/1590 2503/597/1596 2224/598/1597
f 2969/599/1598 1685/600/1599 2453/601/1600
f 2826/602/1601 1941/603/1602 2643/604/1602
f 2280/2/1603 2817/605/1532 1823/606/1604
f 2522/3/1533 2280/2/1603 2281/1/1605
f 2522/3/1533 2389/607/1606 1843/608/1607
f 2571/609/1608 2314/610/1609 1942/611/1610
f 3164/2/1611 2727/612/1612 3029/613/1613
f 2727/614/1612 3022/615/1614 2402/616/1615
f 1625/617/1616 1952/618/1617 1950/619/1617
f 2576/620/1618 1951/621/1617 2573/622/1619
f 2916/623/1620 2404/624/1621 2403/625/1622
f 3158/1/1623 1957/626/1624 2576/627/1618
f 2758/2/1528 1959/628/1625 1960/629/1626
f 3158/1/1623 1962/630/1627 1958/631/1628
f 1959/632/1625 2729/2/1629 2692/633/1630
f 2407/634/1631 2758/2/1528 2406/635/1632
f 2957/636/1633 1964/637/1634 1966/638/1635
f 1964/639/1634 3131/2/1636 3117/640/1637
f 3134/1/1558 2409/641/1638 1897/642/1639
f 3131/2/1636 1969/643/1640 2409/644/1638
f 2894/2/1641 2882/1/1579 1671/645/1641
f 3001/3/1580 1931/646/1642 1923/647/1643
f 2955/648/1644 2534/649/1645 2533/650/1646
f 1173/3/1647 1676/651/1648 1678/652/1648
f 1173/3/1647 1681/653/1649 1682/654/1650
f 2515/2/1588 1973/655/1651 2534/656/1645
f 2224/657/1597 2225/658/1652 3135/2/1590
f 2453/659/1600 1686/660/1653 1688/661/1653
f 1147/1/1654 1975/662/1653 2826/663/1601
f 3004/2/1655 1691/664/1656 1692/665/1657
f 1689/666/1658 3003/2/1659 1690/667/1660
f 2578/668/1661 1878/669/1662 1977/670/1663
f 3136/2/1664 3004/1/1655 1697/671/1665
f 2277/3/1666 2732/672/1667 2731/673/1668
f 2277/3/1666 2685/674/1669 2832/675/1670
f 1698/676/1671 1699/677/1672 3004/2/1655
f 2284/2/1673 1705/678/1674 2344/679/1673
f 3166/3/1452 2582/680/1673 2583/681/1675
f 2277/1/1666 2583/682/1675 2732/683/1667
f 3136/2/1664 1702/684/1675 1705/685/1674
f 1175/3/1676 2527/2/1677 1174/1/1678
f 1179/3/1679 2455/686/1680 1174/1/1678
f 1174/2/1678 1180/1/1681 1179/3/1679
f 2527/1/1677 1180/3/1681 1174/2/1678
f 2226/687/1682 2806/688/1683 1167/2/1684
f 1179/1/1679 2645/689/1685 2890/690/1686
f 1175/1/1676 2529/3/1687 2527/2/1677
f 1694/691/1688 1175/2/1676 3056/692/1688
f 1176/1/1689 1182/3/1690 1175/2/1676
f 1176/2/1689 3078/1/1691 1182/3/1690
f 2283/1/1451 3078/3/1691 1176/2/1689
f 2283/1/1451 3137/3/1451 3078/2/1691
f 2283/2/1451 2285/1/1451 3137/3/1451
f 1167/1/1684 2530/3/1692 3090/2/1693
f 1167/2/1684 1187/1/1694 2530/3/1692
f 1167/2/1684 2647/693/1695 1187/3/1694
f 2828/2/1696 1169/1/1697 1168/3/1698
f 2829/694/1699 2828/2/1696 1168/1/1698
f 2405/695/1700 1171/2/1701 2898/1/1702
f 2898/3/1702 1171/2/1701 1172/1/1703
f 2896/1/1704 3006/3/1705 1165/2/1706
f 2896/2/1704 2994/696/1707 3006/3/1705
f 3129/1/1708 2996/697/1707 2897/2/1709
f 3090/1/1693 3129/3/1708 2897/2/1709
f 3090/2/1693 2532/1/1710 3129/3/1708
f 3090/2/1693 2530/1/1692 2532/3/1710
f 2898/2/1702 1172/1/1703 1193/3/1711
f 2802/698/1712 1193/3/1711 1172/2/1703
f 2802/699/1712 1172/2/1703 2564/700/1713
f 1169/2/1697 1629/701/1714 1630/702/1715
f 2761/3/1716 2282/2/1717 2465/1/1718
f 2465/3/1718 2282/2/1717 1169/1/1697
f 2465/3/1718 1169/2/1697 2464/1/1719
f 3033/703/1720 1967/704/1721 1151/1/1722
f 1151/1/1722 2959/705/1723 3033/706/1720
f 1197/3/1724 1151/2/1722 2900/1/1725
f 2900/2/1725 1151/1/1722 1160/3/1726
f 3005/1/1727 2900/3/1725 1160/2/1726
f 3005/3/1727 1160/2/1726 3139/1/1728
f 3139/3/1728 1160/2/1726 1161/1/1729
f 2289/1/1730 3139/3/1728 1161/2/1729
f 2290/1/1731 2289/3/1730 1161/2/1729
f 2290/3/1731 1161/2/1729 1162/1/1732
f 2466/1/1733 2290/3/1731 1162/2/1732
f 2466/3/1733 1162/2/1732 1163/1/1734
f 2764/1/1735 2466/3/1733 1163/2/1734
f 2884/1/1736 2764/3/1735 1163/2/1734
f 1164/1/1737 2884/3/1736 1163/2/1734
f 1164/2/1737 2901/1/1738 2884/3/1736
f 3007/1/1739 2901/3/1738 1164/2/1737
f 1165/1/1706 3007/3/1739 1164/2/1737
f 1165/2/1706 3140/1/1740 3007/3/1739
f 1165/2/1706 1209/1/1741 3140/3/1740
f 3006/1/1705 1209/3/1741 1165/2/1706
f 1216/2/1742 1219/1/1743 1218/3/1744
f 3178/2/1745 1222/1/1746 1223/3/1747
f 1222/3/1746 1227/2/1748 1226/1/1749
f 1227/1/1748 1221/3/1750 1228/2/1751
f 1221/1/1750 1229/3/1752 1230/2/1753
f 1229/2/1752 1218/1/1744 1220/3/1754
f 1215/2/1755 1216/1/1742 1214/3/1756
f 1212/2/1757 1231/1/1758 1214/3/1756
f 1232/3/1759 1213/2/1760 1212/1/1757
f 1210/3/1761 1233/2/1762 1232/1/1759
f 1923/707/1643 1210/1/1761 2569/708/1581
f 1225/3/1763 3178/2/1745 1223/1/1747
f 1225/3/1763 1223/2/1747 2288/1/1764
f 1993/709/1765 2288/2/1764 1992/710/1766
f 2733/711/1767 1236/1/1768 2734/712/1769
f 1999/713/1770 1237/1/1771 2736/714/1770
f 2885/1/1772 1236/3/1768 1237/2/1771
f 2885/3/1772 1237/2/1771 1239/1/1773
f 3011/1/1774 1915/715/1775 1910/716/1776
f 1239/2/1773 2730/717/1777 1958/718/1628
f 3011/3/1774 1909/719/1778 1911/720/1779
f 1955/721/1780 1241/2/1781 2575/722/1780
f 3011/3/1774 1905/723/1782 3161/724/1782
f 1242/1/1783 2575/725/1780 1241/2/1781
f 1946/726/1784 1242/2/1783 2572/727/1784
f 1243/3/1785 1242/2/1783 1244/1/1786
f 1243/3/1785 1244/2/1786 1245/1/1787
f 2762/1/1788 1243/3/1785 1245/2/1787
f 2762/3/1788 1245/2/1787 3012/1/1789
f 2288/3/1764 1223/2/1747 1248/1/1790
f 2288/3/1764 2000/728/1791 2001/729/1792
f 1248/2/1790 2003/730/1793 2000/731/1791
f 2834/732/1794 1237/1/1771 3034/733/1795
f 1249/1/1796 2835/734/1797 2961/735/1797
f 1239/1/1773 1237/3/1771 1249/2/1796
f 1239/3/1773 1249/2/1796 1250/1/1798
f 1241/1/1781 1239/3/1773 1250/2/1798
f 1241/3/1781 1250/2/1798 1251/1/1799
f 1242/1/1783 1241/3/1781 1251/2/1799
f 1242/3/1783 1251/2/1799 1252/1/1800
f 1244/1/1786 1242/3/1783 1252/2/1800
f 1244/3/1786 1252/2/1800 1253/1/1801
f 1244/3/1786 1253/2/1801 1245/1/1787
f 1245/3/1787 1253/2/1801 1254/1/1802
f 3012/1/1789 1245/3/1787 1254/2/1802
f 3012/3/1789 1254/2/1802 1255/1/1803
f 1223/3/1747 1222/2/1746 1226/1/1749
f 1248/1/1790 1223/3/1747 1226/2/1749
f 1249/1/1796 2414/736/1804 2413/737/1804
f 2415/738/1804 1256/1/1805 2413/739/1804
f 1250/1/1798 1249/3/1796 1256/2/1805
f 1250/3/1798 1256/2/1805 1257/1/1806
f 1251/1/1799 1250/3/1798 1257/2/1806
f 1251/3/1799 1257/2/1806 1258/1/1807
f 1252/1/1800 1251/3/1799 1258/2/1807
f 1252/3/1800 1258/2/1807 1259/1/1808
f 1253/1/1801 1252/3/1800 1259/2/1808
f 1253/3/1801 1259/2/1808 1260/1/1809
f 1254/1/1802 1253/3/1801 1260/2/1809
f 1254/3/1802 1260/2/1809 1261/1/1810
f 1255/1/1803 1254/3/1802 1261/2/1810
f 1255/3/1803 1261/2/1810 1262/1/1811
f 1248/3/1790 1226/2/1749 1263/1/1812
f 1248/3/1790 2013/740/1813 2014/741/1814
f 1263/2/1812 2016/742/1815 2013/743/1813
f 1264/1/1816 2418/744/1817 2417/745/1818
f 2700/746/1819 1264/2/1816 2737/747/1820
f 1256/3/1805 1264/2/1816 1265/1/1821
f 1257/1/1806 1256/3/1805 1265/2/1821
f 1257/3/1806 1265/2/1821 1266/1/1822
f 1258/1/1807 1257/3/1806 1266/2/1822
f 1258/3/1807 1266/2/1822 1267/1/1823
f 1259/1/1808 1258/3/1807 1267/2/1823
f 1259/3/1808 1267/2/1823 1268/1/1824
f 1260/1/1809 1259/3/1808 1268/2/1824
f 1260/3/1809 1268/2/1824 1269/1/1825
f 1261/1/1810 1260/3/1809 1269/2/1825
f 1261/3/1810 1269/2/1825 1270/1/1826
f 1261/3/1810 1270/2/1826 1262/1/1811
f 1262/3/1811 1270/2/1826 1271/1/1827
f 1226/3/1749 1227/2/1748 1228/1/1751
f 1226/3/1749 1228/2/1751 1263/1/1812
f 1263/3/1812 1228/2/1751 1272/1/1828
f 1272/2/1828 2015/748/1829 1263/3/1812
f 1272/2/1828 2022/749/1830 2024/750/1831
f 2022/751/1830 1273/2/1832 2025/752/1833
f 2025/753/1833 1273/2/1832 2026/754/1834
f 1274/1/1835 2738/755/1836 2027/756/1837
f 1264/1/1816 2962/757/1838 1274/2/1835
f 1264/3/1816 1274/2/1835 1275/1/1839
f 1265/1/1821 1264/3/1816 1275/2/1839
f 1265/3/1821 1275/2/1839 1276/1/1840
f 1266/1/1822 1265/3/1821 1276/2/1840
f 1266/3/1822 1276/2/1840 1277/1/1841
f 1267/1/1823 1266/3/1822 1277/2/1841
f 1267/3/1823 1277/2/1841 1278/1/1842
f 1268/1/1824 1267/3/1823 1278/2/1842
f 1268/3/1824 1278/2/1842 1279/1/1843
f 1269/1/1825 1268/3/1824 1279/2/1843
f 1269/3/1825 1279/2/1843 1280/1/1844
f 1270/1/1826 1269/3/1825 1280/2/1844
f 1270/3/1826 1280/2/1844 1281/1/1845
f 1270/3/1826 1281/2/1845 1271/1/1827
f 1271/3/1827 1281/2/1845 2490/1/1846
f 1273/2/1832 2034/758/1847 2026/759/1834
f 2037/760/1848 1283/1/1849 2032/761/1850
f 1283/2/1849 2027/762/1837 2038/763/1851
f 1274/3/1835 1283/2/1849 1284/1/1852
f 1275/1/1839 1274/3/1835 1284/2/1852
f 1275/3/1839 1284/2/1852 1285/1/1853
f 1276/1/1840 1275/3/1839 1285/2/1853
f 1276/3/1840 1285/2/1853 1286/1/1854
f 1277/1/1841 1276/3/1840 1286/2/1854
f 1277/3/1841 1286/2/1854 1287/1/1855
f 1278/1/1842 1277/3/1841 1287/2/1855
f 1278/3/1842 1287/2/1855 1288/1/1856
f 1279/1/1843 1278/3/1842 1288/2/1856
f 1279/3/1843 1288/2/1856 1289/1/1857
f 1280/1/1844 1279/3/1843 1289/2/1857
f 1280/3/1844 1289/2/1857 1290/1/1858
f 1281/1/1845 1280/3/1844 1290/2/1858
f 1281/3/1845 1290/2/1858 1291/1/1859
f 2490/1/1846 1281/3/1845 1291/2/1859
f 2490/3/1846 1291/2/1859 2491/1/1860
f 1272/3/1828 1228/2/1751 1293/1/1861
f 1272/3/1828 1293/2/1861 1273/1/1832
f 1273/3/1832 1293/2/1861 1294/1/1862
f 1294/2/1862 2036/764/1863 2040/765/1864
f 1283/3/1849 1294/2/1862 1295/1/1865
f 1283/3/1849 1295/2/1865 1284/1/1852
f 1284/3/1852 1295/2/1865 1296/1/1866
f 1285/1/1853 1284/3/1852 1296/2/1866
f 1285/3/1853 1296/2/1866 1297/1/1867
f 1286/1/1854 1285/3/1853 1297/2/1867
f 1286/3/1854 1297/2/1867 1298/1/1868
f 1287/1/1855 1286/3/1854 1298/2/1868
f 1287/3/1855 1298/2/1868 1299/1/1869
f 1288/1/1856 1287/3/1855 1299/2/1869
f 1288/3/1856 1299/2/1869 1300/1/1870
f 1289/1/1857 1288/3/1856 1300/2/1870
f 1289/3/1857 1300/2/1870 1301/1/1871
f 1290/1/1858 1289/3/1857 1301/2/1871
f 1290/3/1858 1301/2/1871 1302/1/1872
f 1290/3/1858 1302/2/1872 1291/1/1859
f 1291/3/1859 1302/2/1872 1303/1/1873
f 1291/3/1859 1303/2/1873 2491/1/1860
f 2491/3/1860 1303/2/1873 2870/1/1874
f 1228/3/1751 1221/2/1750 1230/1/1753
f 1228/3/1751 1230/2/1753 1293/1/1861
f 1305/1/1875 1295/3/1865 1294/2/1862
f 1305/2/1875 1296/1/1866 1295/3/1865
f 1306/1/1876 1296/3/1866 1305/2/1875
f 1297/1/1867 1296/3/1866 1306/2/1876
f 1307/1/1877 1297/3/1867 1306/2/1876
f 1298/1/1868 1297/3/1867 1307/2/1877
f 1308/1/1878 1298/3/1868 1307/2/1877
f 1299/1/1869 1298/3/1868 1308/2/1878
f 1309/1/1879 1299/3/1869 1308/2/1878
f 1300/1/1870 1299/3/1869 1309/2/1879
f 1310/1/1880 1300/3/1870 1309/2/1879
f 1301/1/1871 1300/3/1870 1310/2/1880
f 1311/1/1881 1301/3/1871 1310/2/1880
f 1302/1/1872 1301/3/1871 1311/2/1881
f 1312/1/1882 1302/3/1872 1311/2/1881
f 1303/1/1873 1302/3/1872 1312/2/1882
f 1313/1/1883 1303/3/1873 1312/2/1882
f 1313/2/1883 2870/1/1874 1303/3/1873
f 2492/1/1884 2870/3/1874 1313/2/1883
f 1293/3/1861 1230/2/1753 1315/1/1885
f 1315/2/1885 1294/1/1862 1293/3/1861
f 1316/1/1886 1294/3/1862 1315/2/1885
f 1305/1/1875 1294/3/1862 1316/2/1886
f 1317/1/1887 1305/3/1875 1316/2/1886
f 1306/1/1876 1305/3/1875 1317/2/1887
f 1318/1/1888 1306/3/1876 1317/2/1887
f 1307/1/1877 1306/3/1876 1318/2/1888
f 1319/1/1889 1307/3/1877 1318/2/1888
f 1308/1/1878 1307/3/1877 1319/2/1889
f 1320/1/1890 1308/3/1878 1319/2/1889
f 1309/1/1879 1308/3/1878 1320/2/1890
f 1321/1/1891 1309/3/1879 1320/2/1890
f 1310/1/1880 1309/3/1879 1321/2/1891
f 1322/1/1892 1310/3/1880 1321/2/1891
f 1311/1/1881 1310/3/1880 1322/2/1892
f 1323/1/1893 1311/3/1881 1322/2/1892
f 1312/1/1882 1311/3/1881 1323/2/1893
f 1324/1/1894 1312/3/1882 1323/2/1893
f 1324/2/1894 1313/1/1883 1312/3/1882
f 1325/1/1895 1313/3/1883 1324/2/1894
f 2492/1/1884 1313/3/1883 1325/2/1895
f 2493/1/1896 2492/3/1884 1325/2/1895
f 1230/3/1753 1229/2/1752 1220/1/1754
f 1315/1/1885 1230/3/1753 1220/2/1754
f 1327/1/1897 1317/3/1887 1316/2/1886
f 1318/1/1888 1317/3/1887 1327/2/1897
f 1328/1/1898 1318/3/1888 1327/2/1897
f 1319/1/1889 1318/3/1888 1328/2/1898
f 1329/1/1899 1319/3/1889 1328/2/1898
f 1320/1/1890 1319/3/1889 1329/2/1899
f 1330/1/1900 1320/3/1890 1329/2/1899
f 1321/1/1891 1320/3/1890 1330/2/1900
f 1331/1/1901 1321/3/1891 1330/2/1900
f 1322/1/1892 1321/3/1891 1331/2/1901
f 1332/1/1902 1322/3/1892 1331/2/1901
f 1323/1/1893 1322/3/1892 1332/2/1902
f 1333/1/1903 1323/3/1893 1332/2/1902
f 1324/1/1894 1323/3/1893 1333/2/1903
f 1334/1/1904 1324/3/1894 1333/2/1903
f 1325/1/1895 1324/3/1894 1334/2/1904
f 1335/1/1905 1325/3/1895 1334/2/1904
f 1335/2/1905 2493/1/1896 1325/3/1895
f 2990/1/1906 2493/3/1896 1335/2/1905
f 1337/1/1907 1315/3/1885 1220/2/1754
f 1337/2/1907 1316/1/1886 1315/3/1885
f 1338/1/1908 1316/3/1886 1337/2/1907
f 1338/2/1908 1327/1/1897 1316/3/1886
f 1339/1/1909 1327/3/1897 1338/2/1908
f 1339/2/1909 1328/1/1898 1327/3/1897
f 1340/1/1910 1328/3/1898 1339/2/1909
f 1329/1/1899 1328/3/1898 1340/2/1910
f 1341/1/1911 1329/3/1899 1340/2/1910
f 1330/1/1900 1329/3/1899 1341/2/1911
f 1342/1/1912 1330/3/1900 1341/2/1911
f 1331/1/1901 1330/3/1900 1342/2/1912
f 1343/1/1913 1331/3/1901 1342/2/1912
f 1332/1/1902 1331/3/1901 1343/2/1913
f 1344/1/1914 1332/3/1902 1343/2/1913
f 1333/1/1903 1332/3/1902 1344/2/1914
f 1345/1/1915 1333/3/1903 1344/2/1914
f 1334/1/1904 1333/3/1903 1345/2/1915
f 1346/1/1916 1334/3/1904 1345/2/1915
f 1346/2/1916 1335/1/1905 1334/3/1904
f 1347/1/1917 1335/3/1905 1346/2/1916
f 2990/1/1906 1335/3/1905 1347/2/1917
f 1348/1/1918 2990/3/1906 1347/2/1917
f 1219/1/1743 1220/3/1754 1218/2/1744
f 1337/1/1907 1220/3/1754 1219/2/1743
f 1349/1/1919 1337/3/1907 1219/2/1743
f 1338/1/1908 1337/3/1907 1349/2/1919
f 1350/1/1920 1338/3/1908 1349/2/1919
f 1339/1/1909 1338/3/1908 1350/2/1920
f 1351/1/1921 1339/3/1909 1350/2/1920
f 1340/1/1910 1339/3/1909 1351/2/1921
f 1352/1/1922 1340/3/1910 1351/2/1921
f 1341/1/1911 1340/3/1910 1352/2/1922
f 1353/1/1923 1341/3/1911 1352/2/1922
f 1342/1/1912 1341/3/1911 1353/2/1923
f 1354/1/1924 1342/3/1912 1353/2/1923
f 1343/1/1913 1342/3/1912 1354/2/1924
f 1355/1/1925 1343/3/1913 1354/2/1924
f 1344/1/1914 1343/3/1913 1355/2/1925
f 1356/1/1926 1344/3/1914 1355/2/1925
f 1345/1/1915 1344/3/1914 1356/2/1926
f 1357/1/1927 1345/3/1915 1356/2/1926
f 1346/1/1916 1345/3/1915 1357/2/1927
f 1358/1/1928 1346/3/1916 1357/2/1927
f 1347/1/1917 1346/3/1916 1358/2/1928
f 1359/1/1929 1347/3/1917 1358/2/1928
f 1348/1/1918 1347/3/1917 1359/2/1929
f 2872/1/1930 1348/3/1918 1359/2/1929
f 1361/1/1931 1351/3/1921 1350/2/1920
f 1361/2/1931 1352/1/1922 1351/3/1921
f 1362/1/1932 1352/3/1922 1361/2/1931
f 1353/1/1923 1352/3/1922 1362/2/1932
f 1363/1/1933 1353/3/1923 1362/2/1932
f 1354/1/1924 1353/3/1923 1363/2/1933
f 1364/1/1934 1354/3/1924 1363/2/1933
f 1355/1/1925 1354/3/1924 1364/2/1934
f 1365/1/1935 1355/3/1925 1364/2/1934
f 1356/1/1926 1355/3/1925 1365/2/1935
f 1366/1/1936 1356/3/1926 1365/2/1935
f 1357/1/1927 1356/3/1926 1366/2/1936
f 1367/1/1937 1357/3/1927 1366/2/1936
f 1358/1/1928 1357/3/1927 1367/2/1937
f 1368/1/1938 1358/3/1928 1367/2/1937
f 1359/1/1929 1358/3/1928 1368/2/1938
f 1369/1/1939 1359/3/1929 1368/2/1938
f 1369/2/1939 2872/1/1930 1359/3/1929
f 2494/1/1940 2872/3/1930 1369/2/1939
f 1217/1/1941 1219/3/1743 1216/2/1742
f 1349/1/1919 1219/3/1743 1217/2/1941
f 1371/1/1942 1349/3/1919 1217/2/1941
f 1371/2/1942 1350/1/1920 1349/3/1919
f 1372/1/1943 1350/3/1920 1371/2/1942
f 1372/2/1943 1361/1/1931 1350/3/1920
f 1373/1/1944 1361/3/1931 1372/2/1943
f 1362/1/1932 1361/3/1931 1373/2/1944
f 1374/1/1945 1362/3/1932 1373/2/1944
f 1362/3/1932 1374/2/1945 1363/1/1933
f 1375/1/1946 1363/3/1933 1374/2/1945
f 1363/3/1933 1375/2/1946 1364/1/1934
f 1376/1/1947 1364/3/1934 1375/2/1946
f 1364/3/1934 1376/2/1947 1365/1/1935
f 1377/1/1948 1365/3/1935 1376/2/1947
f 1365/3/1935 1377/2/1948 1366/1/1936
f 1378/1/1949 1366/3/1936 1377/2/1948
f 1366/3/1936 1378/2/1949 1367/1/1937
f 1379/1/1950 1367/3/1937 1378/2/1949
f 1368/1/1938 1367/3/1937 1379/2/1950
f 1380/1/1951 1368/3/1938 1379/2/1950
f 1380/2/1951 1369/1/1939 1368/3/1938
f 1381/1/1952 1369/3/1939 1380/2/1951
f 2494/1/1940 1369/3/1939 1381/2/1952
f 2495/1/1953 2494/3/1940 1381/2/1952
f 1383/1/1954 1373/3/1944 1372/2/1943
f 1383/2/1954 1374/1/1945 1373/3/1944
f 1384/1/1955 1374/3/1945 1383/2/1954
f 1375/1/1946 1374/3/1945 1384/2/1955
f 1385/1/1956 1375/3/1946 1384/2/1955
f 1376/1/1947 1375/3/1946 1385/2/1956
f 1386/1/1957 1376/3/1947 1385/2/1956
f 1377/1/1948 1376/3/1947 1386/2/1957
f 1387/1/1958 1377/3/1948 1386/2/1957
f 1378/1/1949 1377/3/1948 1387/2/1958
f 1388/1/1959 1378/3/1949 1387/2/1958
f 1379/1/1950 1378/3/1949 1388/2/1959
f 1389/1/1960 1379/3/1950 1388/2/1959
f 1380/1/1951 1379/3/1950 1389/2/1960
f 1390/1/1961 1380/3/1951 1389/2/1960
f 1381/1/1952 1380/3/1951 1390/2/1961
f 1391/1/1962 1381/3/1952 1390/2/1961
f 2495/1/1953 1381/3/1952 1391/2/1962
f 2991/1/1963 2495/3/1953 1391/2/1962
f 1215/1/1755 1217/3/1941 1216/2/1742
f 1215/2/1755 1371/1/1942 1217/3/1941
f 1393/1/1964 1371/3/1942 1215/2/1755
f 1393/2/1964 1372/1/1943 1371/3/1942
f 1394/1/1965 1372/3/1943 1393/2/1964
f 1383/1/1954 1372/3/1943 1394/2/1965
f 1395/1/1966 1383/3/1954 1394/2/1965
f 1384/1/1955 1383/3/1954 1395/2/1966
f 1396/1/1967 1384/3/1955 1395/2/1966
f 1385/1/1956 1384/3/1955 1396/2/1967
f 1397/1/1968 1385/3/1956 1396/2/1967
f 1386/1/1957 1385/3/1956 1397/2/1968
f 1398/1/1969 1386/3/1957 1397/2/1968
f 1387/1/1958 1386/3/1957 1398/2/1969
f 1399/1/1970 1387/3/1958 1398/2/1969
f 1388/1/1959 1387/3/1958 1399/2/1970
f 1400/1/1971 1388/3/1959 1399/2/1970
f 1389/1/1960 1388/3/1959 1400/2/1971
f 1401/1/1972 1389/3/1960 1400/2/1971
f 1390/1/1961 1389/3/1960 1401/2/1972
f 1402/1/1973 1390/3/1961 1401/2/1972
f 1391/1/1962 1390/3/1961 1402/2/1973
f 1403/1/1974 1391/3/1962 1402/2/1973
f 2991/1/1963 1391/3/1962 1403/2/1974
f 1404/1/1975 2991/3/1963 1403/2/1974
f 1405/1/1976 1393/3/1964 1215/2/1755
f 1394/1/1965 1393/3/1964 1405/2/1976
f 1406/1/1977 1395/3/1966 1394/2/1965
f 1406/2/1977 1396/1/1967 1395/3/1966
f 1407/1/1978 1396/3/1967 1406/2/1977
f 1397/1/1968 1396/3/1967 1407/2/1978
f 1408/1/1979 1397/3/1968 1407/2/1978
f 1398/1/1969 1397/3/1968 1408/2/1979
f 1409/1/1980 1398/3/1969 1408/2/1979
f 1399/1/1970 1398/3/1969 1409/2/1980
f 1410/1/1981 1399/3/1970 1409/2/1980
f 1400/1/1971 1399/3/1970 1410/2/1981
f 1411/1/1982 1400/3/1971 1410/2/1981
f 1401/1/1972 1400/3/1971 1411/2/1982
f 1412/1/1983 1401/3/1972 1411/2/1982
f 1402/1/1973 1401/3/1972 1412/2/1983
f 1413/1/1984 1402/3/1973 1412/2/1983
f 1403/1/1974 1402/3/1973 1413/2/1984
f 1414/1/1985 1403/3/1974 1413/2/1984
f 1414/2/1985 1404/1/1975 1403/3/1974
f 2874/1/1986 1404/3/1975 1414/2/1985
f 1214/2/1756 1231/1/1758 1215/3/1755
f 1231/2/1758 1405/1/1976 1215/3/1755
f 1416/1/1987 1394/3/1965 1405/2/1976
f 1416/2/1987 1406/1/1977 1394/3/1965
f 1417/1/1988 1406/3/1977 1416/2/1987
f 1407/1/1978 1406/3/1977 1417/2/1988
f 1418/1/1989 1407/3/1978 1417/2/1988
f 1408/1/1979 1407/3/1978 1418/2/1989
f 1419/1/1990 1408/3/1979 1418/2/1989
f 1409/1/1980 1408/3/1979 1419/2/1990
f 1420/1/1991 1409/3/1980 1419/2/1990
f 1410/1/1981 1409/3/1980 1420/2/1991
f 1421/1/1992 1410/3/1981 1420/2/1991
f 1411/1/1982 1410/3/1981 1421/2/1992
f 1422/1/1993 1411/3/1982 1421/2/1992
f 1412/1/1983 1411/3/1982 1422/2/1993
f 1423/1/1994 1412/3/1983 1422/2/1993
f 1413/1/1984 1412/3/1983 1423/2/1994
f 1424/1/1995 1413/3/1984 1423/2/1994
f 1414/1/1985 1413/3/1984 1424/2/1995
f 1425/1/1996 1414/3/1985 1424/2/1995
f 2874/1/1986 1414/3/1985 1425/2/1996
f 2496/1/1997 2874/3/1986 1425/2/1996
f 1231/2/1758 1427/1/1998 1405/3/1976
f 1427/2/1998 1416/1/1987 1405/3/1976
f 1428/1/1999 1417/3/1988 1416/2/1987
f 1428/2/1999 1418/1/1989 1417/3/1988
f 1429/1/2000 1418/3/1989 1428/2/1999
f 1419/1/1990 1418/3/1989 1429/2/2000
f 1430/1/2001 1419/3/1990 1429/2/2000
f 1420/1/1991 1419/3/1990 1430/2/2001
f 1431/1/2002 1420/3/1991 1430/2/2001
f 1421/1/1992 1420/3/1991 1431/2/2002
f 1432/1/2003 1421/3/1992 1431/2/2002
f 1422/1/1993 1421/3/1992 1432/2/2003
f 1433/1/2004 1422/3/1993 1432/2/2003
f 1423/1/1994 1422/3/1993 1433/2/2004
f 1434/1/2005 1423/3/1994 1433/2/2004
f 1424/1/1995 1423/3/1994 1434/2/2005
f 1435/1/2006 1424/3/1995 1434/2/2005
f 1425/1/1996 1424/3/1995 1435/2/2006
f 1436/1/2007 1425/3/1996 1435/2/2006
f 2496/1/1997 1425/3/1996 1436/2/2007
f 2497/1/2008 2496/3/1997 1436/2/2007
f 1212/2/1757 1213/1/1760 1231/3/1758
f 1213/2/1760 1427/1/1998 1231/3/1758
f 1213/2/1760 1438/1/2009 1427/3/1998
f 1416/1/1987 1427/3/1998 1438/2/2009
f 1439/1/2010 1416/3/1987 1438/2/2009
f 1439/2/2010 1428/1/1999 1416/3/1987
f 1440/1/2011 1428/3/1999 1439/2/2010
f 1429/1/2000 1428/3/1999 1440/2/2011
f 1441/1/2012 1429/3/2000 1440/2/2011
f 1430/1/2001 1429/3/2000 1441/2/2012
f 1442/1/2013 1430/3/2001 1441/2/2012
f 1431/1/2002 1430/3/2001 1442/2/2013
f 1443/1/2014 1431/3/2002 1442/2/2013
f 1432/1/2003 1431/3/2002 1443/2/2014
f 1444/1/2015 1432/3/2003 1443/2/2014
f 1433/1/2004 1432/3/2003 1444/2/2015
f 1445/1/2016 1433/3/2004 1444/2/2015
f 1434/1/2005 1433/3/2004 1445/2/2016
f 1446/1/2017 1434/3/2005 1445/2/2016
f 1435/1/2006 1434/3/2005 1446/2/2017
f 1447/1/2018 1435/3/2006 1446/2/2017
f 1436/1/2007 1435/3/2006 1447/2/2018
f 1448/1/2019 1436/3/2007 1447/2/2018
f 2497/1/2008 1436/3/2007 1448/2/2019
f 2291/1/2020 2497/3/2008 1448/2/2019
f 1450/1/2021 1440/3/2011 1439/2/2010
f 1450/2/2021 1441/1/2012 1440/3/2011
f 1451/1/2022 1441/3/2012 1450/2/2021
f 1442/1/2013 1441/3/2012 1451/2/2022
f 1452/1/2023 1442/3/2013 1451/2/2022
f 1443/1/2014 1442/3/2013 1452/2/2023
f 1453/1/2024 1443/3/2014 1452/2/2023
f 1444/1/2015 1443/3/2014 1453/2/2024
f 1454/1/2025 1444/3/2015 1453/2/2024
f 1445/1/2016 1444/3/2015 1454/2/2025
f 1455/1/2026 1445/3/2016 1454/2/2025
f 1446/1/2017 1445/3/2016 1455/2/2026
f 1456/1/2027 1446/3/2017 1455/2/2026
f 1447/1/2018 1446/3/2017 1456/2/2027
f 1457/1/2028 1447/3/2018 1456/2/2027
f 1448/1/2019 1447/3/2018 1457/2/2028
f 1458/1/2029 1448/3/2019 1457/2/2028
f 1458/2/2029 2291/1/2020 1448/3/2019
f 1459/1/2030 2291/3/2020 1458/2/2029
f 1213/2/1760 1460/1/2031 1438/3/2009
f 1460/2/2031 1439/1/2010 1438/3/2009
f 1461/1/2032 1439/3/2010 1460/2/2031
f 1450/1/2021 1439/3/2010 1461/2/2032
f 1462/1/2033 1450/3/2021 1461/2/2032
f 1451/1/2022 1450/3/2021 1462/2/2033
f 1463/1/2034 1451/3/2022 1462/2/2033
f 1452/1/2023 1451/3/2022 1463/2/2034
f 1464/1/2035 1452/3/2023 1463/2/2034
f 1453/1/2024 1452/3/2023 1464/2/2035
f 1465/1/2036 1453/3/2024 1464/2/2035
f 1454/1/2025 1453/3/2024 1465/2/2036
f 1466/1/2037 1454/3/2025 1465/2/2036
f 1455/1/2026 1454/3/2025 1466/2/2037
f 1467/1/2038 1455/3/2026 1466/2/2037
f 1456/1/2027 1455/3/2026 1467/2/2038
f 1468/1/2039 1456/3/2027 1467/2/2038
f 1457/1/2028 1456/3/2027 1468/2/2039
f 1469/1/2040 1457/3/2028 1468/2/2039
f 1458/1/2029 1457/3/2028 1469/2/2040
f 1470/1/2041 1458/3/2029 1469/2/2040
f 1459/1/2030 1458/3/2029 1470/2/2041
f 2765/1/2042 1459/3/2030 1470/2/2041
f 1232/2/1759 1233/1/1762 1213/3/1760
f 1233/2/1762 1460/1/2031 1213/3/1760
f 1472/1/2043 1460/3/2031 1233/2/1762
f 1461/1/2032 1460/3/2031 1472/2/2043
f 1473/1/2044 1462/3/2033 1461/2/2032
f 1473/2/2044 1463/1/2034 1462/3/2033
f 1474/1/2045 1463/3/2034 1473/2/2044
f 1464/1/2035 1463/3/2034 1474/2/2045
f 1475/1/2046 1464/3/2035 1474/2/2045
f 1465/1/2036 1464/3/2035 1475/2/2046
f 1476/1/2047 1465/3/2036 1475/2/2046
f 1466/1/2037 1465/3/2036 1476/2/2047
f 1477/1/2048 1466/3/2037 1476/2/2047
f 1467/1/2038 1466/3/2037 1477/2/2048
f 1478/1/2049 1467/3/2038 1477/2/2048
f 1468/1/2039 1467/3/2038 1478/2/2049
f 1479/1/2050 1468/3/2039 1478/2/2049
f 1469/1/2040 1468/3/2039 1479/2/2050
f 1480/1/2051 1469/3/2040 1479/2/2050
f 1480/2/2051 1470/1/2041 1469/3/2040
f 1481/1/2052 1470/3/2041 1480/2/2051
f 1481/2/2052 2765/1/2042 1470/3/2041
f 2498/1/2053 2765/3/2042 1481/2/2052
f 1483/1/2054 1461/3/2032 1472/2/2043
f 1473/1/2044 1461/3/2032 1483/2/2054
f 1484/1/2055 1473/3/2044 1483/2/2054
f 1474/1/2045 1473/3/2044 1484/2/2055
f 1485/1/2056 1474/3/2045 1484/2/2055
f 1475/1/2046 1474/3/2045 1485/2/2056
f 1486/1/2057 1475/3/2046 1485/2/2056
f 1476/1/2047 1475/3/2046 1486/2/2057
f 1487/1/2058 1476/3/2047 1486/2/2057
f 1477/1/2048 1476/3/2047 1487/2/2058
f 1488/1/2059 1477/3/2048 1487/2/2058
f 1478/1/2049 1477/3/2048 1488/2/2059
f 1489/1/2060 1478/3/2049 1488/2/2059
f 1479/1/2050 1478/3/2049 1489/2/2060
f 1490/1/2061 1479/3/2050 1489/2/2060
f 1480/1/2051 1479/3/2050 1490/2/2061
f 1491/1/2062 1480/3/2051 1490/2/2061
f 1481/1/2052 1480/3/2051 1491/2/2062
f 1492/1/2063 1481/3/2052 1491/2/2062
f 2498/1/2053 1481/3/2052 1492/2/2063
f 2499/1/2064 2498/3/2053 1492/2/2063
f 1211/1/2065 1233/3/1762 1210/2/1761
f 1472/1/2043 1233/3/1762 1211/2/2065
f 1494/1/2066 1472/3/2043 1211/2/2065
f 1483/1/2054 1472/3/2043 1494/2/2066
f 1495/1/2067 1484/3/2055 1483/2/2054
f 1485/1/2056 1484/3/2055 1495/2/2067
f 1496/1/2068 1485/3/2056 1495/2/2067
f 1486/1/2057 1485/3/2056 1496/2/2068
f 1497/1/2069 1486/3/2057 1496/2/2068
f 1487/1/2058 1486/3/2057 1497/2/2069
f 1498/1/2070 1487/3/2058 1497/2/2069
f 1488/1/2059 1487/3/2058 1498/2/2070
f 1499/1/2071 1488/3/2059 1498/2/2070
f 1489/1/2060 1488/3/2059 1499/2/2071
f 1500/1/2072 1489/3/2060 1499/2/2071
f 1490/1/2061 1489/3/2060 1500/2/2072
f 1501/1/2073 1490/3/2061 1500/2/2072
f 1491/1/2062 1490/3/2061 1501/2/2073
f 1502/1/2074 1491/3/2062 1501/2/2073
f 1492/1/2063 1491/3/2062 1502/2/2074
f 1503/1/2075 1492/3/2063 1502/2/2074
f 1503/2/2075 2499/1/2064 1492/3/2063
f 2903/1/2076 2499/3/2064 1503/2/2075
f 1505/1/2077 1483/3/2054 1494/2/2066
f 1505/2/2077 1495/1/2067 1483/3/2054
f 1506/1/2078 1495/3/2067 1505/2/2077
f 1506/2/2078 1496/1/2068 1495/3/2067
f 1496/3/2068 1506/2/2078 2165/766/2079
f 1497/1/2069 1496/3/2068 2169/767/2080
f 2488/768/2081 1497/3/2069 3082/769/2080
f 2489/770/2082 1497/3/2069 2488/771/2081
f 2635/772/2083 1498/3/2070 2489/773/2082
f 2841/774/2084 1498/3/2070 2635/775/2083
f 1499/3/2071 2174/776/2084 2175/777/2084
f 1500/1/2072 1499/3/2071 1507/2/2085
f 1508/1/2086 1500/3/2072 1507/2/2085
f 1501/1/2073 1500/3/2072 1508/2/2086
f 1509/1/2087 1501/3/2073 1508/2/2086
f 1502/1/2074 1501/3/2073 1509/2/2087
f 1510/1/2088 1502/3/2074 1509/2/2087
f 1510/2/2088 1503/1/2075 1502/3/2074
f 1511/1/2089 1503/3/2075 1510/2/2088
f 2903/1/2076 1503/3/2075 1511/2/2089
f 1512/1/2090 2903/3/2076 1511/2/2089
f 1211/3/2065 1930/778/2091 1929/779/2092
f 3162/780/2093 1211/3/2065 1929/781/2092
f 1494/3/2066 1932/782/2094 1935/783/2095
f 1869/784/2096 2383/785/2097 1871/786/2096
f 2956/787/2098 1494/3/2066 1935/788/2095
f 1505/3/2077 1933/789/2099 2577/790/2100
f 1970/791/2101 1505/3/2077 2577/792/2100
f 2675/793/2102 1868/794/2103 1867/795/2103
f 1506/3/2078 1971/796/2102 2636/797/2104
f 1939/798/2105 2759/799/2106 2807/800/2107
f 1881/801/1593 2458/802/2106 2180/803/2108
f 1507/1/2085 2183/804/2109 2988/805/2109
f 1507/3/2085 2184/806/2110 2230/807/2110
f 1508/1/2086 1507/3/2085 2229/2/2111
f 2293/1/2112 1508/3/2086 2229/2/2111
f 1509/1/2087 1508/3/2086 2293/2/2112
f 1509/3/2087 2578/808/1661 1977/809/1663
f 1976/810/2113 1509/3/2087 1977/811/1663
f 1510/3/2088 1878/812/1662 2832/813/1670
f 1983/814/2114 1510/3/2088 1984/815/2115
f 1511/3/2089 1982/816/2116 1512/1/2090
f 1512/3/2090 2685/817/1669 2683/1/2117
f 1516/2/2118 1212/1/1757 1214/3/1756
f 1517/1/2119 1214/3/1756 1216/2/1742
f 1518/2/2120 1517/1/2119 1216/3/1742
f 1518/2/2120 1216/1/1742 1218/3/1744
f 1221/3/1750 1519/2/2121 1229/1/1752
f 2500/3/2122 1210/2/1761 2501/1/2123
f 2501/3/2123 1210/2/1761 1521/1/2124
f 2501/3/2123 1521/2/2124 1522/1/2125
f 2766/1/2126 2501/3/2123 1522/2/2125
f 2766/3/2126 1522/2/2125 1524/1/2127
f 1525/1/2128 2766/3/2126 1524/2/2127
f 1525/3/2128 1524/2/2127 1526/1/2129
f 1525/3/2128 1526/2/2129 1527/1/2130
f 1528/1/2131 1525/3/2128 1527/2/2130
f 1528/3/2131 1527/2/2130 1529/1/2132
f 1528/3/2131 1529/2/2132 1530/1/2133
f 3178/1/1745 1528/3/2131 1530/2/2133
f 3178/3/1745 1530/2/2133 1222/1/1746
f 1519/2/2121 1218/1/1744 1229/3/1752
f 1531/1/2134 1218/3/1744 1519/2/2121
f 1531/2/2134 1518/1/2120 1218/3/1744
f 1517/2/2119 1516/1/2118 1214/3/1756
f 1531/2/2134 1532/1/2135 1518/3/2120
f 1532/2/2135 1517/1/2119 1518/3/2120
f 1532/2/2135 1516/1/2118 1517/3/2119
f 1222/2/1746 1221/1/1750 1227/3/1748
f 1222/2/1746 1530/1/2133 1221/3/1750
f 1530/2/2133 1519/1/2121 1221/3/1750
f 1530/2/2133 1529/1/2132 1519/3/2121
f 1529/2/2132 1531/1/2134 1519/3/2121
f 1529/2/2132 1527/1/2130 1531/3/2134
f 1527/2/2130 1532/1/2135 1531/3/2134
f 1526/1/2129 1532/3/2135 1527/2/2130
f 1526/2/2129 1524/1/2127 1532/3/2135
f 1524/2/2127 1516/1/2118 1532/3/2135
f 1524/2/2127 1522/1/2125 1516/3/2118
f 1522/2/2125 1212/1/1757 1516/3/2118
f 1521/1/2124 1212/3/1757 1522/2/2125
f 1521/2/2124 1232/1/1759 1212/3/1757
f 1521/2/2124 1210/1/1761 1232/3/1759
f 836/1/1006 835/3/1005 1083/2/1009
f 823/3/988 822/2/987 824/1/1283
f 2706/2/1308 1762/818/1310 1088/3/1309
f 2936/819/2136 2375/820/1432 1764/821/1313
f 1104/1/1377 1948/822/2137 1949/823/2138
f 1102/3/1378 1949/824/2138 1825/825/2139
f 1104/2/1377 1903/826/2140 1947/827/2141
f 1812/828/2142 1106/1/1370 2823/829/1522
f 1105/1/1369 1965/830/2143 2951/831/1521
f 1105/1/1369 1968/832/2144 2958/833/2145
f 3134/3/1558 1886/834/2146 1888/835/2147
f 2705/836/1303 1899/837/2148 1963/838/2149
f 1100/2/1301 1961/839/2150 3130/840/2151
f 1086/1/1373 1158/3/1556 1155/2/2152
f 1814/841/2153 1086/2/1373 1155/1/2152
f 1916/842/2154 1085/1/1372 1959/843/1625
f 2487/2/2155 2282/1/1717 2761/3/1716
f 2306/3/2156 1189/2/2157 2410/3/2158
f 2914/3/2159 1198/1/2160 454/1/2161
f 491/1/2162 2041/844/2163 2735/845/2164
f 2254/1/2165 2726/3/2166 2763/1/2165
f 125/1/2167 2987/3/2168 913/1/2167
f 546/1/2169 1282/3/2169 1292/1/2169
f 294/1/2170 1075/3/2171 1082/1/2170
f 713/3/2172 1471/1/2172 725/1/2172
f 438/3/2173 2286/1/2174 3071/1/2174
f 461/3/2175 1206/1/2176 462/1/2176
f 93/3/2177 2985/2/2177 881/3/2177
f 497/1/2166 1943/727/2178 2726/1/2166
f 636/1/2179 1370/3/2179 1382/1/2179
f 1994/846/2180 2042/847/2181 490/2/2182
f 115/1/2168 2469/3/2183 2987/1/2168
f 525/3/2169 1282/1/2169 536/1/2169
f 2433/2/2184 2045/848/2185 787/3/2186
f 2756/2/2187 2588/849/2188 2432/2/2189
f 441/3/2190 2648/693/2191 2207/693/2191
f 447/1/2192 1190/3/2193 1926/850/2194
f 3076/3/2195 1190/1/2193 446/1/2193
f 713/1/2172 1449/3/2172 2292/1/2172
f 279/1/2196 1075/2/2171 287/2/2171
f 775/1/2197 1520/3/2198 1523/1/2199
f 2630/1/2200 995/2/2201 207/2/2201
f 624/1/2179 1360/3/2179 1370/1/2179
f 1779/851/2202 2549/3/2202 1177/2/2203
f 463/1/2204 1206/3/2176 1207/1/2204
f 454/3/2161 1199/1/2205 455/1/2206
f 2684/1/2207 1979/852/2208 1986/1/2209
f 269/3/2210 1067/1/2196 279/1/2196
f 691/3/2172 1449/1/2172 703/1/2172
f 2827/1/2211 2231/853/2212 2650/854/2213
f 2484/2/2214 1170/1/2215 2486/2/2216
f 323/1/2217 2754/2/2201 330/2/2201
f 447/3/2192 1192/1/2218 448/1/2218
f 456/1/2219 1199/3/2205 1200/1/2219
f 93/3/2177 882/1/2220 94/1/2221
f 491/3/2162 1238/1/2222 493/1/2223
f 500/3/2224 1247/1/2225 501/1/2225
f 516/3/2225 3014/1/2169 525/1/2169
f 2510/2/2226 2550/1/2226 2514/2/2226
f 1777/1/2227 1144/1/2227 1776/855/2227
f 2046/856/2228 1143/2/2229 379/1/2230
f 187/3/2231 2768/1/2200 2630/1/2200
f 464/1/2232 1207/3/2204 1208/1/2233
f 614/1/2179 2871/3/2179 1360/1/2179
f 269/1/2210 2876/3/2234 1057/1/2210
f 691/1/2172 1426/3/2172 1437/1/2172
f 1514/1/2235 2827/2/2211 1940/857/2236
f 775/3/2197 2767/1/2237 777/1/2238
f 94/1/2221 2469/2/2183 105/2/2183
f 501/3/2225 3141/1/2225 509/1/2225
f 516/1/2225 3141/3/2225 3013/1/2225
f 248/3/2239 2876/1/2234 258/1/2234
f 456/3/2219 1201/1/2240 457/1/2240
f 786/2/2241 1195/3/2242 451/3/2242
f 767/1/2243 3177/3/2243 1515/1/2243
f 166/3/2244 964/1/2201 176/1/2201
f 187/1/2231 964/3/2201 2773/1/2231
f 590/3/2179 2871/1/2179 602/1/2179
f 1889/858/2225 2791/2/2245 2045/1/2185
f 439/1/2203 1177/2/2203 2669/2/2203
f 440/3/2246 2531/1/2190 441/1/2190
f 448/3/2218 1186/1/2246 440/1/2246
f 451/3/2242 1196/1/2247 452/1/2247
f 464/3/2232 3008/1/2195 3076/1/2195
f 436/1/2248 1181/3/2249 1695/859/2250
f 2306/3/2156 2412/860/2251 2308/861/2252
f 457/3/2240 1202/1/2253 458/1/2253
f 2567/862/1554 1238/3/2222 1240/1/2254
f 238/3/2239 1036/1/2255 248/1/2239
f 1514/2/2235 1974/863/2256 1978/864/2256
f 323/2/2217 1110/1/2257 2889/2/2257
f 17/2/2226 1098/1/2183 2886/2/2258
f 17/2/2226 2984/3/2259 18/3/2259
f 452/3/2247 1194/1/2260 450/1/2260
f 166/1/2244 3091/3/2244 954/1/2244
f 580/3/2169 1336/1/2179 590/1/2179
f 758/3/2261 3177/1/2243 766/1/2243
f 669/3/2172 1426/1/2172 680/1/2172
f 481/3/2262 1224/2/2263 2287/3/2264
f 227/3/2239 1026/1/2239 238/1/2239
f 330/2/2201 1159/3/2265 413/3/2266
f 458/3/2253 1203/1/2267 459/1/2267
f 658/3/2179 1415/1/2172 669/1/2172
f 2821/865/2268 1879/866/1487 1877/867/1490
f 1631/868/2269 450/3/2260 1632/869/2270
f 442/1/2271 1628/870/2270 1188/1/2271
f 317/2/2169 2509/1/2169 2511/2/2179
f 1096/2/2272 378/1/2273 2046/871/2228
f 155/1/2244 2632/3/2244 3091/1/2244
f 568/3/2169 1326/1/2169 580/1/2169
f 1188/2/2271 1944/872/2274 443/3/2275
f 18/2/2259 2985/3/2177 57/3/2177
f 747/3/2261 1504/1/2261 758/1/2261
f 480/1/2276 2904/3/2277 1224/1/2263
f 294/2/2170 1535/3/2278 788/3/2278
f 1874/873/2279 1870/874/1475 2950/875/1469
f 436/3/2248 1183/1/2280 437/1/2280
f 459/3/2267 1204/1/2281 460/1/2281
f 1924/876/2282 1234/3/2283 2724/877/2284
f 1908/3/1547 1904/724/1534 1906/878/2285
f 218/3/2286 3092/1/2239 227/1/2239
f 658/1/2179 1392/3/2179 2873/1/2179
f 787/2/2186 2045/3/2185 396/3/2287
f 747/1/2261 1482/3/2172 1493/1/2261
f 1885/879/1506 1866/880/1501 1884/881/1500
f 1234/3/2283 772/1/2288 1707/882/2289
f 434/3/2290 1178/1/2291 432/1/2291
f 432/2/2291 1181/3/2249 435/3/2249
f 443/3/2275 3031/1/2292 444/1/2293
f 135/3/2244 2632/1/2244 146/1/2244
f 558/3/2169 1314/1/2169 568/1/2169
f 777/3/2238 2904/1/2277 780/1/2294
f 481/3/2262 1235/1/2295 490/1/2182
f 218/1/2286 995/3/2201 2634/1/2286
f 636/3/2179 1392/1/2179 646/1/2179
f 333/3/2186 820/2/2296 1110/3/2257
f 437/2/2280 1184/3/2173 438/3/2173
f 788/2/2278 820/3/2296 32/3/2296
f 460/3/2281 1205/1/2297 461/1/2175
f 736/1/2172 1471/3/2172 1482/1/2172
f 3024/883/2298 2223/884/2299 2459/885/2300
f 125/3/2167 923/1/2244 135/1/2244
f 558/1/2169 1292/3/2169 1304/1/2169
f 433/3/2301 2528/1/2290 434/1/2290
f 2644/1/2301 2204/886/2302 2646/886/2302
f 1189/1/2157 444/3/2293 1953/887/2303
f 2914/3/2159 1991/888/2304 2899/3/2159
f 320/2/2169 2511/1/2179 1098/2/2183
s 0
f 1661/889/2305 1669/890/2305 2027/891/2305
f 1664/892/2306 1661/893/2306 2029/894/2306
f 2030/895/2307 1664/896/2307 2031/897/2307
f 1651/898/2308 1663/899/2308 2017/900/2308
f 1652/901/2309 1651/902/2309 2019/903/2309
f 1644/904/2310 1652/905/2310 2011/906/2310
f 1641/907/2311 2012/908/2311 2009/909/2311
f 1639/910/2312 2010/911/2312 2007/912/2312
f 3047/913/2313 2008/914/2313 1640/915/2313
f 1617/916/2314 1640/917/2314 2005/918/2314
f 3170/919/2315 1998/920/2315 2960/921/2315
f 1900/922/2316 1603/923/2316 1988/924/2316
f 1614/925/2317 1997/926/2317 2837/927/2317
f 1918/928/2318 1902/929/2318 1919/930/2318
f 1902/929/2319 1901/931/2319 1756/932/2319
f 1583/933/2318 1596/934/2318 1918/928/2318
f 1996/935/2320 2837/936/2320 1995/937/2320
f 1541/938/2321 1714/939/2321 1713/940/2321
f 1540/941/2322 1713/940/2322 1712/942/2322
f 1544/943/2323 1715/944/2323 1716/945/2323
f 1546/946/2324 2860/947/2324 1717/948/2324
f 1578/949/2325 2930/950/2325 2862/951/2325
f 1744/952/2326 1579/953/2326 1748/954/2326
f 1574/955/2327 1746/956/2327 1572/957/2327
f 1741/958/2328 1571/959/2328 1746/960/2328
f 1568/961/2329 1740/962/2329 1567/963/2329
f 1567/964/2330 1738/965/2330 3172/966/2330
f 1564/967/2331 1728/968/2331 1556/969/2331
f 1729/970/2332 1726/971/2332 1557/972/2332
f 1554/973/2333 1722/974/2333 1549/975/2333
f 2907/976/2334 1721/977/2334 1725/978/2334
f 1552/979/2335 1725/980/2335 1724/981/2335
f 1552/982/2336 1723/983/2336 3118/984/2336
f 3118/985/2337 1731/986/2337 1558/987/2337
f 1562/988/2338 1730/989/2338 1734/990/2338
f 1734/991/2339 1561/992/2339 1562/993/2339
f 1732/994/2340 1582/995/2340 1561/992/2340
f 1580/996/2341 1754/997/2341 1752/998/2341
f 1719/999/2342 1548/1000/2342 1581/1001/2342
f 1537/1002/2343 1708/1003/2343 1921/1004/2343
f 1993/1005/2344 2043/1006/2344 2587/1007/2344
f 1921/1004/2345 1894/1008/2345 2952/1009/2345
f 2952/1009/2346 1920/1010/2346 1921/1004/2346
f 3117/1011/2347 1607/1012/2347 1600/1013/2347
f 1613/1014/2348 1992/1015/2348 1634/1016/2348
f 2000/1017/2349 1636/1018/2349 1634/1019/2349
f 2002/1020/2350 1646/1021/2350 1636/1022/2350
f 1645/1023/2351 2014/1024/2351 2013/1025/2351
f 1653/1026/2352 2015/1027/2352 2023/1028/2352
f 1655/1029/2353 2024/1030/2353 1656/1031/2353
f 1656/1032/2354 2022/1033/2354 2026/1034/2354
f 1667/1035/2355 1659/1036/2355 2035/1037/2355
f 1668/1038/2356 2040/1039/2356 2036/1040/2356
f 2032/1041/2357 1668/1042/2357 2037/1043/2357
f 1670/1044/2358 1665/1045/2358 2033/1046/2358
f 2038/1047/2359 1670/1048/2359 2039/1049/2359
f 2062/1050/538 2745/1051/538 2135/1052/538
f 2047/1053/2360 2451/1054/2360 2147/1055/2360
f 2145/1056/2361 2128/1057/2361 2056/1058/2361
f 2104/1059/1451 2112/1060/1451 2170/1061/1451
f 2068/1062/2362 2745/1063/2362 2661/1064/2362
f 2138/1065/2363 2068/1066/2363 2066/1067/2363
f 2066/1068/2364 2070/1069/2364 2137/1070/2364
f 2054/1071/2365 2141/1072/2365 2070/1073/2365
f 2054/1074/2366 3145/1075/2366 2126/1076/2366
f 2103/1077/2367 3094/1078/2367 3143/1079/2367
f 3143/1080/2368 2102/1081/2368 2103/1082/2368
f 2102/1083/2369 2163/1084/2369 2099/1085/2369
f 2477/1086/2370 2099/1085/2370 2162/1087/2370
f 2113/1088/2371 2098/1089/2371 2164/1090/2371
f 2182/1091/2372 2117/1092/2372 2118/1093/2372
f 2176/1094/2373 2109/1095/2373 2117/1096/2373
f 2108/1097/2374 3086/1098/2374 3083/1099/2374
f 2111/1100/2375 3083/1101/2375 2177/1102/2375
f 2111/1103/2376 2178/1104/2376 2112/1105/2376
f 2061/1106/2377 2751/1107/2377 2133/1108/2377
f 2061/1109/2378 2456/1110/2378 2058/1111/2378
f 2051/1112/2379 2058/1113/2379 2123/1114/2379
f 2051/1112/2380 2125/1115/2380 2052/1116/2380
f 2052/1117/2381 2451/1118/2381 2049/1119/2381
s 1
f 20/1/15 19/2/12 2589/1120/14
f 20/1/15 2589/1120/14 2591/8/16
f 2839/9/17 2838/1121/2382 20/1/15
f 2212/1122/44 3132/1123/42 42/3/41
f 41/1/40 2441/1124/2383 2442/1125/44
f 2213/12/44 2212/1122/44 42/3/41
f 41/1/40 2442/1125/44 2213/12/44
f 2964/14/47 2963/1126/84 44/2/45
f 44/2/45 43/3/48 3079/13/46
f 43/3/48 3179/1127/388 2057/15/49
f 62/3/73 2640/1128/2384 2639/1129/74
f 62/3/73 2639/1129/74 2444/1130/74
f 2443/17/74 2441/1131/2383 41/2/40
f 62/3/73 2444/1130/74 2443/17/74
f 2799/18/75 2640/1132/2384 62/3/73
f 3146/21/78 3080/1133/77 63/3/76
f 2067/1134/78 3146/1135/78 64/3/79
f 64/3/79 2189/1136/83 2232/22/80
f 2445/23/80 2067/1134/78 64/3/79
f 2189/25/83 64/3/79 65/1/81
f 65/1/81 2965/1137/82 2190/24/82
f 65/3/81 44/1/45 2963/26/84
f 3103/29/92 71/2/91 20/3/15
f 20/3/15 2838/1138/2382 2840/28/92
f 71/2/91 3103/1139/92 2294/30/92
f 2680/32/94 3168/1140/9 296/3/11
f 296/3/11 72/1/96 2679/33/95
f 3101/1141/300 3100/1142/2385 259/2/287
f 260/3/288 2906/1143/302 2905/1144/300
f 1553/34/300 3101/1141/300 259/2/287
f 260/3/288 2905/1144/300 1553/34/300
f 260/3/288 261/1/289 2592/35/301
f 261/3/289 271/1/305 2681/1145/320
f 261/3/289 2681/1145/320 2682/37/303
f 2593/38/304 2592/1146/301 261/3/289
f 2296/1147/316 3169/1148/346 280/2/314
f 280/2/314 259/3/287 3039/1149/318
f 280/2/314 3039/1149/318 3038/39/315
f 2297/40/316 2296/1147/316 280/2/314
f 259/3/287 3100/1150/2385 1563/41/317
f 2842/45/319 2686/1151/319 271/3/305
f 3040/47/322 2908/1152/321 271/3/305
f 271/3/305 272/1/306 3102/48/322
f 3102/50/322 272/3/306 281/1/323
f 281/1/323 2298/1153/332 2299/49/322
f 36/2/330 35/3/35 37/1/39
f 2687/54/331 2416/1154/331 281/3/323
f 2909/56/334 2843/1155/333 281/3/323
f 281/3/323 282/1/324 3041/57/334
f 282/3/324 288/1/336 3104/58/335
f 2301/61/343 288/2/336 71/3/91
f 71/3/91 2295/1156/93 2300/60/343
f 2594/62/343 3104/1157/335 288/2/336
f 2688/64/344 2679/1158/95 72/1/96
f 2845/67/347 2844/1159/345 72/3/96
f 72/3/96 280/1/314 3169/66/346
f 299/2/359 309/3/427 2191/72/362
f 2538/74/364 2446/1160/367 311/1/365
f 43/2/48 299/3/359 3150/79/358
f 2303/85/390 2590/1161/13 19/1/12
f 329/2/392 296/3/11 2305/86/393
f 301/1/366 42/2/41 3133/90/43
f 3063/1/450 3148/1162/451 2192/96/449
f 2586/101/456 2193/1/459 311/2/365
f 385/2/467 2195/1163/467 2777/105/468
f 392/3/478 2197/1164/478 2196/106/452
f 394/3/484 329/1/392 2846/109/485
f 2244/1/488 2310/1165/489 3108/111/489
f 360/2/505 400/3/506 2596/113/507
f 399/1/502 394/2/484 2911/119/510
f 3066/3/477 2966/1/520 3107/121/521
f 2690/125/509 400/1/506 2244/2/488
f 3043/128/528 3110/1166/529 397/2/527
f 397/2/527 399/3/502 2912/127/511
f 2793/3/533 386/1/469 2199/133/522
f 2202/3/538 428/1/538 2201/135/538
f 421/2/538 2205/3/538 2206/141/538
f 449/3/546 2307/1167/2386 2311/143/547
f 1606/147/540 2599/1168/540 2436/1/539
f 423/2/540 2438/3/540 2597/146/540
f 1606/147/540 2436/1/539 423/2/540
f 2913/1/550 2237/1169/549 2915/150/552
f 466/1/572 2249/1170/907 2248/151/574
f 1618/158/585 3044/1171/582 2677/3/581
f 492/1/583 2320/1172/611 1616/157/584
f 1618/158/585 2677/3/581 492/1/583
f 494/2/587 2678/3/586 2691/159/588
f 495/1/589 494/2/587 2693/161/588
f 3046/163/591 3111/1173/591 495/2/589
f 495/2/589 2849/1174/590 1622/164/591
f 496/1/592 495/2/589 3111/165/591
f 2316/167/595 2313/1175/595 2252/1/594
f 496/2/592 2315/1176/593 2316/167/595
f 2600/1177/2387 2847/1178/599 498/1/596
f 2252/3/594 2852/1179/602 2851/168/597
f 2851/168/597 2600/1177/2387 498/1/596
f 496/2/592 2252/3/594 2851/168/597
f 2598/170/600 2853/1180/605 499/1/598
f 499/1/598 498/2/596 2847/169/599
f 2604/173/603 2917/1181/601 2252/3/594
f 2253/1/604 499/2/598 2853/174/605
f 2604/173/603 2252/3/594 2253/1/604
f 2318/175/608 2317/1182/2388 502/2/607
f 502/2/607 2251/3/577 2848/176/579
f 502/2/607 2317/1183/2388 2319/177/609
f 2918/1184/612 2321/1185/612 492/3/583
f 503/1/613 3048/1186/622 1638/181/614
f 1638/181/614 2918/1184/612 492/3/583
f 503/1/613 2322/1187/621 2323/182/621
f 2322/185/621 503/3/613 510/1/623
f 510/1/623 2695/1188/2389 2324/184/621
f 2696/186/631 2919/1189/2390 517/2/630
f 517/2/630 502/3/607 2694/187/610
f 517/2/630 2919/1190/2390 2920/188/632
f 518/1/634 2605/1191/2391 2326/190/635
f 2327/193/637 2695/1192/2389 510/1/623
f 510/1/623 518/2/634 2325/192/636
f 526/2/645 517/3/630 3112/194/633
f 3050/1193/648 3049/1194/649 527/1/647
f 526/2/645 2921/1195/646 2922/196/648
f 2922/196/648 3050/1193/648 527/1/647
f 527/2/647 2328/1196/650 2329/199/651
f 528/1/653 2854/1197/2392 2855/201/654
f 2607/1198/656 2605/1199/2391 518/1/634
f 518/1/634 528/2/653 2923/203/655
f 3051/204/656 2607/1198/656 518/1/634
f 2330/1200/2393 2331/1201/2394 537/1/665
f 537/1/665 527/2/647 2606/1202/652
f 537/1/665 2606/1202/652 2608/205/666
f 2332/206/667 2330/1200/2393 537/1/665
f 2856/1203/2395 2854/1204/2392 528/1/653
f 537/2/665 2331/1205/2394 2609/207/668
f 2609/207/668 2856/1203/2395 528/1/653
f 2209/1206/895 2208/1207/916 760/2/893
f 760/2/893 750/3/883 3188/208/894
f 2616/209/895 2209/1206/895 760/2/893
f 750/3/883 751/1/884 2800/1208/896
f 750/3/883 2800/1208/896 2805/1209/896
f 3081/211/896 3188/1210/894 750/3/883
f 750/3/883 2805/1209/896 2967/210/896
f 751/3/884 752/1/885 2255/214/898
f 752/3/885 753/1/886 2615/218/900
f 2637/1211/2396 2615/1212/900 753/3/886
f 753/3/886 761/1/901 2982/1213/920
f 753/3/886 2982/1213/920 2783/1214/900
f 2803/221/900 2637/1211/2396 753/3/886
f 753/3/886 2783/1214/900 2782/220/900
f 2249/222/907 466/2/572 467/3/880
f 467/3/880 748/1/881 3113/224/909
f 2335/227/910 2333/1215/910 3113/226/909
f 748/3/881 2610/1216/2397 2335/227/910
f 2699/229/912 2610/1217/2397 748/3/881
f 748/3/881 759/1/892 2857/228/911
f 759/3/892 760/1/893 3114/232/914
f 3114/232/914 1680/1218/2398 2858/233/913
f 2210/238/917 2337/1219/917 2336/236/915
f 2336/236/915 760/3/893 2208/237/916
f 2211/241/917 2502/1220/917 2638/1221/917
f 2611/239/918 2337/1222/917 2210/240/917
f 2211/241/917 2638/1221/917 2611/239/918
f 761/1/901 2880/1223/2399 2881/242/919
f 2883/245/922 2880/1224/2399 761/3/901
f 761/3/901 2925/1225/924 2924/244/921
f 2924/244/921 2968/1226/922 2883/245/922
f 761/3/901 762/1/902 3053/246/923
f 2338/251/926 2339/1227/2400 3115/250/925
f 3115/250/925 762/3/902 763/1/903
f 763/3/903 2721/1228/928 2340/252/926
f 763/3/903 764/1/904 2774/254/927
f 2342/1229/929 2612/1230/2401 2774/256/927
f 2774/256/927 764/3/904 3116/1231/2402
f 2927/257/929 3054/1232/932 2341/258/930
f 2774/256/927 3116/1231/2402 2927/257/929
f 2341/258/930 2342/1229/929 2774/256/927
f 3055/261/933 3116/1233/2402 764/3/904
f 764/3/904 765/1/905 2343/259/931
f 2343/259/931 2341/1234/930 3054/260/932
f 3055/261/933 764/3/904 2343/259/931
f 765/3/905 3097/1/906 3057/262/934
f 3057/262/934 2859/1235/934 2343/263/931
f 2345/264/936 3058/1236/2403 3057/1237/934
f 3098/1/935 2580/1/935 2345/264/936
f 2345/264/936 3057/1237/934 3097/3/906
f 2613/265/941 2769/1/942 466/2/572
f 2595/269/508 3106/1238/349 322/1/348
f 3059/1239/967 807/2/966 808/1/969
f 808/1/969 3171/1240/2404 2346/274/970
f 2347/275/970 3059/1239/967 808/1/969
f 2124/1241/2405 2641/1242/2406 829/1/993
f 829/1/993 830/3/994 3186/1243/995
f 829/1/993 3186/1243/995 2122/278/997
f 2452/279/997 2124/1241/2405 829/1/993
f 831/3/998 832/2/1007 3069/280/999
f 831/3/998 3009/1244/1000 2129/282/1001
f 2131/1245/1028 2752/1246/1030 850/3/1027
f 829/2/993 2641/1247/2406 2130/1248/1028
f 2457/284/1028 2131/1245/1028 850/3/1027
f 829/2/993 2130/1248/1028 2457/284/1028
f 2808/285/1029 851/1/1032 850/3/1027
f 851/3/1032 3084/1249/1031 3138/289/1033
f 2271/1250/1033 2216/1251/1036 852/3/1034
f 852/3/1034 3138/1252/1033 2139/290/1033
f 2435/291/1033 2271/1250/1033 852/3/1034
f 2217/293/1037 2891/1253/1037 853/1/1035
f 853/1/1035 852/3/1034 2216/292/1036
f 2971/294/1038 3069/1254/999 832/1/1007
f 832/1/1007 853/3/1035 2891/295/1037
f 808/3/969 859/2/1045 2717/296/1046
f 2716/297/1046 3171/1255/2404 808/3/969
f 859/2/1045 2928/1256/2407 1718/298/1046
f 1720/301/1048 1719/1257/1298 860/1/1047
f 860/1/1047 1084/3/964 1708/300/963
f 1047/2/1239 1723/1258/1271 1724/1259/2408
f 1048/3/1240 1047/2/1239 1724/1259/2408
f 1721/303/1253 1722/1260/2409 1048/3/1240
f 1048/3/1240 1724/1259/2408 1725/302/1252
f 1727/305/1255 1049/1/1241 1048/3/1240
f 1048/3/1240 1722/1261/2409 1726/304/1254
f 1728/307/1257 1059/1/1258 1049/3/1241
f 1049/3/1241 1727/1262/1255 1729/306/1256
f 1731/1263/2410 1047/3/1239 1068/2/1267
f 1068/2/1267 1732/1264/2411 1733/1265/2412
f 1068/2/1267 1733/1265/2412 1734/308/1268
f 1730/309/1269 1731/1263/2410 1068/2/1267
f 1047/3/1239 1731/1266/2410 1735/310/1270
f 1059/1/1258 1728/1267/1257 1737/312/1272
f 2701/317/1274 1060/1/1259 1059/3/1258
f 1059/3/1258 2617/1268/1273 2618/316/1274
f 2929/319/1275 1069/1/1276 1060/3/1259
f 1060/3/1259 2701/1269/1274 1742/318/1274
f 824/2/1283 828/51/990 825/1/992
f 1069/3/1276 2986/1270/1284 2351/322/1284
f 2350/323/1285 3174/1271/2413 1069/3/1276
f 1069/3/1276 3174/1272/2413 2702/324/1286
f 1070/3/1277 2702/1273/1286 2703/325/1287
f 859/3/1045 1076/2/1288 2931/326/1295
f 1749/327/1296 2928/1274/2407 859/3/1045
f 1076/2/1288 2703/1275/1287 1751/328/1295
f 1753/330/1297 1752/1276/1299 860/1/1047
f 1754/333/1300 1732/1277/2411 1068/1/1267
f 1068/1/1267 860/3/1047 1752/332/1299
f 1089/3/1306 2352/1278/1304 2932/336/1304
f 2932/336/1304 2934/1279/1304 3119/337/1305
f 2933/341/1312 2936/1280/2136 1764/342/1313
f 3123/347/1317 2937/1281/1427 1092/1/1318
f 2356/356/1332 3176/1282/2414 2541/1283/1382
f 2888/2/1330 2513/1/2415 2358/1/1331
f 2356/356/1332 2541/1283/1382 2888/2/1330
f 1775/359/1335 1090/1/2416 2622/357/1333
f 2622/357/1333 2865/1284/1333 1781/358/1334
f 2869/362/1339 2867/1285/1337 2620/2/1329
f 1097/1/1338 3159/1286/1388 2869/362/1339
f 1088/1/1309 2619/1287/1311 2543/363/1340
f 2360/364/1307 1088/3/1309 835/2/1005
f 828/2/990 2940/1288/1347 2939/369/1345
f 828/2/990 824/1/1283 3122/370/1346
f 3122/370/1346 3061/1289/2417 2940/371/1347
f 824/2/1283 2363/1290/1350 2362/372/1348
f 824/2/1283 1097/1/1338 2535/374/1349
f 2810/376/1351 2353/1291/1351 1089/3/1306
f 839/2/1011 2809/1292/1391 2810/376/1351
f 2537/377/1352 3123/1293/1317 1087/3/1319
f 831/2/998 3015/1294/2418 2537/377/1352
f 3189/379/1316 3016/1295/1315 3017/378/1353
f 3017/378/1353 3015/1296/2418 831/2/998
f 831/2/998 3187/1297/1366 3189/379/1316
f 2364/380/1354 2365/1298/1380 826/2/991
f 826/2/991 1094/1/1323 2812/381/1326
f 2657/382/1355 2709/1299/1324 1094/3/1323
f 826/2/991 2939/1300/1345 2657/382/1355
f 2710/383/1356 2535/1301/1349 1097/2/1338
f 1097/2/1338 2620/1/1329 3018/384/1328
f 2712/387/1363 2361/1302/1341 835/3/1005
f 833/2/1004 3019/1303/2419 2712/387/1363
f 1809/388/1364 3019/1304/2419 833/2/1004
f 833/2/1004 837/1/1008 2539/389/1365
f 837/2/1008 1087/1/1319 2355/390/1321
f 2941/394/1368 1100/2/1301 807/1/966
f 1106/2/1370 1812/1305/2142 1811/396/1371
f 1086/2/1373 1814/1306/2153 2942/399/1374
f 811/3/974 2942/1307/1374 2943/1308/1375
f 1816/400/1375 2366/1309/2420 814/1/976
f 811/3/974 2943/1308/1375 1816/400/1375
f 814/3/976 2366/1310/2420 2367/401/1376
f 2267/404/996 830/2/994 2540/402/1379
f 2540/402/1379 2804/1311/1342 2268/403/1344
f 830/2/994 826/1/991 2365/405/1380
f 2542/407/1381 2813/1312/1386 2887/2/1362
f 2887/2/1362 2888/1/1330 2541/408/1382
f 1103/2/1359 3020/1313/1385 3021/409/1383
f 3020/411/1385 1103/2/1359 1102/1/1378
f 1102/1/1378 1825/1314/2139 1824/410/1384
f 1108/1/1361 2887/3/1362 2813/414/1386
f 3159/416/1388 1097/1/1338 1108/3/1361
f 2658/419/1390 1083/1/1009 835/3/1005
f 835/3/1005 2543/1315/1340 2544/418/1389
f 2809/420/1391 839/1/1011 1083/3/1009
f 1829/422/1410 1130/1/1414 1132/3/1411
f 3126/424/1413 1131/1/1417 1130/3/1414
f 2718/428/1420 2369/1316/2421 2368/426/1418
f 2368/426/1418 1129/2/1416 2719/427/1419
f 3160/430/1421 1830/1317/1412 1132/1/1411
f 1132/1/1411 1089/3/1306 3119/429/1305
f 2815/432/1422 3127/1318/1415 1130/3/1414
f 1130/3/1414 1829/1319/1410 2946/431/1422
f 1131/3/1417 2816/1320/1435 2719/433/1419
f 2553/434/1423 2525/3/1423 1156/2/1423
f 1156/2/1423 2370/1321/1520 2371/435/1423
f 2371/435/1423 2551/1322/1423 1107/1/1360
f 1107/1/1360 3021/1323/1383 1844/1324/1423
f 2553/434/1423 1156/2/1423 2371/435/1423
f 1107/1/1360 1844/1324/1423 2553/434/1423
f 1099/3/1367 1129/2/1416 2368/436/1418
f 1099/3/1367 2373/1325/1424 3023/438/1425
f 2948/441/1430 2748/1/1450 2374/442/1431
f 2556/1326/1433 2369/1327/2421 2718/444/1420
f 2718/444/1420 2474/1328/1433 2558/445/1433
f 2558/445/1433 1854/1329/1433 1852/446/1433
f 1852/446/1433 2556/1326/1433 2718/444/1420
f 1131/2/1417 2559/1330/1436 2377/447/1434
f 2377/447/1434 2376/1331/2422 2816/448/1435
f 2741/451/1437 2697/1332/1437 2559/449/1436
f 2559/449/1436 1131/2/1417 3126/450/1413
f 3126/450/1413 2743/1333/1437 2741/451/1437
f 2947/456/1440 2378/1334/1444 2273/3/1441
f 1849/461/1445 1135/2/1466 2999/1/1465
f 2999/1/1465 1837/1335/1445 1760/459/1445
f 1760/459/1445 1759/1336/2423 2818/460/1446
f 2818/460/1446 1851/1337/2424 1849/461/1445
f 1849/461/1445 2999/1/1465 1760/459/1445
f 2866/462/1447 2379/1338/1508 2892/1/1447
f 3166/1/1452 1820/1339/2425 1778/467/1453
f 2674/470/1456 2722/1340/1503 2516/1/1480
f 2516/1/1480 3124/1341/2426 1808/1342/1454
f 1770/469/1454 1769/1343/2427 2863/2/1455
f 2516/1/1480 1808/1342/1454 1770/469/1454
f 2863/2/1455 1866/1344/1501 2674/470/1456
f 2674/470/1456 2516/1/1480 1770/469/1454
f 2653/3/1460 1095/2/1460 1771/471/1460
f 1773/474/1461 1142/2/1459 2654/1/1458
f 2654/1/1458 1801/1345/2428 1772/473/1461
f 1781/476/1334 1141/2/1510 2276/1/1462
f 2276/1/1462 1804/1346/2429 1774/475/1463
f 1774/475/1463 1775/1347/1335 1781/476/1334
f 1765/478/1468 1757/1348/2430 1758/1349/1467
f 1758/1349/1467 2811/1350/1467 3000/3/1467
f 3000/3/1467 1134/2/1467 1850/477/1467
f 1765/478/1468 1758/1349/1467 3000/3/1467
f 2950/479/1469 1870/1351/1475 1091/3/1474
f 2950/479/1469 1091/3/1474 1761/1352/1470
f 2518/1/1471 2949/1353/1476 2950/479/1469
f 1787/480/1470 1806/1354/1481 2518/1/1471
f 2950/479/1469 1761/1352/1470 1787/480/1470
f 1828/1355/1472 2545/1356/1472 2519/3/1472
f 2519/3/1472 1136/2/1472 1797/481/1472
f 1796/482/1472 1828/1355/1472 2519/3/1472
f 2997/483/1473 2747/3/1477 1091/2/1474
f 2554/489/1478 2555/1357/2431 2750/3/1478
f 2750/3/1478 1872/1358/1479 2382/487/1478
f 2382/487/1478 2380/1359/1478 1149/2/1478
f 1149/2/1478 1827/1360/1478 1786/1361/1479
f 1149/2/1478 1786/1361/1479 1763/488/1479
f 2554/489/1478 2750/3/1478 2382/487/1478
f 2382/487/1478 1149/2/1478 1763/488/1479
f 1807/491/1482 3124/1362/2426 2516/2/1480
f 2516/2/1480 2518/1/1471 1806/490/1481
f 2642/1363/1483 2468/1364/1483 1788/492/1483
f 1788/492/1483 1819/1365/2432 1802/493/1484
f 1802/493/1484 1801/1366/2428 2654/1/1458
f 2654/1/1458 2642/1363/1483 1788/492/1483
f 1875/495/1486 1793/1367/1492 1794/1368/1485
f 1795/494/1485 1804/1369/2429 2276/2/1462
f 1875/495/1486 1794/1368/1485 1795/494/1485
f 2276/2/1462 2821/1370/2268 1875/495/1486
f 1879/496/1487 1878/1371/1662 2655/2/1488
f 2655/2/1488 1803/1372/2433 1789/497/1488
f 1789/497/1488 1790/1373/1488 1792/498/1489
f 1792/498/1489 1877/1374/1490 1879/496/1487
f 1879/496/1487 2655/2/1488 1789/497/1488
f 1793/501/1492 1875/1375/1486 1877/499/1490
f 1877/499/1490 1792/1376/1489 1791/500/1491
f 1882/502/1493 1881/1377/1593 2517/2/1494
f 2517/2/1494 2536/1378/1494 1799/503/1494
f 1799/503/1494 1800/1379/1496 1150/3/1495
f 1150/3/1495 3024/1380/2298 1882/502/1493
f 1882/502/1493 2517/2/1494 1799/503/1494
f 2220/506/1498 1150/3/1495 1800/504/1496
f 1766/505/1497 2218/1381/1497 2220/506/1498
f 2863/3/1455 2878/2/1502 1884/509/1500
f 1884/1382/1500 1093/2/1505 1768/1383/1505
f 1767/513/1504 1798/1384/1505 1146/3/1505
f 1884/1382/1500 1768/1383/1505 1767/513/1504
f 1146/3/1505 2561/1385/1504 1885/514/1506
f 1885/514/1506 1884/1382/1500 1767/513/1504
f 1783/517/1512 2868/1386/2434 1148/3/1511
f 1148/3/1511 1145/2/1512 1864/1387/1512
f 1782/516/1512 1780/1388/2435 1783/517/1512
f 1148/3/1511 1864/1387/1512 1782/516/1512
f 1821/519/1514 1820/1389/2425 3166/1/1452
f 3166/1/1452 2277/3/1666 1785/1390/1514
f 1784/518/1513 1826/1391/2436 1821/519/1514
f 3166/1/1452 1785/1390/1514 1784/518/1513
f 2386/3/1519 2755/3/1519 1107/2/1360
f 1107/2/1360 2551/1392/1423 2388/523/1518
f 2951/526/1521 1895/1393/2437 2823/527/1522
f 2408/530/1523 1105/2/1369 3023/528/1425
f 3023/528/1425 3128/1394/1516 3025/529/1515
f 3025/529/1515 3027/1395/2438 2408/530/1523
f 2944/531/1524 3156/3/1524 2390/2/1525
f 2562/533/1527 2563/1396/1527 2758/1/1528
f 2758/1/1528 2723/1397/2439 2565/534/1529
f 1818/535/1530 1817/1398/1530 3125/536/1526
f 2390/3/1525 2391/1399/1530 1818/535/1530
f 1904/539/1534 2393/1400/1535 1152/1/1535
f 1152/1/1535 1815/1401/1535 1813/1402/2440
f 2715/540/1535 2713/2/1535 1906/1403/2285
f 1152/1/1535 1813/1402/2440 2715/540/1535
f 2715/540/1535 1906/1403/2285 1904/539/1534
f 2523/1/1536 2372/1404/1536 1841/541/1537
f 2954/547/1545 3157/1/1550 2392/545/1544
f 2392/545/1544 2394/1405/2441 2953/546/1544
f 1908/549/1547 1906/1406/2285 2714/3/1544
f 2714/3/1544 2753/2/1548 1907/548/1546
f 2753/2/1548 2893/1/2442 1912/550/1549
f 1912/556/1549 2893/2/2442 2568/557/1553
f 1887/562/1559 1847/1407/2443 1846/1408/2444
f 1833/561/1557 1834/1409/2445 1853/1410/2446
f 1887/562/1559 1846/1408/2444 1833/561/1557
f 3134/3/1558 1888/1411/2147 1887/562/1559
f 1833/561/1557 1853/1410/2446 3134/3/1558
f 3134/3/1558 1853/1412/2446 2819/563/1560
f 1856/566/1563 1138/1/1564 2278/3/1561
f 1855/569/1567 1835/1413/2447 1836/1414/2448
f 1840/568/1566 1857/1415/2449 2279/3/1565
f 1855/569/1567 1836/1414/2448 1840/568/1566
f 2279/3/1565 1138/2/1564 1855/569/1567
f 2279/3/1565 1857/1416/2449 1858/570/1568
f 2526/3/1569 1858/1417/1568 1859/571/1570
f 2526/3/1569 1862/1418/1571 1860/573/1572
f 1861/575/1576 1831/1419/2450 1832/574/1575
f 1839/1420/2451 1140/1/1577 2720/3/1574
f 1832/574/1575 1839/1420/2451 2720/3/1574
f 2720/3/1574 1139/2/1573 1861/575/1576
f 1610/1421/2452 1609/1422/2453 2882/3/1579
f 2882/3/1579 1137/2/1578 1863/1423/2454
f 2882/3/1579 1863/1423/2454 1838/1424/2455
f 2614/1425/2452 1610/1421/2452 2882/3/1579
f 2614/1425/2452 2882/3/1579 1838/1424/2455
f 1829/576/1410 1830/1426/1412 3160/1427/1421
f 2614/1425/2452 1838/1424/2455 1829/576/1410
f 1925/1428/2456 2614/1425/2452 1829/576/1410
f 1829/576/1410 3160/1427/1421 3001/1/1580
f 3001/1/1580 1923/1429/1643 2569/577/1581
f 2569/577/1581 1925/1428/2456 1829/576/1410
f 2400/1430/1585 2570/1431/1582 3002/3/1582
f 3002/3/1582 2520/2/2457 2824/578/1583
f 2824/578/1583 1928/1432/2458 2399/579/1582
f 2399/579/1582 2400/1430/1585 3002/3/1582
f 2993/582/1585 2895/1/1582 2334/580/1582
f 2334/580/1582 1674/1433/1587 2992/581/1584
f 1675/583/1586 1677/1434/2459 1166/1/2460
f 2995/584/1586 2992/1435/1584 1674/585/1587
f 1675/583/1586 1166/1/2460 2995/584/1586
f 1934/587/1586 2825/1436/1586 2824/586/1583
f 2824/586/1583 2520/3/2457 2515/2/1588
f 2515/2/1588 2955/1437/1644 1934/587/1586
f 1938/590/1592 1939/1438/2105 2515/1/1588
f 2221/594/1594 1150/3/1495 3037/595/1499
f 3135/1/1590 1683/1439/1589 2503/597/1596
f 2643/604/1602 1147/1/1654 2826/602/1601
f 1941/603/1602 2651/1440/1602 2643/604/1602
f 1822/1441/1604 3022/1442/1614 2280/2/1603
f 2280/2/1603 2522/1/1533 2817/605/1532
f 1823/606/1604 1822/1441/1604 2280/2/1603
f 1843/608/1607 1842/1443/1606 2522/3/1533
f 2522/3/1533 2281/2/1605 2389/607/1606
f 1627/1444/2461 3165/1445/2462 2830/1446/2463
f 2830/1446/2463 3163/2/2464 1942/611/1610
f 1942/611/1610 1903/1447/2140 1153/3/2465
f 1153/3/2465 2573/1448/1619 2571/609/1608
f 2314/610/1609 1627/1444/2461 2830/1446/2463
f 1942/611/1610 1153/3/2465 2571/609/1608
f 2314/610/1609 2830/1446/2463 1942/611/1610
f 3164/2/1611 2280/1/1603 2727/612/1612
f 2402/616/1615 2728/1449/2466 2727/614/1612
f 2727/614/1612 2280/2/1603 3022/615/1614
f 3022/615/1614 2401/1450/2467 2402/616/1615
f 3165/1451/2462 1627/1452/2461 1625/617/1616
f 1625/617/1616 1624/1453/2468 1623/1454/2469
f 1623/1454/2469 2403/1455/1622 1952/618/1617
f 1950/619/1617 3165/1451/2462 1625/617/1616
f 1625/617/1616 1623/1454/2469 1952/618/1617
f 2573/622/1619 1153/2/2465 2576/620/1618
f 2576/620/1618 1954/1456/2470 1951/621/1617
f 2403/625/1622 1623/1457/2469 2916/623/1620
f 2916/623/1620 2729/3/1629 2404/624/1621
f 2576/627/1618 1153/2/2465 3158/1/1623
f 3158/1/1623 1958/1458/1628 1957/626/1624
f 1960/629/1626 2406/1459/1632 2758/2/1528
f 2758/2/1528 2729/1/1629 1959/628/1625
f 3158/1/1623 1915/1460/1775 1962/630/1627
f 1914/1461/1630 1916/1462/2154 1959/632/1625
f 2729/2/1629 2916/1463/1620 1621/1464/1630
f 2729/2/1629 1621/1464/1630 1620/1465/1630
f 2692/633/1630 1914/1461/1630 1959/632/1625
f 2729/2/1629 1620/1465/1630 2692/633/1630
f 2407/634/1631 2723/1466/2439 2758/2/1528
f 2952/1467/2471 1893/1468/2472 2957/636/1633
f 2957/636/1633 3131/2/1636 1964/637/1634
f 1966/638/1635 2952/1467/2471 2957/636/1633
f 1897/642/1639 1896/1469/2473 3134/1/1558
f 3134/1/1558 3131/3/1636 2409/641/1638
f 3131/2/1636 2957/1470/1633 1969/643/1640
f 1672/1471/1641 1673/1472/1641 2894/2/1641
f 2882/1/1579 1609/1473/2453 1611/1474/1641
f 1671/645/1641 1672/1471/1641 2894/2/1641
f 2882/1/1579 1611/1474/1641 1671/645/1641
f 2533/650/1646 1972/1475/1648 2955/648/1644
f 2955/648/1644 2515/1/1588 2534/649/1645
f 1173/3/1647 1166/2/2460 1677/1476/2459
f 1173/3/1647 1677/1476/2459 1676/651/1648
f 1678/652/1648 3052/1477/2474 1173/3/1647
f 1684/1478/1591 3135/1/1590 1173/3/1647
f 1173/3/1647 3052/1479/2474 1679/1480/1651
f 1173/3/1647 1679/1480/1651 1681/653/1649
f 1682/654/1650 1684/1478/1591 1173/3/1647
f 2515/2/1588 1939/1481/2105 1973/655/1651
f 1688/661/1653 1690/1482/1660 3003/3/1659
f 3003/3/1659 2454/1483/1653 2453/659/1600
f 2453/659/1600 1685/1484/1599 1686/660/1653
f 1686/660/1653 1687/1485/2475 1688/661/1653
f 1688/661/1653 3003/3/1659 2453/659/1600
f 1147/1/1654 3032/1486/2476 1975/662/1653
f 1693/1487/2477 1698/1488/1671 3004/2/1655
f 3004/2/1655 3003/1/1659 1691/664/1656
f 1692/665/1657 1693/1487/2477 3004/2/1655
f 1689/666/1658 1691/1489/1656 3003/2/1659
f 2578/668/1661 3032/1490/2476 1147/1/1654
f 1878/669/1662 1976/1491/2113 1977/670/1663
f 2578/668/1661 1147/1/1654 1878/669/1662
f 1700/1492/2478 1703/1493/2479 3136/2/1664
f 3004/1/1655 1699/1494/1672 1697/671/1665
f 1697/671/1665 1700/1492/2478 3136/2/1664
f 2277/3/1666 2731/1495/1668 2685/674/1669
f 1982/1496/2116 1983/1497/2114 1984/1498/2115
f 2685/674/1669 1982/1496/2116 1984/1498/2115
f 2832/675/1670 1876/1499/2480 2277/3/1666
f 2685/674/1669 1984/1498/2115 2832/675/1670
f 2284/2/1673 3136/1/1664 1705/678/1674
f 2277/1/1666 3166/3/1452 2583/682/1675
f 3136/2/1664 1703/1500/2479 1702/684/1675
f 1179/3/1679 2890/1501/1686 2455/686/1680
f 1694/691/1688 2926/1502/1688 2529/3/1687
f 1175/2/1676 1182/1/1690 3056/692/1688
f 1694/691/1688 2529/3/1687 1175/2/1676
f 1167/2/1684 2806/1503/1683 2647/693/1695
f 2802/698/1712 2411/860/2481 1193/3/1711
f 2603/1504/1715 2464/3/1719 1169/2/1697
f 2828/1/1696 2850/1505/1715 1629/701/1714
f 1630/702/1715 2603/1504/1715 1169/2/1697
f 1169/2/1697 2828/1/1696 1629/701/1714
f 1151/1/1722 1197/3/1724 2959/705/1723
f 1923/707/1643 1931/1506/1642 1930/1507/2091
f 1210/1/1761 2500/3/2122 2569/708/1581
f 1923/707/1643 1930/1507/2091 1210/1/1761
f 1993/709/1765 2587/1508/2482 2288/2/1764
f 2733/711/1767 2736/1509/1770 1236/1/1768
f 1999/713/1770 3034/1510/1795 1237/1/1771
f 1237/1/1771 1236/3/1768 2736/714/1770
f 2885/3/1772 1239/2/1773 1962/1511/1627
f 1915/715/1775 1913/1512/2483 1910/716/1776
f 2885/3/1772 1962/1511/1627 1915/715/1775
f 1910/716/1776 1909/1513/1778 3011/1/1774
f 3011/1/1774 2885/3/1772 1915/715/1775
f 1958/718/1628 1962/1514/1627 1239/2/1773
f 1239/2/1773 1241/1/1781 2730/717/1777
f 1955/721/1780 2730/1515/1777 1241/2/1781
f 3011/3/1774 1911/1516/1779 1905/723/1782
f 1242/1/1783 2574/1517/2484 2575/725/1780
f 1946/726/1784 2574/1518/2484 1242/2/1783
f 1242/2/1783 1243/1/1785 2572/727/1784
f 2001/729/1792 1992/1519/1766 2288/3/1764
f 2288/3/1764 1248/2/1790 2000/728/1791
f 1248/2/1790 2002/1520/2485 2003/730/1793
f 2834/732/1794 2835/1521/1797 1237/1/1771
f 2006/1522/1797 3036/1523/2486 1249/1/1796
f 1249/1/1796 1237/3/1771 2835/734/1797
f 2961/735/1797 2006/1522/1797 1249/1/1796
f 1249/1/1796 3036/1524/2486 2414/736/1804
f 2415/738/1804 2737/1525/1820 1256/1/1805
f 1256/1/1805 1249/3/1796 2413/739/1804
f 2014/741/1814 2002/1526/2485 1248/3/1790
f 1248/3/1790 1263/2/1812 2013/740/1813
f 1263/2/1812 2015/1527/1829 2016/742/1815
f 1264/1/1816 2584/1528/2487 2418/744/1817
f 2700/746/1819 2584/1529/2487 1264/2/1816
f 1264/2/1816 1256/1/1805 2737/747/1820
f 1272/2/1828 2021/1530/2488 2015/748/1829
f 2023/1531/2489 2021/1532/2488 1272/2/1828
f 1272/2/1828 1273/1/1832 2022/749/1830
f 2024/750/1831 2023/1531/2489 1272/2/1828
f 1274/1/1835 2836/1533/2490 2738/755/1836
f 1264/1/1816 2417/1534/1818 2419/1535/1838
f 2962/757/1838 2836/1536/2490 1274/2/1835
f 1264/1/1816 2419/1535/1838 2962/757/1838
f 1273/2/1832 2035/1537/2491 2034/758/1847
f 2037/760/1848 2036/1538/1863 1283/1/1849
f 1283/1/1849 2033/1539/2492 2032/761/1850
f 2039/1540/2493 2033/1541/2492 1283/2/1849
f 1283/2/1849 1274/1/1835 2027/762/1837
f 2038/763/1851 2039/1540/2493 1283/2/1849
f 2040/765/1864 2035/1542/2491 1273/3/1832
f 1294/2/1862 1283/1/1849 2036/764/1863
f 2040/765/1864 1273/3/1832 1294/2/1862
f 2475/1543/2079 2476/1544/2494 1496/3/2068
f 1506/2/2078 2807/1545/2107 2165/766/2079
f 2165/766/2079 2475/1543/2079 1496/3/2068
f 2167/1546/2495 3082/1547/2080 1497/1/2069
f 1496/3/2068 2476/1548/2494 2624/1549/2080
f 2169/767/2080 2167/1546/2495 1497/1/2069
f 1496/3/2068 2624/1549/2080 2169/767/2080
f 2489/770/2082 1498/1/2070 1497/3/2069
f 2841/774/2084 1499/1/2071 1498/3/2070
f 2175/777/2084 3142/1550/2496 1507/1/2085
f 1499/3/2071 2841/1551/2084 2349/1552/2497
f 1499/3/2071 2349/1552/2497 2348/1553/2084
f 2175/777/2084 1507/1/2085 1499/3/2071
f 1499/3/2071 2348/1553/2084 2174/776/2084
f 1211/3/2065 1210/2/1761 1930/778/2091
f 3162/780/2093 1494/1/2066 1211/3/2065
f 1494/3/2066 3162/1554/2093 1932/782/2094
f 1869/784/2096 1873/1555/2097 2383/785/2097
f 2956/787/2098 1505/1/2077 1494/3/2066
f 1505/3/2077 2956/1556/2098 1933/789/2099
f 1970/791/2101 1506/1/2078 1505/3/2077
f 2675/793/2102 1883/1557/2102 1868/794/2103
f 1506/3/2078 1970/1558/2101 1971/796/2102
f 2807/800/2107 1506/3/2078 2636/1559/2104
f 1939/798/2105 1938/1560/1592 2759/799/2106
f 2807/800/2107 2636/1559/2104 1939/798/2105
f 2759/1561/2106 1938/1562/1592 1881/801/1593
f 1881/801/1593 1882/1563/1493 2458/802/2106
f 2180/803/2108 2759/1561/2106 1881/801/1593
f 1507/1/2085 3142/1564/2496 2183/804/2109
f 2230/807/2110 2229/1/2111 1507/3/2085
f 1507/3/2085 2988/1565/2109 2184/806/2110
f 1509/3/2087 2293/2/2112 2578/808/1661
f 1976/810/2113 1510/1/2088 1509/3/2087
f 2832/813/1670 1984/1566/2115 1510/3/2088
f 1510/3/2088 1976/1567/2113 1878/812/1662
f 1878/812/1662 1879/1568/1487 2832/813/1670
f 1983/814/2114 1511/1/2089 1510/3/2088
f 1511/3/2089 1983/1569/2114 1982/816/2116
f 1512/3/2090 1982/1570/2116 2685/817/1669
f 2706/2/1308 1848/1571/1429 1762/818/1310
f 2936/819/2136 2948/1572/1430 2375/820/1432
f 1102/3/1378 1104/2/1377 1949/824/2138
f 1104/2/1377 2367/1573/1376 1903/826/2140
f 1903/826/2140 1942/1574/1610 1947/827/2141
f 1947/827/2141 1948/1575/2137 1104/2/1377
f 2951/831/1521 1106/2/1370 1105/1/1369
f 1105/1/1369 2958/1576/2145 1965/830/2143
f 1105/1/1369 2408/1577/1523 1968/832/2144
f 3134/3/1558 1896/1578/2473 1886/834/2146
f 1963/838/2149 1100/1/1301 2705/836/1303
f 2705/836/1303 2566/1579/2148 1899/837/2148
f 3130/840/2151 1085/3/1372 1100/2/1301
f 1100/2/1301 1963/1580/2149 1961/839/2150
f 1916/842/2154 1133/3/2498 1158/2/1556
f 1085/1/1372 3130/1581/2151 1959/843/1625
f 1916/842/2154 1158/2/1556 1085/1/1372
f 2306/3/2156 445/2/2499 1189/2/2157
f 2914/3/2159 2899/3/2159 1198/1/2160
f 2735/845/2164 2833/1/2500 491/1/2162
f 491/1/2162 2708/1582/2501 2041/844/2163
f 2254/1/2165 497/3/2166 2726/3/2166
f 125/1/2167 115/3/2168 2987/3/2168
f 546/1/2169 536/3/2169 1282/3/2169
f 294/1/2170 287/3/2171 1075/3/2171
f 713/3/2172 2292/3/2172 1471/1/2172
f 438/3/2173 1184/3/2173 2286/1/2174
f 461/3/2175 1205/3/2297 1206/1/2176
f 93/3/2177 57/2/2177 2985/2/2177
f 497/1/2166 1626/1583/2502 1943/727/2178
f 636/1/2179 624/3/2179 1370/3/2179
f 490/2/2182 1235/2/2295 1994/846/2180
f 1994/846/2180 2426/1584/2503 2042/847/2181
f 2042/847/2181 2602/1585/2504 490/2/2182
f 115/1/2168 105/3/2183 2469/3/2183
f 525/3/2169 3014/3/2169 1282/1/2169
f 2433/2/2184 2044/849/2505 2045/848/2185
f 2756/2/2187 2398/1586/2506 2588/849/2188
f 441/3/2190 2531/3/2190 2648/693/2191
f 1936/1587/2194 1191/1/2192 447/1/2192
f 447/1/2192 446/3/2193 1190/3/2193
f 1190/3/2193 1927/1588/2194 1926/850/2194
f 1926/850/2194 1936/1587/2194 447/1/2192
f 3076/3/2195 3008/3/2195 1190/1/2193
f 713/1/2172 703/3/2172 1449/3/2172
f 279/1/2196 1067/1/2196 1075/2/2171
f 775/1/2197 772/3/2288 1520/3/2198
f 2630/1/2200 2768/1/2200 995/2/2201
f 624/1/2179 614/3/2179 1360/3/2179
f 2581/1589/2507 3167/3/2508 2357/1590/2203
f 1779/851/2202 2420/1591/2203 2422/3/2509
f 2581/1589/2507 2357/1590/2203 1779/851/2202
f 1177/2/2203 1704/1592/2507 2579/1593/2507
f 2579/1593/2507 2581/1589/2507 1779/851/2202
f 1779/851/2202 2422/3/2509 2549/3/2202
f 2549/3/2202 2669/2/2203 1177/2/2203
f 1177/2/2203 2579/1593/2507 1779/851/2202
f 463/1/2204 462/3/2176 1206/3/2176
f 454/3/2161 1198/3/2160 1199/1/2205
f 1986/1/2209 1706/1594/2510 3099/1/2510
f 2684/1/2207 1981/1595/2208 1979/852/2208
f 1979/852/2208 1980/1596/2208 1987/1597/2511
f 1986/1/2209 3099/1/2510 2684/1/2207
f 1979/852/2208 1987/1597/2511 1986/1/2209
f 269/3/2210 1057/3/2210 1067/1/2196
f 691/3/2172 1437/3/2172 1449/1/2172
f 2827/1/2211 1513/1/2512 2231/853/2212
f 2484/2/2214 2791/1/2245 1170/1/2215
f 323/1/2217 2889/1/2257 2754/2/2201
f 447/3/2192 1191/3/2192 1192/1/2218
f 456/1/2219 455/3/2206 1199/3/2205
f 93/3/2177 881/3/2177 882/1/2220
f 491/3/2162 2833/3/2500 1238/1/2222
f 500/3/2224 1246/3/2224 1247/1/2225
f 516/3/2225 3013/3/2225 3014/1/2169
f 187/3/2231 2773/3/2231 2768/1/2200
f 464/1/2232 463/3/2204 1207/3/2204
f 614/1/2179 602/3/2179 2871/3/2179
f 269/1/2210 258/3/2234 2876/3/2234
f 691/1/2172 680/3/2172 1426/3/2172
f 1940/857/2236 2831/1/2513 1514/1/2235
f 1514/1/2235 1513/2/2512 2827/2/2211
f 775/3/2197 1523/3/2199 2767/1/2237
f 94/1/2221 882/1/2220 2469/2/2183
f 501/3/2225 1247/3/2225 3141/1/2225
f 516/1/2225 509/3/2225 3141/3/2225
f 248/3/2239 1036/3/2255 2876/1/2234
f 456/3/2219 1200/3/2219 1201/1/2240
f 786/2/2241 1534/2/2241 1195/3/2242
f 767/1/2243 766/3/2243 3177/3/2243
f 166/3/2244 954/3/2244 964/1/2201
f 187/1/2231 176/3/2201 964/3/2201
f 590/3/2179 1336/3/2179 2871/1/2179
f 2045/1/2185 2044/1598/2505 1922/1599/2514
f 1889/858/2225 1891/1600/2515 1170/2/2215
f 2045/1/2185 1922/1599/2514 1889/858/2225
f 2791/2/2245 396/1/2287 2045/1/2185
f 1889/858/2225 1170/2/2215 2791/2/2245
f 439/1/2203 1185/1/2225 1177/2/2203
f 440/3/2246 1186/3/2246 2531/1/2190
f 448/3/2218 1192/3/2218 1186/1/2246
f 451/3/2242 1195/3/2242 1196/1/2247
f 464/3/2232 1208/3/2233 3008/1/2195
f 1701/692/2250 3077/1/2248 436/1/2248
f 436/1/2248 435/3/2249 1181/3/2249
f 1181/3/2249 1696/1502/2250 1695/859/2250
f 1695/859/2250 1701/692/2250 436/1/2248
f 2306/3/2156 2410/3/2158 2412/860/2251
f 457/3/2240 1201/3/2240 1202/1/2253
f 2567/862/1554 1619/159/2516 493/3/2223
f 1240/1/2254 1908/1601/1547 1907/1602/1546
f 1907/1602/1546 1912/1603/1549 2567/862/1554
f 2567/862/1554 493/3/2223 1238/3/2222
f 1240/1/2254 1907/1602/1546 2567/862/1554
f 238/3/2239 1026/3/2239 1036/1/2255
f 1514/2/2235 2831/2/2513 1974/863/2256
f 323/2/2217 333/1/2186 1110/1/2257
f 17/2/2226 320/1/2169 1098/1/2183
f 17/2/2226 2886/2/2258 2984/3/2259
f 452/3/2247 1196/3/2247 1194/1/2260
f 166/1/2244 155/3/2244 3091/3/2244
f 580/3/2169 1326/3/2169 1336/1/2179
f 758/3/2261 1504/3/2261 3177/1/2243
f 669/3/2172 1415/3/2172 1426/1/2172
f 481/3/2262 480/2/2276 1224/2/2263
f 227/3/2239 3092/3/2239 1026/1/2239
f 330/2/2201 2754/2/2201 1159/3/2265
f 458/3/2253 1202/3/2253 1203/1/2267
f 658/3/2179 2873/3/2179 1415/1/2172
f 1877/867/1490 1875/1604/1486 2821/865/2268
f 2821/865/2268 1985/1605/2517 1879/866/1487
f 1631/868/2269 1604/1606/2269 450/3/2260
f 450/3/2260 1194/3/2260 1632/869/2270
f 442/1/2271 1605/1168/2270 1628/870/2270
f 2046/871/2228 1865/1607/2518 1096/2/2272
f 378/1/2273 1143/1/2229 2046/871/2228
f 155/1/2244 146/3/2244 2632/3/2244
f 568/3/2169 1314/3/2169 1326/1/2169
f 443/3/2275 442/2/2271 1188/2/2271
f 1188/2/2271 1945/694/2274 1944/872/2274
f 1944/872/2274 3030/1608/2519 443/3/2275
f 18/2/2259 2984/2/2259 2985/3/2177
f 747/3/2261 1493/3/2261 1504/1/2261
f 480/1/2276 780/3/2294 2904/3/2277
f 294/2/2170 1082/2/2170 1535/3/2278
f 1874/873/2279 2997/1609/1473 1870/874/1475
f 436/3/2248 3077/3/2248 1183/1/2280
f 459/3/2267 1203/3/2267 1204/1/2281
f 1908/3/1547 1240/3/2254 1904/724/1534
f 218/3/2286 2634/3/2286 3092/1/2239
f 658/1/2179 646/3/2179 1392/3/2179
f 747/1/2261 736/3/2172 1482/3/2172
f 1885/879/1506 2674/1610/1456 1866/880/1501
f 1707/882/2289 2724/3/2284 1234/3/2283
f 1234/3/2283 1520/1/2198 772/1/2288
f 434/3/2290 2528/3/2290 1178/1/2291
f 432/2/2291 1178/2/2291 1181/3/2249
f 443/3/2275 3030/3/2519 3031/1/2292
f 135/3/2244 923/3/2244 2632/1/2244
f 558/3/2169 1304/3/2169 1314/1/2169
f 777/3/2238 2767/3/2237 2904/1/2277
f 481/3/2262 2287/3/2264 1235/1/2295
f 218/1/2286 207/3/2201 995/3/2201
f 636/3/2179 1382/3/2179 1392/1/2179
f 333/3/2186 32/2/2296 820/2/2296
f 437/2/2280 1183/2/2280 1184/3/2173
f 788/2/2278 1535/2/2278 820/3/2296
f 460/3/2281 1204/3/2281 1205/1/2297
f 736/1/2172 725/3/2172 1471/3/2172
f 2459/885/2300 1882/1611/1493 3024/883/2298
f 3024/883/2298 1937/1612/2520 2223/884/2299
f 125/3/2167 913/3/2167 923/1/2244
f 558/1/2169 546/3/2169 1292/3/2169
f 433/3/2301 2644/3/2301 2528/1/2290
f 2644/1/2301 433/1/2301 2204/886/2302
f 1953/887/2303 1956/1613/2521 1189/1/2157
f 1189/1/2157 445/1/2499 444/3/2293
f 444/3/2293 3031/3/2292 1953/887/2303
f 2914/3/2159 1608/1614/2522 1991/888/2304
f 320/2/2169 317/1/2169 2511/1/2179
s 0
f 2027/891/2305 2028/1615/2305 1661/889/2305
f 1661/889/2523 1660/1616/2523 1669/890/2523
f 1669/890/2305 2038/1617/2305 2027/891/2305
f 2029/894/2306 2031/1618/2306 1664/892/2306
f 1664/892/2306 1662/1619/2306 1661/893/2306
f 1661/893/2306 2028/1620/2306 2029/894/2306
f 2030/895/2307 1663/1621/2307 1664/896/2307
f 2017/900/2308 2018/1622/2308 1651/898/2308
f 1651/898/2524 1650/1623/2524 1663/899/2524
f 1663/899/2308 2030/1624/2308 2017/900/2308
f 2019/903/2525 2020/1625/2525 1652/901/2525
f 1652/901/2526 1649/1626/2526 1651/902/2526
f 1651/902/2525 2018/1627/2525 2019/903/2525
f 2011/906/2310 2012/1628/2310 1644/904/2310
f 1644/904/2527 1643/1629/2527 1652/905/2527
f 1652/905/2310 2020/1630/2310 2011/906/2310
f 2010/1631/2528 1642/1632/2528 1641/907/2528
f 1641/907/2528 1644/904/2528 2012/908/2528
f 2009/909/2528 2010/1631/2528 1641/907/2528
f 3035/1633/2312 3047/1634/2312 1639/910/2312
f 1639/910/2312 1642/1635/2312 2010/911/2312
f 2007/912/2529 3035/1633/2529 1639/910/2529
f 3047/913/2313 3035/1633/2313 2008/914/2313
f 2004/1636/2314 3170/919/2314 1617/916/2314
f 1617/916/2530 1637/1637/2530 1640/917/2530
f 1640/917/2314 2008/914/2314 2005/918/2314
f 2005/918/2314 2004/1636/2314 1617/916/2314
f 2960/921/2531 3045/1638/2531 3170/919/2531
f 3170/919/2532 2004/1639/2532 1998/920/2532
f 1988/924/2533 1989/1640/2533 1900/922/2533
f 1900/922/2534 1898/1641/2534 1591/1642/2534
f 1591/1642/2535 1593/1643/2535 1603/923/2535
f 1603/923/2536 1602/1644/2536 1988/924/2536
f 1900/922/2534 1591/1642/2534 1603/923/2534
f 2837/927/2537 1615/1645/2537 1614/925/2537
f 1614/925/2534 3045/1646/2534 2960/1647/2534
f 1997/926/2534 1995/937/2534 2837/927/2534
f 1614/925/2535 2960/1647/2535 1997/926/2535
f 1919/930/2538 1917/1648/2538 1918/928/2538
f 1918/928/2539 1901/931/2539 1902/929/2539
f 1919/930/2540 1902/929/2540 1756/932/2540
f 1756/932/2541 1755/1649/2541 1805/1650/2541
f 1805/1650/2542 1810/1651/2542 1711/1652/2542
f 1711/1652/2543 1710/1653/2543 1714/1654/2543
f 1714/1654/2318 1542/1655/2318 1538/1656/2318
f 1714/1654/2544 1538/1656/2544 1539/1657/2544
f 1805/1650/2545 1711/1652/2545 1714/1654/2545
f 1919/930/2546 1756/932/2546 1805/1650/2546
f 1919/930/2547 1805/1650/2547 1714/1654/2547
f 1919/930/2318 1714/1654/2318 1539/1657/2318
f 1917/1648/2548 1919/930/2548 1539/1657/2548
f 1917/1648/2540 1539/1657/2540 1586/1658/2540
f 1898/1641/2549 1901/931/2549 1918/928/2549
f 1918/928/2550 1917/1648/2550 1586/1658/2550
f 1918/928/2551 1586/1658/2551 1585/1659/2551
f 1591/1642/2318 1898/1641/2318 1918/928/2318
f 1596/934/2552 1592/1660/2552 1591/1642/2552
f 1594/1661/2553 1595/1662/2553 1596/934/2553
f 1583/933/2554 1584/1663/2554 1594/1661/2554
f 1918/928/2555 1585/1659/2555 1583/933/2555
f 1596/934/2318 1591/1642/2318 1918/928/2318
f 1583/933/2556 1594/1661/2556 1596/934/2556
f 1541/938/2321 1542/1664/2321 1714/939/2321
f 1715/1665/2322 1543/1666/2322 1540/941/2322
f 1540/941/2322 1541/938/2322 1713/940/2322
f 1712/942/2322 1715/1665/2322 1540/941/2322
f 2860/1667/2323 1545/1668/2323 1544/943/2323
f 1544/943/2323 1543/1666/2323 1715/944/2323
f 1716/945/2323 2860/1667/2323 1544/943/2323
f 2930/1669/2324 1577/1670/2324 1546/946/2324
f 1546/946/2324 1545/1671/2324 2860/947/2324
f 1717/948/2324 2930/1669/2324 1546/946/2324
f 2862/951/2557 1579/953/2557 1578/949/2557
f 1578/949/2557 1577/1672/2557 2930/950/2557
f 2930/950/2558 1750/1673/2558 2862/951/2558
f 1744/952/2326 1745/1674/2326 1574/1675/2326
f 1575/1676/2326 1576/1677/2326 1579/953/2326
f 1744/952/2326 1574/1675/2326 1575/1676/2326
f 1748/954/2559 1747/1678/2559 1744/952/2559
f 1579/953/2326 2862/1679/2326 1748/954/2326
f 1744/952/2326 1575/1676/2326 1579/953/2326
f 1572/957/2560 1573/1680/2560 1574/955/2560
f 1574/955/2327 1745/1681/2327 1746/956/2327
f 1741/958/2328 2861/1682/2328 1570/1683/2328
f 1570/1683/2561 1569/1684/2561 1571/959/2561
f 1571/959/2328 1572/1685/2328 1746/960/2328
f 1746/960/2562 1743/1686/2562 1741/958/2562
f 1741/958/2328 1570/1683/2328 1571/959/2328
f 1568/961/2329 1570/1687/2329 2861/1688/2329
f 1740/962/2329 1739/1689/2329 1567/963/2329
f 1568/961/2329 2861/1688/2329 1740/962/2329
f 1565/1690/2563 1566/1691/2563 1567/964/2563
f 1567/964/2330 1739/1692/2330 1738/965/2330
f 1738/965/2564 1736/1693/2564 3172/966/2564
f 3172/966/2330 1565/1690/2330 1567/964/2330
f 1556/969/2331 1555/1694/2331 1564/967/2331
f 1564/967/2331 1565/1695/2331 3172/1696/2331
f 1728/968/2331 1729/970/2331 1556/969/2331
f 1564/967/2331 3172/1696/2331 1728/968/2331
f 1557/972/2332 1556/1697/2332 1729/970/2332
f 1729/970/2565 1727/1698/2565 1726/971/2565
f 1549/975/2566 1550/1699/2566 1554/973/2566
f 1554/973/2567 1557/1700/2567 1726/1701/2567
f 1722/974/2333 1721/1702/2333 1549/975/2333
f 1554/973/2333 1726/1701/2333 1722/974/2333
f 2907/976/2334 1549/1703/2334 1721/977/2334
f 1552/979/2335 2907/1704/2335 1725/980/2335
f 3118/984/2568 1551/1705/2568 1552/982/2568
f 1552/982/2336 1724/1706/2336 1723/983/2336
f 1723/983/2569 1735/1707/2569 3118/984/2569
f 1558/987/2570 1559/1708/2570 3118/985/2570
f 3118/985/2337 1735/1709/2337 1731/986/2337
f 1731/986/2337 1730/1710/2337 1558/987/2337
f 1562/988/2338 1558/987/2338 1730/989/2338
f 1734/991/2339 1733/1711/2339 1561/992/2339
f 1732/994/2340 1754/1712/2340 1582/995/2340
f 1582/995/2571 1560/1713/2571 1561/992/2571
f 1561/992/2340 1733/1711/2340 1732/994/2340
f 1753/1714/2341 1581/1001/2341 1580/996/2341
f 1580/996/2341 1582/1715/2341 1754/997/2341
f 1752/998/2341 1753/1714/2341 1580/996/2341
f 1719/999/2342 1720/1716/2342 1548/1000/2342
f 1548/1000/2342 1547/1717/2342 1581/1001/2342
f 1581/1001/2342 1753/1714/2342 1719/999/2342
f 1597/1718/2343 1590/1719/2343 1589/1720/2343
f 1597/1718/2344 1589/1720/2344 1588/1721/2344
f 1599/1722/2572 1598/1723/2572 1597/1718/2572
f 2952/1009/2343 1966/1724/2343 1599/1722/2343
f 1892/1725/2573 2952/1009/2573 1599/1722/2573
f 1599/1722/2343 1597/1718/2343 1588/1721/2343
f 1599/1722/2574 1588/1721/2574 1587/1726/2574
f 1920/1010/2575 1892/1725/2575 1599/1722/2575
f 1812/1727/2576 1894/1008/2576 1921/1004/2576
f 1921/1004/2577 1920/1010/2577 1599/1722/2577
f 1599/1722/2578 1587/1726/2578 1537/1002/2578
f 1537/1002/2579 1536/1728/2579 1548/1729/2579
f 1548/1729/2343 1720/1730/2343 1708/1003/2343
f 1708/1003/2343 1709/1731/2343 1811/1732/2343
f 1811/1732/2343 1812/1727/2343 1921/1004/2343
f 1921/1004/2572 1599/1722/2572 1537/1002/2572
f 1537/1002/2343 1548/1729/2343 1708/1003/2343
f 1708/1003/2572 1811/1732/2572 1921/1004/2572
f 1993/1005/2580 2425/1733/2580 2043/1006/2580
f 2952/1009/2574 1892/1725/2574 1920/1010/2574
f 3117/1011/2581 1990/1734/2581 1991/1735/2581
f 1991/1735/2348 1608/1736/2348 1607/1012/2348
f 1607/1012/2348 1601/1737/2348 1600/1013/2348
f 1600/1013/2348 1599/1722/2348 1966/1724/2348
f 1600/1013/2347 1966/1724/2347 1964/1738/2347
f 3117/1011/2348 1991/1735/2348 1607/1012/2348
f 1600/1013/2348 1964/1738/2348 3117/1011/2348
f 1634/1016/2582 1612/1739/2582 1613/1014/2582
f 1613/1014/2583 2425/1733/2583 1993/1005/2583
f 1992/1015/2348 2001/1740/2348 1634/1016/2348
f 1613/1014/2348 1993/1005/2348 1992/1015/2348
f 2000/1017/2584 2003/1741/2584 1636/1018/2584
f 1636/1018/2349 1633/1742/2349 1634/1019/2349
f 1634/1019/2349 2001/1743/2349 2000/1017/2349
f 2002/1020/2585 2014/1024/2585 1646/1021/2585
f 1646/1021/2586 1635/1744/2586 1636/1022/2586
f 1636/1022/2585 2003/1741/2585 2002/1020/2585
f 2016/1745/2351 1648/1746/2351 1645/1023/2351
f 1645/1023/2351 1646/1747/2351 2014/1024/2351
f 2013/1025/2351 2016/1745/2351 1645/1023/2351
f 1653/1026/2587 1647/1748/2587 1648/1749/2587
f 1648/1749/2352 2016/1750/2352 2015/1027/2352
f 2015/1027/2588 2021/1751/2588 2023/1028/2588
f 2023/1028/2352 1655/1752/2352 1653/1026/2352
f 1653/1026/2352 1648/1749/2352 2015/1027/2352
f 1655/1029/2353 2023/1753/2353 2024/1030/2353
f 2026/1034/2589 2034/1754/2589 1659/1755/2589
f 1657/1756/2590 1654/1757/2590 1656/1032/2590
f 2026/1034/2591 1659/1755/2591 1657/1756/2591
f 2022/1033/2592 2025/1758/2592 2026/1034/2592
f 1656/1032/2354 2024/1759/2354 2022/1033/2354
f 2026/1034/2354 1657/1756/2354 1656/1032/2354
f 2035/1037/2355 2040/1039/2355 1667/1035/2355
f 1667/1035/2593 1658/1760/2593 1659/1036/2593
f 1659/1036/2594 2034/1761/2594 2035/1037/2594
f 2036/1040/2356 2037/1762/2356 1668/1038/2356
f 1668/1038/2356 1667/1763/2356 2040/1039/2356
f 2032/1041/2357 1665/1764/2357 1668/1042/2357
f 2033/1046/2358 2039/1765/2358 1670/1044/2358
f 1670/1044/2595 1666/1766/2595 1665/1045/2595
f 1665/1045/2358 2032/1767/2358 2033/1046/2358
f 2038/1047/2359 1669/1768/2359 1670/1048/2359
f 2132/1769/538 2751/1770/538 2059/1771/538
f 2059/1771/538 2060/1772/538 2062/1050/538
f 2062/1050/538 2063/1773/538 2064/1774/538
f 2064/1774/538 2661/1775/538 2745/1051/538
f 2745/1051/2596 2136/1776/2596 2135/1052/2596
f 2135/1052/538 2134/1777/538 2132/1769/538
f 2132/1769/538 2059/1771/538 2062/1050/538
f 2062/1050/538 2064/1774/538 2745/1051/538
f 2135/1052/538 2132/1769/538 2062/1050/538
f 2083/1778/2597 2082/1779/2597 2076/1780/2597
f 2083/1778/2598 2076/1780/2598 2074/1781/2598
f 2085/1782/2599 2084/1783/2599 2083/1778/2599
f 2091/1784/2600 2089/1785/2600 2085/1782/2600
f 2160/1786/2601 2094/1787/2601 2092/1788/2601
f 2092/1788/2601 2091/1784/2601 2085/1782/2601
f 2085/1782/2602 2083/1778/2602 2074/1781/2602
f 2085/1782/2601 2074/1781/2601 2075/1789/2601
f 2158/1790/2601 2160/1786/2601 2092/1788/2601
f 2157/1791/2603 2158/1790/2603 2092/1788/2603
f 2092/1788/2360 2085/1782/2360 2075/1789/2360
f 2092/1788/2604 2075/1789/2604 2077/1792/2604
f 2154/1793/2605 2157/1791/2605 2092/1788/2605
f 3028/1794/2360 2118/1795/2360 2119/1796/2360
f 2154/1793/2599 2092/1788/2599 2077/1792/2599
f 2185/1797/2601 3028/1794/2601 2119/1796/2601
f 2119/1796/2360 2154/1793/2360 2077/1792/2360
f 2119/1796/2606 2077/1792/2606 2048/1798/2606
f 2155/1799/2607 2185/1797/2607 2119/1796/2607
f 2147/1055/2360 2149/1800/2360 2155/1799/2360
f 2121/1801/2608 2146/1802/2608 2147/1055/2608
f 2451/1054/2609 2120/1803/2609 2121/1801/2609
f 2047/1053/2607 2049/1804/2607 2451/1054/2607
f 2119/1796/2610 2048/1798/2610 2047/1053/2610
f 2147/1055/2606 2155/1799/2606 2119/1796/2606
f 2451/1054/2360 2121/1801/2360 2147/1055/2360
f 2147/1055/2611 2119/1796/2611 2047/1053/2611
f 2095/1805/2612 2161/1806/2612 2159/1807/2612
f 2095/1805/2613 2159/1807/2613 2156/1808/2613
f 2088/1809/2614 2090/1810/2614 2093/1811/2614
f 2093/1811/2361 2095/1805/2361 2156/1808/2361
f 2093/1811/2615 2156/1808/2615 2153/1812/2615
f 2087/1813/2616 2088/1809/2616 2093/1811/2616
f 2081/1814/2617 2086/1815/2617 2087/1813/2617
f 2079/1816/2613 2080/1817/2613 2081/1814/2613
f 2071/1818/2618 2073/1819/2618 2079/1816/2618
f 2072/1820/2619 2071/1818/2619 2079/1816/2619
f 2079/1816/2620 2081/1814/2620 2087/1813/2620
f 2087/1813/2612 2093/1811/2612 2153/1812/2612
f 2115/1821/2612 2114/1822/2612 2760/1823/2612
f 2087/1813/2361 2153/1812/2361 2115/1821/2361
f 2072/1820/2361 2079/1816/2361 2087/1813/2361
f 2072/1820/2621 2087/1813/2621 2115/1821/2621
f 2115/1821/2361 2760/1823/2361 2181/1824/2361
f 2152/1825/2622 2151/1826/2622 2150/1827/2622
f 2115/1821/2612 2181/1824/2612 2152/1825/2612
f 2078/1828/2623 2072/1820/2623 2115/1821/2623
f 3010/1829/2361 3145/1075/2361 2056/1058/2361
f 2056/1058/2614 2078/1828/2614 2115/1821/2614
f 2115/1821/2614 2152/1825/2614 2150/1827/2614
f 2145/1056/2624 2144/1830/2624 2148/1831/2624
f 2115/1821/2625 2150/1827/2625 2145/1056/2625
f 2128/1057/2612 3010/1829/2612 2056/1058/2612
f 2145/1056/2626 2148/1831/2626 2128/1057/2626
f 2056/1058/2616 2115/1821/2616 2145/1056/2616
f 2101/1832/2627 2100/1833/2627 2104/1059/2627
f 2104/1059/1451 2105/1834/1451 2106/1835/1451
f 2106/1835/2628 2107/1836/2628 2112/1060/2628
f 2112/1060/1451 2178/1837/1451 2173/1838/1451
f 2112/1060/1451 2173/1838/1451 2172/1839/1451
f 2104/1059/1451 2106/1835/1451 2112/1060/1451
f 3094/1840/1451 2101/1832/1451 2104/1059/1451
f 2170/1061/2203 2166/1841/2203 3094/1840/2203
f 2112/1060/1451 2172/1839/1451 2171/1842/1451
f 2170/1061/1451 3094/1840/1451 2104/1059/1451
f 2112/1060/1451 2171/1842/1451 2170/1061/1451
f 2068/1062/2362 2140/1843/2362 2745/1063/2362
f 2138/1065/2363 2140/1844/2363 2068/1066/2363
f 2137/1070/2629 2138/1845/2629 2066/1068/2629
f 2066/1068/2630 2065/1846/2630 2070/1069/2630
f 2070/1069/2631 2142/1847/2631 2137/1070/2631
f 2069/1848/2632 2053/1849/2632 2054/1071/2632
f 2054/1071/2633 2143/1850/2633 2141/1072/2633
f 2141/1072/2365 2142/1851/2365 2070/1073/2365
f 2070/1073/2634 2069/1848/2634 2054/1071/2634
f 2127/1852/2635 2143/1853/2635 2054/1074/2635
f 2054/1074/2636 2055/1854/2636 3145/1075/2636
f 3145/1075/2366 3010/1855/2366 2126/1076/2366
f 2126/1076/2637 2127/1852/2637 2054/1074/2637
f 2103/1077/2367 2101/1856/2367 3094/1078/2367
f 3143/1080/2368 2168/1857/2368 2102/1081/2368
f 2099/1085/2638 2096/1858/2638 2102/1083/2638
f 2102/1083/2369 2168/1859/2369 2163/1084/2369
f 2163/1084/2639 2162/1087/2639 2099/1085/2639
f 2477/1086/2370 2098/1860/2370 2099/1085/2370
f 2179/1861/2640 2760/1823/2640 2114/1822/2640
f 2113/1088/2641 2097/1862/2641 2098/1089/2641
f 2179/1861/2642 2114/1822/2642 2113/1088/2642
f 2098/1089/2643 2477/1863/2643 2164/1090/2643
f 2164/1090/2642 2179/1861/2642 2113/1088/2642
f 2182/1091/2644 2989/1864/2644 2117/1092/2644
f 2117/1092/2645 2116/1865/2645 2118/1093/2645
f 2118/1093/2372 3028/1866/2372 2182/1091/2372
f 2176/1094/2373 3086/1098/2373 2109/1095/2373
f 2109/1095/2646 2110/1867/2646 2117/1096/2646
f 2117/1096/2373 2989/1868/2373 2176/1094/2373
f 2108/1097/2374 2109/1869/2374 3086/1098/2374
f 2111/1100/2647 2108/1870/2647 3083/1101/2647
f 2111/1103/2376 2177/1871/2376 2178/1104/2376
f 2061/1106/2377 2059/1872/2377 2751/1107/2377
f 2061/1109/2648 2133/1873/2648 2456/1110/2648
f 2123/1114/2379 2725/1874/2379 2051/1112/2379
f 2051/1112/2649 2050/1875/2649 2058/1113/2649
f 2058/1113/2650 2456/1876/2650 2123/1114/2650
f 2051/1112/2380 2725/1877/2380 2125/1115/2380
f 2052/1117/2651 2125/1878/2651 2451/1118/2651
o Charge_base
v -0.664243 0.022987 -0.091564
v -0.661477 0.022987 -0.085046
v -0.576066 0.039994 -0.129535
v -0.573101 0.039994 -0.122547
v -0.614368 0.039994 -0.113930
v -0.611170 0.039994 -0.106393
v -0.664756 0.015325 -0.092773
v -0.665124 0.007662 -0.093640
v -0.661477 0.007662 -0.085046
v -0.661477 0.015325 -0.085046
v -0.576908 0.003413 -0.131519
v -0.576901 0.009093 -0.131502
v -0.573101 0.009093 -0.122547
v -0.573101 0.003413 -0.122547
v -0.611170 0.020335 -0.106393
v -0.611170 0.013331 -0.106393
v -0.616299 0.020068 -0.118480
v -0.576756 0.029197 -0.131161
v -0.639661 0.031490 -0.103585
v -0.636324 0.031490 -0.095719
v -0.647015 0.010497 -0.104046
v -0.636324 0.020063 -0.095719
v -0.636324 0.010497 -0.095719
v -0.596023 0.039994 -0.112820
v -0.599253 0.039994 -0.120431
v -0.596023 0.020335 -0.112820
v -0.596023 0.012084 -0.112820
v -0.601037 0.019978 -0.124636
v -0.661477 0.019156 -0.085046
v -0.618982 0.007623 -0.124802
v -0.618982 0.020068 -0.124802
v -0.602668 0.019978 -0.131442
v -0.646955 0.010497 -0.113048
v -0.664500 0.019156 -0.092168
v -0.573101 0.024954 -0.122547
v -0.611170 0.030164 -0.106393
v -0.615334 0.030164 -0.116205
v -0.636324 0.025777 -0.095719
v -0.643338 0.025777 -0.103816
v -0.600145 0.030164 -0.122534
v -0.596023 0.030164 -0.112820
v -0.576950 0.003481 -0.140189
v -0.576939 0.006430 -0.137960
v -0.576921 0.008401 -0.134910
v -0.618996 0.020068 -0.131764
v -0.619011 0.018566 -0.139344
v -0.619024 0.014288 -0.145770
v -0.619032 0.007885 -0.150064
v -0.602670 0.019978 -0.131691
v -0.602709 0.018475 -0.139281
v -0.602743 0.014191 -0.145716
v -0.602766 0.007780 -0.150016
v -0.641123 0.019927 -0.106815
v -0.647015 0.014020 -0.104046
v -0.651859 0.018646 -0.100968
v -0.643904 0.024871 -0.103851
v -0.643378 0.019467 -0.105756
v -0.645289 0.018183 -0.104857
v -0.646566 0.016270 -0.104257
v -0.646955 0.014020 -0.113048
v -0.641066 0.019930 -0.115522
v -0.646507 0.016270 -0.113236
v -0.645230 0.018184 -0.113772
v -0.643319 0.019469 -0.114575
v -0.665166 -0.000000 -0.093737
v -0.661477 -0.000000 -0.085046
v -0.664243 -0.022987 -0.091564
v -0.661477 -0.022987 -0.085046
v -0.576901 -0.000000 -0.131504
v -0.573101 -0.000000 -0.122547
v -0.576066 -0.039994 -0.129535
v -0.573101 -0.039994 -0.122547
v -0.614368 -0.039994 -0.113930
v -0.611170 -0.039994 -0.106393
v -0.611170 -0.000000 -0.106393
v -0.664756 -0.015325 -0.092773
v -0.665124 -0.007662 -0.093640
v -0.661477 -0.007662 -0.085046
v -0.661477 -0.015325 -0.085046
v -0.576908 -0.003413 -0.131519
v -0.576901 -0.009093 -0.131502
v -0.573101 -0.009093 -0.122547
v -0.573101 -0.003413 -0.122547
v -0.611170 -0.020335 -0.106393
v -0.611170 -0.013331 -0.106393
v -0.616299 -0.020068 -0.118480
v -0.576756 -0.029197 -0.131161
v -0.639661 -0.031490 -0.103585
v -0.636324 -0.000000 -0.095719
v -0.636324 -0.031490 -0.095719
v -0.647015 -0.000000 -0.104046
v -0.647015 -0.010497 -0.104046
v -0.636324 -0.020063 -0.095719
v -0.636324 -0.010497 -0.095719
v -0.596023 -0.039994 -0.112820
v -0.599253 -0.039994 -0.120431
v -0.596023 -0.000000 -0.112820
v -0.596023 -0.020335 -0.112820
v -0.596023 -0.012084 -0.112820
v -0.601037 -0.019978 -0.124636
v -0.661477 -0.019156 -0.085046
v -0.646955 -0.000000 -0.113048
v -0.618982 -0.000000 -0.124802
v -0.618982 -0.007623 -0.124802
v -0.618982 -0.020068 -0.124802
v -0.602668 -0.019978 -0.131442
v -0.646955 -0.010497 -0.113048
v -0.664500 -0.019156 -0.092168
v -0.573101 -0.024954 -0.122547
v -0.611170 -0.030164 -0.106393
v -0.615334 -0.030164 -0.116205
v -0.636324 -0.025777 -0.095719
v -0.643338 -0.025777 -0.103816
v -0.600145 -0.030164 -0.122534
v -0.596023 -0.030164 -0.112820
v -0.619035 -0.000000 -0.151571
v -0.602774 -0.000000 -0.151526
v -0.576955 -0.000000 -0.141258
v -0.576950 -0.003481 -0.140189
v -0.576939 -0.006430 -0.137960
v -0.576921 -0.008401 -0.134910
v -0.618996 -0.020068 -0.131764
v -0.619011 -0.018566 -0.139344
v -0.619024 -0.014288 -0.145770
v -0.619032 -0.007885 -0.150064
v -0.602670 -0.019978 -0.131691
v -0.602709 -0.018475 -0.139281
v -0.602743 -0.014191 -0.145716
v -0.602766 -0.007780 -0.150016
v -0.641123 -0.019927 -0.106815
v -0.647015 -0.014020 -0.104046
v -0.651859 -0.018646 -0.100968
v -0.643904 -0.024871 -0.103851
v -0.643378 -0.019467 -0.105756
v -0.645289 -0.018183 -0.104857
v -0.646566 -0.016270 -0.104257
v -0.646955 -0.014020 -0.113048
v -0.641066 -0.019930 -0.115522
v -0.646507 -0.016270 -0.113236
v -0.645230 -0.018184 -0.113772
v -0.643319 -0.019469 -0.114575
v -0.665124 0.007662 -0.093640
v -0.665166 -0.000000 -0.093737
v -0.661477 0.019156 -0.085046
v -0.661477 0.022987 -0.085046
v -0.661477 0.022987 -0.085046
v -0.664243 0.022987 -0.091564
v -0.664243 0.022987 -0.091564
v -0.639661 0.031490 -0.103585
v -0.596023 0.039994 -0.112820
v -0.573101 0.039994 -0.122547
v -0.573101 0.039994 -0.122547
v -0.576066 0.039994 -0.129535
v -0.576066 0.039994 -0.129535
v -0.576756 0.029197 -0.131161
v -0.573101 0.003413 -0.122547
v -0.573101 -0.000000 -0.122547
v -0.599253 0.039994 -0.120431
v -0.614368 0.039994 -0.113930
v -0.636324 0.031490 -0.095719
v -0.611170 0.039994 -0.106393
v -0.664500 0.019156 -0.092168
v -0.664756 0.015325 -0.092773
v -0.661477 -0.000000 -0.085046
v -0.661477 0.007662 -0.085046
v -0.661477 0.015325 -0.085046
v -0.573101 0.024954 -0.122547
v -0.573101 0.009093 -0.122547
v -0.601037 0.019978 -0.124636
v -0.616299 0.020068 -0.118480
v -0.647015 0.010497 -0.104046
v -0.647015 -0.000000 -0.104046
v -0.576901 0.009093 -0.131502
v -0.576901 0.009093 -0.131502
v -0.618982 0.007623 -0.124802
v -0.618982 -0.000000 -0.124802
v -0.618982 0.020068 -0.124802
v -0.618982 0.020068 -0.124802
v -0.646955 0.010497 -0.113048
v -0.646955 -0.000000 -0.113048
v -0.619032 0.007885 -0.150064
v -0.619024 0.014288 -0.145770
v -0.619011 0.018566 -0.139344
v -0.618996 0.020068 -0.131764
v -0.576950 0.003481 -0.140189
v -0.576955 -0.000000 -0.141258
v -0.576921 0.008401 -0.134910
v -0.576939 0.006430 -0.137960
v -0.641123 0.019927 -0.106815
v -0.643378 0.019467 -0.105756
v -0.645289 0.018183 -0.104857
v -0.646566 0.016270 -0.104257
v -0.647015 0.014020 -0.104046
v -0.646507 0.016270 -0.113236
v -0.646955 0.014020 -0.113048
v -0.645230 0.018184 -0.113772
v -0.643319 0.019469 -0.114575
v -0.641066 0.019930 -0.115522
v -0.619035 -0.000000 -0.151571
v -0.665124 -0.007662 -0.093640
v -0.661477 -0.019156 -0.085046
v -0.661477 -0.022987 -0.085046
v -0.661477 -0.022987 -0.085046
v -0.664243 -0.022987 -0.091564
v -0.664243 -0.022987 -0.091564
v -0.639661 -0.031490 -0.103585
v -0.596023 -0.039994 -0.112820
v -0.573101 -0.039994 -0.122547
v -0.573101 -0.039994 -0.122547
v -0.576066 -0.039994 -0.129535
v -0.576066 -0.039994 -0.129535
v -0.576756 -0.029197 -0.131161
v -0.573101 -0.003413 -0.122547
v -0.599253 -0.039994 -0.120431
v -0.614368 -0.039994 -0.113930
v -0.636324 -0.031490 -0.095719
v -0.611170 -0.039994 -0.106393
v -0.664500 -0.019156 -0.092168
v -0.664756 -0.015325 -0.092773
v -0.661477 -0.007662 -0.085046
v -0.661477 -0.015325 -0.085046
v -0.573101 -0.024954 -0.122547
v -0.573101 -0.009093 -0.122547
v -0.601037 -0.019978 -0.124636
v -0.616299 -0.020068 -0.118480
v -0.647015 -0.010497 -0.104046
v -0.576901 -0.009093 -0.131502
v -0.576901 -0.009093 -0.131502
v -0.618982 -0.007623 -0.124802
v -0.618982 -0.020068 -0.124802
v -0.618982 -0.020068 -0.124802
v -0.646955 -0.010497 -0.113048
v -0.619032 -0.007885 -0.150064
v -0.619024 -0.014288 -0.145770
v -0.619011 -0.018566 -0.139344
v -0.618996 -0.020068 -0.131764
v -0.576950 -0.003481 -0.140189
v -0.576921 -0.008401 -0.134910
v -0.576939 -0.006430 -0.137960
v -0.641123 -0.019927 -0.106815
v -0.643378 -0.019467 -0.105756
v -0.645289 -0.018183 -0.104857
v -0.646566 -0.016270 -0.104257
v -0.647015 -0.014020 -0.104046
v -0.646507 -0.016270 -0.113236
v -0.646955 -0.014020 -0.113048
v -0.645230 -0.018184 -0.113772
v -0.643319 -0.019469 -0.114575
v -0.641066 -0.019930 -0.115522
vn -0.9206 -0.0000 0.3906
vn -0.0000 1.0000 -0.0000
vn 0.9206 -0.0000 -0.3906
vn 0.9793 -0.0000 -0.2026
vn 0.9795 0.0002 -0.2014
vn 0.3906 -0.0000 0.9206
vn -0.2735 0.9548 0.1161
vn -0.1387 0.9886 0.0588
vn -0.3874 -0.0000 -0.9219
vn 0.1890 0.9809 -0.0454
vn 0.0014 1.0000 0.0002
vn -0.0002 1.0000 -0.0001
vn -0.3092 0.1138 -0.9442
vn -0.3357 0.1793 -0.9247
vn -0.3594 0.2198 -0.9069
vn -0.5354 0.2122 -0.8175
vn -0.5069 0.0099 -0.8619
vn -0.5150 0.0463 -0.8559
vn 0.9606 -0.0004 -0.2781
vn -0.3983 0.2428 -0.8845
vn -0.4330 0.2665 -0.8611
vn -0.5050 0.3122 -0.8047
vn -0.0786 0.9969 -0.0000
vn -0.1310 0.9914 -0.0006
vn -0.4973 -0.0000 -0.8676
vn -0.4939 -0.0000 -0.8695
vn 0.3843 0.9069 -0.1727
vn 0.1871 0.9821 -0.0211
vn -0.3883 0.2377 -0.8903
vn 1.0000 -0.0000 -0.0050
vn 1.0000 -0.0008 -0.0053
vn 1.0000 -0.0000 -0.0051
vn -1.0000 -0.0000 -0.0066
vn -0.4746 0.3246 -0.8182
vn -0.5417 0.1556 -0.8261
vn -0.4038 0.2404 -0.8827
vn -0.5152 0.1880 -0.8362
vn -0.5150 0.1671 -0.8407
vn -0.3408 0.1772 -0.9233
vn -0.3704 0.2263 -0.9009
vn -0.4476 0.3136 -0.8374
vn 0.1986 0.9754 -0.0957
vn 0.0059 0.9952 -0.0980
vn -1.0000 -0.0000 0.0020
vn 0.0038 -0.0000 -1.0000
vn 0.1904 0.3757 -0.9070
vn 0.1853 -0.0000 -0.9827
vn 0.0052 0.3805 -0.9248
vn 0.1966 0.6946 -0.6920
vn 0.0066 0.9242 -0.3819
vn 0.1981 0.9057 -0.3748
vn 0.3918 -0.0000 -0.9201
vn 0.3888 0.4167 -0.8217
vn 0.3924 0.6734 -0.6266
vn 0.3912 0.8523 -0.3473
vn -0.5188 0.1145 -0.8472
vn -0.9949 0.1004 -0.0066
vn -0.9329 0.3600 -0.0062
vn -0.9168 0.3992 -0.0060
vn -0.7378 0.6750 -0.0048
vn -0.6842 0.7293 -0.0044
vn -0.4347 0.9005 -0.0027
vn -0.3448 0.9387 -0.0020
vn -0.9955 0.0949 -0.0066
vn -0.0000 -1.0000 -0.0000
vn 0.9795 -0.0002 -0.2014
vn -0.1387 -0.9886 0.0588
vn -0.2735 -0.9548 0.1161
vn 0.0014 -1.0000 0.0002
vn 0.1890 -0.9809 -0.0454
vn -0.0002 -1.0000 -0.0001
vn -0.3357 -0.1793 -0.9247
vn -0.3092 -0.1138 -0.9442
vn -0.3594 -0.2198 -0.9069
vn -0.5156 -0.0461 -0.8556
vn -0.5085 -0.0194 -0.8609
vn -0.5406 -0.2162 -0.8130
vn 0.9606 0.0004 -0.2781
vn -0.5007 -0.3157 -0.8060
vn -0.3917 -0.2405 -0.8881
vn -0.3998 -0.2415 -0.8842
vn -0.0786 -0.9969 -0.0000
vn -0.1310 -0.9914 -0.0006
vn -0.4983 -0.0000 -0.8670
vn 0.1871 -0.9821 -0.0211
vn 0.3843 -0.9069 -0.1727
vn -0.1383 -0.9886 0.0587
vn 1.0000 0.0008 -0.0053
vn -0.5417 -0.1556 -0.8261
vn -0.4746 -0.3246 -0.8182
vn -0.4038 -0.2404 -0.8827
vn -0.3704 -0.2263 -0.9009
vn -0.5152 -0.1880 -0.8362
vn -0.4476 -0.3136 -0.8374
vn -0.3408 -0.1772 -0.9233
vn 0.1986 -0.9754 -0.0957
vn 0.0059 -0.9952 -0.0980
vn 0.1904 -0.3757 -0.9070
vn 0.1966 -0.6946 -0.6920
vn 0.0052 -0.3805 -0.9248
vn 0.0066 -0.9242 -0.3819
vn 0.0065 -0.7083 -0.7059
vn 0.1981 -0.9057 -0.3748
vn 0.3888 -0.4167 -0.8217
vn 0.3924 -0.6734 -0.6266
vn 0.3912 -0.8523 -0.3473
vn -0.5055 -0.1841 -0.8430
vn -0.9949 -0.1004 -0.0066
vn -0.9329 -0.3600 -0.0062
vn -0.9955 -0.0949 -0.0066
vn -0.9168 -0.3992 -0.0060
vn -0.7378 -0.6750 -0.0048
vn -0.6842 -0.7293 -0.0044
vn -0.4347 -0.9005 -0.0027
vn -0.3448 -0.9387 -0.0020
vn -0.1383 0.9886 0.0587
vn -0.2659 0.0183 -0.9638
vn -0.5310 0.0078 -0.8473
vn 1.0000 0.0007 -0.0061
vn 0.0065 0.7083 -0.7059
vn -0.4991 0.2444 -0.8314
vn -0.6511 0.2430 -0.7190
vn -0.2659 -0.0183 -0.9638
vn -0.4237 -0.2783 -0.8620
vn 1.0000 -0.0007 -0.0061
vn -0.5150 -0.1671 -0.8407
vn -0.4991 -0.2444 -0.8314
vn -0.5123 -0.0461 -0.8576
vt 0.535836 0.605116
vt 0.435011 0.705941
vt 0.435011 0.605116
vt 0.535836 0.705941
vt 0.521070 0.619881
vt 0.449776 0.619881
vt 0.449776 0.691175
vt 0.533369 0.671107
vt 0.455792 0.614744
vt 0.437478 0.671107
vt 0.529082 0.680735
vt 0.485423 0.605116
vt 0.441765 0.680735
vt 0.524837 0.686960
vt 0.507297 0.610108
vt 0.436275 0.644310
vt 0.446009 0.686960
vt 0.521070 0.691175
vt 0.515055 0.614744
vt 0.463550 0.610108
vt 0.534572 0.644310
vt 0.485423 0.705941
vt 0.535836 0.655528
vt 0.435011 0.655528
vt 0.529082 0.630322
vt 0.441765 0.630322
s 1
f 3333/1879/2652 3336/1880/2652 3223/1881/2652
f 3339/1879/2653 3342/1880/2653 3347/1881/2653
f 3345/1879/2654 3258/1880/2655 3200/1881/2656
f 3354/1879/2657 3278/1880/2657 3212/1881/2657
f 3216/1881/2657 3264/1882/2657 3286/1880/2657
f 3349/1879/2658 3348/1880/2659 3338/1881/2658
f 3386/1883/2660 3367/1884/2660 3368/1885/2660
f 3358/1879/2661 3366/1880/2662 3206/1881/2663
f 3225/1879/2657 3215/1880/2657 3230/1881/2657
f 3215/1881/2657 3205/1882/2657 3216/1880/2657
f 3218/1879/2657 3211/1880/2657 3227/1881/2657
f 3355/1879/2657 3212/1880/2657 3211/1881/2657
f 3207/1879/2664 3217/1880/2665 3229/1881/2666
f 3244/1886/2667 3360/1887/2668 3197/1888/2669
f 3356/1879/2654 3362/1880/2670 3344/1881/2654
f 3362/1881/2670 3345/1882/2654 3200/1880/2656
f 3353/1879/2652 3331/1880/2652 3332/1881/2652
f 3198/1879/2652 3196/1880/2652 3331/1881/2652
f 3211/1879/2657 3205/1880/2657 3204/1881/2657
f 3227/1879/2657 3204/1880/2657 3225/1881/2657
f 3226/1886/2671 3378/1887/2672 3245/1888/2673
f 3206/1879/2663 3250/1880/2674 3242/1881/2675
f 3337/1881/2658 3349/1882/2658 3338/1880/2658
f 3197/1881/2669 3361/1882/2676 3254/1880/2677
f 3212/1879/2657 3264/1880/2657 3205/1881/2657
f 3358/1881/2661 3201/1879/2678 3221/1882/2679
f 3226/1881/2671 3217/1882/2665 3359/1880/2680
f 3202/1881/2657 3216/1882/2657 3203/1880/2657
f 3224/1881/2657 3215/1882/2657 3202/1880/2657
f 3203/1881/2657 3286/1882/2657 3259/1880/2657
f 3348/1881/2659 3339/1882/2653 3347/1880/2653
f 3200/1889/2656 3374/1890/2681 3376/1891/2682
f 3364/1879/2660 3369/1880/2660 3368/1881/2660
f 3200/1881/2656 3258/1879/2655 3307/1882/2683
f 3210/1879/2684 3291/1880/2684 3280/1881/2684
f 3228/1886/2685 3244/1887/2667 3352/1888/2686
f 3341/1881/2657 3230/1882/2657 3224/1880/2657
f 3194/1881/2687 3229/1882/2666 3226/1880/2671
f 3190/1881/2688 3228/1882/2685 3351/1880/2689
f 3209/1879/2657 3225/1880/2657 3195/1881/2657
f 3193/1879/2654 3344/1880/2654 3343/1881/2654
f 3192/1879/2690 3229/1880/2666 3214/1881/2691
f 3191/1879/2657 3227/1880/2657 3209/1881/2657
f 3195/1879/2657 3230/1880/2657 3213/1881/2657
f 3208/1881/2692 3226/1882/2671 3228/1880/2685
f 3199/1879/2652 3223/1880/2652 3196/1881/2652
f 3221/1881/2679 3201/1879/2678 3238/1882/2693
f 3221/1879/2679 3234/1880/2694 3366/1881/2662
f 3292/1881/2695 3219/1879/2695 3305/1882/2695
f 3220/1892/2695 3372/1893/2695 3237/1894/2695
f 3388/1879/2696 3241/1880/2697 3306/1881/2698
f 3370/1879/2699 3240/1880/2700 3241/1881/2697
f 3240/1881/2700 3235/1882/2701 3239/1880/2702
f 3239/1881/2702 3234/1882/2694 3238/1880/2693
f 3375/1881/2703 3241/1882/2697 3231/1880/2704
f 3231/1881/2704 3240/1882/2700 3232/1880/2705
f 3232/1881/2705 3239/1882/2702 3233/1880/2706
f 3233/1881/2706 3238/1882/2693 3201/1880/2678
f 3381/1893/2707 3244/1894/2667 3245/1895/2673
f 3249/1881/2708 3248/1882/2709 3251/1880/2710
f 3251/1881/2710 3247/1882/2711 3252/1880/2712
f 3252/1881/2712 3246/1882/2713 3253/1880/2714
f 3253/1881/2714 3242/1882/2675 3250/1880/2674
f 3243/1879/2715 3222/1880/2684 3210/1881/2684
f 3393/1880/2652 3390/1879/2652 3297/1881/2652
f 3399/1880/2716 3396/1879/2716 3403/1881/2716
f 3258/1880/2655 3402/1879/2654 3269/1881/2717
f 3278/1880/2657 3409/1879/2657 3283/1881/2657
f 3288/1881/2657 3264/1882/2657 3274/1879/2657
f 3404/1880/2718 3405/1879/2719 3395/1881/2719
f 3420/1884/2660 3437/1883/2660 3434/1896/2660
f 3419/1880/2720 3413/1879/2721 3275/1881/2722
f 3287/1880/2657 3299/1879/2657 3304/1881/2657
f 3287/1881/2657 3274/1882/2657 3273/1879/2657
f 3282/1880/2657 3290/1879/2657 3301/1881/2657
f 3283/1880/2657 3410/1879/2657 3282/1881/2657
f 3289/1880/2723 3276/1879/2724 3303/1881/2725
f 3266/1888/2726 3433/1897/2727 3321/1886/2728
f 3416/1880/2729 3411/1879/2654 3401/1881/2654
f 3416/1881/2729 3402/1882/2654 3412/1879/2654
f 3389/1880/2652 3353/1879/2652 3332/1881/2652
f 3265/1880/2652 3267/1879/2652 3389/1881/2652
f 3274/1880/2657 3282/1879/2657 3273/1881/2657
f 3273/1880/2657 3301/1879/2657 3299/1881/2657
f 3322/1888/2730 3414/1897/2731 3300/1886/2732
f 3327/1880/2733 3275/1879/2722 3319/1881/2734
f 3394/1881/2719 3405/1882/2719 3392/1879/2719
f 3266/1881/2726 3361/1882/2676 3415/1879/2735
f 3264/1880/2657 3283/1879/2657 3274/1881/2657
f 3413/1881/2721 3295/1882/2736 3270/1879/2737
f 3300/1881/2732 3289/1882/2723 3303/1879/2725
f 3271/1881/2657 3288/1882/2657 3287/1879/2657
f 3298/1881/2657 3287/1882/2657 3304/1879/2657
f 3272/1881/2657 3286/1882/2657 3288/1879/2657
f 3404/1881/2718 3396/1882/2716 3406/1879/2738
f 3427/1891/2739 3426/1890/2681 3269/1889/2717
f 3369/1880/2660 3418/1879/2660 3421/1881/2660
f 3269/1881/2717 3307/1882/2683 3258/1879/2655
f 3291/1880/2684 3281/1879/2684 3280/1881/2684
f 3408/1888/2740 3322/1897/2730 3302/1886/2741
f 3398/1881/2657 3304/1882/2657 3284/1879/2657
f 3262/1881/2742 3303/1882/2725 3285/1879/2743
f 3256/1881/2744 3302/1882/2741 3277/1879/2745
f 3299/1880/2657 3279/1879/2657 3263/1881/2657
f 3401/1880/2654 3261/1879/2654 3400/1881/2654
f 3303/1880/2725 3260/1879/2746 3285/1881/2743
f 3301/1880/2657 3257/1879/2657 3279/1881/2657
f 3304/1880/2657 3263/1879/2657 3284/1881/2657
f 3277/1881/2745 3300/1882/2732 3262/1879/2742
f 3297/1880/2652 3268/1879/2652 3265/1881/2652
f 3295/1881/2736 3315/1882/2747 3270/1879/2737
f 3311/1880/2748 3295/1879/2736 3419/1881/2720
f 3292/1881/2695 3305/1882/2695 3293/1879/2695
f 3305/1895/2695 3423/1898/2695 3425/1899/2695
f 3318/1880/2749 3388/1879/2696 3306/1881/2698
f 3317/1880/2750 3422/1879/2751 3318/1881/2749
f 3317/1881/2750 3312/1882/2752 3313/1879/2753
f 3316/1881/2754 3311/1882/2748 3312/1879/2752
f 3375/1881/2703 3318/1882/2749 3306/1879/2698
f 3308/1881/2755 3317/1882/2750 3318/1879/2749
f 3309/1881/2756 3316/1882/2754 3317/1879/2750
f 3310/1881/2757 3315/1882/2747 3316/1879/2754
f 3322/1895/2730 3321/1894/2728 3431/1899/2758
f 3326/1881/2759 3325/1882/2760 3320/1879/2761
f 3328/1881/2762 3324/1882/2763 3325/1879/2760
f 3329/1881/2764 3323/1882/2765 3324/1879/2763
f 3330/1881/2766 3319/1882/2734 3323/1879/2765
f 3296/1880/2684 3320/1879/2761 3281/1881/2684
f 3333/1879/2652 3334/1882/2652 3336/1880/2652
f 3339/1879/2653 3340/1882/2653 3342/1880/2653
f 3345/1879/2654 3346/1882/2654 3258/1880/2655
f 3354/1879/2657 3255/1882/2657 3278/1880/2657
f 3216/1881/2657 3205/1879/2657 3264/1882/2657
f 3349/1879/2658 3350/1882/2767 3348/1880/2659
f 3368/1885/2660 3384/1900/2660 3383/1896/2660
f 3383/1896/2660 3385/1901/2660 3386/1883/2660
f 3386/1883/2660 3387/1890/2660 3367/1884/2660
f 3367/1884/2660 3364/1902/2660 3368/1885/2660
f 3368/1885/2660 3383/1896/2660 3386/1883/2660
f 3358/1879/2661 3221/1882/2679 3366/1880/2662
f 3225/1879/2657 3204/1882/2657 3215/1880/2657
f 3215/1881/2657 3204/1879/2657 3205/1882/2657
f 3218/1879/2657 3355/1882/2657 3211/1880/2657
f 3355/1879/2657 3354/1882/2657 3212/1880/2657
f 3207/1879/2664 3363/1882/2768 3217/1880/2665
f 3197/1888/2669 3352/1900/2686 3244/1886/2667
f 3244/1886/2667 3382/1897/2769 3360/1887/2668
f 3356/1879/2654 3357/1882/2654 3362/1880/2670
f 3362/1881/2670 3357/1879/2654 3345/1882/2654
f 3353/1879/2652 3198/1882/2652 3331/1880/2652
f 3198/1879/2652 3199/1882/2652 3196/1880/2652
f 3211/1879/2657 3212/1882/2657 3205/1880/2657
f 3227/1879/2657 3211/1882/2657 3204/1880/2657
f 3245/1888/2673 3228/1900/2685 3226/1886/2671
f 3226/1886/2671 3359/1897/2680 3378/1887/2672
f 3206/1879/2663 3366/1882/2662 3250/1880/2674
f 3337/1881/2658 3335/1879/2658 3349/1882/2658
f 3197/1881/2669 3360/1879/2668 3361/1882/2676
f 3212/1879/2657 3278/1882/2657 3264/1880/2657
f 3226/1881/2671 3229/1879/2666 3217/1882/2665
f 3202/1881/2657 3215/1879/2657 3216/1882/2657
f 3224/1881/2657 3230/1879/2657 3215/1882/2657
f 3203/1881/2657 3216/1879/2657 3286/1882/2657
f 3348/1881/2659 3350/1879/2767 3339/1882/2653
f 3376/1891/2682 3362/1900/2670 3200/1889/2656
f 3200/1889/2656 3307/1903/2683 3374/1890/2681
f 3374/1890/2681 3377/1904/2770 3376/1891/2682
f 3364/1879/2660 3365/1882/2660 3369/1880/2660
f 3210/1879/2684 3222/1882/2684 3291/1880/2684
f 3352/1888/2686 3351/1900/2689 3228/1886/2685
f 3228/1886/2685 3245/1897/2673 3244/1887/2667
f 3341/1881/2657 3213/1879/2657 3230/1882/2657
f 3194/1881/2687 3214/1879/2691 3229/1882/2666
f 3190/1881/2688 3208/1879/2692 3228/1882/2685
f 3209/1879/2657 3227/1882/2657 3225/1880/2657
f 3193/1879/2654 3356/1882/2654 3344/1880/2654
f 3192/1879/2690 3207/1882/2664 3229/1880/2666
f 3191/1879/2657 3218/1882/2657 3227/1880/2657
f 3195/1879/2657 3225/1882/2657 3230/1880/2657
f 3208/1881/2692 3194/1879/2687 3226/1882/2671
f 3199/1879/2652 3333/1882/2652 3223/1880/2652
f 3221/1879/2679 3238/1882/2693 3234/1880/2694
f 3305/1895/2695 3219/1900/2695 3220/1892/2695
f 3220/1892/2695 3373/1899/2695 3372/1893/2695
f 3372/1893/2695 3371/1898/2695 3237/1894/2695
f 3237/1894/2695 3305/1895/2695 3220/1892/2695
f 3388/1879/2696 3370/1882/2699 3241/1880/2697
f 3370/1879/2699 3236/1882/2771 3240/1880/2700
f 3240/1881/2700 3236/1879/2771 3235/1882/2701
f 3239/1881/2702 3235/1879/2701 3234/1882/2694
f 3375/1881/2703 3306/1879/2698 3241/1882/2697
f 3231/1881/2704 3241/1879/2697 3240/1882/2700
f 3232/1881/2705 3240/1879/2700 3239/1882/2702
f 3233/1881/2706 3239/1879/2702 3238/1882/2693
f 3245/1895/2673 3378/1900/2672 3379/1892/2772
f 3245/1895/2673 3379/1892/2772 3380/1899/2773
f 3381/1893/2707 3382/1898/2769 3244/1894/2667
f 3245/1895/2673 3380/1899/2773 3381/1893/2707
f 3249/1881/2708 3243/1879/2715 3248/1882/2709
f 3251/1881/2710 3248/1879/2709 3247/1882/2711
f 3252/1881/2712 3247/1879/2711 3246/1882/2713
f 3253/1881/2714 3246/1879/2713 3242/1882/2675
f 3243/1879/2715 3249/1882/2708 3222/1880/2684
f 3393/1880/2652 3391/1882/2652 3390/1879/2652
f 3399/1880/2716 3397/1882/2716 3396/1879/2716
f 3258/1880/2655 3346/1882/2654 3402/1879/2654
f 3278/1880/2657 3255/1882/2657 3409/1879/2657
f 3288/1881/2657 3286/1880/2657 3264/1882/2657
f 3404/1880/2718 3406/1882/2738 3405/1879/2719
f 3434/1896/2660 3435/1900/2660 3421/1885/2660
f 3421/1885/2660 3418/1902/2660 3420/1884/2660
f 3420/1884/2660 3438/1890/2660 3437/1883/2660
f 3437/1883/2660 3436/1901/2660 3434/1896/2660
f 3434/1896/2660 3421/1885/2660 3420/1884/2660
f 3419/1880/2720 3295/1882/2736 3413/1879/2721
f 3287/1880/2657 3273/1882/2657 3299/1879/2657
f 3287/1881/2657 3288/1880/2657 3274/1882/2657
f 3282/1880/2657 3410/1882/2657 3290/1879/2657
f 3283/1880/2657 3409/1882/2657 3410/1879/2657
f 3289/1880/2723 3417/1882/2774 3276/1879/2724
f 3321/1886/2728 3408/1900/2740 3266/1888/2726
f 3266/1888/2726 3415/1887/2735 3433/1897/2727
f 3416/1880/2729 3412/1882/2654 3411/1879/2654
f 3416/1881/2729 3269/1880/2717 3402/1882/2654
f 3389/1880/2652 3267/1882/2652 3353/1879/2652
f 3265/1880/2652 3268/1882/2652 3267/1879/2652
f 3274/1880/2657 3283/1882/2657 3282/1879/2657
f 3273/1880/2657 3282/1882/2657 3301/1879/2657
f 3300/1886/2732 3302/1900/2741 3322/1888/2730
f 3322/1888/2730 3429/1887/2775 3414/1897/2731
f 3327/1880/2733 3419/1882/2720 3275/1879/2722
f 3394/1881/2719 3395/1880/2719 3405/1882/2719
f 3266/1881/2726 3254/1880/2677 3361/1882/2676
f 3264/1880/2657 3278/1882/2657 3283/1879/2657
f 3300/1881/2732 3414/1880/2731 3289/1882/2723
f 3271/1881/2657 3272/1880/2657 3288/1882/2657
f 3298/1881/2657 3271/1880/2657 3287/1882/2657
f 3272/1881/2657 3259/1880/2657 3286/1882/2657
f 3404/1881/2718 3403/1880/2716 3396/1882/2716
f 3269/1889/2717 3416/1900/2729 3427/1891/2739
f 3427/1891/2739 3428/1904/2776 3426/1890/2681
f 3426/1890/2681 3307/1903/2683 3269/1889/2717
f 3369/1880/2660 3365/1882/2660 3418/1879/2660
f 3291/1880/2684 3296/1882/2684 3281/1879/2684
f 3302/1886/2741 3407/1900/2777 3408/1888/2740
f 3408/1888/2740 3321/1887/2728 3322/1897/2730
f 3398/1881/2657 3298/1880/2657 3304/1882/2657
f 3262/1881/2742 3300/1880/2732 3303/1882/2725
f 3256/1881/2744 3407/1880/2777 3302/1882/2741
f 3299/1880/2657 3301/1882/2657 3279/1879/2657
f 3401/1880/2654 3411/1882/2654 3261/1879/2654
f 3303/1880/2725 3276/1882/2724 3260/1879/2746
f 3301/1880/2657 3290/1882/2657 3257/1879/2657
f 3304/1880/2657 3299/1882/2657 3263/1879/2657
f 3277/1881/2745 3302/1880/2741 3300/1882/2732
f 3297/1880/2652 3390/1882/2652 3268/1879/2652
f 3311/1880/2748 3315/1882/2747 3295/1879/2736
f 3294/1892/2695 3293/1900/2695 3305/1895/2695
f 3305/1895/2695 3314/1894/2695 3423/1898/2695
f 3423/1898/2695 3424/1893/2695 3425/1899/2695
f 3425/1899/2695 3294/1892/2695 3305/1895/2695
f 3318/1880/2749 3422/1882/2751 3388/1879/2696
f 3317/1880/2750 3313/1882/2753 3422/1879/2751
f 3317/1881/2750 3316/1880/2754 3312/1882/2752
f 3316/1881/2754 3315/1880/2747 3311/1882/2748
f 3375/1881/2703 3308/1880/2755 3318/1882/2749
f 3308/1881/2755 3309/1880/2756 3317/1882/2750
f 3309/1881/2756 3310/1880/2757 3316/1882/2754
f 3310/1881/2757 3270/1880/2737 3315/1882/2747
f 3430/1892/2778 3429/1900/2775 3322/1895/2730
f 3321/1894/2728 3433/1898/2727 3432/1893/2779
f 3431/1899/2758 3430/1892/2778 3322/1895/2730
f 3321/1894/2728 3432/1893/2779 3431/1899/2758
f 3326/1881/2759 3328/1880/2762 3325/1882/2760
f 3328/1881/2762 3329/1880/2764 3324/1882/2763
f 3329/1881/2764 3330/1880/2766 3323/1882/2765
f 3330/1881/2766 3327/1880/2733 3319/1882/2734
f 3296/1880/2684 3326/1882/2759 3320/1879/2761
o Charge_plug
v -0.681754 0.015854 -0.131450
v -0.680528 0.020888 -0.131450
v -0.618845 0.018422 -0.131450
v -0.620122 0.020888 -0.131450
v -0.681754 0.015313 -0.135553
v -0.680528 0.020177 -0.136856
v -0.620122 0.020177 -0.136856
v -0.681754 0.013730 -0.139377
v -0.680528 0.018090 -0.141894
v -0.618845 0.015954 -0.140661
v -0.620122 0.018090 -0.141894
v -0.681754 0.011210 -0.142660
v -0.680528 0.014770 -0.146220
v -0.620122 0.014770 -0.146220
v -0.681754 0.007927 -0.145179
v -0.680528 0.010444 -0.149540
v -0.618845 0.009211 -0.147404
v -0.620122 0.010444 -0.149540
v -0.681754 0.004103 -0.146763
v -0.680528 0.005406 -0.151626
v -0.620122 0.005406 -0.151626
v -0.681754 -0.000000 -0.147303
v -0.680528 -0.000000 -0.152338
v -0.618845 -0.000000 -0.149872
v -0.620122 -0.000000 -0.152338
v -0.681754 -0.004103 -0.146763
v -0.680528 -0.005406 -0.151626
v -0.620122 -0.005406 -0.151626
v -0.681754 -0.007927 -0.145179
v -0.680528 -0.010444 -0.149540
v -0.618845 -0.009211 -0.147404
v -0.620122 -0.010444 -0.149540
v -0.681754 -0.011210 -0.142660
v -0.680528 -0.014770 -0.146220
v -0.620122 -0.014770 -0.146220
v -0.681754 -0.013730 -0.139377
v -0.680528 -0.018090 -0.141894
v -0.618845 -0.015954 -0.140661
v -0.620122 -0.018090 -0.141894
v -0.681754 -0.015313 -0.135553
v -0.680528 -0.020177 -0.136856
v -0.620122 -0.020177 -0.136856
v -0.681754 -0.015854 -0.131450
v -0.680528 -0.020888 -0.131450
v -0.618845 -0.018422 -0.131450
v -0.620122 -0.020888 -0.131450
v -0.681754 -0.015313 -0.127347
v -0.680528 -0.020177 -0.126044
v -0.620122 -0.020177 -0.126044
v -0.681754 -0.013730 -0.123523
v -0.680528 -0.018090 -0.121006
v -0.618845 -0.015954 -0.122239
v -0.620122 -0.018090 -0.121006
v -0.681754 -0.011210 -0.120240
v -0.680528 -0.014770 -0.116680
v -0.618845 -0.013026 -0.118423
v -0.620122 -0.014770 -0.116680
v -0.681754 -0.007927 -0.117720
v -0.680528 -0.010444 -0.113360
v -0.620122 -0.010444 -0.113360
v -0.681754 -0.004103 -0.116136
v -0.680528 -0.005406 -0.111273
v -0.618845 -0.004768 -0.113655
v -0.620122 -0.005406 -0.111273
v -0.681754 -0.000000 -0.115596
v -0.680528 0.000000 -0.110561
v -0.620122 0.000000 -0.110561
v -0.681754 0.004103 -0.116136
v -0.680528 0.005406 -0.111273
v -0.618845 0.004768 -0.113655
v -0.620122 0.005406 -0.111273
v -0.681754 0.007927 -0.117720
v -0.680528 0.010444 -0.113360
v -0.620122 0.010444 -0.113360
v -0.681754 0.011210 -0.120240
v -0.680528 0.014770 -0.116680
v -0.618845 0.013026 -0.118423
v -0.620122 0.014770 -0.116680
v -0.681754 0.013730 -0.123523
v -0.680528 0.018090 -0.121006
v -0.620122 0.018090 -0.121006
v -0.681754 0.015313 -0.127347
v -0.680528 0.020177 -0.126044
v -0.618845 0.017794 -0.126682
v -0.620122 0.020177 -0.126044
v -0.681754 0.018422 -0.131450
v -0.681754 0.015954 -0.140661
v -0.681754 0.009211 -0.147404
v -0.681754 -0.000000 -0.149872
v -0.681754 -0.009211 -0.147404
v -0.681754 -0.015954 -0.140661
v -0.681754 -0.018422 -0.131450
v -0.681754 -0.015954 -0.122239
v -0.681754 -0.013026 -0.118423
v -0.681754 -0.004768 -0.113655
v -0.681754 0.004768 -0.113655
v -0.681754 0.013026 -0.118423
v -0.704571 0.004027 -0.132529
v -0.704571 0.004169 -0.131450
v -0.704571 0.003610 -0.133534
v -0.704571 0.002948 -0.134398
v -0.704571 0.002084 -0.135060
v -0.704571 0.001079 -0.135476
v -0.704571 -0.000000 -0.135618
v -0.704571 -0.001079 -0.135476
v -0.704571 -0.002084 -0.135060
v -0.704571 -0.002948 -0.134398
v -0.704571 -0.003610 -0.133534
v -0.704571 -0.004027 -0.132529
v -0.704571 -0.004169 -0.131450
v -0.704571 -0.004027 -0.130371
v -0.704571 -0.003610 -0.129365
v -0.704571 -0.002948 -0.128502
v -0.704571 -0.002084 -0.127840
v -0.704571 -0.001079 -0.127423
v -0.704571 -0.000000 -0.127281
v -0.704571 0.001079 -0.127423
v -0.704571 0.002084 -0.127840
v -0.704571 0.002948 -0.128502
v -0.704571 0.003610 -0.129365
v -0.704571 0.004027 -0.130371
v -0.760964 0.004027 -0.132529
v -0.760964 0.004169 -0.131450
v -0.760964 0.003610 -0.133534
v -0.760964 0.002948 -0.134397
v -0.760964 0.002084 -0.135060
v -0.760964 0.001079 -0.135476
v -0.760964 -0.000000 -0.135618
v -0.760964 -0.001079 -0.135476
v -0.760964 -0.002084 -0.135060
v -0.760964 -0.002948 -0.134397
v -0.760964 -0.003610 -0.133534
v -0.760964 -0.004027 -0.132529
v -0.760964 -0.004169 -0.131450
v -0.760964 -0.004027 -0.130371
v -0.760964 -0.003610 -0.129365
v -0.760964 -0.002948 -0.128502
v -0.760964 -0.002084 -0.127840
v -0.760964 -0.001079 -0.127423
v -0.760964 -0.000000 -0.127281
v -0.760964 0.001079 -0.127423
v -0.760964 0.002084 -0.127840
v -0.760964 0.002948 -0.128502
v -0.760964 0.003610 -0.129365
v -0.760964 0.004027 -0.130371
v -0.762689 0.006113 -0.133088
v -0.762689 0.006329 -0.131450
v -0.762689 0.005481 -0.134614
v -0.762689 0.004475 -0.135925
v -0.762689 0.003164 -0.136931
v -0.762689 0.001638 -0.137563
v -0.762689 -0.000000 -0.137779
v -0.762689 -0.001638 -0.137563
v -0.762689 -0.003164 -0.136931
v -0.762689 -0.004475 -0.135925
v -0.762689 -0.005481 -0.134614
v -0.762689 -0.006113 -0.133088
v -0.762689 -0.006329 -0.131450
v -0.762689 -0.006113 -0.129812
v -0.762689 -0.005481 -0.128285
v -0.762689 -0.004475 -0.126975
v -0.762689 -0.003164 -0.125969
v -0.762689 -0.001638 -0.125337
v -0.762689 -0.000000 -0.125121
v -0.762689 0.001638 -0.125337
v -0.762689 0.003164 -0.125969
v -0.762689 0.004475 -0.126975
v -0.762689 0.005481 -0.128285
v -0.762689 0.006113 -0.129812
v -0.770503 0.006034 -0.133067
v -0.770503 0.006247 -0.131450
v -0.770503 0.005410 -0.134573
v -0.770503 0.004417 -0.135867
v -0.770503 0.003124 -0.136860
v -0.770503 0.001617 -0.137484
v -0.770503 -0.000000 -0.137697
v -0.770503 -0.001617 -0.137484
v -0.770503 -0.003124 -0.136860
v -0.770503 -0.004417 -0.135867
v -0.770503 -0.005410 -0.134573
v -0.770503 -0.006034 -0.133067
v -0.770503 -0.006247 -0.131450
v -0.770503 -0.006034 -0.129833
v -0.770503 -0.005410 -0.128326
v -0.770503 -0.004417 -0.127032
v -0.770503 -0.003124 -0.126040
v -0.770503 -0.001617 -0.125415
v -0.770503 -0.000000 -0.125203
v -0.770503 0.001617 -0.125415
v -0.770503 0.003124 -0.126040
v -0.770503 0.004417 -0.127032
v -0.770503 0.005410 -0.128326
v -0.770503 0.006034 -0.129833
v -0.680528 0.020888 -0.131450
v -0.680528 0.020177 -0.136856
v -0.620122 0.020177 -0.136856
v -0.620122 0.020888 -0.131450
v -0.680528 0.018090 -0.141894
v -0.681754 0.015954 -0.140661
v -0.620122 0.018090 -0.141894
v -0.618845 0.018422 -0.131450
v -0.618845 0.015954 -0.140661
v -0.680528 0.014770 -0.146220
v -0.620122 0.014770 -0.146220
v -0.680528 0.010444 -0.149540
v -0.681754 0.009211 -0.147404
v -0.620122 0.010444 -0.149540
v -0.618845 0.009211 -0.147404
v -0.680528 0.005406 -0.151626
v -0.620122 0.005406 -0.151626
v -0.680528 -0.000000 -0.152338
v -0.681754 -0.000000 -0.149872
v -0.620122 -0.000000 -0.152338
v -0.618845 -0.000000 -0.149872
v -0.680528 -0.005406 -0.151626
v -0.620122 -0.005406 -0.151626
v -0.680528 -0.010444 -0.149540
v -0.681754 -0.009211 -0.147404
v -0.620122 -0.010444 -0.149540
v -0.618845 -0.009211 -0.147404
v -0.680528 -0.014770 -0.146220
v -0.620122 -0.014770 -0.146220
v -0.680528 -0.018090 -0.141894
v -0.681754 -0.015954 -0.140661
v -0.620122 -0.018090 -0.141894
v -0.618845 -0.015954 -0.140661
v -0.680528 -0.020177 -0.136856
v -0.620122 -0.020177 -0.136856
v -0.680528 -0.020888 -0.131450
v -0.681754 -0.018422 -0.131450
v -0.620122 -0.020888 -0.131450
v -0.618845 -0.018422 -0.131450
v -0.680528 -0.020177 -0.126044
v -0.620122 -0.020177 -0.126044
v -0.680528 -0.018090 -0.121006
v -0.681754 -0.015954 -0.122239
v -0.620122 -0.018090 -0.121006
v -0.618845 -0.015954 -0.122239
v -0.680528 -0.014770 -0.116680
v -0.681754 -0.013026 -0.118423
v -0.620122 -0.014770 -0.116680
v -0.618845 -0.013026 -0.118423
v -0.680528 -0.010444 -0.113360
v -0.620122 -0.010444 -0.113360
v -0.680528 -0.005406 -0.111273
v -0.681754 -0.004768 -0.113655
v -0.620122 -0.005406 -0.111273
v -0.618845 -0.004768 -0.113655
v -0.680528 0.000000 -0.110561
v -0.620122 0.000000 -0.110561
v -0.680528 0.005406 -0.111273
v -0.681754 0.004768 -0.113655
v -0.620122 0.005406 -0.111273
v -0.618845 0.004768 -0.113655
v -0.680528 0.010444 -0.113360
v -0.620122 0.010444 -0.113360
v -0.680528 0.014770 -0.116680
v -0.620122 0.014770 -0.116680
v -0.618845 0.013026 -0.118423
v -0.680528 0.018090 -0.121006
v -0.620122 0.018090 -0.121006
v -0.680528 0.020177 -0.126044
v -0.620122 0.020177 -0.126044
v -0.618845 0.017794 -0.126682
v -0.681754 0.015313 -0.135553
v -0.681754 0.015854 -0.131450
v -0.681754 0.013730 -0.139377
v -0.681754 0.011210 -0.142660
v -0.681754 0.007927 -0.145179
v -0.681754 0.004103 -0.146763
v -0.681754 -0.000000 -0.147303
v -0.681754 -0.004103 -0.146763
v -0.681754 -0.007927 -0.145179
v -0.681754 -0.011210 -0.142660
v -0.681754 -0.013730 -0.139377
v -0.681754 -0.015313 -0.135553
v -0.681754 -0.015854 -0.131450
v -0.681754 -0.015313 -0.127347
v -0.681754 -0.013730 -0.123523
v -0.681754 -0.011210 -0.120240
v -0.681754 -0.007927 -0.117720
v -0.681754 -0.004103 -0.116136
v -0.681754 -0.000000 -0.115596
v -0.681754 0.004103 -0.116136
v -0.681754 0.007927 -0.117720
v -0.681754 0.011210 -0.120240
v -0.681754 0.013730 -0.123523
v -0.681754 0.015313 -0.127347
v -0.704571 0.004027 -0.132529
v -0.704571 0.004169 -0.131450
v -0.704571 0.003610 -0.133534
v -0.704571 0.002948 -0.134398
v -0.704571 0.002084 -0.135060
v -0.704571 0.001079 -0.135476
v -0.704571 -0.000000 -0.135618
v -0.704571 -0.001079 -0.135476
v -0.704571 -0.002084 -0.135060
v -0.704571 -0.002948 -0.134398
v -0.704571 -0.003610 -0.133534
v -0.704571 -0.004027 -0.132529
v -0.704571 -0.004169 -0.131450
v -0.704571 -0.004027 -0.130371
v -0.704571 -0.003610 -0.129365
v -0.704571 -0.002948 -0.128502
v -0.704571 -0.002084 -0.127840
v -0.704571 -0.001079 -0.127423
v -0.704571 -0.000000 -0.127281
v -0.704571 0.001079 -0.127423
v -0.704571 0.002084 -0.127840
v -0.704571 0.002948 -0.128502
v -0.704571 0.003610 -0.129365
v -0.704571 0.004027 -0.130371
v -0.760964 0.004027 -0.132529
v -0.760964 0.004169 -0.131450
v -0.760964 0.003610 -0.133534
v -0.760964 0.002948 -0.134397
v -0.760964 0.002084 -0.135060
v -0.760964 0.001079 -0.135476
v -0.760964 -0.000000 -0.135618
v -0.760964 -0.001079 -0.135476
v -0.760964 -0.002084 -0.135060
v -0.760964 -0.002948 -0.134397
v -0.760964 -0.003610 -0.133534
v -0.760964 -0.004027 -0.132529
v -0.760964 -0.004169 -0.131450
v -0.760964 -0.004027 -0.130371
v -0.760964 -0.003610 -0.129365
v -0.760964 -0.002948 -0.128502
v -0.760964 -0.002084 -0.127840
v -0.760964 -0.001079 -0.127423
v -0.760964 -0.000000 -0.127281
v -0.760964 0.001079 -0.127423
v -0.760964 0.002084 -0.127840
v -0.760964 0.002948 -0.128502
v -0.760964 0.003610 -0.129365
v -0.760964 0.004027 -0.130371
v -0.762689 0.006113 -0.133088
v -0.762689 0.006329 -0.131450
v -0.762689 0.005481 -0.134614
v -0.762689 0.004475 -0.135925
v -0.762689 0.003164 -0.136931
v -0.762689 0.001638 -0.137563
v -0.762689 -0.000000 -0.137779
v -0.762689 -0.001638 -0.137563
v -0.762689 -0.003164 -0.136931
v -0.762689 -0.004475 -0.135925
v -0.762689 -0.005481 -0.134614
v -0.762689 -0.006113 -0.133088
v -0.762689 -0.006329 -0.131450
v -0.762689 -0.006113 -0.129812
v -0.762689 -0.005481 -0.128285
v -0.762689 -0.004475 -0.126975
v -0.762689 -0.003164 -0.125969
v -0.762689 -0.001638 -0.125337
v -0.762689 -0.000000 -0.125121
v -0.762689 0.001638 -0.125337
v -0.762689 0.003164 -0.125969
v -0.762689 0.004475 -0.126975
v -0.762689 0.005481 -0.128285
v -0.762689 0.006113 -0.129812
v -0.770503 0.006034 -0.133067
v -0.770503 0.006247 -0.131450
v -0.770503 0.005410 -0.134573
v -0.770503 0.004417 -0.135867
v -0.770503 0.003124 -0.136860
v -0.770503 0.001617 -0.137484
v -0.770503 -0.000000 -0.137697
v -0.770503 -0.001617 -0.137484
v -0.770503 -0.003124 -0.136860
v -0.770503 -0.004417 -0.135867
v -0.770503 -0.005410 -0.134573
v -0.770503 -0.006034 -0.133067
v -0.770503 -0.006247 -0.131450
v -0.770503 -0.006034 -0.129833
v -0.770503 -0.005410 -0.128326
v -0.770503 -0.004417 -0.127032
v -0.770503 -0.003124 -0.126040
v -0.770503 -0.001617 -0.125415
v -0.770503 -0.000000 -0.125203
v -0.770503 0.001617 -0.125415
v -0.770503 0.003124 -0.126040
v -0.770503 0.004417 -0.127032
v -0.770503 0.005410 -0.128326
v -0.770503 0.006034 -0.129833
vn -0.0000 0.9659 0.2588
vn -0.0000 1.0000 -0.0000
vn -0.0000 0.8660 -0.5000
vn -0.0000 0.7071 -0.7071
vn -0.0000 0.5000 -0.8660
vn -0.0000 0.2588 -0.9659
vn -0.0000 -0.0000 -1.0000
vn -0.0000 -0.2588 -0.9659
vn -0.0000 -0.5000 -0.8660
vn -0.0000 -0.7071 -0.7071
vn -0.0000 -0.8660 -0.5000
vn -0.0000 -0.9659 -0.2588
vn -0.0000 -1.0000 -0.0000
vn -0.0000 -0.9659 0.2588
vn -0.0000 -0.8660 0.5000
vn -0.0000 -0.7071 0.7071
vn -0.0000 -0.5000 0.8660
vn -0.0000 -0.2588 0.9659
vn -0.0000 -0.0000 1.0000
vn -0.0000 0.2588 0.9659
vn -0.0000 0.5000 0.8660
vn -0.0000 0.7071 0.7071
vn -0.0000 0.8660 0.5000
vn -0.0000 0.9659 -0.2588
vn 1.0000 -0.0000 -0.0000
vn -0.9040 0.2838 0.3196
vn -0.8956 0.1152 0.4298
vn -0.9128 0.1057 0.3946
vn 0.9128 -0.3945 -0.1057
vn 0.9028 -0.3724 -0.2150
vn 0.9028 -0.4300 -0.0000
vn 0.9128 -0.2042 0.3537
vn 0.8958 -0.3080 0.3205
vn 0.9028 -0.1113 0.4153
vn 0.9128 0.3537 0.2042
vn 0.9028 0.3040 0.3040
vn 0.8958 0.4270 0.1235
vn 0.9128 -0.3945 0.1057
vn 0.8958 -0.3893 0.2146
vn -0.9128 -0.4085 -0.0000
vn -0.8956 -0.3853 -0.2225
vn -0.9128 -0.3538 -0.2043
vn 0.9128 0.3945 -0.1057
vn 0.8958 0.4444 -0.0088
vn 0.9028 0.3724 -0.2150
vn -0.9128 -0.0000 -0.4085
vn -0.8956 0.2225 -0.3853
vn -0.9128 0.2043 -0.3538
vn 0.9128 0.1057 -0.3945
vn 0.9028 0.2150 -0.3724
vn 0.9028 -0.0000 -0.4300
vn 0.9128 0.2042 0.3537
vn 0.9028 0.1113 0.4153
vn -0.9128 -0.2043 -0.3538
vn -0.8956 -0.0000 -0.4449
vn 0.9128 -0.1057 -0.3945
vn 0.9028 -0.2150 -0.3724
vn -0.9128 0.3538 -0.2043
vn -0.9619 0.2724 0.0224
vn -0.9202 0.3911 0.0184
vn 0.8880 -0.3982 0.2299
vn 0.8880 -0.3251 0.3251
vn 0.9128 -0.2888 -0.2888
vn -0.9671 0.1759 0.1839
vn -0.9564 0.2731 0.1033
vn -0.8956 0.3853 -0.2225
vn 0.9128 0.2888 -0.2888
vn -0.8956 -0.2225 -0.3853
vn 0.7703 -0.1650 -0.6159
vn 0.8012 -0.2992 -0.5182
vn 0.8012 -0.0000 -0.5984
vn 0.9128 -0.0000 0.4084
vn -0.9055 -0.3751 0.1982
vn -0.8956 -0.4449 -0.0000
vn 0.8880 0.4441 0.1190
vn 0.8880 0.4598 -0.0000
vn -0.4558 -0.0000 -0.8901
vn -0.4558 -0.2304 -0.8597
vn -1.0000 -0.0000 -0.0000
vn -0.9024 -0.0884 0.4218
vn -0.9040 -0.0860 0.4187
vn -0.4558 0.6294 0.6294
vn -0.4558 0.7708 0.4450
vn -0.4558 -0.6294 0.6294
vn -0.4558 -0.7708 0.4450
vn -0.4558 -0.4450 -0.7708
vn -0.4558 0.8597 0.2304
vn -0.4558 0.8597 -0.2304
vn -0.4558 0.8901 -0.0000
vn -0.4558 -0.4450 0.7708
vn -0.4558 -0.6294 -0.6294
vn -0.4558 0.7708 -0.4450
vn -0.4558 -0.2304 0.8597
vn -0.4558 -0.7708 -0.4450
vn -0.4558 0.6294 -0.6294
vn -0.4558 -0.0000 0.8901
vn -0.4558 -0.8597 -0.2304
vn -0.4558 0.4450 -0.7708
vn -0.4558 0.2304 0.8597
vn -0.4558 -0.8901 -0.0000
vn -0.4558 0.2304 -0.8597
vn -0.4558 0.4450 0.7708
vn -0.4558 -0.8597 0.2304
vn 0.7703 0.1650 -0.6159
vn 0.8012 0.2992 -0.5182
vn -0.0104 -0.9659 -0.2588
vn -0.0104 -0.8660 -0.5000
vn 0.7703 0.6159 0.1650
vn 0.8012 0.5984 -0.0000
vn 0.8012 0.5182 0.2992
vn 0.7813 -0.5405 0.3121
vn 0.7910 -0.4122 0.4521
vn 0.7910 -0.5434 0.2811
vn -0.9201 -0.2039 0.3343
vn -0.8544 -0.3614 0.3734
vn 0.7703 -0.3188 0.5522
vn 0.7910 -0.1855 0.5830
vn 0.7703 -0.4509 -0.4509
vn 0.8012 -0.5182 -0.2992
vn 0.7703 -0.6159 0.1650
vn 0.8012 -0.5984 -0.0000
vn 0.7703 -0.6159 -0.1650
vn 0.7813 -0.1615 0.6028
vn 0.7910 0.0283 0.6111
vn 0.7703 0.6159 -0.1650
vn 0.8012 0.5182 -0.2992
vn 0.7703 0.4509 0.4509
vn 0.8012 0.2992 0.5182
vn 0.7703 0.4509 -0.4509
vn 0.7703 0.1650 0.6159
vn -0.0104 0.7071 -0.7071
vn -0.0104 0.5000 -0.8660
vn -0.0104 0.2588 0.9659
vn -0.0104 -0.0000 0.9999
vn -0.0104 -0.9999 -0.0000
vn -0.0104 0.2588 -0.9659
vn -0.0104 0.5000 0.8660
vn -0.0104 -0.9659 0.2588
vn -0.0104 -0.0000 -0.9999
vn -0.0104 0.7071 0.7071
vn -0.0104 -0.8660 0.5000
vn -0.0104 -0.2588 -0.9659
vn -0.0104 0.8660 0.5000
vn -0.0104 -0.7071 0.7071
vn -0.0104 -0.5000 -0.8660
vn -0.0104 0.9659 0.2588
vn -0.0104 0.9999 -0.0000
vn -0.0104 0.9659 -0.2588
vn -0.0104 -0.5000 0.8660
vn -0.0104 -0.7071 -0.7071
vn -0.0104 0.8660 -0.5000
vn -0.0104 -0.2588 0.9659
vn 0.8880 -0.4598 -0.0000
vn 0.8880 -0.3982 -0.2299
vn 0.8880 -0.1190 0.4441
vn 0.8880 0.3251 0.3251
vn 0.8880 0.3982 -0.2299
vn 0.8880 -0.0000 -0.4598
vn 0.8880 0.2299 -0.3982
vn 0.8880 0.1190 0.4441
vn 0.8880 -0.2299 -0.3982
vn 0.7813 -0.3121 -0.5405
vn 0.7813 -0.0000 -0.6241
vn -0.8951 -0.4016 0.1937
vn -1.0000 -0.0001 -0.0002
vn -1.0000 0.0002 0.0001
vn -1.0000 -0.0002 0.0001
vn -1.0000 -0.0000 0.0002
vn 0.7813 0.3121 -0.5405
vn 0.7813 0.6241 -0.0000
vn 0.7813 0.5405 0.3121
vn 0.7813 -0.4413 0.4413
vn 0.7813 -0.5405 -0.3121
vn 0.7813 -0.6241 -0.0000
vn 0.7813 -0.0000 0.6241
vn 0.7813 0.5405 -0.3121
vn 0.7813 0.3121 0.5405
vt 0.864354 0.781882
vt 0.754124 0.892111
vt 0.754124 0.781882
vt 0.864354 0.892111
vt 0.834852 0.885798
vt 0.845787 0.795742
vt 0.757706 0.817453
vt 0.861656 0.854028
vt 0.776843 0.792408
vt 0.756821 0.854028
vt 0.856970 0.864554
vt 0.809239 0.781882
vt 0.761508 0.864554
vt 0.486217 0.378268
vt 0.529236 0.303757
vt 0.443198 0.303757
vt 0.436543 0.278920
vt 0.535891 0.378268
vt 0.436543 0.378268
vt 0.864298 0.834524
vt 0.862972 0.824732
vt 0.754623 0.844395
vt 0.535891 0.278920
vt 0.852329 0.871360
vt 0.785325 0.787340
vt 0.766148 0.871360
vt 0.529236 0.353431
vt 0.486217 0.278920
vt 0.443198 0.353431
vt 0.534199 0.315737
vt 0.451092 0.293469
vt 0.473360 0.376575
vt 0.783626 0.885798
vt 0.809239 0.892111
vt 0.854598 0.868305
vt 0.863952 0.843640
vt 0.860772 0.817453
vt 0.822429 0.783483
vt 0.796049 0.783483
vt 0.772691 0.795742
vt 0.754526 0.843640
vt 0.763880 0.868305
vt 0.841635 0.792408
vt 0.856970 0.809439
vt 0.761508 0.809439
vt 0.769402 0.798909
vt 0.763241 0.806634
vt 0.758559 0.815335
vt 0.755506 0.824732
vt 0.754179 0.834524
vt 0.760705 0.863114
vt 0.772977 0.878502
vt 0.780971 0.884310
vt 0.789873 0.888597
vt 0.799398 0.891226
vt 0.819080 0.891226
vt 0.794576 0.783868
vt 0.828605 0.888597
vt 0.804298 0.782104
vt 0.814179 0.782104
vt 0.837507 0.884310
vt 0.845501 0.878502
vt 0.823901 0.783868
vt 0.833152 0.787340
vt 0.857773 0.863114
vt 0.849076 0.798909
vt 0.855236 0.806634
vt 0.863855 0.844395
vt 0.859919 0.815335
vt 0.499074 0.376575
vt 0.511054 0.371613
vt 0.521342 0.363719
vt 0.534199 0.341450
vt 0.535891 0.328594
vt 0.521342 0.293469
vt 0.511054 0.285575
vt 0.499074 0.280612
vt 0.473361 0.280612
vt 0.461380 0.285575
vt 0.443198 0.303757
vt 0.438236 0.315737
vt 0.436543 0.328594
vt 0.438236 0.341450
vt 0.451092 0.363719
vt 0.461380 0.371613
s 1
f 3523/1905/2780 3440/1906/2781 3700/1907/2780
f 3449/1905/2782 3641/1906/2783 3636/1907/2782
f 3642/1905/2783 3643/1906/2784 3641/1907/2783
f 3456/1905/2784 3647/1906/2785 3643/1907/2784
f 3647/1907/2785 3463/1908/2786 3649/1906/2786
f 3463/1905/2786 3653/1906/2787 3649/1907/2786
f 3654/1905/2787 3655/1906/2788 3653/1907/2787
f 3470/1905/2788 3659/1906/2789 3655/1907/2788
f 3660/1905/2789 3661/1906/2790 3659/1907/2789
f 3477/1905/2790 3665/1906/2791 3661/1907/2790
f 3665/1907/2791 3484/1908/2792 3667/1906/2792
f 3484/1905/2792 3671/1906/2793 3667/1907/2792
f 3672/1905/2793 3673/1906/2794 3671/1907/2793
f 3491/1905/2794 3677/1906/2795 3673/1907/2794
f 3495/1905/2795 3681/1906/2796 3677/1907/2795
f 3682/1905/2796 3683/1906/2797 3681/1907/2796
f 3502/1905/2797 3687/1906/2798 3683/1907/2797
f 3688/1905/2798 3689/1906/2799 3687/1907/2798
f 3509/1905/2799 3693/1906/2800 3689/1907/2799
f 3694/1905/2800 3695/1906/2801 3693/1907/2800
f 3516/1905/2801 3698/1906/2802 3695/1907/2801
f 3699/1905/2802 3700/1906/2780 3698/1907/2802
f 3634/1905/2803 3636/1906/2782 3633/1907/2803
f 3522/1909/2804 3494/1910/2804 3469/1911/2804
f 3635/1905/2781 3633/1906/2803 3440/1907/2781
f 3514/1912/2805 3690/1913/2806 3507/1914/2807
f 3480/1912/2808 3664/1913/2809 3670/1914/2810
f 3498/1912/2811 3680/1913/2812 3686/1914/2813
f 3519/1912/2814 3697/1913/2815 3702/1914/2816
f 3487/1912/2817 3670/1913/2810 3676/1914/2818
f 3482/1912/2819 3662/1913/2820 3475/1914/2821
f 3445/1912/2822 3639/1913/2823 3640/1914/2824
f 3461/1912/2825 3644/1913/2826 3454/1914/2827
f 3459/1912/2828 3646/1913/2829 3652/1914/2830
f 3512/1912/2831 3692/1913/2832 3697/1914/2815
f 3468/1912/2833 3650/1913/2834 3461/1914/2825
f 3466/1912/2835 3652/1913/2830 3658/1914/2836
f 3447/1912/2837 3524/1913/2838 3632/1914/2839
f 3675/1905/2840 3680/1906/2812 3679/1907/2841
f 3473/1912/2842 3658/1913/2836 3664/1914/2809
f 3632/1915/2839 3535/1916/2843 3518/1917/2844
f 3454/1912/2827 3637/1913/2845 3447/1914/2837
f 3452/1912/2846 3640/1913/2824 3646/1914/2829
f 3475/1912/2821 3656/1913/2847 3468/1914/2833
f 3758/1918/2848 3783/1919/2849 3781/1920/2850
f 3505/1912/2851 3686/1913/2813 3692/1914/2832
f 3489/1912/2852 3668/1913/2853 3482/1914/2819
f 3701/1905/2854 3639/1906/2823 3442/1907/2855
f 3460/1921/2856 3734/1922/2857 3733/1923/2856
f 3708/1924/2858 3707/1925/2858 3526/1926/2858
f 3719/1912/2858 3678/1913/2858 3533/1914/2858
f 3507/1912/2807 3684/1913/2859 3500/1914/2860
f 3745/1927/2798 3768/1923/2797 3553/1921/2797
f 3513/1921/2861 3749/1922/2862 3748/1923/2861
f 3492/1927/2863 3741/1923/2864 3488/1921/2864
f 3467/1927/2865 3734/1923/2857 3710/1921/2857
f 3520/1927/2866 3749/1923/2862 3517/1921/2862
f 3443/1927/2867 3728/1923/2868 3439/1921/2868
f 3496/1927/2869 3742/1923/2863 3492/1921/2863
f 3471/1927/2870 3735/1923/2865 3467/1921/2865
f 3439/1927/2868 3750/1923/2866 3520/1921/2866
f 3446/1927/2871 3727/1923/2867 3443/1921/2867
f 3499/1927/2872 3743/1923/2869 3496/1921/2869
f 3474/1927/2873 3736/1923/2870 3471/1921/2870
f 3446/1921/2871 3730/1922/2874 3729/1923/2871
f 3503/1927/2875 3744/1923/2872 3499/1921/2872
f 3478/1927/2876 3737/1923/2873 3474/1921/2873
f 3450/1921/2874 3731/1922/2877 3730/1923/2874
f 3503/1921/2875 3746/1922/2878 3554/1923/2875
f 3478/1921/2876 3739/1922/2879 3738/1923/2876
f 3453/1921/2877 3732/1922/2880 3731/1923/2877
f 3506/1921/2878 3747/1922/2881 3746/1923/2878
f 3485/1927/2882 3739/1923/2879 3481/1921/2879
f 3460/1927/2856 3732/1923/2880 3457/1921/2880
f 3513/1927/2861 3747/1923/2881 3510/1921/2881
f 3488/1927/2864 3740/1923/2882 3485/1921/2882
f 3756/1918/2883 3781/1919/2850 3779/1920/2884
f 3547/1927/2791 3761/1923/2790 3546/1921/2790
f 3540/1927/2784 3754/1923/2783 3539/1921/2783
f 3555/1927/2799 3769/1923/2798 3745/1921/2798
f 3548/1927/2792 3762/1923/2791 3547/1921/2791
f 3541/1927/2785 3755/1923/2784 3540/1921/2784
f 3556/1927/2800 3770/1923/2799 3555/1921/2799
f 3549/1927/2793 3763/1923/2792 3548/1921/2792
f 3542/1927/2786 3565/1923/2785 3541/1921/2785
f 3557/1927/2801 3771/1923/2800 3556/1921/2800
f 3550/1927/2794 3764/1923/2793 3549/1921/2793
f 3543/1927/2787 3566/1923/2786 3542/1921/2786
f 3558/1927/2802 3772/1923/2801 3557/1921/2801
f 3551/1927/2795 3765/1923/2794 3550/1921/2794
f 3543/1921/2787 3568/1922/2788 3567/1923/2787
f 3559/1927/2780 3773/1923/2802 3558/1921/2802
f 3536/1927/2803 3752/1923/2781 3537/1921/2781
f 3551/1921/2795 3767/1922/2796 3766/1923/2795
f 3545/1927/2789 3568/1923/2788 3544/1921/2788
f 3537/1927/2781 3774/1923/2780 3559/1921/2780
f 3538/1927/2782 3751/1923/2803 3536/1921/2803
f 3553/1927/2797 3767/1923/2796 3552/1921/2796
f 3546/1927/2790 3760/1923/2789 3545/1921/2789
f 3539/1927/2783 3753/1923/2782 3538/1921/2782
f 3786/1927/2885 3618/1923/2886 3594/1921/2886
f 3583/1918/2887 3776/1919/2888 3797/1920/2889
f 3574/1921/2890 3790/1922/2891 3789/1923/2892
f 3497/1928/2893 3532/1929/2894 3489/1930/2852
f 3576/1918/2895 3792/1919/2896 3790/1920/2891
f 3569/1918/2897 3785/1919/2898 3783/1920/2849
f 3573/1918/2899 3789/1919/2892 3787/1920/2900
f 3571/1918/2901 3787/1919/2900 3785/1920/2898
f 3577/1921/2902 3793/1922/2903 3792/1923/2896
f 3560/1918/2904 3777/1919/2905 3776/1920/2888
f 3581/1931/2906 3797/1932/2889 3795/1933/2907
f 3563/1918/2908 3779/1919/2884 3777/1920/2905
f 3579/1918/2909 3795/1919/2907 3793/1920/2903
f 3806/1934/2858 3814/1935/2858 3822/1936/2858
f 3587/1921/2910 3612/1922/2911 3611/1923/2910
f 3603/1927/2912 3626/1923/2913 3602/1921/2913
f 3596/1927/2914 3810/1923/2885 3786/1921/2885
f 3589/1927/2915 3612/1923/2911 3588/1921/2911
f 3603/1921/2912 3628/1922/2916 3627/1923/2912
f 3597/1927/2917 3620/1923/2914 3596/1921/2914
f 3590/1927/2918 3613/1923/2915 3589/1921/2915
f 3604/1921/2916 3629/1922/2919 3628/1923/2916
f 3598/1927/2920 3621/1923/2917 3597/1921/2917
f 3591/1927/2921 3614/1923/2918 3590/1921/2918
f 3605/1921/2919 3630/1922/2922 3629/1923/2919
f 3599/1927/2923 3622/1923/2920 3598/1921/2920
f 3592/1927/2924 3615/1923/2921 3591/1921/2921
f 3606/1921/2922 3631/1922/2925 3630/1923/2922
f 3585/1921/2926 3608/1922/2927 3609/1923/2926
f 3600/1927/2928 3623/1923/2923 3599/1921/2923
f 3593/1927/2929 3616/1923/2924 3592/1921/2924
f 3607/1921/2925 3609/1922/2926 3631/1923/2925
f 3584/1921/2927 3610/1922/2930 3608/1923/2927
f 3601/1927/2931 3624/1923/2928 3600/1921/2928
f 3594/1927/2886 3617/1923/2929 3593/1921/2929
f 3587/1927/2910 3610/1923/2930 3586/1921/2930
f 3602/1927/2913 3625/1923/2931 3601/1921/2931
f 3523/1905/2780 3635/1908/2781 3440/1906/2781
f 3449/1905/2782 3642/1908/2783 3641/1906/2783
f 3642/1905/2783 3456/1908/2784 3643/1906/2784
f 3456/1905/2784 3648/1908/2785 3647/1906/2785
f 3647/1907/2785 3648/1905/2785 3463/1908/2786
f 3463/1905/2786 3654/1908/2787 3653/1906/2787
f 3654/1905/2787 3470/1908/2788 3655/1906/2788
f 3470/1905/2788 3660/1908/2789 3659/1906/2789
f 3660/1905/2789 3477/1908/2790 3661/1906/2790
f 3477/1905/2790 3666/1908/2791 3665/1906/2791
f 3665/1907/2791 3666/1905/2791 3484/1908/2792
f 3484/1905/2792 3672/1908/2793 3671/1906/2793
f 3672/1905/2793 3491/1908/2794 3673/1906/2794
f 3491/1905/2794 3495/1908/2795 3677/1906/2795
f 3495/1905/2795 3682/1908/2796 3681/1906/2796
f 3682/1905/2796 3502/1908/2797 3683/1906/2797
f 3502/1905/2797 3688/1908/2798 3687/1906/2798
f 3688/1905/2798 3509/1908/2799 3689/1906/2799
f 3509/1905/2799 3694/1908/2800 3693/1906/2800
f 3694/1905/2800 3516/1908/2801 3695/1906/2801
f 3516/1905/2801 3699/1908/2802 3698/1906/2802
f 3699/1905/2802 3523/1908/2780 3700/1906/2780
f 3634/1905/2803 3449/1908/2782 3636/1906/2782
f 3448/1937/2804 3441/1938/2804 3522/1909/2804
f 3522/1909/2804 3515/1939/2804 3508/1940/2804
f 3508/1940/2804 3501/1941/2804 3494/1910/2804
f 3494/1910/2804 3490/1942/2804 3483/1943/2804
f 3483/1943/2804 3476/1944/2804 3469/1911/2804
f 3469/1911/2804 3462/1945/2804 3455/1946/2804
f 3455/1946/2804 3448/1937/2804 3522/1909/2804
f 3522/1909/2804 3508/1940/2804 3494/1910/2804
f 3494/1910/2804 3483/1943/2804 3469/1911/2804
f 3469/1911/2804 3455/1946/2804 3522/1909/2804
f 3635/1905/2781 3634/1908/2803 3633/1906/2803
f 3507/1914/2807 3511/1938/2858 3514/1912/2805
f 3514/1912/2805 3535/1947/2843 3690/1913/2806
f 3670/1914/2810 3669/1938/2932 3480/1912/2808
f 3480/1912/2808 3663/1947/2933 3664/1913/2809
f 3686/1914/2813 3685/1938/2934 3498/1912/2811
f 3498/1912/2811 3679/1947/2841 3680/1913/2812
f 3702/1914/2816 3701/1938/2854 3519/1912/2814
f 3519/1912/2814 3696/1947/2935 3697/1913/2815
f 3676/1914/2818 3675/1938/2840 3487/1912/2817
f 3487/1912/2817 3669/1947/2932 3670/1913/2810
f 3475/1914/2821 3479/1938/2858 3482/1912/2819
f 3482/1912/2819 3668/1947/2853 3662/1913/2820
f 3640/1914/2824 3638/1938/2936 3445/1912/2822
f 3445/1912/2822 3442/1947/2855 3639/1913/2823
f 3454/1914/2827 3458/1938/2858 3461/1912/2825
f 3461/1912/2825 3650/1947/2834 3644/1913/2826
f 3652/1914/2830 3651/1938/2937 3459/1912/2828
f 3459/1912/2828 3645/1947/2938 3646/1913/2829
f 3697/1914/2815 3696/1938/2935 3512/1912/2831
f 3512/1912/2831 3691/1947/2939 3692/1913/2832
f 3461/1914/2825 3465/1938/2858 3468/1912/2833
f 3468/1912/2833 3656/1947/2847 3650/1913/2834
f 3658/1914/2836 3657/1938/2940 3466/1912/2835
f 3466/1912/2835 3651/1947/2937 3652/1913/2830
f 3632/1914/2839 3444/1938/2858 3447/1912/2837
f 3447/1912/2837 3637/1947/2845 3524/1913/2838
f 3675/1905/2840 3676/1908/2818 3680/1906/2812
f 3664/1914/2809 3663/1938/2933 3473/1912/2842
f 3473/1912/2842 3657/1947/2940 3658/1913/2836
f 3518/1917/2844 3521/1938/2858 3632/1915/2839
f 3632/1915/2839 3524/1948/2838 3535/1916/2843
f 3535/1916/2843 3514/1949/2805 3518/1917/2844
f 3447/1914/2837 3451/1938/2858 3454/1912/2827
f 3454/1912/2827 3644/1947/2826 3637/1913/2845
f 3646/1914/2829 3645/1938/2938 3452/1912/2846
f 3452/1912/2846 3638/1947/2936 3640/1913/2824
f 3468/1914/2833 3472/1938/2858 3475/1912/2821
f 3475/1912/2821 3662/1947/2820 3656/1913/2847
f 3758/1918/2848 3759/1931/2941 3783/1919/2849
f 3783/1919/2849 3782/1932/2804 3781/1920/2850
f 3781/1920/2850 3757/1933/2942 3758/1918/2848
f 3692/1914/2832 3691/1938/2939 3505/1912/2851
f 3505/1912/2851 3685/1947/2934 3686/1913/2813
f 3482/1914/2819 3486/1938/2858 3489/1912/2852
f 3489/1912/2852 3674/1947/2943 3668/1913/2853
f 3701/1905/2854 3702/1908/2816 3639/1906/2823
f 3460/1921/2856 3710/1927/2857 3734/1922/2857
f 3721/1929/2858 3720/1913/2858 3533/1950/2858
f 3533/1950/2858 3534/1951/2858 3535/1952/2843
f 3524/1953/2838 3525/1954/2858 3526/1926/2858
f 3526/1926/2858 3527/1914/2858 3528/1955/2858
f 3528/1955/2858 3529/1930/2858 3530/1956/2858
f 3530/1956/2858 3531/1957/2858 3678/1958/2858
f 3678/1958/2858 3718/1959/2858 3717/1938/2858
f 3678/1958/2858 3717/1938/2858 3716/1960/2858
f 3722/1961/2944 3721/1929/2858 3533/1950/2858
f 3722/1961/2944 3533/1950/2858 3535/1952/2843
f 3530/1956/2858 3678/1958/2858 3716/1960/2858
f 3530/1956/2858 3716/1960/2858 3715/1962/2858
f 3723/1963/2858 3722/1961/2944 3535/1952/2843
f 3724/1964/2858 3723/1963/2858 3535/1952/2843
f 3530/1956/2858 3715/1962/2858 3714/1965/2858
f 3530/1956/2858 3714/1965/2858 3713/1966/2945
f 3725/1967/2858 3724/1964/2858 3535/1952/2843
f 3726/1968/2858 3725/1967/2858 3535/1952/2843
f 3528/1955/2858 3530/1956/2858 3713/1966/2945
f 3528/1955/2858 3713/1966/2945 3712/1928/2858
f 3726/1968/2858 3535/1952/2843 3524/1953/2838
f 3704/1947/2858 3726/1968/2858 3524/1953/2838
f 3528/1955/2858 3712/1928/2858 3711/1969/2858
f 3528/1955/2858 3711/1969/2858 3464/1912/2858
f 3703/1970/2858 3704/1947/2858 3524/1953/2838
f 3705/1971/2946 3703/1970/2858 3524/1953/2838
f 3528/1955/2858 3464/1912/2858 3709/1972/2947
f 3526/1926/2858 3528/1955/2858 3709/1972/2947
f 3705/1971/2946 3524/1953/2838 3526/1926/2858
f 3706/1973/2858 3705/1971/2946 3526/1926/2858
f 3526/1926/2858 3709/1972/2947 3708/1924/2858
f 3707/1925/2858 3706/1973/2858 3526/1926/2858
f 3533/1914/2858 3720/1938/2858 3719/1912/2858
f 3719/1912/2858 3718/1947/2858 3678/1913/2858
f 3500/1914/2860 3504/1938/2858 3507/1912/2807
f 3507/1912/2807 3690/1947/2806 3684/1913/2859
f 3745/1927/2798 3769/1922/2798 3768/1923/2797
f 3513/1921/2861 3517/1927/2862 3749/1922/2862
f 3492/1927/2863 3742/1922/2863 3741/1923/2864
f 3467/1927/2865 3735/1922/2865 3734/1923/2857
f 3520/1927/2866 3750/1922/2866 3749/1923/2862
f 3443/1927/2867 3727/1922/2867 3728/1923/2868
f 3496/1927/2869 3743/1922/2869 3742/1923/2863
f 3471/1927/2870 3736/1922/2870 3735/1923/2865
f 3439/1927/2868 3728/1922/2868 3750/1923/2866
f 3446/1927/2871 3729/1922/2871 3727/1923/2867
f 3499/1927/2872 3744/1922/2872 3743/1923/2869
f 3474/1927/2873 3737/1922/2873 3736/1923/2870
f 3446/1921/2871 3450/1927/2874 3730/1922/2874
f 3503/1927/2875 3554/1922/2875 3744/1923/2872
f 3478/1927/2876 3738/1922/2876 3737/1923/2873
f 3450/1921/2874 3453/1927/2877 3731/1922/2877
f 3503/1921/2875 3506/1927/2878 3746/1922/2878
f 3478/1921/2876 3481/1927/2879 3739/1922/2879
f 3453/1921/2877 3457/1927/2880 3732/1922/2880
f 3506/1921/2878 3510/1927/2881 3747/1922/2881
f 3485/1927/2882 3740/1922/2882 3739/1923/2879
f 3460/1927/2856 3733/1922/2856 3732/1923/2880
f 3513/1927/2861 3748/1922/2861 3747/1923/2881
f 3488/1927/2864 3741/1922/2864 3740/1923/2882
f 3756/1918/2883 3757/1931/2942 3781/1919/2850
f 3781/1919/2850 3780/1932/2804 3779/1920/2884
f 3779/1920/2884 3564/1933/2948 3756/1918/2883
f 3547/1927/2791 3762/1922/2791 3761/1923/2790
f 3540/1927/2784 3755/1922/2784 3754/1923/2783
f 3555/1927/2799 3770/1922/2799 3769/1923/2798
f 3548/1927/2792 3763/1922/2792 3762/1923/2791
f 3541/1927/2785 3565/1922/2785 3755/1923/2784
f 3556/1927/2800 3771/1922/2800 3770/1923/2799
f 3549/1927/2793 3764/1922/2793 3763/1923/2792
f 3542/1927/2786 3566/1922/2786 3565/1923/2785
f 3557/1927/2801 3772/1922/2801 3771/1923/2800
f 3550/1927/2794 3765/1922/2794 3764/1923/2793
f 3543/1927/2787 3567/1922/2787 3566/1923/2786
f 3558/1927/2802 3773/1922/2802 3772/1923/2801
f 3551/1927/2795 3766/1922/2795 3765/1923/2794
f 3543/1921/2787 3544/1927/2788 3568/1922/2788
f 3559/1927/2780 3774/1922/2780 3773/1923/2802
f 3536/1927/2803 3751/1922/2803 3752/1923/2781
f 3551/1921/2795 3552/1927/2796 3767/1922/2796
f 3545/1927/2789 3760/1922/2789 3568/1923/2788
f 3537/1927/2781 3752/1922/2781 3774/1923/2780
f 3538/1927/2782 3753/1922/2782 3751/1923/2803
f 3553/1927/2797 3768/1922/2797 3767/1923/2796
f 3546/1927/2790 3761/1922/2790 3760/1923/2789
f 3539/1927/2783 3754/1922/2783 3753/1923/2782
f 3786/1927/2885 3810/1922/2885 3618/1923/2886
f 3583/1918/2887 3561/1931/2949 3776/1919/2888
f 3776/1919/2888 3798/1932/2804 3797/1920/2889
f 3797/1920/2889 3582/1933/2950 3583/1918/2887
f 3574/1921/2890 3575/1927/2951 3790/1922/2891
f 3489/1930/2852 3493/1938/2858 3497/1928/2893
f 3497/1928/2893 3500/1925/2860 3684/1968/2859
f 3532/1929/2894 3674/1953/2943 3489/1930/2852
f 3497/1928/2893 3684/1968/2859 3532/1929/2894
f 3576/1918/2895 3577/1931/2902 3792/1919/2896
f 3792/1919/2896 3791/1932/2804 3790/1920/2891
f 3790/1920/2891 3575/1933/2951 3576/1918/2895
f 3569/1918/2897 3570/1931/2952 3785/1919/2898
f 3785/1919/2898 3784/1932/2804 3783/1920/2849
f 3783/1920/2849 3759/1933/2941 3569/1918/2897
f 3573/1918/2899 3574/1931/2890 3789/1919/2892
f 3789/1919/2892 3788/1932/2804 3787/1920/2900
f 3787/1920/2900 3572/1933/2953 3573/1918/2899
f 3571/1918/2901 3572/1931/2953 3787/1919/2900
f 3787/1919/2900 3595/1932/2804 3785/1920/2898
f 3785/1920/2898 3570/1933/2952 3571/1918/2901
f 3577/1921/2902 3578/1927/2954 3793/1922/2903
f 3560/1918/2904 3562/1931/2955 3777/1919/2905
f 3777/1919/2905 3775/1932/2804 3776/1920/2888
f 3776/1920/2888 3561/1933/2949 3560/1918/2904
f 3795/1933/2907 3580/1918/2956 3581/1931/2906
f 3581/1931/2906 3582/1919/2950 3797/1932/2889
f 3797/1932/2889 3796/1920/2804 3795/1933/2907
f 3563/1918/2908 3564/1931/2948 3779/1919/2884
f 3779/1919/2884 3778/1932/2804 3777/1920/2905
f 3777/1920/2905 3562/1933/2955 3563/1918/2908
f 3579/1918/2909 3580/1931/2956 3795/1919/2907
f 3795/1919/2907 3794/1932/2804 3793/1920/2903
f 3793/1920/2903 3578/1933/2954 3579/1918/2909
f 3822/1936/2858 3800/1918/2858 3799/1974/2858
f 3799/1974/2858 3801/1975/2858 3802/1976/2858
f 3802/1976/2858 3803/1931/2858 3804/1977/2858
f 3804/1977/2858 3805/1978/2858 3806/1934/2858
f 3806/1934/2858 3807/1919/2858 3808/1979/2858
f 3808/1979/2858 3809/1980/2858 3619/1981/2858
f 3619/1981/2858 3811/1932/2858 3812/1982/2858
f 3812/1982/2858 3813/1983/2858 3814/1935/2858
f 3814/1935/2858 3815/1984/2858 3816/1985/2858
f 3816/1985/2858 3817/1986/2858 3818/1987/2858
f 3818/1987/2858 3819/1933/2858 3820/1988/2858
f 3820/1988/2858 3821/1989/2858 3822/1936/2858
f 3822/1936/2858 3799/1974/2858 3802/1976/2858
f 3802/1976/2858 3804/1977/2858 3806/1934/2858
f 3806/1934/2858 3808/1979/2858 3619/1981/2858
f 3619/1981/2858 3812/1982/2858 3814/1935/2858
f 3814/1935/2858 3816/1985/2858 3818/1987/2858
f 3818/1987/2858 3820/1988/2858 3822/1936/2858
f 3822/1936/2858 3802/1976/2858 3806/1934/2858
f 3806/1934/2858 3619/1981/2858 3814/1935/2858
f 3814/1935/2858 3818/1987/2858 3822/1936/2858
f 3587/1921/2910 3588/1927/2911 3612/1922/2911
f 3603/1927/2912 3627/1922/2912 3626/1923/2913
f 3596/1927/2914 3620/1922/2914 3810/1923/2885
f 3589/1927/2915 3613/1922/2915 3612/1923/2911
f 3603/1921/2912 3604/1927/2916 3628/1922/2916
f 3597/1927/2917 3621/1922/2917 3620/1923/2914
f 3590/1927/2918 3614/1922/2918 3613/1923/2915
f 3604/1921/2916 3605/1927/2919 3629/1922/2919
f 3598/1927/2920 3622/1922/2920 3621/1923/2917
f 3591/1927/2921 3615/1922/2921 3614/1923/2918
f 3605/1921/2919 3606/1927/2922 3630/1922/2922
f 3599/1927/2923 3623/1922/2923 3622/1923/2920
f 3592/1927/2924 3616/1922/2924 3615/1923/2921
f 3606/1921/2922 3607/1927/2925 3631/1922/2925
f 3585/1921/2926 3584/1927/2927 3608/1922/2927
f 3600/1927/2928 3624/1922/2928 3623/1923/2923
f 3593/1927/2929 3617/1922/2929 3616/1923/2924
f 3607/1921/2925 3585/1927/2926 3609/1922/2926
f 3584/1921/2927 3586/1927/2930 3610/1922/2930
f 3601/1927/2931 3625/1922/2931 3624/1923/2928
f 3594/1927/2886 3618/1922/2886 3617/1923/2929
f 3587/1927/2910 3611/1922/2910 3610/1923/2930
f 3602/1927/2913 3626/1922/2913 3625/1923/2931
o G500MK3_-_G500MK3_ASSEM_0000.STEP-1_G500MK3_STRU_0004_Prede
v 0.062500 -0.045000 -0.132209
v 0.655354 -0.045000 -0.111183
v 0.334404 -0.006015 -0.137209
v 0.333883 -0.007839 -0.132209
v 0.332108 -0.011970 -0.137209
v 0.331324 -0.013436 -0.132209
v 0.329517 -0.016055 -0.137209
v 0.327032 -0.018805 -0.132209
v 0.325942 -0.019751 -0.137209
v 0.321005 -0.023062 -0.137209
v 0.320437 -0.023407 -0.132209
v 0.313143 -0.025841 -0.137208
v 0.312394 -0.025778 -0.132209
v 0.655790 -0.045000 -0.104457
v 0.653201 -0.045000 -0.114449
v 0.649105 -0.045000 -0.097556
v 0.652333 -0.045000 -0.099326
v 0.654401 -0.045000 -0.101510
v 0.656108 -0.045000 -0.108050
v 0.610388 -0.045000 -0.133748
v 0.591000 -0.045000 -0.132209
v 0.591011 -0.045000 -0.137226
v 0.062500 -0.045000 -0.097209
v 0.655374 -0.050000 -0.111181
v 0.653008 -0.050000 -0.114661
v 0.610713 -0.050000 -0.133604
v 0.592598 -0.050000 -0.137201
v 0.656108 -0.050000 -0.108050
v 0.655851 -0.050000 -0.104670
v 0.652357 -0.050000 -0.099349
v 0.654522 -0.050000 -0.101666
v 0.648935 -0.050000 -0.097467
v 0.062500 0.045000 -0.132209
v 0.062500 -0.050000 -0.137209
v 0.275000 -0.050000 -0.137209
v 0.062500 -0.050000 -0.097209
v 0.217095 -0.010353 -0.137209
v 0.220249 -0.015807 -0.137209
v 0.229166 -0.023168 -0.137209
v 0.223914 -0.019627 -0.137209
v 0.233364 -0.024892 -0.137209
v 0.236485 -0.025605 -0.137209
v 0.218842 -0.013684 -0.132209
v 0.223208 -0.019048 -0.132209
v 0.229610 -0.023403 -0.132209
v 0.235536 -0.025505 -0.132208
v 0.215160 -0.003088 -0.132209
v 0.216979 -0.009950 -0.132209
v 0.656048 0.045000 -0.109287
v 0.334438 0.005824 -0.132209
v 0.334182 0.006743 -0.137209
v 0.332761 0.010630 -0.132209
v 0.332351 0.011515 -0.137209
v 0.329933 0.015549 -0.132209
v 0.329157 0.016548 -0.137209
v 0.325984 0.019711 -0.132209
v 0.325827 0.019835 -0.137209
v 0.321005 0.023062 -0.137209
v 0.320401 0.023451 -0.132208
v 0.313159 0.025839 -0.137208
v 0.312394 0.025778 -0.132209
v 0.652267 0.045000 -0.115115
v 0.654219 0.045000 -0.113159
v 0.649178 0.045000 -0.097579
v 0.653030 0.045000 -0.099863
v 0.655490 0.045000 -0.103476
v 0.601645 0.045000 -0.135633
v 0.611245 0.045000 -0.133407
v 0.591000 0.045000 -0.132209
v 0.591001 0.045000 -0.137211
v 0.062500 0.045000 -0.097209
v 0.654154 0.050000 -0.113226
v 0.652267 0.050000 -0.115115
v 0.610561 0.050000 -0.133693
v 0.592026 0.050000 -0.137202
v 0.655941 0.050000 -0.109665
v 0.655667 0.050000 -0.103937
v 0.650825 0.050000 -0.098308
v 0.653536 0.050000 -0.100419
v 0.647446 0.050000 -0.097295
v 0.062500 0.050000 -0.137209
v 0.275000 0.050000 -0.137209
v 0.062500 0.050000 -0.097209
v 0.217173 0.010569 -0.137209
v 0.220500 0.016171 -0.137209
v 0.215175 0.003187 -0.137209
v 0.229477 0.023345 -0.137209
v 0.224287 0.019917 -0.137209
v 0.235735 0.025559 -0.137209
v 0.217134 0.010440 -0.132209
v 0.223982 0.019691 -0.132209
v 0.229770 0.023488 -0.132209
v 0.220089 0.015620 -0.132209
v 0.235687 0.025534 -0.132209
v 0.215070 0.002450 -0.132209
v 0.215040 -0.002410 -0.137209
v 0.335010 -0.000576 -0.132209
v 0.335010 0.000576 -0.137209
v 0.062500 0.045000 -0.097209
v 0.062500 0.045000 -0.097209
v 0.062500 0.050000 -0.097209
v 0.062500 0.050000 -0.097209
v 0.327032 -0.018805 -0.132209
v 0.320437 -0.023407 -0.132209
v 0.220089 0.015620 -0.132209
v 0.223982 0.019691 -0.132209
v 0.312394 -0.025778 -0.132209
v 0.647446 0.050000 -0.097295
v 0.650825 0.050000 -0.098308
v 0.335010 0.000576 -0.137209
v 0.334404 -0.006015 -0.137209
v 0.648935 -0.050000 -0.097467
v 0.652357 -0.050000 -0.099349
v 0.062500 -0.045000 -0.097209
v 0.062500 -0.045000 -0.097209
v 0.062500 -0.050000 -0.097209
v 0.062500 -0.050000 -0.097209
v 0.591000 0.045000 -0.132209
v 0.591000 0.045000 -0.132209
v 0.062500 0.045000 -0.132209
v 0.062500 0.045000 -0.132209
v 0.656108 -0.045000 -0.108050
v 0.655790 -0.045000 -0.104457
v 0.610388 -0.045000 -0.133748
v 0.653201 -0.045000 -0.114449
v 0.610561 0.050000 -0.133693
v 0.652267 0.050000 -0.115115
v 0.229166 -0.023168 -0.137209
v 0.223914 -0.019627 -0.137209
v 0.329933 0.015549 -0.132209
v 0.325984 0.019711 -0.132209
v 0.215040 -0.002410 -0.137209
v 0.215175 0.003187 -0.137209
v 0.591001 0.045000 -0.137211
v 0.591001 0.045000 -0.137211
v 0.601645 0.045000 -0.135633
v 0.235735 0.025559 -0.137209
v 0.229477 0.023345 -0.137209
v 0.217095 -0.010353 -0.137209
v 0.656108 -0.050000 -0.108050
v 0.655374 -0.050000 -0.111181
v 0.654219 0.045000 -0.113159
v 0.652267 0.045000 -0.115115
v 0.332108 -0.011970 -0.137209
v 0.329517 -0.016055 -0.137209
v 0.329157 0.016548 -0.137209
v 0.325827 0.019835 -0.137209
v 0.224287 0.019917 -0.137209
v 0.229610 -0.023403 -0.132209
v 0.223208 -0.019048 -0.132209
v 0.235536 -0.025505 -0.132208
v 0.610713 -0.050000 -0.133604
v 0.592598 -0.050000 -0.137201
v 0.654401 -0.045000 -0.101510
v 0.325942 -0.019751 -0.137209
v 0.217173 0.010569 -0.137209
v 0.236485 -0.025605 -0.137209
v 0.233364 -0.024892 -0.137209
v 0.331324 -0.013436 -0.132209
v 0.335010 -0.000576 -0.132209
v 0.333883 -0.007839 -0.132209
v 0.611245 0.045000 -0.133407
v 0.334438 0.005824 -0.132209
v 0.217134 0.010440 -0.132209
v 0.062500 -0.045000 -0.132209
v 0.062500 -0.045000 -0.132209
v 0.313143 -0.025841 -0.137208
v 0.321005 -0.023062 -0.137209
v 0.649105 -0.045000 -0.097556
v 0.218842 -0.013684 -0.132209
v 0.062500 -0.050000 -0.137209
v 0.062500 -0.050000 -0.137209
v 0.275000 -0.050000 -0.137209
v 0.653008 -0.050000 -0.114661
v 0.591011 -0.045000 -0.137226
v 0.591011 -0.045000 -0.137226
v 0.062500 0.050000 -0.137209
v 0.062500 0.050000 -0.137209
v 0.592026 0.050000 -0.137202
v 0.655941 0.050000 -0.109665
v 0.655667 0.050000 -0.103937
v 0.220500 0.016171 -0.137209
v 0.215070 0.002450 -0.132209
v 0.216979 -0.009950 -0.132209
v 0.320401 0.023451 -0.132208
v 0.275000 0.050000 -0.137209
v 0.655354 -0.045000 -0.111183
v 0.332761 0.010630 -0.132209
v 0.229770 0.023488 -0.132209
v 0.220249 -0.015807 -0.137209
v 0.215160 -0.003088 -0.132209
v 0.653030 0.045000 -0.099863
v 0.655490 0.045000 -0.103476
v 0.649178 0.045000 -0.097579
v 0.235687 0.025534 -0.132209
v 0.591000 -0.045000 -0.132209
v 0.591000 -0.045000 -0.132209
v 0.321005 0.023062 -0.137209
v 0.313159 0.025839 -0.137208
v 0.654154 0.050000 -0.113226
v 0.332351 0.011515 -0.137209
v 0.334182 0.006743 -0.137209
v 0.312394 0.025778 -0.132209
v 0.652333 -0.045000 -0.099326
v 0.656048 0.045000 -0.109287
v 0.655851 -0.050000 -0.104670
v 0.654522 -0.050000 -0.101666
v 0.653536 0.050000 -0.100419
vn 0.1147 -0.0166 0.9933
vn 0.0001 -0.0003 1.0000
vn 0.2689 -0.0300 0.9627
vn -0.7736 -0.6337 0.0035
vn -0.8047 -0.5937 -0.0075
vn -0.6409 -0.7676 -0.0071
vn 0.6388 -0.7694 -0.0040
vn 0.4493 -0.8934 0.0002
vn 0.4384 -0.8988 -0.0019
vn -0.6821 0.7310 -0.0186
vn -0.7853 0.6191 -0.0018
vn -0.6323 0.7747 -0.0025
vn 0.9568 0.0066 0.2906
vn 0.9850 -0.0057 -0.1723
vn 0.9768 0.0107 -0.2140
vn -0.0000 1.0000 -0.0000
vn 0.3263 -0.0095 -0.9452
vn 0.5669 -0.0000 -0.8238
vn 0.5670 -0.0000 -0.8237
vn 0.8335 -0.0009 0.5525
vn 0.9704 -0.0013 0.2415
vn 0.9651 0.0058 0.2616
vn -0.1639 0.9863 -0.0206
vn 0.1003 0.9950 -0.0009
vn 0.1687 0.9856 -0.0151
vn 0.0004 0.0001 1.0000
vn 0.2430 0.0087 0.9700
vn 0.2541 0.0086 0.9672
vn 0.9165 -0.0011 -0.3999
vn 0.9972 0.0038 -0.0751
vn 0.9970 -0.0000 -0.0771
vn 0.4648 0.0153 0.8853
vn -0.0000 -0.0000 -1.0000
vn -0.4339 0.9009 -0.0082
vn -0.1277 0.9913 -0.0316
vn -0.9755 0.2198 0.0002
vn -0.9547 0.2973 -0.0120
vn -0.9995 0.0289 -0.0129
vn 0.9382 0.3462 -0.0043
vn 0.9933 0.1155 0.0017
vn 0.9890 0.1476 -0.0037
vn 0.4789 0.8779 -0.0024
vn 0.6704 0.7419 -0.0136
vn 0.4556 0.8901 -0.0113
vn -0.0000 -1.0000 -0.0000
vn 0.9886 -0.1508 0.0020
vn 0.9260 -0.3775 -0.0058
vn 0.9931 -0.1172 -0.0081
vn 0.8162 -0.0026 -0.5778
vn 0.8098 0.0027 -0.5867
vn 0.6883 -0.0192 0.7252
vn 0.9392 -0.0152 0.3430
vn 0.7499 0.0118 0.6615
vn -0.4289 -0.9034 0.0004
vn -0.6303 -0.7763 0.0007
vn 0.6355 0.0072 -0.7721
vn 0.2975 -0.0016 -0.9547
vn 0.6537 0.0103 -0.7567
vn 0.1685 -0.9857 -0.0035
vn 0.1679 -0.9858 -0.0014
vn -0.1631 -0.9864 -0.0191
vn 0.1072 0.0229 -0.9940
vn 0.0473 0.0115 -0.9988
vn -0.0000 -0.0000 1.0000
vn 1.0000 0.0001 0.0022
vn 1.0000 -0.0000 0.0003
vn 1.0000 -0.0000 0.0002
vn -0.0000 -0.0002 1.0000
vn -0.9777 -0.2102 -0.0020
vn -0.9675 -0.2525 0.0119
vn -0.9997 -0.0225 0.0086
vn -1.0000 -0.0000 -0.0000
vn 0.0001 -0.0000 1.0000
vn 0.6265 -0.7794 0.0031
vn -0.8546 0.5191 -0.0157
vn -0.8929 0.4500 0.0119
vn 0.7963 0.6049 -0.0019
vn 0.6346 0.7728 0.0003
vn 0.1864 0.0258 -0.9821
vn 0.3032 -0.0001 -0.9529
vn 0.0426 -0.0074 -0.9991
vn 0.0889 -0.0034 -0.9960
vn 0.8235 0.0022 0.5673
vn 0.0004 -0.0000 1.0000
vn -0.8938 -0.4484 0.0068
vn 0.9173 0.0035 -0.3982
vn -0.0004 0.0008 -1.0000
vn 0.8047 -0.5937 -0.0045
vn 0.7861 -0.6181 0.0044
vn -0.4580 0.8889 0.0091
vn 0.9280 0.3725 0.0068
vn -0.0001 -0.0000 -1.0000
vn 0.9220 -0.3871 0.0020
vn 0.3072 0.9517 0.0006
vn 0.6145 -0.0007 0.7889
vn 0.6115 -0.0018 0.7913
vn 0.8463 0.5327 -0.0109
vn -0.1259 -0.9915 -0.0315
vn -0.4585 -0.8886 0.0136
vn -0.9106 -0.4132 -0.0073
vn 0.3085 -0.0074 -0.9512
vn -0.0000 -0.0001 1.0000
vn -0.0000 0.0003 1.0000
vn -0.0000 0.0004 1.0000
vn -0.0000 -0.0003 1.0000
vn -0.0004 -0.0007 -1.0000
vn 0.0003 -0.0004 -1.0000
vn -0.0000 0.0001 1.0000
vt 0.756132 0.117948
vt 0.870484 0.117948
vt 0.870484 0.232300
s 1
f 3930/1990/2957 3921/1991/2958 4016/1992/2959
f 3968/1990/2960 3952/1991/2961 3953/1992/2962
f 3928/1990/2963 3960/1991/2964 4011/1992/2965
f 3925/1990/2966 3967/1991/2967 3977/1992/2968
f 4003/1990/2969 3871/1991/2970 4002/1992/2971
f 3838/1990/2972 4026/1991/2972 3837/1992/2972
f 3984/1990/2973 3949/1991/2974 3965/1992/2975
f 4029/1990/2976 4028/1991/2977 3836/1992/2978
f 3989/1990/2979 3864/1991/2980 3973/1992/2981
f 3937/1990/2982 3934/1991/2983 3991/1992/2984
f 3963/1990/2985 3944/1991/2986 3962/1992/2987
f 4016/1990/2959 3931/1991/2988 3930/1992/2957
f 3951/1990/2989 3993/1991/2989 4012/1992/2989
f 3944/1990/2986 4028/1991/2977 3962/1992/2987
f 3926/1990/2990 3989/1991/2979 3929/1992/2991
f 3933/1990/2992 3983/1991/2993 3982/1992/2994
f 4006/1990/2995 3954/1991/2996 4013/1992/2997
f 3861/1990/2998 3972/1991/2999 3971/1992/3000
f 3977/1990/2968 3926/1991/2990 3925/1992/2966
f 3847/1990/3001 3853/1991/3001 3852/1992/3001
f 3955/1990/3002 3986/1991/3003 4005/1992/3004
f 3885/1990/3005 3949/1991/2974 3894/1992/3006
f 4014/1990/3007 4015/1991/3008 4030/1992/3009
f 4007/1990/3010 3969/1991/3011 3953/1992/2962
f 3996/1990/3012 3946/1991/3013 3947/1992/3014
f 4017/1990/3015 3959/1991/3016 4021/1992/3017
f 3849/1990/3018 3997/1991/3019 3946/1992/3013
f 3899/1990/2972 3898/1991/2972 4022/1992/2972
f 3891/1990/3020 3876/1991/3020 4010/1992/3020
f 4019/1990/3021 3957/1991/3022 3941/1992/3023
f 3943/1990/3020 3913/1991/3020 3914/1992/3024
f 3872/1990/3025 4024/1991/3026 3932/1992/3027
f 3938/1990/3028 3936/1991/3028 3987/1992/3028
f 3930/1990/2957 3923/1991/3029 3921/1992/2958
f 4030/1990/3009 3931/1991/2988 4014/1992/3007
f 3968/1990/2960 3953/1991/2962 3969/1992/3011
f 3894/1990/3006 4002/1991/2971 3885/1992/3005
f 3885/1990/3005 4002/1991/2971 3871/1992/2970
f 3960/1990/2964 3959/1991/3016 4011/1992/2965
f 4011/1990/2965 3959/1991/3016 4017/1992/3015
f 3928/1990/2963 3970/1991/3030 3960/1992/2964
f 3981/1990/3031 3966/1991/3032 3967/1992/2967
f 3967/1990/2967 3925/1991/2966 3981/1992/3031
f 3860/1990/3033 3972/1991/2999 3862/1992/3034
f 3984/1990/2973 3958/1991/3035 3948/1992/3036
f 3958/1990/3035 3956/1991/3037 4001/1992/3038
f 4001/1990/3038 3948/1991/3036 3958/1992/3035
f 4003/1990/2969 4015/1991/3008 3871/1992/2970
f 3845/1990/2972 3838/1991/2972 4018/1992/2972
f 4018/1990/2972 3838/1991/2972 3842/1992/2972
f 3945/1990/2972 3841/1991/2972 4009/1992/2972
f 4009/1990/2972 3837/1991/2972 3976/1992/2972
f 3837/1990/2972 3842/1991/2972 3838/1992/2972
f 3976/1990/2972 3837/1991/2972 4026/1992/2972
f 3842/1990/2972 3844/1991/2972 4018/1992/2972
f 4018/1990/2972 3988/1991/2972 3845/1992/2972
f 3976/1990/2972 3945/1991/2972 4009/1992/2972
f 3984/1990/2973 3948/1991/3036 3949/1992/2974
f 4016/1990/2959 4014/1991/3007 3931/1992/2988
f 3836/1990/2978 3840/1991/3039 4029/1992/2976
f 3973/1990/2981 3929/1991/2991 3989/1992/2979
f 3937/1990/2982 3939/1991/3040 3934/1992/2983
f 4023/1990/3041 3952/1991/2961 3968/1992/2960
f 3963/1990/2985 3824/1991/3042 3944/1992/2986
f 3979/1990/2989 3834/1991/3043 3995/1992/2989
f 3995/1990/2989 3993/1991/2989 3980/1992/2989
f 3993/1990/2989 3999/1991/2989 3918/1992/2989
f 3995/1990/2989 3980/1991/2989 3979/1992/2989
f 3918/1990/2989 3961/1991/2989 3993/1992/2989
f 3980/1990/2989 3993/1991/2989 3950/1992/2989
f 3961/1990/2989 4012/1991/2989 3993/1992/2989
f 3950/1990/2989 3993/1991/2989 3951/1992/2989
f 3944/1990/2986 3836/1991/2978 4028/1992/2977
f 3928/1990/2963 3927/1991/3044 4004/1992/3045
f 3970/1990/3030 3928/1991/2963 4004/1992/3045
f 3981/1990/3031 3983/1991/2993 3966/1992/3032
f 3933/1990/2992 3966/1991/3032 3983/1992/2993
f 3954/1990/2996 4005/1991/3004 4013/1992/2997
f 3990/1990/3046 3989/1991/2979 3926/1992/2990
f 3933/1990/2992 3982/1991/2994 3932/1992/3027
f 4027/1990/3001 3884/1991/3001 3964/1992/3001
f 4006/1990/2995 3859/1991/3047 3954/1992/2996
f 3861/1990/2998 3862/1991/3034 3972/1992/2999
f 4005/1990/3004 3954/1991/2996 3955/1992/3002
f 3849/1990/3018 3995/1991/2989 3832/1992/2989
f 3997/1990/3019 3849/1991/3018 3827/1992/2989
f 3920/1990/2989 3997/1991/3019 3825/1992/3048
f 3995/1990/2989 3834/1991/3043 3832/1992/2989
f 3849/1990/3018 3832/1991/2989 3831/1992/2989
f 3849/1990/3018 3831/1991/2989 3829/1992/2989
f 3827/1990/2989 3825/1991/3048 3997/1992/3019
f 3849/1990/3018 3829/1991/2989 3827/1992/2989
f 3927/1990/3044 3986/1991/3003 3978/1992/3049
f 3978/1990/3049 4004/1991/3045 3927/1992/3044
f 3947/1990/3014 3824/1991/3042 3963/1992/2985
f 3963/1990/2985 3996/1991/3012 3947/1992/3014
f 3863/1990/3050 3973/1991/2981 3864/1992/2980
f 3971/1990/3000 3973/1991/2981 3863/1992/3050
f 3861/1990/2998 3971/1991/3000 3863/1992/3050
f 3934/1990/2983 3935/1991/3051 3839/1992/3052
f 3839/1990/3052 3991/1991/2984 3934/1992/2983
f 3886/1990/3001 3922/1991/3001 3940/1992/3001
f 3922/1990/3001 3942/1991/3001 3940/1992/3001
f 3892/1990/3001 3889/1991/3001 3940/1992/3001
f 3889/1990/3001 3890/1991/3001 3940/1992/3001
f 3890/1990/3001 3884/1991/3001 3886/1992/3001
f 3886/1990/3001 3884/1991/3001 3887/1992/3001
f 3884/1990/3001 4027/1991/3001 3888/1992/3001
f 3886/1990/3001 3940/1991/3001 3890/1992/3001
f 3884/1990/3001 3888/1991/3001 3887/1992/3001
f 3992/1990/3053 3972/1991/2999 3860/1992/3033
f 3860/1990/3033 3859/1991/3047 3992/1992/3053
f 4006/1990/2995 3992/1991/3053 3859/1992/3047
f 3977/1990/2968 3990/1991/3046 3926/1992/2990
f 3854/1990/3001 3858/1991/3001 3857/1992/3001
f 3858/1990/3001 3994/1991/3001 3857/1992/3001
f 3857/1990/3001 3975/1991/3001 3854/1992/3001
f 3854/1990/3001 3847/1991/3001 3852/1992/3001
f 3975/1990/3001 3974/1991/3001 3854/1992/3001
f 3854/1990/3001 3974/1991/3001 3847/1992/3001
f 3846/1990/3001 3850/1991/3001 3851/1992/3001
f 3847/1990/3001 3851/1991/3001 3853/1992/3001
f 3847/1990/3001 3846/1991/3001 3851/1992/3001
f 3955/1990/3002 3978/1991/3049 3986/1992/3003
f 4007/1990/3010 4025/1991/3054 4021/1992/3017
f 4021/1990/3017 4020/1991/3055 4007/1992/3010
f 3874/1990/3056 3952/1991/2961 4023/1992/3041
f 3872/1990/3025 3874/1991/3056 4024/1992/3026
f 3874/1990/3056 4023/1991/3041 4024/1992/3026
f 3885/1990/3005 3965/1991/2975 3949/1992/2974
f 3833/1990/3020 3843/1991/3020 3830/1992/3020
f 3919/1990/3020 3826/1991/3020 3843/1992/3020
f 3830/1990/3020 3843/1991/3020 3828/1992/3020
f 3826/1990/3020 3828/1991/3020 3843/1992/3020
f 4015/1990/3008 4003/1991/2969 4030/1992/3009
f 4007/1990/3010 4020/1991/3055 3969/1992/3011
f 3935/1990/3051 4029/1991/2976 3839/1992/3052
f 4029/1990/2976 3840/1991/3039 3839/1992/3052
f 3996/1990/3012 3848/1991/3057 3946/1992/3013
f 3843/1990/3020 3833/1991/3020 3835/1992/3020
f 3843/1990/3020 3835/1991/3020 3823/1992/3020
f 3835/1990/3020 3868/1991/3058 3823/1992/3020
f 3917/1990/3020 3823/1991/3020 3869/1992/3020
f 3870/1990/3020 3869/1991/3020 3823/1992/3020
f 3865/1990/3020 3870/1991/3020 3823/1992/3020
f 3823/1990/3020 3868/1991/3058 3867/1992/3059
f 3866/1990/3020 3865/1991/3020 3823/1992/3020
f 3823/1990/3020 3867/1991/3059 3866/1992/3020
f 4025/1990/3054 4017/1991/3015 4021/1992/3017
f 3849/1990/3018 3946/1991/3013 3848/1992/3057
f 3895/1990/2972 3896/1991/2972 3902/1992/2972
f 3895/1990/2972 3902/1991/2972 3901/1992/2972
f 3896/1990/2972 3897/1991/2972 3902/1992/2972
f 3897/1990/2972 4008/1991/2972 3902/1992/2972
f 4008/1990/2972 4000/1991/2972 3924/1992/2972
f 3924/1990/2972 3902/1991/2972 4008/1992/2972
f 4022/1990/2972 3895/1991/2972 3901/1992/2972
f 3902/1990/2972 3900/1991/2972 3901/1992/2972
f 3901/1990/2972 3899/1991/2972 4022/1992/2972
f 3843/1990/3020 3891/1991/3020 3985/1992/3020
f 3891/1990/3020 3881/1991/3060 3878/1992/3061
f 3985/1990/3020 3919/1991/3020 3843/1992/3020
f 4010/1990/3020 3985/1991/3020 3891/1992/3020
f 3891/1990/3020 3878/1991/3061 3876/1992/3020
f 4019/1990/3021 3998/1991/3021 3957/1992/3022
f 3904/1990/2989 4001/1991/3038 3880/1992/2989
f 3956/1990/3037 3997/1991/3019 3920/1992/2989
f 4001/1990/3038 3956/1991/3037 3875/1992/2989
f 3880/1990/2989 4001/1991/3038 3879/1992/2989
f 3880/1990/2989 3882/1991/3062 3904/1992/2989
f 3879/1990/2989 4001/1991/3038 3877/1992/2989
f 3956/1990/3037 3920/1991/2989 3873/1992/2989
f 3956/1990/3037 3873/1991/2989 3875/1992/2989
f 3877/1990/2989 4001/1991/3038 3875/1992/2989
f 3904/1990/2989 3882/1991/3062 3911/1992/3063
f 3999/1990/2989 3904/1991/2989 3909/1992/2989
f 3908/1990/2989 3918/1991/2989 3999/1992/2989
f 3904/1990/2989 3911/1991/3063 3909/1992/2989
f 3906/1990/2989 3908/1991/2989 3999/1992/2989
f 3907/1990/2989 3906/1991/2989 3999/1992/2989
f 3999/1990/2989 3909/1991/2989 3910/1992/2989
f 3999/1990/2989 3910/1991/2989 3907/1992/2989
f 3943/1990/3020 3823/1991/3020 3917/1992/3020
f 3883/1990/3064 3881/1991/3060 3891/1992/3020
f 3916/1990/3064 3883/1991/3064 3943/1992/3020
f 3883/1990/3064 3891/1991/3020 3943/1992/3020
f 3943/1990/3020 3917/1991/3020 3912/1992/3020
f 3943/1990/3020 3912/1991/3020 3915/1992/3020
f 3914/1990/3024 3916/1991/3064 3943/1992/3020
f 3943/1990/3020 3915/1991/3020 3913/1992/3020
f 3982/1990/2994 3872/1991/3025 3932/1992/3027
f 3893/1990/3028 3905/1991/3028 3855/1992/3028
f 3905/1990/3028 3903/1991/3028 3855/1992/3028
f 3903/1990/3028 3856/1991/3028 3987/1992/3028
f 3855/1990/3028 3903/1991/3028 3987/1992/3028
f 3856/1990/3028 3938/1991/3028 3987/1992/3028
o dual_bravo_support
v 0.677320 -0.057577 -0.147680
v 0.677319 -0.057448 -0.097235
v 0.672268 -0.067758 -0.152343
v 0.677268 -0.067758 -0.152343
v 0.672268 -0.067758 -0.052343
v 0.677268 -0.067758 -0.052343
v 0.672319 -0.056578 -0.095042
v 0.672319 -0.057474 -0.097568
v 0.672320 -0.057596 -0.147772
v 0.672321 -0.052698 -0.092425
v 0.672317 -0.054882 -0.093351
v 0.672319 -0.059324 -0.150737
v 0.672319 -0.062164 -0.152237
v 0.677318 -0.056305 -0.094646
v 0.677319 -0.053705 -0.092679
v 0.677319 -0.061992 -0.152204
v 0.677319 -0.059169 -0.150583
v 0.651649 -0.184723 -0.147566
v 0.651894 -0.183334 -0.054182
v 0.651644 -0.184752 -0.057227
v 0.652300 -0.181033 -0.152053
v 0.652417 -0.180371 -0.052487
v 0.651825 -0.183730 -0.149907
v 0.656496 -0.185596 -0.057229
v 0.657260 -0.181260 -0.052472
v 0.656710 -0.184379 -0.054409
v 0.656513 -0.185499 -0.148128
v 0.657281 -0.181140 -0.152234
v 0.656833 -0.183684 -0.150905
v 0.636280 -0.181907 -0.092272
v 0.634292 -0.180528 -0.092272
v 0.633170 -0.178907 -0.092272
v 0.632610 -0.177038 -0.092272
v 0.633579 -0.179703 -0.087272
v 0.635984 -0.181781 -0.087272
v 0.632608 -0.177145 -0.087272
v 0.651685 -0.184522 -0.092272
v 0.651685 -0.184522 -0.087272
v 0.672268 -0.067758 -0.087272
v 0.672268 -0.067758 -0.092272
v 0.397356 -0.057035 -0.098966
v 0.397356 -0.052035 -0.098966
v 0.397356 -0.051298 -0.097229
v 0.677356 -0.051298 -0.097229
v 0.677356 -0.051298 -0.092229
v 0.469093 -0.024336 -0.097229
v 0.470149 -0.025109 -0.097229
v 0.457385 -0.001843 -0.097229
v 0.464375 -0.019819 -0.097229
v 0.478335 -0.029146 -0.097229
v 0.459165 -0.010796 -0.097229
v 0.507624 -0.022653 -0.097229
v 0.517099 -0.004451 -0.097229
v 0.488665 -0.030506 -0.097229
v 0.498837 -0.028251 -0.097229
v 0.513966 -0.014387 -0.097229
v 0.459165 -0.010796 -0.092229
v 0.457385 -0.001843 -0.092229
v 0.469093 -0.024336 -0.092229
v 0.464375 -0.019819 -0.092229
v 0.517099 -0.004451 -0.092229
v 0.507624 -0.022653 -0.092229
v 0.510337 -0.019819 -0.092229
v 0.513966 -0.014387 -0.092229
v 0.498837 -0.028251 -0.092229
v 0.478335 -0.029146 -0.092229
v 0.488665 -0.030506 -0.092229
v 0.677356 -0.051330 -0.097230
v 0.677356 -0.051362 -0.097232
v 0.677356 -0.051394 -0.097236
v 0.677356 -0.051426 -0.097241
v 0.677356 -0.053023 -0.092495
v 0.677356 -0.051610 -0.097298
v 0.677356 -0.054589 -0.093267
v 0.677356 -0.051863 -0.097493
v 0.677356 -0.055997 -0.094676
v 0.677356 -0.051966 -0.097655
v 0.677356 -0.056598 -0.095771
v 0.677356 -0.052029 -0.097870
v 0.397356 -0.052029 -0.097870
v 0.397356 -0.056598 -0.095771
v 0.397356 -0.051966 -0.097655
v 0.397356 -0.055997 -0.094676
v 0.397356 -0.051863 -0.097493
v 0.397356 -0.054589 -0.093267
v 0.397356 -0.051610 -0.097298
v 0.397356 -0.053023 -0.092495
v 0.397356 -0.051426 -0.097241
v 0.397356 -0.051394 -0.097236
v 0.397356 -0.051363 -0.097232
v 0.397356 -0.051330 -0.097230
v 0.677265 -0.057035 -0.132271
v 0.129718 -0.057035 -0.102914
v 0.672398 -0.057035 -0.137138
v 0.676552 -0.057035 -0.134229
v 0.676678 -0.057035 -0.134000
v 0.129447 -0.057035 -0.132271
v 0.674798 -0.057035 -0.136144
v 0.130932 -0.057035 -0.100912
v 0.130760 -0.057035 -0.101109
v 0.675009 -0.057035 -0.135990
v 0.675213 -0.057035 -0.135826
v 0.675410 -0.057035 -0.135653
v 0.131703 -0.057035 -0.100206
v 0.130596 -0.057035 -0.101313
v 0.130296 -0.057035 -0.101742
v 0.130296 -0.057035 -0.134453
v 0.130596 -0.057035 -0.134882
v 0.130932 -0.057035 -0.135283
v 0.131302 -0.057035 -0.135653
v 0.675952 -0.057035 -0.135086
v 0.676116 -0.057035 -0.134882
v 0.134573 -0.057035 -0.099017
v 0.134314 -0.057035 -0.099057
v 0.133304 -0.057035 -0.099328
v 0.131302 -0.057035 -0.100542
v 0.675599 -0.057035 -0.135472
v 0.675780 -0.057035 -0.135283
v 0.676271 -0.057035 -0.134671
v 0.133060 -0.057035 -0.099423
v 0.132820 -0.057035 -0.099528
v 0.132586 -0.057035 -0.099644
v 0.132356 -0.057035 -0.099770
v 0.134057 -0.057035 -0.099108
v 0.133803 -0.057035 -0.099170
v 0.133552 -0.057035 -0.099244
v 0.133552 -0.057035 -0.136952
v 0.133803 -0.057035 -0.137025
v 0.134057 -0.057035 -0.137087
v 0.134314 -0.057035 -0.137138
v 0.132132 -0.057035 -0.099906
v 0.131914 -0.057035 -0.100051
v 0.131914 -0.057035 -0.136144
v 0.132132 -0.057035 -0.136290
v 0.131703 -0.057035 -0.135990
v 0.132356 -0.057035 -0.136426
v 0.132586 -0.057035 -0.136552
v 0.132820 -0.057035 -0.136667
v 0.133060 -0.057035 -0.136773
v 0.133304 -0.057035 -0.136868
v 0.677265 -0.052035 -0.132271
v 0.129447 -0.052035 -0.132271
v 0.675952 -0.052035 -0.135086
v 0.675780 -0.052035 -0.135283
v 0.129718 -0.052035 -0.102914
v 0.676678 -0.052035 -0.134000
v 0.676552 -0.052035 -0.134229
v 0.675599 -0.052035 -0.135472
v 0.675410 -0.052035 -0.135653
v 0.675213 -0.052035 -0.135826
v 0.131302 -0.052035 -0.135653
v 0.130932 -0.052035 -0.135283
v 0.130596 -0.052035 -0.134882
v 0.130296 -0.052035 -0.134453
v 0.130296 -0.052035 -0.101742
v 0.130596 -0.052035 -0.101313
v 0.130760 -0.052035 -0.101109
v 0.675009 -0.052035 -0.135990
v 0.674798 -0.052035 -0.136144
v 0.672398 -0.052035 -0.137138
v 0.130932 -0.052035 -0.100912
v 0.131302 -0.052035 -0.100542
v 0.132586 -0.052035 -0.099644
v 0.132820 -0.052035 -0.099528
v 0.676271 -0.052035 -0.134671
v 0.676116 -0.052035 -0.134882
v 0.133060 -0.052035 -0.099423
v 0.133304 -0.052035 -0.099328
v 0.133552 -0.052035 -0.099244
v 0.134314 -0.052035 -0.137138
v 0.134057 -0.052035 -0.137087
v 0.131703 -0.052035 -0.100206
v 0.131914 -0.052035 -0.100051
v 0.133803 -0.052035 -0.099170
v 0.134057 -0.052035 -0.099108
v 0.134314 -0.052035 -0.099057
v 0.133803 -0.052035 -0.137025
v 0.133552 -0.052035 -0.136952
v 0.133304 -0.052035 -0.136868
v 0.132586 -0.052035 -0.136552
v 0.132356 -0.052035 -0.136426
v 0.132132 -0.052035 -0.136290
v 0.131703 -0.052035 -0.135990
v 0.131914 -0.052035 -0.136144
v 0.132132 -0.052035 -0.099906
v 0.132356 -0.052035 -0.099770
v 0.134573 -0.052035 -0.099017
v 0.133060 -0.052035 -0.136773
v 0.132820 -0.052035 -0.136667
v 0.397356 -0.051573 -0.092489
v 0.677366 -0.056926 -0.057261
v 0.677366 -0.055169 -0.135504
v 0.677366 -0.056722 -0.132814
v 0.677366 -0.054150 -0.136322
v 0.677366 -0.052479 -0.137057
v 0.677366 -0.055986 -0.134485
v 0.677366 -0.056926 -0.052261
v 0.680366 -0.056936 -0.057268
v 0.680366 -0.052489 -0.137064
v 0.680366 -0.054160 -0.136328
v 0.680366 -0.056936 -0.052268
v 0.680366 -0.055179 -0.135511
v 0.680366 -0.055997 -0.134492
v 0.680366 -0.056732 -0.132821
v 0.672296 -0.000000 -0.092284
v 0.677297 -0.000000 -0.052380
v 0.647859 -0.000000 -0.092272
v 0.672321 -0.000000 -0.092362
v 0.672296 -0.000000 -0.087272
v 0.677319 -0.000000 -0.092515
v 0.647973 -0.000000 -0.087272
v 0.672297 -0.000000 -0.052356
v 0.397356 -0.000000 -0.097229
v 0.677356 0.000000 -0.097229
v 0.517099 -0.000000 -0.097229
v 0.677356 0.000000 -0.092229
v 0.457627 -0.000000 -0.097229
v 0.517099 -0.000000 -0.092229
v 0.397356 -0.000000 -0.092358
v 0.457627 -0.000000 -0.092229
v 0.677356 0.000000 -0.092229
v 0.677366 0.000000 -0.057261
v 0.677366 0.000000 -0.057261
v 0.677366 0.000000 -0.137157
v 0.677391 0.000000 -0.052261
v 0.680366 0.000000 -0.057268
v 0.680366 0.000000 -0.057268
v 0.680366 0.000000 -0.137164
v 0.680391 0.000000 -0.052268
v 0.677320 0.057577 -0.147680
v 0.677319 0.057448 -0.097235
v 0.672268 0.067758 -0.152343
v 0.677268 0.067758 -0.152343
v 0.672268 0.067758 -0.052343
v 0.677268 0.067758 -0.052343
v 0.672319 0.056578 -0.095042
v 0.672319 0.057474 -0.097568
v 0.672320 0.057596 -0.147772
v 0.672321 0.052698 -0.092425
v 0.672317 0.054882 -0.093351
v 0.672319 0.059324 -0.150737
v 0.672319 0.062164 -0.152237
v 0.677318 0.056305 -0.094646
v 0.677319 0.053705 -0.092679
v 0.677319 0.061992 -0.152204
v 0.677319 0.059169 -0.150583
v 0.651649 0.184723 -0.147566
v 0.651894 0.183334 -0.054182
v 0.651644 0.184752 -0.057227
v 0.652300 0.181033 -0.152053
v 0.652417 0.180371 -0.052487
v 0.651824 0.183730 -0.149907
v 0.656495 0.185596 -0.057229
v 0.657260 0.181260 -0.052472
v 0.656710 0.184379 -0.054409
v 0.656512 0.185499 -0.148128
v 0.657281 0.181140 -0.152234
v 0.656833 0.183684 -0.150905
v 0.636280 0.181907 -0.092272
v 0.634292 0.180528 -0.092272
v 0.633170 0.178907 -0.092272
v 0.632610 0.177038 -0.092272
v 0.633579 0.179703 -0.087272
v 0.635984 0.181781 -0.087272
v 0.632608 0.177145 -0.087272
v 0.651685 0.184522 -0.092272
v 0.651685 0.184522 -0.087272
v 0.672268 0.067758 -0.087272
v 0.672268 0.067758 -0.092272
v 0.397356 0.057035 -0.098966
v 0.397356 0.052035 -0.098966
v 0.397356 0.051298 -0.097229
v 0.677356 0.051298 -0.097229
v 0.677356 0.051298 -0.092229
v 0.469093 0.024335 -0.097229
v 0.470149 0.025109 -0.097229
v 0.457385 0.001843 -0.097229
v 0.464375 0.019818 -0.097229
v 0.478335 0.029146 -0.097229
v 0.459165 0.010795 -0.097229
v 0.507624 0.022653 -0.097229
v 0.517099 0.004451 -0.097229
v 0.488665 0.030506 -0.097229
v 0.498837 0.028251 -0.097229
v 0.513966 0.014387 -0.097229
v 0.459165 0.010795 -0.092229
v 0.457385 0.001843 -0.092229
v 0.469093 0.024335 -0.092229
v 0.464375 0.019818 -0.092229
v 0.517099 0.004451 -0.092229
v 0.507624 0.022653 -0.092229
v 0.510337 0.019819 -0.092229
v 0.513966 0.014387 -0.092229
v 0.498837 0.028251 -0.092229
v 0.478335 0.029146 -0.092229
v 0.488665 0.030506 -0.092229
v 0.677356 0.051330 -0.097230
v 0.677356 0.051362 -0.097232
v 0.677356 0.051394 -0.097236
v 0.677356 0.051426 -0.097241
v 0.677356 0.053023 -0.092495
v 0.677356 0.051610 -0.097298
v 0.677356 0.054589 -0.093267
v 0.677356 0.051863 -0.097493
v 0.677356 0.055997 -0.094676
v 0.677356 0.051966 -0.097655
v 0.677356 0.056598 -0.095771
v 0.677356 0.052029 -0.097870
v 0.397356 0.052029 -0.097870
v 0.397356 0.056598 -0.095771
v 0.397356 0.051966 -0.097655
v 0.397356 0.055997 -0.094676
v 0.397356 0.051863 -0.097493
v 0.397356 0.054589 -0.093267
v 0.397356 0.051610 -0.097298
v 0.397356 0.053023 -0.092495
v 0.397356 0.051426 -0.097241
v 0.397356 0.051394 -0.097236
v 0.397356 0.051362 -0.097232
v 0.397356 0.051330 -0.097230
v 0.677265 0.057035 -0.132271
v 0.129718 0.057035 -0.102914
v 0.672398 0.057035 -0.137138
v 0.676552 0.057035 -0.134229
v 0.676678 0.057035 -0.134000
v 0.129447 0.057035 -0.132271
v 0.674798 0.057035 -0.136144
v 0.130932 0.057035 -0.100912
v 0.130760 0.057035 -0.101109
v 0.675009 0.057035 -0.135990
v 0.675213 0.057035 -0.135826
v 0.675410 0.057035 -0.135653
v 0.131703 0.057035 -0.100206
v 0.130596 0.057035 -0.101313
v 0.130296 0.057035 -0.101742
v 0.130296 0.057035 -0.134453
v 0.130596 0.057035 -0.134882
v 0.130932 0.057035 -0.135283
v 0.131302 0.057035 -0.135653
v 0.675952 0.057035 -0.135086
v 0.676116 0.057035 -0.134882
v 0.134573 0.057035 -0.099017
v 0.134314 0.057035 -0.099057
v 0.133304 0.057035 -0.099328
v 0.131302 0.057035 -0.100542
v 0.675599 0.057035 -0.135472
v 0.675780 0.057035 -0.135283
v 0.676271 0.057035 -0.134671
v 0.133060 0.057035 -0.099423
v 0.132820 0.057035 -0.099528
v 0.132586 0.057035 -0.099644
v 0.132356 0.057035 -0.099770
v 0.134057 0.057035 -0.099108
v 0.133803 0.057035 -0.099170
v 0.133552 0.057035 -0.099244
v 0.133552 0.057035 -0.136952
v 0.133803 0.057035 -0.137025
v 0.134057 0.057035 -0.137087
v 0.134314 0.057035 -0.137138
v 0.132132 0.057035 -0.099906
v 0.131914 0.057035 -0.100051
v 0.131914 0.057035 -0.136144
v 0.132132 0.057035 -0.136290
v 0.131703 0.057035 -0.135990
v 0.132356 0.057035 -0.136426
v 0.132586 0.057035 -0.136552
v 0.132820 0.057035 -0.136667
v 0.133060 0.057035 -0.136773
v 0.133304 0.057035 -0.136868
v 0.677265 0.052035 -0.132271
v 0.129447 0.052035 -0.132271
v 0.675952 0.052035 -0.135086
v 0.675780 0.052035 -0.135283
v 0.129718 0.052035 -0.102914
v 0.676678 0.052035 -0.134000
v 0.676552 0.052035 -0.134229
v 0.675599 0.052035 -0.135472
v 0.675410 0.052035 -0.135653
v 0.675213 0.052035 -0.135826
v 0.131302 0.052035 -0.135653
v 0.130932 0.052035 -0.135283
v 0.130596 0.052035 -0.134882
v 0.130296 0.052035 -0.134453
v 0.130296 0.052035 -0.101742
v 0.130596 0.052035 -0.101313
v 0.130760 0.052035 -0.101109
v 0.675009 0.052035 -0.135990
v 0.674798 0.052035 -0.136144
v 0.672398 0.052035 -0.137138
v 0.130932 0.052035 -0.100912
v 0.131302 0.052035 -0.100542
v 0.132586 0.052035 -0.099644
v 0.132820 0.052035 -0.099528
v 0.676271 0.052035 -0.134671
v 0.676116 0.052035 -0.134882
v 0.133060 0.052035 -0.099423
v 0.133304 0.052035 -0.099328
v 0.133552 0.052035 -0.099244
v 0.134314 0.052035 -0.137138
v 0.134057 0.052035 -0.137087
v 0.131703 0.052035 -0.100206
v 0.131914 0.052035 -0.100051
v 0.133803 0.052035 -0.099170
v 0.134057 0.052035 -0.099108
v 0.134314 0.052035 -0.099057
v 0.133803 0.052035 -0.137025
v 0.133552 0.052035 -0.136952
v 0.133304 0.052035 -0.136868
v 0.132586 0.052035 -0.136552
v 0.132356 0.052035 -0.136426
v 0.132132 0.052035 -0.136290
v 0.131703 0.052035 -0.135990
v 0.131914 0.052035 -0.136144
v 0.132132 0.052035 -0.099906
v 0.132356 0.052035 -0.099770
v 0.134573 0.052035 -0.099017
v 0.133060 0.052035 -0.136773
v 0.132820 0.052035 -0.136667
v 0.397356 0.051573 -0.092489
v 0.677366 0.056926 -0.057261
v 0.677366 0.055169 -0.135504
v 0.677366 0.056722 -0.132814
v 0.677366 0.054150 -0.136322
v 0.677366 0.052479 -0.137057
v 0.677366 0.055986 -0.134485
v 0.677366 0.056926 -0.052261
v 0.680366 0.056936 -0.057268
v 0.680366 0.052489 -0.137064
v 0.680366 0.054160 -0.136328
v 0.680366 0.056936 -0.052268
v 0.680366 0.055179 -0.135511
v 0.680366 0.055997 -0.134492
v 0.680366 0.056732 -0.132821
v 0.656513 -0.185499 -0.148128
v 0.656496 -0.185596 -0.057229
v 0.632608 -0.177145 -0.087272
v 0.633579 -0.179703 -0.087272
v 0.651649 -0.184723 -0.147566
v 0.651644 -0.184752 -0.057227
v 0.677318 -0.056305 -0.094646
v 0.677319 -0.053705 -0.092679
v 0.677268 -0.067758 -0.152343
v 0.677268 -0.067758 -0.152343
v 0.677268 -0.067758 -0.052343
v 0.677268 -0.067758 -0.052343
v 0.677319 -0.061992 -0.152204
v 0.652300 -0.181033 -0.152053
v 0.651825 -0.183730 -0.149907
v 0.651685 -0.184522 -0.092272
v 0.651685 -0.184522 -0.092272
v 0.636280 -0.181907 -0.092272
v 0.672296 -0.000000 -0.092284
v 0.672268 -0.067758 -0.092272
v 0.672268 -0.067758 -0.092272
v 0.651685 -0.184522 -0.087272
v 0.651685 -0.184522 -0.087272
v 0.635984 -0.181781 -0.087272
v 0.672317 -0.054882 -0.093351
v 0.672319 -0.056578 -0.095042
v 0.672320 -0.057596 -0.147772
v 0.672319 -0.057474 -0.097568
v 0.672319 -0.059324 -0.150737
v 0.672321 -0.052698 -0.092425
v 0.677319 -0.059169 -0.150583
v 0.677320 -0.057577 -0.147680
v 0.672268 -0.067758 -0.152343
v 0.672268 -0.067758 -0.152343
v 0.647859 -0.000000 -0.092272
v 0.632610 -0.177038 -0.092272
v 0.657281 -0.181140 -0.152234
v 0.672321 -0.000000 -0.092362
v 0.672268 -0.067758 -0.087272
v 0.677319 -0.057448 -0.097235
v 0.672268 -0.067758 -0.052343
v 0.652417 -0.180371 -0.052487
v 0.651894 -0.183334 -0.054182
v 0.672319 -0.062164 -0.152237
v 0.657260 -0.181260 -0.052472
v 0.656710 -0.184379 -0.054409
v 0.656833 -0.183684 -0.150905
v 0.633170 -0.178907 -0.092272
v 0.634292 -0.180528 -0.092272
v 0.677356 -0.051362 -0.097232
v 0.677356 -0.051394 -0.097236
v 0.397356 -0.051363 -0.097232
v 0.397356 -0.051330 -0.097230
v 0.676552 -0.057035 -0.134229
v 0.676678 -0.057035 -0.134000
v 0.133304 -0.052035 -0.099328
v 0.133552 -0.052035 -0.099244
v 0.674798 -0.057035 -0.136144
v 0.675009 -0.057035 -0.135990
v 0.675213 -0.057035 -0.135826
v 0.675952 -0.057035 -0.135086
v 0.676116 -0.057035 -0.134882
v 0.675780 -0.057035 -0.135283
v 0.134057 -0.057035 -0.099108
v 0.133803 -0.057035 -0.099170
v 0.132586 -0.057035 -0.136552
v 0.132820 -0.057035 -0.136667
v 0.133803 -0.052035 -0.099170
v 0.134057 -0.052035 -0.099108
v 0.675213 -0.052035 -0.135826
v 0.675009 -0.052035 -0.135990
v 0.132132 -0.052035 -0.136290
v 0.131914 -0.052035 -0.136144
v 0.133060 -0.052035 -0.136773
v 0.132820 -0.052035 -0.136667
v 0.498837 -0.028251 -0.092229
v 0.488665 -0.030506 -0.092229
v 0.397356 -0.000000 -0.097229
v 0.397356 -0.051298 -0.097229
v 0.459165 -0.010796 -0.097229
v 0.464375 -0.019819 -0.097229
v 0.675410 -0.057035 -0.135653
v 0.676271 -0.057035 -0.134671
v 0.133552 -0.057035 -0.099244
v 0.133060 -0.057035 -0.136773
v 0.130596 -0.052035 -0.134882
v 0.130296 -0.052035 -0.134453
v 0.130596 -0.052035 -0.101313
v 0.130760 -0.052035 -0.101109
v 0.130932 -0.052035 -0.100912
v 0.131302 -0.052035 -0.100542
v 0.134314 -0.052035 -0.099057
v 0.131703 -0.052035 -0.135990
v 0.677356 -0.051426 -0.097241
v 0.397356 -0.051966 -0.097655
v 0.397356 -0.051863 -0.097493
v 0.397356 -0.051610 -0.097298
v 0.397356 -0.051426 -0.097241
v 0.130932 -0.057035 -0.135283
v 0.131302 -0.057035 -0.135653
v 0.134573 -0.057035 -0.099017
v 0.134314 -0.057035 -0.099057
v 0.675599 -0.057035 -0.135472
v 0.132132 -0.057035 -0.099906
v 0.131914 -0.057035 -0.100051
v 0.133304 -0.057035 -0.136868
v 0.469093 -0.024336 -0.097229
v 0.470149 -0.025109 -0.097229
v 0.513966 -0.014387 -0.097229
v 0.517099 -0.004451 -0.097229
v 0.134573 -0.052035 -0.099017
v 0.130932 -0.057035 -0.100912
v 0.130760 -0.057035 -0.101109
v 0.133552 -0.057035 -0.136952
v 0.133803 -0.057035 -0.137025
v 0.131703 -0.057035 -0.100206
v 0.129718 -0.052035 -0.102914
v 0.129447 -0.052035 -0.132271
v 0.676678 -0.052035 -0.134000
v 0.676552 -0.052035 -0.134229
v 0.674798 -0.052035 -0.136144
v 0.132586 -0.052035 -0.099644
v 0.132820 -0.052035 -0.099528
v 0.134314 -0.052035 -0.137138
v 0.134057 -0.052035 -0.137087
v 0.133803 -0.052035 -0.137025
v 0.133552 -0.052035 -0.136952
v 0.677356 -0.056598 -0.095771
v 0.677356 -0.056598 -0.095771
v 0.397356 -0.056598 -0.095771
v 0.397356 -0.056598 -0.095771
v 0.507624 -0.022653 -0.092229
v 0.132356 -0.052035 -0.099770
v 0.132132 -0.052035 -0.099906
v 0.131703 -0.057035 -0.135990
v 0.134057 -0.057035 -0.137087
v 0.677356 0.000000 -0.097229
v 0.677356 -0.051298 -0.097229
v 0.517099 -0.000000 -0.097229
v 0.507624 -0.022653 -0.097229
v 0.498837 -0.028251 -0.097229
v 0.478335 -0.029146 -0.092229
v 0.469093 -0.024336 -0.092229
v 0.677356 -0.051966 -0.097655
v 0.677356 -0.052029 -0.097870
v 0.397356 -0.051394 -0.097236
v 0.134314 -0.057035 -0.137138
v 0.672398 -0.057035 -0.137138
v 0.677265 -0.057035 -0.132271
v 0.130596 -0.057035 -0.101313
v 0.129447 -0.057035 -0.132271
v 0.130296 -0.057035 -0.134453
v 0.131302 -0.057035 -0.100542
v 0.133304 -0.057035 -0.099328
v 0.133060 -0.057035 -0.099423
v 0.132820 -0.057035 -0.099528
v 0.131914 -0.057035 -0.136144
v 0.132132 -0.057035 -0.136290
v 0.675952 -0.052035 -0.135086
v 0.675780 -0.052035 -0.135283
v 0.676116 -0.052035 -0.134882
v 0.133060 -0.052035 -0.099423
v 0.133304 -0.052035 -0.136868
v 0.131302 -0.052035 -0.135653
v 0.130932 -0.052035 -0.135283
v 0.513966 -0.014387 -0.092229
v 0.510337 -0.019819 -0.092229
v 0.459165 -0.010796 -0.092229
v 0.457385 -0.001843 -0.092229
v 0.464375 -0.019819 -0.092229
v 0.132586 -0.057035 -0.099644
v 0.132356 -0.057035 -0.136426
v 0.675599 -0.052035 -0.135472
v 0.676271 -0.052035 -0.134671
v 0.131703 -0.052035 -0.100206
v 0.397356 -0.057035 -0.098966
v 0.397356 -0.057035 -0.098966
v 0.130596 -0.057035 -0.134882
v 0.132586 -0.052035 -0.136552
v 0.677356 -0.051330 -0.097230
v 0.677356 -0.051610 -0.097298
v 0.677356 -0.051863 -0.097493
v 0.397356 -0.052035 -0.098966
v 0.397356 -0.052035 -0.098966
v 0.397356 -0.052029 -0.097870
v 0.130296 -0.057035 -0.101742
v 0.132356 -0.057035 -0.099770
v 0.675410 -0.052035 -0.135653
v 0.130296 -0.052035 -0.101742
v 0.131914 -0.052035 -0.100051
v 0.132356 -0.052035 -0.136426
v 0.457627 -0.000000 -0.097229
v 0.457385 -0.001843 -0.097229
v 0.397356 -0.055997 -0.094676
v 0.397356 -0.054589 -0.093267
v 0.397356 -0.053023 -0.092495
v 0.129718 -0.057035 -0.102914
v 0.677265 -0.052035 -0.132271
v 0.672398 -0.052035 -0.137138
v 0.677356 -0.051298 -0.092229
v 0.677356 -0.051298 -0.092229
v 0.677356 -0.053023 -0.092495
v 0.677356 -0.054589 -0.093267
v 0.677356 -0.055997 -0.094676
v 0.478335 -0.029146 -0.097229
v 0.488665 -0.030506 -0.097229
v 0.517099 -0.004451 -0.092229
v 0.397356 -0.051573 -0.092489
v 0.397356 -0.051573 -0.092489
v 0.680366 0.000000 -0.057268
v 0.680366 -0.056936 -0.057268
v 0.680366 -0.056936 -0.057268
v 0.680366 -0.056936 -0.057268
v 0.680366 -0.056936 -0.057268
v 0.680366 -0.056936 -0.057268
v 0.680366 0.000000 -0.137164
v 0.680366 -0.052489 -0.137064
v 0.680366 -0.054160 -0.136328
v 0.680366 -0.056936 -0.052268
v 0.680366 -0.056936 -0.052268
v 0.680366 -0.055179 -0.135511
v 0.680366 -0.055997 -0.134492
v 0.680366 -0.056732 -0.132821
v 0.680391 0.000000 -0.052268
v 0.677366 -0.056926 -0.057261
v 0.677366 -0.056926 -0.057261
v 0.677366 -0.056926 -0.057261
v 0.677366 -0.056926 -0.052261
v 0.677297 -0.000000 -0.052380
v 0.672296 -0.000000 -0.087272
v 0.677319 -0.000000 -0.092515
v 0.647973 -0.000000 -0.087272
v 0.672297 -0.000000 -0.052356
v 0.517099 -0.000000 -0.092229
v 0.397356 -0.000000 -0.092358
v 0.457627 -0.000000 -0.092229
v 0.680366 0.000000 -0.057268
v 0.656512 0.185499 -0.148128
v 0.656495 0.185596 -0.057229
v 0.632608 0.177145 -0.087272
v 0.633579 0.179703 -0.087272
v 0.651649 0.184723 -0.147566
v 0.651644 0.184752 -0.057227
v 0.677318 0.056305 -0.094646
v 0.677319 0.053705 -0.092679
v 0.677268 0.067758 -0.152343
v 0.677268 0.067758 -0.152343
v 0.677268 0.067758 -0.052343
v 0.677268 0.067758 -0.052343
v 0.677319 0.061992 -0.152204
v 0.652300 0.181033 -0.152053
v 0.651824 0.183730 -0.149907
v 0.651685 0.184522 -0.092272
v 0.651685 0.184522 -0.092272
v 0.636280 0.181907 -0.092272
v 0.672268 0.067758 -0.092272
v 0.672268 0.067758 -0.092272
v 0.651685 0.184522 -0.087272
v 0.651685 0.184522 -0.087272
v 0.635984 0.181781 -0.087272
v 0.672317 0.054882 -0.093351
v 0.672319 0.056578 -0.095042
v 0.672320 0.057596 -0.147772
v 0.672319 0.057474 -0.097568
v 0.672319 0.059324 -0.150737
v 0.672321 0.052698 -0.092425
v 0.677319 0.059169 -0.150583
v 0.677320 0.057577 -0.147680
v 0.672268 0.067758 -0.152343
v 0.672268 0.067758 -0.152343
v 0.632610 0.177038 -0.092272
v 0.657281 0.181140 -0.152234
v 0.672268 0.067758 -0.087272
v 0.677319 0.057448 -0.097235
v 0.672268 0.067758 -0.052343
v 0.652417 0.180371 -0.052487
v 0.651894 0.183334 -0.054182
v 0.672319 0.062164 -0.152237
v 0.657260 0.181260 -0.052472
v 0.656710 0.184379 -0.054409
v 0.656833 0.183684 -0.150905
v 0.633170 0.178907 -0.092272
v 0.634292 0.180528 -0.092272
v 0.677356 0.051362 -0.097232
v 0.677356 0.051394 -0.097236
v 0.397356 0.051362 -0.097232
v 0.397356 0.051330 -0.097230
v 0.676552 0.057035 -0.134229
v 0.676678 0.057035 -0.134000
v 0.133304 0.052035 -0.099328
v 0.133552 0.052035 -0.099244
v 0.674798 0.057035 -0.136144
v 0.675009 0.057035 -0.135990
v 0.675213 0.057035 -0.135826
v 0.675952 0.057035 -0.135086
v 0.676116 0.057035 -0.134882
v 0.675780 0.057035 -0.135283
v 0.134057 0.057035 -0.099108
v 0.133803 0.057035 -0.099170
v 0.132586 0.057035 -0.136552
v 0.132820 0.057035 -0.136667
v 0.133803 0.052035 -0.099170
v 0.134057 0.052035 -0.099108
v 0.675213 0.052035 -0.135826
v 0.675009 0.052035 -0.135990
v 0.132132 0.052035 -0.136290
v 0.131914 0.052035 -0.136144
v 0.133060 0.052035 -0.136773
v 0.132820 0.052035 -0.136667
v 0.498837 0.028251 -0.092229
v 0.488665 0.030506 -0.092229
v 0.397356 0.051298 -0.097229
v 0.459165 0.010795 -0.097229
v 0.464375 0.019818 -0.097229
v 0.675410 0.057035 -0.135653
v 0.676271 0.057035 -0.134671
v 0.133552 0.057035 -0.099244
v 0.133060 0.057035 -0.136773
v 0.130596 0.052035 -0.134882
v 0.130296 0.052035 -0.134453
v 0.130596 0.052035 -0.101313
v 0.130760 0.052035 -0.101109
v 0.130932 0.052035 -0.100912
v 0.131302 0.052035 -0.100542
v 0.134314 0.052035 -0.099057
v 0.131703 0.052035 -0.135990
v 0.677356 0.051426 -0.097241
v 0.397356 0.051966 -0.097655
v 0.397356 0.051863 -0.097493
v 0.397356 0.051610 -0.097298
v 0.397356 0.051426 -0.097241
v 0.130932 0.057035 -0.135283
v 0.131302 0.057035 -0.135653
v 0.134573 0.057035 -0.099017
v 0.134314 0.057035 -0.099057
v 0.675599 0.057035 -0.135472
v 0.132132 0.057035 -0.099906
v 0.131914 0.057035 -0.100051
v 0.133304 0.057035 -0.136868
v 0.469093 0.024335 -0.097229
v 0.470149 0.025109 -0.097229
v 0.513966 0.014387 -0.097229
v 0.517099 0.004451 -0.097229
v 0.134573 0.052035 -0.099017
v 0.130932 0.057035 -0.100912
v 0.130760 0.057035 -0.101109
v 0.133552 0.057035 -0.136952
v 0.133803 0.057035 -0.137025
v 0.131703 0.057035 -0.100206
v 0.129718 0.052035 -0.102914
v 0.129447 0.052035 -0.132271
v 0.676678 0.052035 -0.134000
v 0.676552 0.052035 -0.134229
v 0.674798 0.052035 -0.136144
v 0.132586 0.052035 -0.099644
v 0.132820 0.052035 -0.099528
v 0.134314 0.052035 -0.137138
v 0.134057 0.052035 -0.137087
v 0.133803 0.052035 -0.137025
v 0.133552 0.052035 -0.136952
v 0.677356 0.056598 -0.095771
v 0.677356 0.056598 -0.095771
v 0.397356 0.056598 -0.095771
v 0.397356 0.056598 -0.095771
v 0.507624 0.022653 -0.092229
v 0.132356 0.052035 -0.099770
v 0.132132 0.052035 -0.099906
v 0.131703 0.057035 -0.135990
v 0.134057 0.057035 -0.137087
v 0.677356 0.051298 -0.097229
v 0.507624 0.022653 -0.097229
v 0.498837 0.028251 -0.097229
v 0.478335 0.029146 -0.092229
v 0.469093 0.024335 -0.092229
v 0.677356 0.051966 -0.097655
v 0.677356 0.052029 -0.097870
v 0.397356 0.051394 -0.097236
v 0.134314 0.057035 -0.137138
v 0.672398 0.057035 -0.137138
v 0.677265 0.057035 -0.132271
v 0.130596 0.057035 -0.101313
v 0.129447 0.057035 -0.132271
v 0.130296 0.057035 -0.134453
v 0.131302 0.057035 -0.100542
v 0.133304 0.057035 -0.099328
v 0.133060 0.057035 -0.099423
v 0.132820 0.057035 -0.099528
v 0.131914 0.057035 -0.136144
v 0.132132 0.057035 -0.136290
v 0.675952 0.052035 -0.135086
v 0.675780 0.052035 -0.135283
v 0.676116 0.052035 -0.134882
v 0.133060 0.052035 -0.099423
v 0.133304 0.052035 -0.136868
v 0.131302 0.052035 -0.135653
v 0.130932 0.052035 -0.135283
v 0.513966 0.014387 -0.092229
v 0.510337 0.019819 -0.092229
v 0.459165 0.010795 -0.092229
v 0.457385 0.001843 -0.092229
v 0.464375 0.019818 -0.092229
v 0.132586 0.057035 -0.099644
v 0.132356 0.057035 -0.136426
v 0.675599 0.052035 -0.135472
v 0.676271 0.052035 -0.134671
v 0.131703 0.052035 -0.100206
v 0.397356 0.057035 -0.098966
v 0.397356 0.057035 -0.098966
v 0.130596 0.057035 -0.134882
v 0.132586 0.052035 -0.136552
v 0.677356 0.051330 -0.097230
v 0.677356 0.051610 -0.097298
v 0.677356 0.051863 -0.097493
v 0.397356 0.052035 -0.098966
v 0.397356 0.052035 -0.098966
v 0.397356 0.052029 -0.097870
v 0.130296 0.057035 -0.101742
v 0.132356 0.057035 -0.099770
v 0.675410 0.052035 -0.135653
v 0.130296 0.052035 -0.101742
v 0.131914 0.052035 -0.100051
v 0.132356 0.052035 -0.136426
v 0.457385 0.001843 -0.097229
v 0.397356 0.055997 -0.094676
v 0.397356 0.054589 -0.093267
v 0.397356 0.053023 -0.092495
v 0.129718 0.057035 -0.102914
v 0.677265 0.052035 -0.132271
v 0.672398 0.052035 -0.137138
v 0.677356 0.051298 -0.092229
v 0.677356 0.051298 -0.092229
v 0.677356 0.053023 -0.092495
v 0.677356 0.054589 -0.093267
v 0.677356 0.055997 -0.094676
v 0.478335 0.029146 -0.097229
v 0.488665 0.030506 -0.097229
v 0.517099 0.004451 -0.092229
v 0.397356 0.051573 -0.092489
v 0.397356 0.051573 -0.092489
v 0.680366 0.056936 -0.057268
v 0.680366 0.056936 -0.057268
v 0.680366 0.056936 -0.057268
v 0.680366 0.056936 -0.057268
v 0.680366 0.056936 -0.057268
v 0.680366 0.052489 -0.137064
v 0.680366 0.054160 -0.136328
v 0.680366 0.056936 -0.052268
v 0.680366 0.056936 -0.052268
v 0.680366 0.055179 -0.135511
v 0.680366 0.055997 -0.134492
v 0.680366 0.056732 -0.132821
v 0.677366 0.056926 -0.057261
v 0.677366 0.056926 -0.057261
v 0.677366 0.056926 -0.057261
v 0.677366 0.056926 -0.052261
vn -0.1762 -0.9662 -0.1881
vn -0.1674 -0.9644 0.2048
vn -0.1732 -0.9614 0.2139
vn -0.9912 -0.1322 0.0080
vn -0.9950 -0.0997 -0.0022
vn -0.9035 -0.4284 -0.0095
vn -0.3713 -0.9285 -0.0002
vn -0.1682 -0.9857 0.0029
vn -0.4241 -0.9054 0.0175
vn -0.0070 0.6915 -0.7223
vn 0.0052 0.7157 -0.6983
vn 0.0018 0.2627 -0.9649
vn -0.1246 -0.7470 0.6530
vn -0.1323 -0.7170 0.6844
vn -0.0046 0.9655 -0.2602
vn 0.0007 0.9692 -0.2464
vn 0.0058 0.9865 -0.1639
vn -0.0062 0.9789 -0.2043
vn -0.7048 -0.7094 -0.0089
vn -0.1596 -0.7793 -0.6060
vn -0.0932 -0.6588 -0.7465
vn -0.1473 -0.9480 -0.2822
vn 0.0117 0.8455 -0.5339
vn -0.0837 -0.3163 -0.9450
vn -0.0396 -0.2101 -0.9769
vn -0.0000 -0.0000 -1.0000
vn -0.0004 -0.0000 -1.0000
vn -0.0141 0.1754 -0.9844
vn -0.0331 0.3243 -0.9454
vn 0.0132 0.5623 -0.8268
vn -0.0430 -0.2623 0.9640
vn -1.0000 -0.0000 -0.0000
vn -0.9962 0.0873 -0.0000
vn -0.9848 0.1736 -0.0000
vn -0.9848 0.1735 -0.0000
vn -0.0198 0.7869 -0.6168
vn -0.8213 -0.5701 0.0202
vn -0.1673 -0.9859 -0.0000
vn -0.0020 0.2441 -0.9697
vn -0.9997 -0.0000 0.0225
vn -0.9997 -0.0000 0.0228
vn 0.9848 -0.1736 -0.0000
vn 0.0268 -0.0001 -0.9996
vn -0.0486 -0.2486 0.9674
vn -0.8605 -0.0000 0.5095
vn -0.9728 -0.0000 0.2316
vn 0.9359 0.3523 -0.0000
vn 0.9995 0.0327 -0.0000
vn -0.7177 -0.0235 -0.6960
vn -0.6074 -0.0256 -0.7940
vn -0.6197 0.0043 -0.7849
vn 0.5818 0.8119 -0.0490
vn 0.7867 0.6174 -0.0000
vn 0.5825 0.8128 -0.0000
vn -0.0000 0.4617 -0.8870
vn -0.0000 0.7373 -0.6756
vn -0.9837 -0.0000 -0.1799
vn -0.0981 -0.0000 -0.9952
vn 0.1951 -0.0000 -0.9808
vn -0.0980 -0.0000 -0.9952
vn -0.0000 1.0000 -0.0000
vn -0.2589 -0.0000 -0.9659
vn -0.2165 -0.0000 -0.9763
vn 1.0000 -0.0000 -0.0000
vn -0.0000 -0.2290 0.9734
vn -0.0000 -0.5825 0.8128
vn -0.0004 -0.3005 0.9538
vn -0.3827 0.9239 -0.0000
vn -0.0436 0.9990 -0.0000
vn 0.3007 0.9537 -0.0000
vn -0.8819 -0.0000 -0.4714
vn -0.0000 -0.7999 0.6001
vn -0.0000 -0.8767 0.4810
vn 0.3007 0.9537 -0.0071
vn -0.9884 0.1521 -0.0000
vn -0.8870 0.4617 -0.0000
vn -0.8868 0.4616 0.0211
vn 1.0000 0.0002 -0.0012
vn -0.0000 -0.0000 1.0000
vn -0.0001 -0.0006 1.0000
vn 0.4905 -0.0000 -0.8714
vn -0.2164 -0.0000 0.9763
vn -0.1737 -0.0000 0.9848
vn -0.0764 -0.0000 0.9971
vn -0.0002 -0.0000 1.0000
vn -0.0000 0.9109 -0.4127
vn 0.9153 -0.0000 -0.4027
vn 0.9864 -0.0000 -0.1642
vn 0.9863 -0.0000 -0.1648
vn 0.8605 -0.0000 -0.5094
vn 0.8253 -0.0000 -0.5646
vn -0.7298 -0.0000 0.6836
vn -0.6756 -0.0000 0.7373
vn -0.0000 0.9899 -0.1415
vn -0.0000 0.9896 -0.1442
vn -0.6756 0.7373 -0.0000
vn -0.6752 0.7368 0.0352
vn -0.0000 -1.0000 -0.0000
vn -0.0000 0.2271 -0.9739
vn -0.0000 -0.0045 1.0000
vn -0.0008 -0.1521 0.9884
vn 0.0038 0.6259 0.7799
vn 0.0040 0.7799 0.6259
vn 0.0022 -0.0000 1.0000
vn 0.0040 0.9153 0.4027
vn 0.0022 0.0019 1.0000
vn 0.0034 1.0000 0.0027
vn 0.0034 0.4027 0.9153
vn 0.0034 1.0000 -0.0000
vn -1.0000 -0.0000 0.0003
vn -1.0000 0.0002 0.0049
vn -0.0022 -0.0000 -1.0000
vn -0.0013 -0.0070 1.0000
vn -0.0023 -0.0036 1.0000
vn -0.0021 -0.0034 1.0000
vn -0.0000 0.0109 -0.9999
vn -0.0048 0.0133 -0.9999
vn -1.0000 0.0002 -0.0000
vn -0.0318 -0.0000 -0.9995
vn 0.0001 -0.0005 1.0000
vn 0.0047 0.0002 1.0000
vn -0.0000 -0.0006 1.0000
vn 1.0000 -0.0031 0.0004
vn 1.0000 -0.0012 0.0009
vn 1.0000 -0.0011 0.0010
vn -1.0000 0.0035 -0.0044
vn -1.0000 0.0038 -0.0033
vn -1.0000 0.0047 -0.0029
vn -0.1674 0.9644 0.2048
vn -0.1762 0.9662 -0.1881
vn -0.1732 0.9614 0.2139
vn -0.9912 0.1322 0.0080
vn -0.9035 0.4284 -0.0095
vn -0.9950 0.0997 -0.0022
vn -0.3713 0.9285 -0.0002
vn -0.4241 0.9054 0.0175
vn -0.1682 0.9857 0.0029
vn -0.0070 -0.6915 -0.7223
vn 0.0018 -0.2627 -0.9649
vn 0.0052 -0.7157 -0.6983
vn -0.1323 0.7170 0.6844
vn -0.1246 0.7470 0.6530
vn -0.0046 -0.9655 -0.2602
vn 0.0058 -0.9865 -0.1639
vn 0.0007 -0.9692 -0.2464
vn -0.0062 -0.9789 -0.2043
vn -0.7048 0.7094 -0.0089
vn -0.1596 0.7793 -0.6060
vn -0.1473 0.9480 -0.2822
vn -0.0932 0.6588 -0.7465
vn 0.0117 -0.8455 -0.5339
vn -0.0837 0.3163 -0.9450
vn -0.0396 0.2101 -0.9769
vn -0.0001 -0.0000 -1.0000
vn -0.0141 -0.1754 -0.9844
vn 0.0132 -0.5623 -0.8268
vn -0.0331 -0.3243 -0.9454
vn -0.0430 0.2623 0.9640
vn -0.9962 -0.0873 -0.0000
vn -0.9848 -0.1736 -0.0000
vn -0.9848 -0.1735 -0.0000
vn -0.0198 -0.7869 -0.6168
vn -0.8213 0.5701 0.0202
vn -0.1673 0.9859 -0.0000
vn -0.0020 -0.2441 -0.9697
vn 0.9848 0.1736 -0.0000
vn 0.0268 0.0001 -0.9996
vn -0.0486 0.2486 0.9674
vn -0.8516 0.0144 0.5240
vn 0.9995 -0.0327 -0.0000
vn 0.9359 -0.3523 -0.0000
vn -0.7049 -0.0239 -0.7089
vn -0.7916 0.0049 -0.6111
vn -0.8617 -0.0238 -0.5068
vn 0.7867 -0.6174 -0.0000
vn 0.6428 -0.7660 -0.0000
vn 0.5876 -0.8090 -0.0127
vn -0.0000 -0.7373 -0.6756
vn -0.0000 -0.4617 -0.8870
vn -0.0000 -1.0000 -0.0001
vn -0.2233 -0.0089 -0.9747
vn -0.2812 0.0162 -0.9595
vn -0.3676 0.0288 -0.9295
vn -0.0000 0.5825 0.8128
vn -0.0000 0.2290 0.9734
vn -0.0004 0.3005 0.9538
vn -0.0436 -0.9990 -0.0000
vn -0.3827 -0.9239 -0.0000
vn 0.3007 -0.9537 -0.0000
vn -0.0000 0.8767 0.4810
vn -0.0000 0.7999 0.6001
vn 0.5065 -0.8619 -0.0265
vn 0.2977 -0.9546 -0.0066
vn -0.8870 -0.4617 -0.0000
vn -0.9884 -0.1521 -0.0000
vn -0.8868 -0.4616 0.0211
vn 1.0000 -0.0002 -0.0012
vn -0.0001 0.0006 1.0000
vn -0.5372 -0.0000 0.8434
vn -0.5735 -0.0000 0.8192
vn -0.0000 -0.9109 -0.4127
vn 0.6429 -0.0000 -0.7660
vn 0.6088 -0.0000 -0.7933
vn -0.6944 -0.0187 0.7194
vn -0.7823 0.0282 0.6223
vn -0.0000 -0.9899 -0.1415
vn -0.0000 -0.9896 -0.1442
vn -0.6756 -0.7373 -0.0000
vn -0.6752 -0.7368 0.0352
vn -0.0000 -0.2271 -0.9739
vn -0.0000 0.0045 1.0000
vn 0.0038 -0.6259 0.7799
vn 0.0040 -0.7799 0.6259
vn 0.0040 -0.9153 0.4027
vn 0.0022 -0.0019 1.0000
vn 0.0034 -1.0000 0.0027
vn 0.0034 -0.4027 0.9153
vn 0.0034 -1.0000 -0.0000
vn -1.0000 -0.0004 0.0003
vn -1.0000 -0.0004 -0.0000
vn -0.0021 0.0034 1.0000
vn -0.0023 0.0036 1.0000
vn -0.0013 0.0070 1.0000
vn -0.0000 -0.0109 -0.9999
vn -1.0000 -0.0002 -0.0000
vn -0.0307 -0.0000 -0.9995
vn 0.0001 0.0004 1.0000
vn -0.0000 0.0003 1.0000
vn 1.0000 0.0038 0.0003
vn 1.0000 0.0009 0.0008
vn 1.0000 0.0012 0.0009
vn -1.0000 -0.0047 -0.0031
vn -1.0000 -0.0044 -0.0009
vn -1.0000 -0.0038 -0.0033
vn -0.0005 -0.0000 -1.0000
vn -0.9848 0.1736 0.0001
vn -0.9848 0.1737 -0.0000
vn 0.9848 -0.1736 -0.0001
vn 0.9848 -0.1737 -0.0000
vn -0.1478 0.0251 -0.9887
vn -0.6893 0.0185 -0.7242
vn -0.7798 0.0139 -0.6259
vn -0.7916 -0.0040 -0.6110
vn -0.0000 -1.0000 -0.0002
vn -0.5735 -0.0000 -0.8192
vn -0.0000 1.0000 -0.0019
vn 0.0005 1.0000 -0.0002
vn -0.0000 1.0000 -0.0001
vn -0.0000 1.0000 -0.0006
vn -0.0000 1.0000 0.0001
vn -0.0000 1.0000 0.0006
vn -0.0000 1.0000 0.0002
vn -0.0000 1.0000 -0.0002
vn -0.5372 -0.0000 -0.8435
vn -0.5372 -0.0000 -0.8434
vn -0.5000 -0.0000 -0.8660
vn -0.4618 -0.0000 -0.8870
vn -0.4226 -0.0000 -0.9063
vn -0.3827 -0.0000 -0.9239
vn -0.3420 -0.0000 -0.9397
vn -0.3007 -0.0000 -0.9537
vn -0.2588 -0.0000 -0.9659
vn 1.0000 0.0047 -0.0026
vn 1.0000 -0.0012 -0.0016
vn -0.6174 -0.0000 0.7866
vn -0.5000 -0.0000 0.8660
vn -0.4618 -0.0000 0.8870
vn -0.4226 -0.0000 0.9063
vn -0.3827 -0.0000 0.9239
vn -0.3420 -0.0000 0.9397
vn -0.3007 -0.0000 0.9537
vn -0.2588 -0.0000 0.9659
vn 0.6428 -0.0000 -0.7660
vn 0.6756 -0.0000 -0.7373
vn 0.6756 -0.0000 -0.7372
vn 0.7070 -0.0000 -0.7072
vn 0.7071 -0.0000 -0.7072
vn 0.7372 -0.0000 -0.6757
vn 0.7372 -0.0000 -0.6756
vn 0.7661 -0.0000 -0.6428
vn 0.7661 -0.0000 -0.6427
vn 0.7934 -0.0000 -0.6087
vn -0.8000 -0.0000 0.6000
vn -0.7661 -0.0000 0.6427
vn 0.0001 -1.0000 0.0067
vn -0.0000 -0.9999 0.0120
vn 0.0148 -0.9920 0.1253
vn 0.0058 -0.9988 0.0486
vn -0.0000 -1.0000 0.0001
vn -0.0000 -1.0000 0.0004
vn -0.0000 -1.0000 0.0006
vn -0.0000 -1.0000 -0.0006
vn -0.0000 -1.0000 0.0002
vn -0.0006 -0.0064 1.0000
vn -0.0035 -0.0000 1.0000
vn -0.0021 -0.0000 1.0000
vn -0.0045 0.0002 1.0000
vn 0.0598 -0.2712 0.9607
vn -0.0034 -0.0012 1.0000
vn -0.0028 -0.0023 1.0000
vn -0.0000 0.1305 -0.9914
vn -0.0000 0.0872 -0.9962
vn -0.0031 0.0412 -0.9991
vn -0.0002 0.0011 -1.0000
vn -0.0000 0.0436 -0.9990
vn -1.0000 0.0001 -0.0000
vn -1.0000 -0.0001 -0.0000
vn 1.0000 -0.0006 0.0009
vn 1.0000 0.0001 0.0007
vn 1.0000 -0.0090 -0.0000
vn 1.0000 -0.0054 -0.0000
vn 1.0000 0.0004 -0.0005
vn -1.0000 0.0046 -0.0007
vn -1.0000 0.0005 -0.0000
vn -1.0000 0.0053 -0.0021
vn -0.9998 0.0096 -0.0185
vn -1.0000 0.0065 -0.0020
vn -0.9550 -0.0000 -0.2965
vn -0.9646 0.0007 -0.2638
vn -0.9848 -0.1737 -0.0000
vn -0.9848 -0.1736 0.0001
vn 0.9848 0.1736 -0.0001
vn 0.9848 0.1737 -0.0000
vn -0.1478 -0.0251 -0.9887
vn -0.6174 -0.0000 -0.7866
vn -0.6332 0.0118 -0.7739
vn -0.7253 0.0166 -0.6882
vn -0.0000 -1.0000 -0.0019
vn 0.0005 -1.0000 -0.0002
vn -0.3757 -0.0404 -0.9259
vn -0.4997 -0.0278 -0.8657
vn -0.5312 0.0096 -0.8472
vn -0.5000 0.0221 -0.8658
vn -0.3005 -0.0221 -0.9535
vn -0.4618 0.0221 -0.8867
vn -0.2587 -0.0220 -0.9657
vn -0.4226 0.0221 -0.9060
vn 1.0000 -0.0047 -0.0026
vn 1.0000 0.0012 -0.0016
vn -0.1736 -0.0000 0.9848
vn -0.6332 0.0118 0.7739
vn -0.7172 0.0154 0.6967
vn -0.0000 -1.0000 0.0003
vn -0.7768 -0.0282 0.6291
vn 0.0148 0.9920 0.1253
vn -0.0000 0.9999 0.0120
vn 0.0001 1.0000 0.0067
vn -0.0000 1.0000 0.0004
vn 0.0058 0.9988 0.0486
vn -0.0008 0.1521 0.9884
vn -0.0045 -0.0002 1.0000
vn -0.0006 0.0064 1.0000
vn -0.0034 0.0012 1.0000
vn -0.0028 0.0023 1.0000
vn 0.0598 0.2712 0.9607
vn -0.0000 -0.1305 -0.9914
vn -0.0000 -0.1306 -0.9914
vn -0.0000 -0.0872 -0.9962
vn -0.0048 -0.0133 -0.9999
vn -0.0031 -0.0412 -0.9991
vn -0.0000 -0.0436 -0.9990
vn 1.0000 0.0004 -0.0000
vn 1.0000 0.0053 0.0020
vn 0.9998 0.0094 0.0166
vn 1.0000 0.0064 0.0019
vn 1.0000 0.0005 0.0011
vn -0.9646 -0.0007 -0.2638
vn -1.0000 -0.0093 -0.0000
vn -1.0000 -0.0055 -0.0000
vn -1.0000 0.0005 0.0006
vn -1.0000 -0.0035 -0.0044
vt 0.230819 0.115832
vt 0.121536 0.225115
vt 0.121536 0.115832
vt 0.230819 0.225115
vt 0.230263 0.162697
vt 0.191572 0.118046
vt 0.140740 0.130927
vt 0.154137 0.124962
vt 0.214815 0.131836
vt 0.176178 0.115832
vt 0.176178 0.225115
vt 0.203498 0.217795
vt 0.148857 0.123153
vt 0.146515 0.225115
vt 0.146252 0.115832
vt 0.137540 0.131836
vt 0.137540 0.209111
vt 0.223499 0.197795
vt 0.128857 0.197795
vt 0.121536 0.170474
vt 0.148857 0.217795
vt 0.217078 0.206708
vt 0.195554 0.119383
vt 0.121536 0.170474
vt 0.146636 0.124506
vt 0.134882 0.134691
vt 0.122092 0.178250
vt 0.211316 0.225115
vt 0.211316 0.115832
vt 0.228145 0.187359
vt 0.144060 0.126268
vt 0.124210 0.187359
vt 0.225091 0.194830
vt 0.212990 0.130093
vt 0.204943 0.124017
vt 0.212412 0.129574
vt 0.189254 0.117420
vt 0.139944 0.129574
vt 0.131209 0.139434
vt 0.125087 0.151098
vt 0.125087 0.189850
vt 0.126474 0.193173
vt 0.134882 0.206256
vt 0.128857 0.143153
vt 0.224560 0.145081
vt 0.135278 0.134240
vt 0.156802 0.221565
vt 0.168714 0.225115
vt 0.168714 0.115832
vt 0.000000 0.000000
vt 0.157184 0.217248
vt 0.128857 0.169823
vt 0.223499 0.143153
vt 0.208295 0.126268
vt 0.153953 0.220391
vt 0.229449 0.182633
vt 0.230667 0.174557
vt 0.139012 0.210529
vt 0.211301 0.212332
vt 0.194866 0.119127
vt 0.157489 0.119127
vt 0.141055 0.128616
vt 0.157489 0.221820
vt 0.195367 0.218131
vt 0.157489 0.119127
vt 0.122366 0.179962
vt 0.174792 0.225115
vt 0.155851 0.127568
vt 0.201571 0.218856
vt 0.208295 0.214680
vt 0.205719 0.216441
vt 0.223559 0.152945
vt 0.214815 0.209111
vt 0.203498 0.123153
vt 0.230819 0.170474
vt 0.127795 0.145081
vt 0.217077 0.134240
vt 0.195554 0.221565
vt 0.221147 0.139434
vt 0.227268 0.151098
vt 0.227268 0.189850
vt 0.160783 0.118046
vt 0.217473 0.134691
vt 0.123124 0.183550
vt 0.182764 0.116231
vt 0.224560 0.195867
vt 0.200240 0.211223
vt 0.175981 0.119127
vt 0.141055 0.212332
vt 0.186323 0.119127
vt 0.174332 0.115832
vt 0.223499 0.166749
vt 0.228145 0.153589
vt 0.189595 0.221176
vt 0.225881 0.193173
vt 0.160783 0.118046
vt 0.128857 0.197795
vt 0.121536 0.170474
vt 0.169592 0.224717
vt 0.182764 0.224717
vt 0.189254 0.223528
vt 0.207218 0.215443
vt 0.212412 0.211374
vt 0.221147 0.201514
vt 0.229231 0.183550
vt 0.230421 0.177060
vt 0.230421 0.163887
vt 0.229231 0.157397
vt 0.221147 0.139434
vt 0.207218 0.125505
vt 0.201571 0.122091
vt 0.189254 0.117420
vt 0.176178 0.115832
vt 0.169591 0.116231
vt 0.163101 0.117420
vt 0.156801 0.119383
vt 0.150784 0.122091
vt 0.145138 0.125505
vt 0.139944 0.129574
vt 0.131209 0.139434
vt 0.125087 0.151098
vt 0.123124 0.157397
vt 0.121935 0.163887
vt 0.121935 0.177060
vt 0.125087 0.189850
vt 0.127795 0.195867
vt 0.131209 0.201514
vt 0.135278 0.206708
vt 0.139944 0.211374
vt 0.145138 0.215443
vt 0.150785 0.218856
vt 0.163101 0.223528
vt 0.217473 0.206256
vt 0.230263 0.178250
vt 0.225881 0.147775
vt 0.191572 0.222902
vt 0.205719 0.124506
vt 0.160783 0.222902
vt 0.146636 0.216441
vt 0.126474 0.147775
vt 0.122092 0.162697
vt 0.166137 0.116763
vt 0.161237 0.118157
vt 0.200382 0.219202
vt 0.204943 0.216931
vt 0.212990 0.210854
vt 0.219783 0.203403
vt 0.228733 0.185427
vt 0.230586 0.175515
vt 0.230586 0.165432
vt 0.228733 0.155520
vt 0.186218 0.116763
vt 0.225091 0.146118
vt 0.219783 0.137545
vt 0.195916 0.119522
vt 0.132437 0.140449
vt 0.220855 0.141806
vt 0.163101 0.117420
vt 0.163101 0.223528
vt 0.150785 0.218856
vt 0.150784 0.122091
vt 0.139944 0.211374
vt 0.139944 0.129574
vt 0.121935 0.177060
vt 0.129347 0.151615
vt 0.198402 0.220391
vt 0.216784 0.207036
vt 0.141347 0.129281
vt 0.144641 0.213626
vt 0.144060 0.126268
vt 0.230520 0.164762
vt 0.164817 0.117026
vt 0.187538 0.117026
vt 0.168034 0.224505
vt 0.184322 0.224505
vt 0.192284 0.222688
vt 0.160072 0.222688
vt 0.199886 0.219704
vt 0.206958 0.215621
vt 0.213343 0.210529
vt 0.152470 0.219704
vt 0.218898 0.204542
vt 0.145397 0.215621
vt 0.229975 0.161801
vt 0.136205 0.207504
vt 0.227042 0.190437
vt 0.230667 0.166390
vt 0.229989 0.179962
vt 0.137720 0.206555
vt 0.194866 0.221820
vt 0.226787 0.188761
vt 0.226778 0.152163
vt 0.141055 0.212332
vt 0.211301 0.128616
vt 0.122366 0.160985
vt 0.194866 0.119127
vt 0.225666 0.189597
vt 0.153101 0.122669
vt 0.125087 0.151098
vt 0.121935 0.177060
vt 0.131209 0.201514
vt 0.150785 0.218856
vt 0.124210 0.153589
vt 0.135045 0.202271
vt 0.160661 0.220074
s 1
f 4468/1993/3065 4465/1994/3066 4469/1995/3067
f 4466/1995/3068 4063/1993/3069 4511/1996/3070
f 4481/1995/3071 4485/1993/3072 4487/1996/3073
f 4492/1995/3074 4494/1993/3075 4476/1996/3076
f 4469/1995/3067 4509/1993/3077 4506/1996/3078
f 4490/1995/3079 4494/1993/3075 4492/1996/3074
f 4495/1993/3080 4491/1994/3081 4503/1995/3082
f 4487/1995/3073 4512/1993/3083 4481/1996/3071
f 4053/1995/3084 4510/1993/3085 4464/1996/3086
f 4503/1995/3082 4491/1993/3081 4489/1996/3087
f 4051/1995/3088 4058/1993/3089 4510/1996/3085
f 4060/1997/3090 4062/1998/3090 4498/1999/3091
f 4493/1995/3092 4471/1993/3093 4488/1996/3094
f 4055/1995/3095 4506/1993/3078 4509/1996/3077
f 4696/2000/3096 4502/2001/3097 4504/2002/3097
f 4048/2003/3098 4050/2004/3098 4480/2005/3099
f 4468/1995/3065 4053/1993/3084 4464/1996/3086
f 4489/1995/3087 4488/1993/3094 4470/1996/3100
f 4511/1995/3070 4467/1993/3101 4466/1996/3068
f 4481/1995/3071 4067/1993/3102 4485/1996/3072
f 4507/1995/3103 4492/1993/3074 4476/1996/3076
f 4469/1995/3067 4465/1993/3066 4509/1996/3077
f 4063/1993/3069 4695/2006/3104 4237/2007/3105
f 4487/1995/3073 4467/1993/3101 4512/1996/3083
f 4490/1995/3079 4495/1993/3080 4494/1996/3075
f 4057/2001/3106 4500/2008/3106 4474/2009/3106
f 4511/1995/3070 4512/1993/3083 4467/1996/3101
f 4058/2010/3089 4497/2002/3107 4476/2011/3076
f 4489/1995/3087 4470/1993/3100 4503/1996/3082
f 4471/1995/3093 4470/1993/3100 4488/1996/3094
f 4052/1995/3108 4506/1993/3078 4055/1996/3095
f 4053/1995/3084 4051/1993/3088 4510/1996/3085
f 4652/1993/3109 4660/1994/3110 4649/1995/3109
f 4631/1993/3111 4656/1994/3112 4632/1995/3112
f 4628/2002/3113 4214/2012/3114 4598/2013/3115
f 4570/1993/3116 4633/1994/3117 4606/1995/3118
f 4633/1993/3117 4543/1994/3111 4631/1995/3111
f 4644/1993/3119 4559/1994/3120 4560/1995/3119
f 4614/1993/3121 4580/1994/3110 4581/1995/3121
f 4200/1993/3122 4611/1994/3123 4610/1995/3124
f 4622/2014/3125 4654/2015/3125 4653/2016/3125
f 4207/2017/3126 4201/2018/3127 4599/2019/3127
f 4632/1993/3112 4655/2020/3128 4699/2021/3128
f 4659/1993/3129 4666/1994/3130 4665/1995/3131
f 4604/1993/3132 4540/1994/3133 4539/1995/3132
f 4669/1993/3133 4605/1994/3134 4540/1995/3133
f 4615/1993/3135 4581/1994/3121 4550/1995/3135
f 4667/1993/3136 4593/1994/3137 4591/1995/3137
f 4668/2022/3138 4570/2023/3116 4606/2024/3118
f 4670/1993/3139 4572/1994/3140 4629/1995/3141
f 4106/2025/3142 4103/2026/3128 4557/2027/3128
f 4091/2028/3143 4094/2029/3143 4664/2030/3144
f 4611/1993/3123 4584/1994/3145 4521/1995/3145
f 4527/2031/3146 4565/2032/3147 4206/2033/3147
f 4564/1993/3148 4647/1994/3149 4574/1995/3148
f 4559/1993/3120 4607/1994/3150 4558/1995/3150
f 4518/1993/3151 4661/1994/3152 4612/1995/3153
f 4517/2003/3154 4195/2034/3155 4177/2035/3154
f 4575/2005/3156 4616/2036/3157 4192/2013/3157
f 4558/1993/3150 4109/1994/3158 4648/1995/3159
f 4603/1993/3160 4539/1994/3132 4595/1995/3161
f 4129/2037/3162 4169/2038/3162 4125/2039/3162
f 4573/1993/3139 4248/2040/3096 4602/2041/3096
f 4658/1993/3130 4667/1994/3136 4666/1995/3130
f 4561/1993/3163 4644/1994/3119 4560/1995/3119
f 4629/2022/3141 4603/2023/3160 4595/2024/3161
f 4671/1995/3164 4665/1996/3131 4075/1994/3165
s 0
f 4222/2042/3166 4681/2042/3166 4224/2042/3166
f 4226/2042/3167 4684/2042/3167 4222/2042/3167
f 4688/2042/3168 4673/2042/3168 4252/2042/3168
f 4226/2042/3169 4686/2042/3169 4685/2042/3169
f 4225/2042/3170 4679/2042/3170 4254/2042/3170
f 4223/2042/3171 4676/2042/3171 4686/2042/3171
f 4224/2042/3172 4680/2042/3172 4225/2042/3172
f 4689/2042/3173 4682/2042/3173 4675/2042/3173
s 1
f 4233/2001/3096 4677/2008/3096 4258/2043/3096
f 4683/2003/3174 4256/2044/3175 4678/2011/3096
s 0
f 4227/2042/3176 4259/2042/3176 4231/2042/3176
f 4221/2042/3176 4257/2042/3176 4228/2042/3176
s 1
f 4096/2045/3177 4089/2046/3178 4672/2047/3179
f 4082/2048/3090 4086/2049/3090 4074/2050/3180
f 4081/2003/3090 4079/2051/3090 4542/2052/3181
f 4118/2053/3182 4116/2054/3096 4111/2055/3096
f 4239/2056/3143 4066/2057/3143 4065/2058/3143
f 4493/1995/3092 4694/2059/3183 4471/1994/3093
f 4475/2010/3184 4242/2060/3185 4035/2036/3186
f 4032/2003/3187 4044/2061/3188 4036/2030/3189
f 4041/2062/3190 4037/2022/3191 4070/2024/3192
f 4702/1994/3193 4705/1993/3194 4706/1995/3195
f 4703/1995/3196 4745/1996/3197 4292/1993/3198
f 4718/1995/3199 4723/1996/3200 4721/1993/3201
f 4728/1995/3202 4713/1996/3203 4730/1993/3204
f 4706/1995/3195 4740/1996/3205 4743/1993/3206
f 4726/1995/3207 4728/1996/3202 4730/1993/3204
f 4727/1994/3208 4731/1993/3209 4737/1995/3210
f 4723/1995/3200 4718/1996/3199 4746/1993/3211
f 4282/1995/3212 4701/1996/3213 4744/1993/3214
f 4737/1995/3210 4725/1996/3215 4727/1993/3208
f 4280/1995/3216 4744/1996/3214 4287/1993/3217
f 4291/1998/3090 4289/1997/3090 4719/2063/3218
f 4729/1995/3219 4724/1996/3220 4708/1993/3221
f 4284/1995/3222 4743/1996/3206 4740/1993/3205
f 4696/2000/3096 4736/2001/3223 4693/2064/3096
f 4277/2003/3224 4722/2002/3225 4279/2004/3224
f 4705/1995/3194 4701/1996/3213 4282/1993/3212
f 4725/1995/3215 4707/1996/3226 4724/1993/3220
f 4745/1995/3197 4703/1996/3196 4704/1993/3227
f 4718/1995/3199 4721/1996/3201 4296/1993/3228
f 4741/1995/3229 4713/1996/3203 4728/1993/3202
f 4706/1995/3195 4743/1996/3206 4702/1993/3193
f 4695/2006/3104 4292/1993/3198 4237/2007/3105
f 4723/1995/3200 4746/1996/3211 4704/1993/3227
f 4726/1995/3207 4730/1996/3204 4731/1993/3209
f 4735/2008/3230 4286/2001/3230 4285/2065/3230
f 4745/1995/3197 4704/1996/3227 4746/1993/3211
f 4713/2011/3203 4733/2002/3231 4287/2010/3217
f 4725/1995/3215 4737/1996/3210 4707/1993/3226
f 4708/1995/3221 4724/1996/3220 4707/1993/3226
f 4281/1995/3232 4284/1996/3222 4740/1993/3205
f 4282/1995/3212 4744/1996/3214 4280/1993/3216
f 4890/1994/3110 4883/1993/3233 4880/1995/3109
f 4886/1994/3234 4862/1993/3235 4863/1995/3234
f 4796/2003/3236 4782/2066/3237 4846/2067/3238
f 4864/1994/3239 4803/1993/3240 4837/1995/3241
f 4776/1994/3235 4864/1993/3239 4862/1995/3235
f 4792/1994/3242 4875/1993/3243 4793/1995/3243
f 4813/1994/3110 4845/1993/3121 4814/1995/3121
f 4842/1994/3123 4429/1993/3122 4841/1995/3124
f 4785/2068/3162 4857/2069/3162 4405/2070/3244
f 4832/2019/3245 4436/2017/3246 4447/1998/3247
f 4655/2020/3128 4863/1993/3234 4699/2021/3128
f 4896/1994/3248 4889/1993/3249 4895/1995/3250
f 4774/1994/3251 4835/1993/3252 4773/1995/3252
f 4836/1994/3253 4899/1993/3251 4774/1995/3251
f 4814/1994/3121 4846/1993/3238 4783/1995/3135
f 4826/1994/3254 4897/1993/3255 4824/1995/3254
f 4837/2024/3241 4804/2046/3256 4898/2022/3257
f 4805/1994/3258 4900/1993/3259 4860/1995/3260
f 4790/2027/3128 4332/2026/3128 4335/2025/3261
f 4894/2030/3262 4323/2029/3143 4320/2028/3143
f 4817/1994/3145 4842/1993/3123 4755/1995/3145
f 4800/2071/3263 4801/2072/3264 4432/2073/3264
f 4878/1994/3149 4797/1993/3148 4807/1995/3148
f 4838/1994/3265 4792/1993/3242 4791/1995/3265
f 4891/1994/3152 4752/1993/3151 4843/1995/3153
f 4409/2074/3266 4417/2002/3267 4756/2075/3267
f 4847/2036/3268 4883/2067/3233 4416/2004/3269
f 4338/1994/3270 4791/1993/3265 4879/1995/3271
f 4773/1994/3252 4834/1993/3272 4828/1995/3273
f 4360/2076/3125 4368/2077/3125 4379/2078/3125
f 4248/2040/3096 4806/1993/3259 4602/2041/3096
f 4897/1994/3255 4888/1993/3248 4896/1995/3248
f 4875/1994/3243 4794/1993/3274 4793/1995/3243
f 4828/2024/3273 4805/2046/3258 4860/2022/3260
f 4901/1995/3275 4895/1996/3250 4889/1993/3249
s 0
f 4909/2042/3276 4451/2042/3276 4453/2042/3276
f 4912/2042/3277 4455/2042/3277 4451/2042/3277
f 4673/2042/3168 4915/2042/3168 4252/2042/3168
f 4455/2042/3278 4914/2042/3278 4452/2042/3278
f 4679/2042/3279 4454/2042/3279 4254/2042/3279
f 4452/2042/3280 4905/2042/3280 4917/2042/3280
f 4908/2042/3281 4453/2042/3281 4454/2042/3281
f 4916/2042/3282 4910/2042/3282 4918/2042/3282
s 1
f 4906/2008/3096 4462/2001/3096 4459/2065/3096
f 4907/2011/3283 4687/2079/3175 4911/2003/3284
s 0
f 4456/2042/3176 4259/2042/3176 4255/2042/3176
f 4450/2042/3176 4257/2042/3176 4253/2042/3176
s 1
f 4902/2047/3285 4318/2046/3286 4325/2045/3287
f 4303/2050/3288 4315/2049/3090 4311/2048/3090
f 4310/2003/3090 4541/2080/3090 4308/2051/3090
f 4340/2055/3096 4347/2053/3289 4348/2002/3096
f 4297/2081/3143 4293/2036/3143 4241/2082/3143
f 4729/1995/3219 4694/2059/3183 4501/2083/3290
f 4264/2036/3291 4692/2084/3185 4712/2010/3292
f 4261/2003/3293 4265/2030/3294 4273/2061/3295
f 4299/2024/3296 4267/2085/3297 4266/2022/3298
f 4468/1993/3065 4464/1996/3086 4465/1994/3066
f 4495/1993/3080 4490/1996/3079 4491/1994/3081
f 4498/1999/3091 4482/2086/3299 4483/2063/3218
f 4483/2063/3218 4479/2087/3090 4060/1997/3090
f 4060/1997/3090 4061/2075/3090 4062/1998/3090
f 4062/1998/3090 4499/2088/3090 4498/1999/3091
f 4498/1999/3091 4483/2063/3218 4060/1997/3090
f 4696/2000/3096 4693/2064/3096 4502/2001/3097
f 4050/2004/3098 4049/2010/3300 4505/2067/3098
f 4505/2067/3098 4504/2045/3097 4502/2066/3097
f 4505/2067/3098 4502/2066/3097 4486/2002/3099
f 4477/2089/3098 4478/2013/3301 4048/2003/3098
f 4484/2036/3098 4496/2012/3098 4477/2089/3098
f 4480/2005/3099 4484/2036/3098 4477/2089/3098
f 4050/2004/3098 4505/2067/3098 4486/2002/3099
f 4480/2005/3099 4477/2089/3098 4048/2003/3098
f 4050/2004/3098 4486/2002/3099 4480/2005/3099
f 4063/1993/3069 4466/1996/3068 4695/2006/3104
f 4474/2009/3106 4508/2003/3302 4056/2065/3106
f 4056/2065/3106 4054/2067/3303 4057/2001/3106
f 4057/2001/3106 4059/2002/3106 4500/2008/3106
f 4500/2008/3106 4472/2090/3106 4474/2009/3106
f 4474/2009/3106 4056/2065/3106 4057/2001/3106
f 4476/2011/3076 4473/2003/3304 4058/2010/3089
f 4058/2010/3089 4051/2045/3088 4497/2002/3107
f 4497/2002/3107 4507/2036/3103 4476/2011/3076
f 4652/1993/3109 4580/1996/3110 4660/1994/3110
f 4631/1993/3111 4543/1996/3111 4656/1994/3112
f 4563/2003/3305 4562/2004/3125 4641/2010/3306
f 4641/2010/3306 4615/2067/3135 4550/2045/3135
f 4641/2010/3306 4550/2045/3135 4549/2066/3307
f 4563/2003/3305 4641/2010/3306 4549/2066/3307
f 4628/2002/3113 4627/2005/3308 4556/2036/3162
f 4563/2003/3305 4549/2066/3307 4628/2002/3113
f 4214/2012/3114 4620/2089/3309 4598/2013/3115
f 4598/2013/3115 4563/2003/3305 4628/2002/3113
f 4628/2002/3113 4556/2036/3162 4214/2012/3114
f 4570/1993/3116 4544/1996/3117 4633/1994/3117
f 4633/1993/3117 4544/1996/3117 4543/1994/3111
f 4644/1993/3119 4645/1996/3120 4559/1994/3120
f 4614/1993/3121 4660/1996/3110 4580/1994/3110
f 4200/1993/3122 4662/1996/3123 4611/1994/3123
f 4646/2091/3310 4648/2003/3159 4109/2092/3158
f 4109/2092/3158 4171/2093/3311 4176/2070/3312
f 4176/2070/3312 4583/2061/3125 4637/2094/3125
f 4637/2094/3125 4624/2095/3125 4622/2014/3125
f 4622/2014/3125 4623/2096/3313 4636/2078/3314
f 4636/2078/3314 4651/2073/3313 4533/2097/3125
f 4533/2097/3125 4534/2098/3125 4189/2067/3125
f 4189/2067/3125 4190/2099/3125 4587/2100/3125
f 4587/2100/3125 4588/2072/3125 4589/2037/3125
f 4589/2037/3125 4590/2101/3315 4626/2069/3125
f 4626/2069/3125 4537/2028/3125 4538/2102/3125
f 4538/2102/3125 4642/2103/3125 4654/2015/3125
f 4654/2015/3125 4535/2104/3125 4536/2077/3125
f 4536/2077/3125 4213/2105/3125 4181/2106/3125
f 4181/2106/3125 4182/2107/3316 4183/2108/3125
f 4183/2108/3125 4184/2109/3125 4172/2110/3125
f 4172/2110/3125 4175/2111/3125 4185/2038/3125
f 4185/2038/3125 4551/2112/3316 4552/2068/3125
f 4552/2068/3125 4553/2113/3125 4554/2114/3125
f 4554/2114/3125 4202/2115/3125 4653/2016/3125
f 4653/2016/3125 4597/2116/3125 4596/2076/3317
f 4596/2076/3317 4585/2117/3125 4586/2118/3125
f 4586/2118/3125 4625/2119/3125 4519/2120/3125
f 4519/2120/3125 4520/2121/3313 4531/2122/3125
f 4531/2122/3125 4532/2123/3125 4555/2039/3125
f 4555/2039/3125 4217/2124/3316 4646/2091/3310
f 4646/2091/3310 4109/2092/3158 4176/2070/3312
f 4176/2070/3312 4637/2094/3125 4622/2014/3125
f 4622/2014/3125 4636/2078/3314 4533/2097/3125
f 4533/2097/3125 4189/2067/3125 4587/2100/3125
f 4587/2100/3125 4589/2037/3125 4626/2069/3125
f 4626/2069/3125 4538/2102/3125 4654/2015/3125
f 4654/2015/3125 4536/2077/3125 4181/2106/3125
f 4181/2106/3125 4183/2108/3125 4172/2110/3125
f 4172/2110/3125 4185/2038/3125 4552/2068/3125
f 4552/2068/3125 4554/2114/3125 4653/2016/3125
f 4653/2016/3125 4596/2076/3317 4586/2118/3125
f 4586/2118/3125 4519/2120/3125 4531/2122/3125
f 4531/2122/3125 4555/2039/3125 4646/2091/3310
f 4646/2091/3310 4176/2070/3312 4622/2014/3125
f 4622/2014/3125 4533/2097/3125 4587/2100/3125
f 4587/2100/3125 4626/2069/3125 4654/2015/3125
f 4654/2015/3125 4181/2106/3125 4172/2110/3125
f 4172/2110/3125 4552/2068/3125 4653/2016/3125
f 4653/2016/3125 4586/2118/3125 4531/2122/3125
f 4531/2122/3125 4646/2091/3310 4622/2014/3125
f 4622/2014/3125 4587/2100/3125 4654/2015/3125
f 4654/2015/3125 4172/2110/3125 4653/2016/3125
f 4653/2016/3125 4531/2122/3125 4622/2014/3125
f 4621/2125/3318 4620/2087/3309 4214/2126/3114
f 4621/2125/3318 4214/2126/3114 4212/1997/3319
f 4635/2063/3320 4621/2125/3318 4212/1997/3319
f 4635/2063/3320 4212/1997/3319 4211/2127/3320
f 4529/2128/3321 4635/2063/3320 4211/2127/3320
f 4529/2128/3321 4211/2127/3320 4210/2075/3321
f 4530/2003/3322 4529/2128/3321 4210/2075/3321
f 4530/2003/3322 4210/2075/3321 4219/2129/3322
f 4548/2130/3323 4530/2003/3322 4219/2129/3322
f 4548/2130/3323 4219/2129/3322 4218/1998/3323
f 4569/2131/3324 4548/2130/3323 4218/1998/3323
f 4569/2131/3324 4218/1998/3323 4209/2002/3324
f 4577/2035/3325 4569/2131/3324 4209/2002/3324
f 4577/2035/3325 4209/2002/3324 4208/2074/3325
f 4578/2034/3326 4577/2035/3325 4208/2074/3325
f 4578/2034/3326 4208/2074/3325 4207/2017/3126
f 4200/2132/3122 4610/2133/3124 4599/2019/3127
f 4599/2019/3127 4578/2034/3326 4207/2017/3126
f 4201/2018/3127 4200/2132/3122 4599/2019/3127
f 4632/1993/3112 4656/1996/3112 4655/2020/3128
f 4659/1993/3129 4658/1996/3130 4666/1994/3130
f 4604/1993/3132 4669/1996/3133 4540/1994/3133
f 4669/1993/3133 4668/1996/3138 4605/1994/3134
f 4615/1993/3135 4614/1996/3121 4581/1994/3121
f 4667/1993/3136 4657/1996/3136 4593/1994/3137
f 4606/2024/3118 4605/2003/3134 4668/2022/3138
f 4668/2022/3138 4571/2046/3090 4570/2023/3116
f 4670/1993/3139 4573/1996/3139 4572/1994/3140
f 4601/2134/3128 4600/2135/3128 4246/2136/3128
f 4246/2136/3128 4663/2137/3128 4102/2138/3128
f 4102/2138/3128 4104/2139/3128 4106/2025/3142
f 4106/2025/3142 4592/2140/3327 4612/2141/3153
f 4612/2141/3153 4661/2142/3152 4608/2143/3328
f 4106/2025/3142 4612/2141/3153 4608/2143/3328
f 4246/2136/3128 4102/2138/3128 4106/2025/3142
f 4643/2105/3128 4601/2134/3128 4246/2136/3128
f 4513/2144/3128 4643/2105/3128 4246/2136/3128
f 4106/2025/3142 4608/2143/3328 4107/2145/3128
f 4106/2025/3142 4107/2145/3128 4105/2146/3128
f 4513/2144/3128 4246/2136/3128 4106/2025/3142
f 4514/2147/3128 4513/2144/3128 4106/2025/3142
f 4106/2025/3142 4105/2146/3128 4103/2026/3128
f 4557/2027/3128 4514/2147/3128 4106/2025/3142
f 4664/2030/3144 4251/2148/3143 4697/2149/3143
f 4664/2030/3144 4697/2149/3143 4091/2028/3143
f 4094/2029/3143 4630/2150/3143 4664/2030/3144
f 4611/1993/3123 4662/1996/3123 4584/1994/3145
f 4203/2073/3264 4638/2098/3329 4579/2099/3329
f 4203/2073/3264 4579/2099/3329 4568/2072/3264
f 4215/2096/3263 4203/2073/3264 4568/2072/3264
f 4215/2096/3263 4568/2072/3264 4567/2071/3263
f 4216/2095/3330 4215/2096/3263 4567/2071/3263
f 4216/2095/3330 4567/2071/3263 4650/2028/3330
f 4193/2061/3331 4216/2095/3330 4650/2028/3330
f 4193/2061/3331 4650/2028/3330 4634/2103/3331
f 4194/2093/3332 4193/2061/3331 4634/2103/3331
f 4194/2093/3332 4634/2103/3331 4619/2029/3332
f 4197/2003/3333 4194/2093/3332 4619/2029/3332
f 4197/2003/3333 4619/2029/3332 4618/2002/3333
f 4198/2151/3334 4197/2003/3333 4618/2002/3333
f 4198/2151/3334 4618/2002/3333 4617/2150/3334
f 4199/2152/3335 4198/2151/3334 4617/2150/3334
f 4199/2152/3335 4617/2150/3334 4547/2153/3335
f 4204/2154/3336 4199/2152/3335 4547/2153/3335
f 4204/2154/3336 4547/2153/3335 4528/2155/3336
f 4205/2119/3146 4204/2154/3336 4528/2155/3336
f 4205/2119/3146 4528/2155/3336 4527/2031/3146
f 4564/2115/3148 4574/2156/3148 4206/2033/3147
f 4206/2033/3147 4205/2119/3146 4527/2031/3146
f 4565/2032/3147 4564/2115/3148 4206/2033/3147
f 4564/1993/3148 4640/1996/3149 4647/1994/3149
f 4559/1993/3120 4645/1996/3120 4607/1994/3150
f 4518/1993/3151 4582/1996/3151 4661/1994/3152
f 4522/2075/3267 4521/2129/3145 4584/1998/3145
f 4522/2075/3267 4584/1998/3145 4188/2002/3267
f 4523/2127/3337 4522/2075/3267 4188/2002/3267
f 4523/2127/3337 4188/2002/3267 4180/2074/3266
f 4545/1997/3338 4523/2127/3337 4180/2074/3266
f 4545/1997/3338 4180/2074/3266 4179/2017/3339
f 4566/2126/3340 4545/1997/3338 4179/2017/3339
f 4566/2126/3340 4179/2017/3339 4178/2018/3341
f 4526/2087/3342 4566/2126/3340 4178/2018/3341
f 4526/2087/3342 4178/2018/3341 4174/2132/3343
f 4524/2125/3344 4526/2087/3342 4174/2132/3343
f 4524/2125/3344 4174/2132/3343 4173/2133/3345
f 4525/2063/3346 4524/2125/3344 4173/2133/3345
f 4525/2063/3346 4173/2133/3345 4196/2019/3346
f 4546/2128/3155 4525/2063/3346 4196/2019/3346
f 4546/2128/3155 4196/2019/3346 4195/2034/3155
f 4582/2131/3151 4518/2130/3151 4517/2003/3154
f 4517/2003/3154 4546/2128/3155 4195/2034/3155
f 4177/2035/3154 4582/2131/3151 4517/2003/3154
f 4186/2010/3347 4652/2067/3109 4649/2045/3109
f 4186/2010/3347 4649/2045/3109 4613/2066/3347
f 4187/2004/3348 4186/2010/3347 4613/2066/3347
f 4187/2004/3348 4613/2066/3347 4576/2002/3348
f 4191/2003/3156 4187/2004/3348 4576/2002/3348
f 4191/2003/3156 4576/2002/3348 4575/2005/3156
f 4579/2012/3329 4638/2089/3329 4192/2013/3157
f 4192/2013/3157 4191/2003/3156 4575/2005/3156
f 4616/2036/3157 4579/2012/3329 4192/2013/3157
f 4558/1993/3150 4607/1996/3150 4109/1994/3158
f 4603/1993/3160 4604/1996/3132 4539/1994/3132
f 4122/2091/3349 4108/2003/3350 4594/2092/3351
f 4639/2093/3352 4143/2070/3244 4144/2061/3353
f 4122/2091/3349 4594/2092/3351 4639/2093/3352
f 4125/2039/3162 4126/2124/3244 4122/2091/3349
f 4142/2122/3244 4149/2123/3354 4125/2039/3162
f 4148/2120/3162 4141/2121/3355 4142/2122/3244
f 4133/2118/3353 4147/2119/3162 4148/2120/3162
f 4131/2076/3162 4132/2117/3356 4133/2118/3353
f 4124/2016/3162 4128/2116/3353 4131/2076/3162
f 4159/2114/3162 4160/2115/3162 4124/2016/3162
f 4157/2068/3353 4158/2113/3356 4159/2114/3162
f 4169/2038/3162 4170/2112/3162 4157/2068/3353
f 4167/2110/3353 4168/2111/3356 4169/2038/3162
f 4164/2108/3162 4166/2109/3356 4167/2110/3353
f 4165/2106/3353 4163/2107/3162 4164/2108/3162
f 4139/2077/3162 4140/2105/3308 4165/2106/3353
f 4137/2015/3162 4138/2104/3308 4139/2077/3162
f 4123/2102/3162 4127/2103/3162 4137/2015/3162
f 4135/2069/3162 4136/2028/3162 4123/2102/3162
f 4129/2037/3162 4130/2101/3162 4135/2069/3162
f 4134/2100/3244 4146/2072/3357 4129/2037/3162
f 4161/2067/3162 4162/2099/3162 4134/2100/3244
f 4152/2097/3244 4153/2098/3355 4161/2067/3162
f 4150/2078/3162 4151/2073/3355 4152/2097/3244
f 4156/2014/3244 4145/2096/3162 4150/2078/3162
f 4154/2094/3162 4155/2095/3355 4156/2014/3244
f 4639/2093/3352 4144/2061/3353 4154/2094/3162
f 4125/2039/3162 4122/2091/3349 4639/2093/3352
f 4148/2120/3162 4142/2122/3244 4125/2039/3162
f 4131/2076/3162 4133/2118/3353 4148/2120/3162
f 4159/2114/3162 4124/2016/3162 4131/2076/3162
f 4169/2038/3162 4157/2068/3353 4159/2114/3162
f 4164/2108/3162 4167/2110/3353 4169/2038/3162
f 4139/2077/3162 4165/2106/3353 4164/2108/3162
f 4123/2102/3162 4137/2015/3162 4139/2077/3162
f 4129/2037/3162 4135/2069/3162 4123/2102/3162
f 4161/2067/3162 4134/2100/3244 4129/2037/3162
f 4150/2078/3162 4152/2097/3244 4161/2067/3162
f 4154/2094/3162 4156/2014/3244 4150/2078/3162
f 4125/2039/3162 4639/2093/3352 4154/2094/3162
f 4131/2076/3162 4148/2120/3162 4125/2039/3162
f 4169/2038/3162 4159/2114/3162 4131/2076/3162
f 4139/2077/3162 4164/2108/3162 4169/2038/3162
f 4129/2037/3162 4123/2102/3162 4139/2077/3162
f 4150/2078/3162 4161/2067/3162 4129/2037/3162
f 4125/2039/3162 4154/2094/3162 4150/2078/3162
f 4169/2038/3162 4131/2076/3162 4125/2039/3162
f 4129/2037/3162 4139/2077/3162 4169/2038/3162
f 4125/2039/3162 4150/2078/3162 4129/2037/3162
f 4573/1993/3139 4670/1996/3139 4248/2040/3096
f 4658/1993/3130 4657/1996/3136 4667/1994/3136
f 4561/1993/3163 4101/1996/3163 4644/1994/3119
f 4595/2024/3161 4093/2003/3143 4629/2022/3141
f 4629/2022/3141 4572/2046/3140 4603/2023/3160
f 4671/1995/3164 4659/1993/3129 4665/1996/3131
s 0
f 4222/2042/3166 4684/2042/3166 4681/2042/3166
f 4226/2042/3167 4685/2042/3167 4684/2042/3167
f 4688/2042/3168 4674/2042/3168 4673/2042/3168
f 4226/2042/3169 4223/2042/3169 4686/2042/3169
f 4225/2042/3170 4680/2042/3170 4679/2042/3170
f 4223/2042/3171 4690/2042/3171 4676/2042/3171
f 4224/2042/3172 4681/2042/3172 4680/2042/3172
f 4689/2042/3173 4691/2042/3173 4682/2042/3173
s 1
f 4258/2043/3096 4229/2003/3096 4230/2065/3096
f 4230/2065/3096 4232/2067/3096 4233/2001/3096
f 4233/2001/3096 4234/2002/3096 4677/2008/3096
f 4677/2008/3096 4700/2157/3096 4258/2043/3096
f 4258/2043/3096 4230/2065/3096 4233/2001/3096
f 4683/2003/3174 4687/2079/3175 4256/2044/3175
s 0
f 4227/2042/3176 4255/2042/3176 4259/2042/3176
f 4221/2042/3176 4253/2042/3176 4257/2042/3176
s 1
f 4664/2003/3144 4630/2158/3143 4092/2159/3143
f 4664/2003/3144 4092/2159/3143 4095/2022/3358
f 4250/2160/3359 4698/2161/3360 4672/2047/3179
f 4088/2162/3361 4250/2160/3359 4672/2047/3179
f 4672/2047/3179 4664/2003/3144 4095/2022/3358
f 4672/2047/3179 4095/2022/3358 4097/2163/3362
f 4087/2164/3363 4088/2162/3361 4672/2047/3179
f 4090/2165/3364 4087/2164/3363 4672/2047/3179
f 4672/2047/3179 4097/2163/3362 4096/2045/3177
f 4089/2046/3178 4090/2165/3364 4672/2047/3179
f 4101/2166/3163 4561/2003/3163 4609/2167/3365
f 4101/2166/3163 4609/2167/3365 4515/2168/3366
f 4100/2169/3365 4101/2166/3163 4515/2168/3366
f 4516/2170/3367 4542/2171/3181 4077/2172/3090
f 4100/2169/3365 4515/2168/3366 4516/2170/3367
f 4099/2173/3366 4100/2169/3365 4516/2170/3367
f 4516/2170/3367 4077/2172/3090 4080/2174/3090
f 4516/2170/3367 4080/2174/3090 4084/2010/3368
f 4098/2175/3369 4099/2173/3366 4516/2170/3367
f 4245/2176/3090 4244/2177/3090 4074/2050/3180
f 4074/2050/3180 4098/2175/3369 4516/2170/3367
f 4516/2170/3367 4084/2010/3368 4085/2178/3090
f 4074/2050/3180 4516/2170/3367 4085/2178/3090
f 4083/2179/3090 4245/2176/3090 4074/2050/3180
f 4086/2049/3090 4083/2179/3090 4074/2050/3180
f 4074/2050/3180 4085/2178/3090 4082/2048/3090
f 4076/2180/3090 4077/2045/3090 4542/2052/3181
f 4542/2052/3181 4541/2080/3090 4247/2181/3090
f 4542/2052/3181 4247/2181/3090 4078/2081/3090
f 4079/2051/3090 4076/2180/3090 4542/2052/3181
f 4542/2052/3181 4078/2081/3090 4081/2003/3090
f 4111/2055/3096 4113/2003/3370 4115/2182/3096
f 4115/2182/3096 4117/2051/3096 4220/2010/3096
f 4220/2010/3096 4249/2183/3096 4243/2184/3096
f 4220/2010/3096 4243/2184/3096 4073/2045/3096
f 4111/2055/3096 4115/2182/3096 4220/2010/3096
f 4072/2089/3096 4071/2185/3096 4111/2055/3096
f 4110/2058/3096 4072/2089/3096 4111/2055/3096
f 4111/2055/3096 4220/2010/3096 4073/2045/3096
f 4111/2055/3096 4073/2045/3096 4121/2186/3096
f 4112/2187/3370 4110/2058/3096 4111/2055/3096
f 4114/2036/3096 4112/2187/3370 4111/2055/3096
f 4111/2055/3096 4121/2186/3096 4120/2188/3371
f 4111/2055/3096 4120/2188/3371 4119/2002/3371
f 4116/2054/3096 4114/2036/3096 4111/2055/3096
f 4111/2055/3096 4119/2002/3371 4118/2053/3182
f 4068/2081/3143 4069/2003/3143 4239/2056/3143
f 4239/2056/3143 4241/2082/3143 4066/2057/3143
f 4066/2057/3143 4064/2036/3143 4065/2058/3143
f 4065/2058/3143 4068/2081/3143 4239/2056/3143
f 4493/1995/3092 4501/2083/3290 4694/2059/3183
f 4052/2011/3108 4055/2003/3095 4475/2010/3184
f 4475/2010/3184 4692/2084/3185 4242/2060/3185
f 4035/2036/3186 4052/2011/3108 4475/2010/3184
f 4045/2096/3372 4240/2189/3373 4236/2190/3373
f 4036/2030/3189 4034/2191/3374 4046/2192/3375
f 4046/2192/3375 4047/2193/3376 4031/2194/3128
f 4046/2192/3375 4031/2194/3128 4032/2003/3187
f 4045/2096/3372 4236/2190/3373 4036/2030/3189
f 4044/2061/3188 4045/2096/3372 4036/2030/3189
f 4036/2030/3189 4046/2192/3375 4032/2003/3187
f 4038/2085/3377 4039/2046/3378 4042/2002/3379
f 4042/2002/3379 4043/2023/3380 4033/2195/3381
f 4070/2024/3192 4235/2196/3382 4238/2197/3382
f 4070/2024/3192 4238/2197/3382 4040/2003/3383
f 4042/2002/3379 4033/2195/3381 4070/2024/3192
f 4038/2085/3377 4042/2002/3379 4070/2024/3192
f 4070/2024/3192 4040/2003/3383 4041/2062/3190
f 4037/2022/3191 4038/2085/3377 4070/2024/3192
f 4702/1994/3193 4701/1996/3213 4705/1993/3194
f 4727/1994/3208 4726/1996/3207 4731/1993/3209
f 4719/2063/3218 4482/2086/3299 4498/1999/3091
f 4498/1999/3091 4734/2088/3090 4291/1998/3090
f 4291/1998/3090 4290/2075/3090 4289/1997/3090
f 4289/1997/3090 4716/2087/3090 4719/2063/3218
f 4719/2063/3218 4498/1999/3091 4291/1998/3090
f 4696/2000/3096 4738/2002/3223 4736/2001/3223
f 4277/2003/3224 4715/2013/3384 4714/2089/3224
f 4714/2089/3224 4732/2012/3224 4720/2036/3224
f 4714/2089/3224 4720/2036/3224 4717/2005/3224
f 4739/2067/3224 4278/2010/3385 4279/2004/3224
f 4736/2066/3223 4738/2045/3223 4739/2067/3224
f 4722/2002/3225 4736/2066/3223 4739/2067/3224
f 4277/2003/3224 4714/2089/3224 4717/2005/3224
f 4722/2002/3225 4739/2067/3224 4279/2004/3224
f 4277/2003/3224 4717/2005/3224 4722/2002/3225
f 4695/2006/3104 4703/1996/3196 4292/1993/3198
f 4285/2065/3230 4742/2003/3386 4711/2009/3230
f 4711/2009/3230 4709/2090/3230 4735/2008/3230
f 4735/2008/3230 4288/2002/3230 4286/2001/3230
f 4286/2001/3230 4283/2067/3387 4285/2065/3230
f 4285/2065/3230 4711/2009/3230 4735/2008/3230
f 4287/2010/3217 4710/2003/3388 4713/2011/3203
f 4713/2011/3203 4741/2036/3229 4733/2002/3231
f 4733/2002/3231 4280/2045/3216 4287/2010/3217
f 4890/1994/3110 4813/1996/3110 4883/1993/3233
f 4886/1994/3234 4776/1996/3235 4862/1993/3235
f 4831/2013/3389 4851/2089/3309 4443/2012/3309
f 4789/2036/3390 4858/2005/3317 4859/2002/3391
f 4831/2013/3389 4443/2012/3309 4789/2036/3390
f 4872/2010/3162 4795/2004/3162 4796/2003/3236
f 4796/2003/3236 4831/2013/3389 4789/2036/3390
f 4796/2003/3236 4789/2036/3390 4859/2002/3391
f 4846/2067/3238 4872/2010/3162 4796/2003/3236
f 4782/2066/3237 4783/2045/3135 4846/2067/3238
f 4796/2003/3236 4859/2002/3391 4782/2066/3237
f 4864/1994/3239 4777/1996/3239 4803/1993/3240
f 4776/1994/3235 4777/1996/3239 4864/1993/3239
f 4792/1994/3242 4876/1996/3242 4875/1993/3243
f 4813/1994/3110 4890/1996/3110 4845/1993/3121
f 4842/1994/3123 4892/1996/3123 4429/1993/3122
f 4338/2092/3270 4879/2003/3271 4877/2091/3392
f 4877/2091/3392 4446/2124/3353 4788/2039/3162
f 4788/2039/3162 4766/2123/3162 4765/2122/3162
f 4765/2122/3162 4754/2121/3356 4753/2120/3162
f 4753/2120/3162 4856/2119/3162 4819/2118/3162
f 4819/2118/3162 4818/2117/3162 4829/2076/3308
f 4829/2076/3308 4830/2116/3162 4884/2016/3162
f 4884/2016/3162 4431/2115/3162 4787/2114/3162
f 4787/2114/3162 4786/2113/3162 4785/2068/3162
f 4785/2068/3162 4784/2112/3354 4414/2038/3162
f 4414/2038/3162 4404/2111/3162 4401/2110/3162
f 4401/2110/3162 4413/2109/3162 4412/2108/3162
f 4412/2108/3162 4411/2107/3357 4410/2106/3162
f 4410/2106/3162 4442/2105/3162 4770/2077/3162
f 4770/2077/3162 4769/2104/3162 4885/2015/3162
f 4885/2015/3162 4873/2103/3162 4772/2102/3162
f 4772/2102/3162 4771/2028/3162 4857/2069/3162
f 4857/2069/3162 4823/2101/3355 4822/2037/3162
f 4822/2037/3162 4821/2072/3162 4820/2100/3162
f 4820/2100/3162 4419/2099/3162 4418/2067/3162
f 4418/2067/3162 4768/2098/3162 4767/2097/3162
f 4767/2097/3162 4882/2073/3356 4867/2078/3353
f 4867/2078/3353 4854/2096/3356 4853/2014/3162
f 4853/2014/3162 4855/2095/3162 4868/2094/3162
f 4868/2094/3162 4816/2061/3244 4405/2070/3244
f 4405/2070/3244 4400/2093/3393 4338/2092/3270
f 4877/2091/3392 4788/2039/3162 4765/2122/3162
f 4405/2070/3244 4338/2092/3270 4877/2091/3392
f 4853/2014/3162 4868/2094/3162 4405/2070/3244
f 4767/2097/3162 4867/2078/3353 4853/2014/3162
f 4820/2100/3162 4418/2067/3162 4767/2097/3162
f 4857/2069/3162 4822/2037/3162 4820/2100/3162
f 4885/2015/3162 4772/2102/3162 4857/2069/3162
f 4410/2106/3162 4770/2077/3162 4885/2015/3162
f 4401/2110/3162 4412/2108/3162 4410/2106/3162
f 4785/2068/3162 4414/2038/3162 4401/2110/3162
f 4884/2016/3162 4787/2114/3162 4785/2068/3162
f 4819/2118/3162 4829/2076/3308 4884/2016/3162
f 4765/2122/3162 4753/2120/3162 4819/2118/3162
f 4405/2070/3244 4877/2091/3392 4765/2122/3162
f 4767/2097/3162 4853/2014/3162 4405/2070/3244
f 4857/2069/3162 4820/2100/3162 4767/2097/3162
f 4410/2106/3162 4885/2015/3162 4857/2069/3162
f 4785/2068/3162 4401/2110/3162 4410/2106/3162
f 4819/2118/3162 4884/2016/3162 4785/2068/3162
f 4405/2070/3244 4765/2122/3162 4819/2118/3162
f 4857/2069/3162 4767/2097/3162 4405/2070/3244
f 4785/2068/3162 4410/2106/3162 4857/2069/3162
f 4405/2070/3244 4819/2118/3162 4785/2068/3162
f 4764/2003/3162 4781/2130/3162 4802/2131/3394
f 4763/2128/3354 4764/2003/3162 4802/2131/3394
f 4866/2063/3162 4763/2128/3354 4802/2131/3394
f 4852/2125/3395 4866/2063/3162 4802/2131/3394
f 4443/2126/3309 4851/2087/3309 4852/2125/3395
f 4441/1997/3396 4443/2126/3309 4852/2125/3395
f 4441/1997/3396 4852/2125/3395 4802/2131/3394
f 4440/2127/3397 4441/1997/3396 4802/2131/3394
f 4440/2127/3397 4802/2131/3394 4810/2035/3398
f 4439/2075/3399 4440/2127/3397 4810/2035/3398
f 4439/2075/3399 4810/2035/3398 4811/2034/3400
f 4448/2129/3401 4439/2075/3399 4811/2034/3400
f 4832/2019/3245 4841/2133/3124 4429/2132/3122
f 4448/2129/3401 4811/2034/3400 4832/2019/3245
f 4437/2074/3125 4438/2002/3125 4447/1998/3247
f 4447/1998/3247 4448/2129/3401 4832/2019/3245
f 4832/2019/3245 4429/2132/3122 4430/2018/3127
f 4436/2017/3246 4437/2074/3125 4447/1998/3247
f 4832/2019/3245 4430/2018/3127 4436/2017/3246
f 4655/2020/3128 4886/1996/3234 4863/1993/3234
f 4896/1994/3248 4888/1996/3248 4889/1993/3249
f 4774/1994/3251 4899/1996/3251 4835/1993/3252
f 4836/1994/3253 4898/1996/3257 4899/1993/3251
f 4814/1994/3121 4845/1996/3121 4846/1993/3238
f 4826/1994/3254 4887/1996/3255 4897/1993/3255
f 4898/2022/3257 4836/2003/3253 4837/2024/3241
f 4837/2024/3241 4803/2023/3240 4804/2046/3256
f 4805/1994/3258 4806/1996/3259 4900/1993/3259
f 4246/2136/3128 4600/2135/3128 4833/2134/3128
f 4246/2136/3128 4833/2134/3128 4874/2105/3128
f 4331/2138/3128 4893/2137/3128 4246/2136/3128
f 4335/2025/3261 4333/2139/3128 4331/2138/3128
f 4843/2141/3153 4825/2140/3402 4335/2025/3261
f 4839/2143/3403 4891/2142/3152 4843/2141/3153
f 4839/2143/3403 4843/2141/3153 4335/2025/3261
f 4335/2025/3261 4331/2138/3128 4246/2136/3128
f 4246/2136/3128 4874/2105/3128 4747/2144/3128
f 4335/2025/3261 4246/2136/3128 4747/2144/3128
f 4336/2145/3128 4839/2143/3403 4335/2025/3261
f 4334/2146/3128 4336/2145/3128 4335/2025/3261
f 4335/2025/3261 4747/2144/3128 4748/2147/3128
f 4335/2025/3261 4748/2147/3128 4790/2027/3128
f 4332/2026/3128 4334/2146/3128 4335/2025/3261
f 4697/2149/3143 4251/2148/3143 4894/2030/3262
f 4894/2030/3262 4861/2150/3143 4323/2029/3143
f 4320/2028/3143 4697/2149/3143 4894/2030/3262
f 4817/1994/3145 4892/1996/3123 4842/1993/3123
f 4435/2033/3404 4807/2156/3148 4797/2115/3148
f 4435/2033/3404 4797/2115/3148 4798/2032/3147
f 4434/2119/3146 4435/2033/3404 4798/2032/3147
f 4434/2119/3146 4798/2032/3147 4761/2031/3146
f 4433/2154/3336 4434/2119/3146 4761/2031/3146
f 4433/2154/3336 4761/2031/3146 4762/2155/3336
f 4428/2152/3335 4433/2154/3336 4762/2155/3336
f 4428/2152/3335 4762/2155/3336 4780/2153/3335
f 4427/2151/3334 4428/2152/3335 4780/2153/3335
f 4427/2151/3334 4780/2153/3335 4848/2150/3334
f 4426/2003/3333 4427/2151/3334 4848/2150/3334
f 4426/2003/3333 4848/2150/3334 4849/2002/3333
f 4423/2093/3332 4426/2003/3333 4849/2002/3333
f 4423/2093/3332 4849/2002/3333 4850/2029/3332
f 4422/2061/3331 4423/2093/3332 4850/2029/3332
f 4422/2061/3331 4850/2029/3332 4865/2103/3331
f 4445/2095/3330 4422/2061/3331 4865/2103/3331
f 4445/2095/3330 4865/2103/3331 4881/2028/3330
f 4444/2096/3263 4445/2095/3330 4881/2028/3330
f 4444/2096/3263 4881/2028/3330 4800/2071/3263
f 4812/2099/3329 4869/2098/3405 4432/2073/3264
f 4432/2073/3264 4444/2096/3263 4800/2071/3263
f 4801/2072/3264 4812/2099/3329 4432/2073/3264
f 4878/1994/3149 4871/1996/3149 4797/1993/3148
f 4838/1994/3265 4876/1996/3242 4792/1993/3242
f 4891/1994/3152 4815/1996/3151 4752/1993/3151
f 4751/2003/3154 4752/2130/3151 4815/2131/3151
f 4751/2003/3154 4815/2131/3151 4406/2035/3154
f 4779/2128/3155 4751/2003/3154 4406/2035/3154
f 4779/2128/3155 4406/2035/3154 4424/2034/3155
f 4759/2063/3346 4779/2128/3155 4424/2034/3155
f 4759/2063/3346 4424/2034/3155 4425/2019/3346
f 4758/2125/3345 4759/2063/3346 4425/2019/3346
f 4758/2125/3345 4425/2019/3346 4402/2133/3344
f 4760/2087/3343 4758/2125/3345 4402/2133/3344
f 4760/2087/3343 4402/2133/3344 4403/2132/3342
f 4799/2126/3341 4760/2087/3343 4403/2132/3342
f 4799/2126/3341 4403/2132/3342 4407/2018/3340
f 4778/1997/3339 4799/2126/3341 4407/2018/3340
f 4778/1997/3339 4407/2018/3340 4408/2017/3338
f 4757/2127/3266 4778/1997/3339 4408/2017/3338
f 4757/2127/3266 4408/2017/3338 4409/2074/3266
f 4817/1998/3145 4755/2129/3145 4756/2075/3267
f 4756/2075/3267 4757/2127/3266 4409/2074/3266
f 4417/2002/3267 4817/1998/3145 4756/2075/3267
f 4420/2003/3406 4421/2013/3316 4869/2089/3405
f 4869/2089/3405 4812/2012/3329 4847/2036/3268
f 4847/2036/3268 4808/2005/3356 4809/2002/3407
f 4844/2066/3408 4880/2045/3109 4883/2067/3233
f 4847/2036/3268 4809/2002/3407 4844/2066/3408
f 4420/2003/3406 4869/2089/3405 4847/2036/3268
f 4883/2067/3233 4415/2010/3317 4416/2004/3269
f 4416/2004/3269 4420/2003/3406 4847/2036/3268
f 4847/2036/3268 4844/2066/3408 4883/2067/3233
f 4338/1994/3270 4838/1996/3265 4791/1993/3265
f 4773/1994/3252 4835/1996/3252 4834/1993/3272
f 4827/2092/3409 4337/2003/3410 4351/2091/3411
f 4351/2091/3411 4355/2124/3312 4354/2039/3125
f 4354/2039/3125 4378/2123/3412 4371/2122/3312
f 4371/2122/3312 4370/2121/3315 4377/2120/3125
f 4377/2120/3125 4376/2119/3125 4362/2118/3314
f 4362/2118/3314 4361/2117/3313 4360/2076/3125
f 4360/2076/3125 4357/2116/3316 4353/2016/3125
f 4353/2016/3125 4389/2115/3125 4388/2114/3125
f 4388/2114/3125 4387/2113/3313 4386/2068/3314
f 4386/2068/3314 4399/2112/3125 4398/2038/3125
f 4398/2038/3125 4397/2111/3313 4396/2110/3314
f 4396/2110/3314 4395/2109/3313 4393/2108/3125
f 4393/2108/3125 4392/2107/3125 4394/2106/3314
f 4394/2106/3314 4369/2105/3317 4368/2077/3125
f 4368/2077/3125 4367/2104/3317 4366/2015/3125
f 4366/2015/3125 4356/2103/3125 4352/2102/3125
f 4352/2102/3125 4365/2028/3125 4364/2069/3125
f 4364/2069/3125 4359/2101/3125 4358/2037/3125
f 4358/2037/3125 4375/2072/3316 4363/2100/3312
f 4363/2100/3312 4391/2099/3125 4390/2067/3125
f 4390/2067/3125 4382/2098/3315 4381/2097/3312
f 4381/2097/3312 4380/2073/3315 4379/2078/3125
f 4379/2078/3125 4374/2096/3125 4385/2014/3312
f 4385/2014/3312 4384/2095/3315 4383/2094/3125
f 4383/2094/3125 4373/2061/3125 4372/2070/3125
f 4870/2093/3413 4827/2092/3409 4351/2091/3411
f 4383/2094/3125 4372/2070/3125 4870/2093/3413
f 4379/2078/3125 4385/2014/3312 4383/2094/3125
f 4390/2067/3125 4381/2097/3312 4379/2078/3125
f 4358/2037/3125 4363/2100/3312 4390/2067/3125
f 4352/2102/3125 4364/2069/3125 4358/2037/3125
f 4368/2077/3125 4366/2015/3125 4352/2102/3125
f 4393/2108/3125 4394/2106/3314 4368/2077/3125
f 4398/2038/3125 4396/2110/3314 4393/2108/3125
f 4388/2114/3125 4386/2068/3314 4398/2038/3125
f 4360/2076/3125 4353/2016/3125 4388/2114/3125
f 4377/2120/3125 4362/2118/3314 4360/2076/3125
f 4354/2039/3125 4371/2122/3312 4377/2120/3125
f 4870/2093/3413 4351/2091/3411 4354/2039/3125
f 4379/2078/3125 4383/2094/3125 4870/2093/3413
f 4358/2037/3125 4390/2067/3125 4379/2078/3125
f 4368/2077/3125 4352/2102/3125 4358/2037/3125
f 4398/2038/3125 4393/2108/3125 4368/2077/3125
f 4360/2076/3125 4388/2114/3125 4398/2038/3125
f 4354/2039/3125 4377/2120/3125 4360/2076/3125
f 4379/2078/3125 4870/2093/3413 4354/2039/3125
f 4368/2077/3125 4358/2037/3125 4379/2078/3125
f 4360/2076/3125 4398/2038/3125 4368/2077/3125
f 4379/2078/3125 4354/2039/3125 4360/2076/3125
f 4248/2040/3096 4900/1996/3259 4806/1993/3259
f 4897/1994/3255 4887/1996/3255 4888/1993/3248
f 4875/1994/3243 4330/1996/3274 4794/1993/3274
f 4860/2022/3260 4322/2003/3143 4828/2024/3273
f 4828/2024/3273 4834/2023/3272 4805/2046/3258
f 4901/1995/3275 4304/1994/3414 4895/1996/3250
s 0
f 4909/2042/3276 4912/2042/3276 4451/2042/3276
f 4912/2042/3277 4913/2042/3277 4455/2042/3277
f 4673/2042/3168 4903/2042/3168 4915/2042/3168
f 4455/2042/3278 4913/2042/3278 4914/2042/3278
f 4679/2042/3279 4908/2042/3279 4454/2042/3279
f 4452/2042/3280 4914/2042/3280 4905/2042/3280
f 4908/2042/3281 4909/2042/3281 4453/2042/3281
f 4916/2042/3282 4904/2042/3282 4910/2042/3282
s 1
f 4459/2065/3096 4458/2003/3096 4258/2043/3096
f 4258/2043/3096 4700/2157/3096 4906/2008/3096
f 4906/2008/3096 4463/2002/3096 4462/2001/3096
f 4462/2001/3096 4461/2067/3096 4459/2065/3096
f 4459/2065/3096 4258/2043/3096 4906/2008/3096
f 4907/2011/3283 4256/2044/3175 4687/2079/3175
s 0
f 4456/2042/3176 4460/2042/3176 4259/2042/3176
f 4450/2042/3176 4457/2042/3176 4257/2042/3176
s 1
f 4902/2047/3285 4698/2161/3360 4250/2160/3359
f 4902/2047/3285 4250/2160/3359 4317/2162/3415
f 4321/2159/3143 4861/2158/3143 4894/2003/3262
f 4324/2022/3416 4321/2159/3143 4894/2003/3262
f 4902/2047/3285 4317/2162/3415 4316/2164/3417
f 4902/2047/3285 4316/2164/3417 4319/2165/3418
f 4324/2022/3416 4894/2003/3262 4902/2047/3285
f 4326/2163/3419 4324/2022/3416 4902/2047/3285
f 4902/2047/3285 4319/2165/3418 4318/2046/3286
f 4325/2045/3287 4326/2163/3419 4902/2047/3285
f 4840/2167/3420 4794/2003/3274 4330/2166/3274
f 4840/2167/3420 4330/2166/3274 4329/2169/3421
f 4749/2168/3422 4840/2167/3420 4329/2169/3421
f 4749/2168/3422 4329/2169/3421 4328/2173/3422
f 4306/2172/3090 4775/2171/3423 4750/2170/3424
f 4750/2170/3424 4749/2168/3422 4328/2173/3422
f 4750/2170/3424 4328/2173/3422 4327/2175/3425
f 4309/2174/3090 4306/2172/3090 4750/2170/3424
f 4313/2010/3090 4309/2174/3090 4750/2170/3424
f 4750/2170/3424 4327/2175/3425 4303/2050/3288
f 4303/2050/3288 4244/2177/3090 4245/2176/3090
f 4303/2050/3288 4245/2176/3090 4312/2179/3090
f 4313/2010/3090 4750/2170/3424 4303/2050/3288
f 4314/2178/3090 4313/2010/3090 4303/2050/3288
f 4303/2050/3288 4312/2179/3090 4315/2049/3090
f 4311/2048/3090 4314/2178/3090 4303/2050/3288
f 4307/2081/3090 4247/2181/3090 4541/2080/3090
f 4541/2080/3090 4775/2052/3423 4306/2045/3090
f 4541/2080/3090 4306/2045/3090 4305/2180/3090
f 4310/2003/3090 4307/2081/3090 4541/2080/3090
f 4541/2080/3090 4305/2180/3090 4308/2051/3090
f 4344/2182/3096 4342/2003/3371 4340/2055/3096
f 4340/2055/3096 4300/2185/3096 4301/2089/3096
f 4340/2055/3096 4301/2089/3096 4339/2058/3096
f 4346/2051/3096 4344/2182/3096 4340/2055/3096
f 4249/2183/3096 4449/2010/3096 4346/2051/3096
f 4302/2045/3096 4243/2184/3096 4249/2183/3096
f 4350/2186/3096 4302/2045/3096 4249/2183/3096
f 4249/2183/3096 4346/2051/3096 4340/2055/3096
f 4340/2055/3096 4339/2058/3096 4341/2187/3096
f 4340/2055/3096 4341/2187/3096 4343/2036/3096
f 4350/2186/3096 4249/2183/3096 4340/2055/3096
f 4349/2188/3096 4350/2186/3096 4340/2055/3096
f 4340/2055/3096 4343/2036/3096 4345/2054/3096
f 4340/2055/3096 4345/2054/3096 4347/2053/3289
f 4348/2002/3096 4349/2188/3096 4340/2055/3096
f 4239/2056/3143 4298/2003/3143 4297/2081/3143
f 4297/2081/3143 4294/2058/3143 4293/2036/3143
f 4293/2036/3143 4295/2057/3143 4241/2082/3143
f 4241/2082/3143 4239/2056/3143 4297/2081/3143
f 4729/1995/3219 4708/1994/3221 4694/2059/3183
f 4712/2010/3292 4284/2003/3222 4281/2011/3232
f 4264/2036/3291 4242/2060/3185 4692/2084/3185
f 4712/2010/3292 4281/2011/3232 4264/2036/3291
f 4261/2003/3293 4260/2194/3426 4276/2193/3427
f 4276/2193/3427 4275/2192/3428 4263/2191/3429
f 4265/2030/3294 4236/2190/3373 4240/2189/3373
f 4265/2030/3294 4240/2189/3373 4274/2096/3430
f 4276/2193/3427 4263/2191/3429 4265/2030/3294
f 4261/2003/3293 4276/2193/3427 4265/2030/3294
f 4265/2030/3294 4274/2096/3430 4273/2061/3295
f 4269/2003/3431 4238/2197/3382 4235/2196/3382
f 4299/2024/3296 4262/2195/3432 4272/2023/3433
f 4272/2023/3433 4271/2002/3434 4268/2046/3096
f 4272/2023/3433 4268/2046/3096 4267/2085/3297
f 4269/2003/3431 4235/2196/3382 4299/2024/3296
f 4270/2062/3435 4269/2003/3431 4299/2024/3296
f 4299/2024/3296 4272/2023/3433 4267/2085/3297
f 4266/2022/3298 4270/2062/3435 4299/2024/3296
