# Blender 4.3.2
# www.blender.org
o hull_bottom
v 0.595323 -0.155181 0.001254
v 0.595323 -0.155126 0.001074
v 0.595323 -0.155155 0.001057
vn -1.0000 -0.0000 -0.0000
vt 0.560211 0.996405
vt 0.560199 0.996331
vt 0.560211 0.996326
s 1
f 1/1/1 2/2/1 3/3/1
o hull_bottom.002
v -0.604019 0.124413 -0.029462
v -0.609080 0.120091 -0.036407
v -0.607911 0.120996 -0.035114
vn 0.3902 -0.8819 0.2645
vt 0.998426 0.535147
vt 0.995017 0.535147
vt 0.995710 0.535081
s 1
f 4/4/2 5/5/2 6/6/2
o hull_bottom.004
v -0.708985 0.058186 -0.024042
v -0.706290 0.058293 -0.029213
v -0.706546 0.058234 -0.028841
vn -0.6072 0.7353 -0.3012
vt 0.997330 0.985721
vt 0.995017 0.985721
vt 0.995195 0.985691
s 1
f 7/7/3 8/8/3 9/9/3
o hull_bottom.008
v -0.763923 -0.018464 0.001052
v -0.747176 -0.033730 0.001057
v -0.742825 -0.037723 0.001058
v -0.743838 -0.038003 0.001000
v -0.723602 -0.053724 -0.004009
v -0.744203 -0.035858 -0.003341
v -0.732770 -0.045698 -0.002836
v -0.722557 -0.056081 -0.004041
v -0.718866 -0.057513 -0.003928
v -0.716251 -0.059557 -0.003655
v -0.719882 -0.056850 -0.004009
v -0.770015 0.000141 -0.006009
v -0.769736 0.004087 -0.006009
v -0.768719 0.008564 -0.006009
v -0.772877 0.002646 0.001964
v -0.772882 -0.002363 0.001954
v -0.769634 -0.004467 -0.006009
v -0.772038 -0.007338 0.002084
v -0.773015 -0.002354 -0.006009
v -0.772617 0.005098 -0.006009
v -0.772188 -0.002223 0.002813
v -0.771871 0.003989 0.002948
v -0.765653 -0.019965 -0.006010
v -0.770642 -0.012013 -0.006009
v -0.768225 -0.016343 0.001964
v -0.769634 -0.004467 -0.004009
v -0.768495 -0.008962 -0.006009
v -0.768719 0.008564 -0.004009
v -0.766954 0.012873 -0.006009
v -0.764511 0.016813 -0.006009
v -0.765486 0.020521 -0.006009
v -0.770641 0.012295 -0.006009
v -0.770527 0.012255 0.001848
v -0.769956 0.012085 0.002755
v -0.772016 0.007594 0.002206
v -0.770894 0.002363 0.001037
v -0.769736 0.004087 -0.004009
v -0.770134 -0.006885 0.001215
v -0.770933 -0.002167 -0.004079
v -0.770015 0.000141 -0.004009
v -0.770892 -0.000742 0.000981
v -0.770883 0.002571 0.001040
v -0.770732 0.003520 0.001045
v -0.770578 0.004764 -0.004061
v -0.770283 0.006343 0.001055
v -0.770891 -0.002200 0.000986
v -0.770070 -0.007076 0.001032
v -0.770203 -0.006464 0.001025
v -0.769623 -0.008406 0.001054
v -0.768765 -0.010957 0.001059
v -0.768692 -0.011172 0.001149
v -0.768716 -0.011199 -0.004082
v -0.764055 -0.018615 -0.004054
v -0.770515 0.004886 0.001062
v -0.767605 0.004661 0.002490
v -0.770287 0.002727 0.000994
v -0.766620 -0.013224 -0.006009
v -0.768495 -0.008962 -0.004009
v -0.764105 -0.017065 -0.006009
v -0.766618 -0.017168 0.002974
v -0.770499 -0.011979 0.001979
v -0.766954 0.012873 -0.004009
v -0.764915 0.021064 0.001777
v -0.764413 0.021073 0.002509
v -0.768202 0.016600 0.002102
v -0.769804 0.008171 0.001046
v -0.765768 0.016628 0.001088
v -0.770158 0.007124 0.001230
v -0.768721 0.011463 -0.004079
v -0.767332 0.012621 0.001021
v -0.768684 0.011469 0.001041
v -0.766474 0.015693 0.001071
v -0.769569 -0.008566 0.001030
v -0.769646 -0.004390 -0.000009
v -0.770032 0.002078 -0.000009
v -0.769215 -0.004388 -0.005228
v -0.767667 -0.004070 0.000138
v -0.768026 0.001926 0.000136
v -0.769203 0.004714 -0.005252
v -0.769576 0.000164 -0.005310
v -0.765605 -0.008817 -0.012319
v -0.766092 0.010130 0.000105
v -0.761572 0.017352 0.000134
v -0.763106 0.018651 -0.000009
v -0.767957 0.010898 -0.000009
v -0.768110 0.009137 -0.005054
v -0.766607 0.004695 -0.012763
v -0.766256 -0.008177 -0.004605
v -0.767684 -0.011256 -0.000009
v -0.765848 -0.010428 0.000125
v -0.761457 -0.016830 -0.003672
v -0.766359 -0.013000 -0.004655
v -0.768132 -0.008817 -0.005006
v -0.766271 -0.015467 0.001047
v -0.769582 -0.007025 0.000977
v -0.765927 -0.013794 0.001144
v -0.766446 -0.015414 0.001057
v -0.766545 -0.015323 0.001185
v -0.764353 -0.016516 -0.000008
v -0.765859 -0.015558 0.001089
v -0.766630 0.015443 0.001068
v -0.764511 0.016813 -0.004009
v -0.764948 0.017712 0.001101
v -0.764226 0.018668 0.001086
v -0.744486 0.036148 -0.004009
v -0.722613 0.056352 -0.004057
v -0.763905 0.019191 -0.004088
v -0.764106 -0.017065 -0.004009
v -0.766620 -0.013224 -0.004009
v -0.757603 -0.023275 -0.002840
v -0.767259 -0.004051 -0.004843
v -0.763884 -0.008172 -0.011478
v -0.767596 0.000161 -0.004914
v -0.767249 0.004368 -0.004850
v -0.766231 0.008508 -0.004660
v -0.765903 -0.001980 -0.010230
v -0.764823 0.004370 -0.011865
v -0.763228 0.017886 -0.004824
v -0.766329 0.013313 -0.004722
v -0.761947 -0.016577 0.000113
v -0.762461 -0.016991 0.000073
v -0.762150 -0.017021 -0.009248
v -0.762984 -0.018122 -0.003955
v -0.763347 -0.013257 -0.012455
v -0.764626 -0.012030 -0.004291
v -0.761794 -0.012301 -0.011577
v -0.761463 -0.020004 -0.006009
v -0.762430 0.018663 0.001166
v -0.761688 0.016628 -0.004471
v -0.742604 0.035155 0.000100
v -0.763829 0.008575 -0.011488
v -0.764594 0.012340 -0.004364
v -0.761719 0.012780 -0.011488
v -0.761071 -0.017400 0.000011
v -0.761154 -0.017327 0.000112
v -0.754623 -0.023485 -0.000260
v -0.743106 -0.033925 -0.006174
v -0.742894 -0.031751 -0.013937
v -0.760669 -0.015818 -0.008608
v -0.764167 -0.017834 0.001035
v -0.748908 -0.031529 0.001073
v -0.760740 -0.017266 0.000462
v -0.763626 -0.019429 0.001089
v -0.764752 -0.017488 0.001095
v -0.764110 -0.018188 0.001057
v -0.764424 0.018405 0.001091
v -0.742802 0.037583 0.001122
v -0.764567 0.013143 0.002513
v -0.724368 -0.057235 0.001664
v -0.764706 -0.021019 0.001734
v -0.744823 -0.039517 0.001864
v -0.764689 -0.020396 0.002591
v -0.715608 -0.060442 -0.006009
v -0.723835 -0.057637 -0.006009
v -0.761463 -0.020004 -0.004009
v -0.738535 -0.041176 -0.006009
v -0.738535 -0.041177 -0.004009
v -0.761463 0.020286 -0.006009
v -0.744486 0.036147 -0.006009
v -0.761463 0.020286 -0.004009
v -0.722278 0.055314 -0.006009
v -0.714510 0.065243 -0.000000
v -0.714397 0.065352 -0.001679
v -0.723873 0.057888 -0.006011
v -0.714104 0.065297 -0.006010
v -0.744536 0.040013 0.001915
v -0.726095 0.056034 0.001903
v -0.754353 0.028154 0.001062
v -0.750106 -0.029415 0.001626
v -0.764196 -0.018050 0.001058
v -0.762944 -0.018734 0.001019
v -0.750945 -0.028174 0.001793
v -0.750480 -0.029019 0.001555
v -0.744609 -0.038857 0.002852
v -0.725732 -0.054886 0.002937
v -0.763441 0.019706 0.001081
v -0.744274 0.037525 0.001055
v -0.743476 0.038243 0.001055
v -0.762997 -0.018184 -0.002612
v -0.763197 -0.018008 -0.002369
v -0.744448 -0.035392 -0.006452
v -0.722278 0.055315 -0.004009
v -0.714510 0.062691 -0.000000
v -0.714236 0.062712 -0.004062
v -0.742119 0.039464 0.001050
v -0.719570 0.055212 0.000202
v -0.743941 0.036639 -0.000009
v -0.744234 0.033537 -0.014222
v -0.744450 0.035733 -0.006108
v -0.743107 0.034269 -0.005843
v -0.742754 -0.034594 -0.001727
v -0.745186 -0.032967 0.002018
v -0.742069 -0.035809 0.002225
v -0.740795 -0.036882 0.002280
v -0.739893 -0.037194 0.000107
v -0.739852 -0.037217 -0.000029
v -0.722849 -0.051773 0.000035
v -0.717619 -0.055916 -0.004279
v -0.720479 -0.053443 -0.004622
v -0.704960 -0.065781 -0.002964
v -0.701773 -0.029708 -0.009854
v -0.760291 -0.018410 0.002537
v -0.719046 -0.053010 -0.023005
v -0.748317 -0.029405 -0.001038
v -0.745282 -0.031076 0.009505
v -0.761308 -0.015470 0.008003
v -0.735769 -0.040511 -0.002634
v -0.717778 -0.055352 -0.009844
v -0.717778 -0.051578 -0.022400
v -0.741762 -0.035420 0.003543
v -0.714239 0.061620 -0.004009
v -0.736559 -0.042443 -0.003009
v -0.714498 0.059066 0.000180
v -0.714510 0.059047 -0.000000
v -0.714408 0.059036 -0.001516
v -0.714510 0.061376 -0.000000
v -0.720832 0.056752 -0.000018
v -0.725029 -0.054056 0.001058
v -0.722982 -0.051913 0.000098
v -0.740300 -0.037306 0.000087
v -0.742103 -0.037528 0.001079
v -0.723949 -0.053533 0.001096
v -0.720357 -0.056357 0.001108
v -0.740973 -0.037034 0.001861
v -0.740858 -0.036971 0.001989
v -0.722633 -0.052175 0.003057
v -0.695097 -0.072539 0.013209
v -0.722268 -0.052276 0.000109
v -0.710601 -0.063175 0.001839
v -0.721732 -0.055034 -0.004272
v -0.688124 -0.084718 -0.006009
v -0.715608 -0.060442 -0.004009
v -0.693003 -0.077594 -0.004009
v -0.693003 -0.077594 -0.006009
v -0.719046 -0.056881 -0.010127
v -0.693810 -0.076492 -0.008966
v -0.692640 -0.074879 -0.008765
v -0.721856 -0.055191 -0.004237
v -0.687211 -0.085345 0.001906
v -0.664955 -0.099879 0.001947
v -0.706038 -0.071661 0.001944
v -0.706645 -0.069932 0.002965
v -0.686270 -0.084700 0.002974
v -0.704520 -0.070061 0.003076
v -0.714438 0.062155 0.001072
v -0.724339 0.054899 0.001020
v -0.714441 0.062728 0.001024
v -0.714442 0.062892 0.001011
v -0.714429 0.062734 0.001193
v -0.714433 0.061438 0.001133
v -0.722017 0.053018 0.002974
v -0.723585 0.054201 0.001128
v -0.714104 0.061725 -0.006009
v -0.714237 0.062426 -0.004039
v -0.714405 0.062801 -0.001557
v -0.714381 0.065323 0.001916
v -0.744399 0.039241 0.002848
v -0.714104 0.063943 -0.006010
v -0.652955 -0.107026 -0.006009
v -0.686953 -0.083045 -0.004022
v -0.708511 -0.065541 -0.003687
v -0.672324 -0.091703 -0.004009
v -0.693810 -0.076798 -0.003715
v -0.669091 -0.093556 -0.003768
v -0.703954 -0.067921 0.002369
v -0.714364 0.061544 -0.002160
v -0.714509 0.061559 -0.000016
v -0.714499 0.059559 0.000160
v -0.714001 0.061011 -0.007529
v -0.712485 0.061067 -0.014929
v -0.719046 0.055638 -0.016558
v -0.711321 0.061326 -0.018256
v -0.718752 0.052019 -0.026063
v -0.712552 0.058512 -0.014602
v -0.714001 0.058442 -0.007529
v -0.717784 0.054138 -0.016136
v -0.742895 0.032169 -0.013625
v -0.708011 -0.063426 -0.003277
v -0.672324 -0.091703 -0.006009
v -0.714435 0.062804 0.001118
v -0.714305 0.062696 0.003043
v -0.724156 0.054883 0.003039
v -0.714352 0.064880 0.002338
v -0.725060 0.055754 0.002902
v -0.714310 0.063530 0.002967
v -0.714314 0.064278 0.002901
v -0.743392 0.038239 0.003034
v -0.723223 0.054473 0.003925
v -0.743048 0.037302 0.003887
v -0.714242 0.061560 0.003974
v -0.714273 0.062113 0.003511
v -0.714361 0.060084 0.002208
v -0.714001 0.061203 0.007529
v -0.714015 0.061225 0.007329
v -0.714305 0.059091 0.003033
v -0.714100 0.058792 0.006075
v -0.714001 0.058638 0.007529
v -0.712749 0.058655 0.013641
v -0.712667 0.061226 0.014040
v -0.719178 0.053591 0.013476
v -0.710467 0.060891 0.020698
v -0.746467 0.032827 0.010289
v -0.720439 0.055100 0.013857
v -0.712485 0.061093 0.014929
v -0.712551 0.061078 -0.014604
v -0.712485 0.058461 0.014929
v -0.712485 0.058501 -0.014929
v -0.711588 0.058701 -0.017493
v -0.711074 0.058321 0.018962
v -0.709985 0.058161 -0.022074
v -0.709985 0.060877 -0.022074
v -0.708790 0.060908 -0.024426
v -0.708985 0.058186 -0.024042
v -0.701453 -0.070019 0.002185
v -0.702640 -0.069068 0.002286
v -0.701428 -0.068863 0.003352
v -0.697324 -0.073366 0.001799
v -0.681925 -0.082901 0.003283
v -0.709985 0.060818 0.022074
v -0.707318 0.061212 0.027322
v -0.702227 0.061133 0.035114
v -0.720703 0.051764 0.023097
v -0.720439 0.047163 0.031641
v -0.709985 0.058154 0.022074
v -0.707946 0.058455 0.026087
v -0.706546 0.061000 0.028841
v -0.706546 0.060953 -0.028841
v -0.717492 0.050627 -0.025362
v -0.719046 0.046631 -0.034542
v -0.706546 0.058234 -0.028841
v -0.717782 0.045387 -0.033601
v -0.706290 0.058293 -0.029213
v -0.686025 -0.082087 -0.003533
v -0.669091 -0.093140 -0.010912
v -0.685815 -0.082230 -0.003536
v -0.692641 -0.075214 -0.002988
v -0.668021 -0.089595 -0.021279
v -0.706546 0.058070 0.028841
v -0.702227 0.058203 0.035114
v -0.702578 0.061286 -0.034603
v -0.705268 0.061248 -0.030698
v -0.703147 0.058338 -0.033778
v -0.702227 0.058355 -0.035114
v -0.697100 0.059519 -0.040787
v -0.717786 0.036409 -0.043137
v -0.694175 0.061968 -0.045941
v -0.719046 0.037414 -0.044332
v -0.690329 -0.079117 0.001166
v -0.682316 -0.078263 -0.001578
v -0.684634 -0.080654 -0.002800
v -0.672782 -0.088845 -0.000147
v -0.684080 -0.081179 -0.000234
v -0.664889 -0.093762 -0.002990
v -0.668021 -0.091905 -0.003030
v -0.702227 0.061293 -0.035114
v -0.697100 0.062456 -0.040787
v -0.695268 0.063054 0.042346
v -0.684790 0.066736 0.049954
v -0.695268 0.060778 0.046179
v -0.695268 0.048640 0.058797
v -0.697100 0.062344 0.040787
v -0.697100 0.059413 0.040787
v -0.694091 0.063601 -0.043348
v -0.692997 0.060671 -0.044961
v -0.668587 -0.090923 0.012075
v -0.692975 0.061089 -0.044297
v -0.691515 0.064311 -0.045540
v -0.691254 0.064390 -0.045762
v -0.691899 0.061397 -0.045213
v -0.692310 0.061272 -0.044863
v -0.694087 0.059485 0.045198
v -0.691254 0.061425 0.045762
v -0.684790 0.063706 0.049954
v -0.668589 0.062630 0.067322
v -0.694092 0.047596 0.057551
v -0.651760 -0.104255 -0.004009
v -0.651760 -0.104255 -0.006009
v -0.685992 -0.079731 -0.002832
v -0.691254 0.061525 -0.045762
v -0.690980 0.061540 0.045940
v -0.688604 0.062451 -0.047481
v -0.684790 0.063727 -0.049954
v -0.689264 0.065225 -0.047052
v -0.684790 0.066787 -0.049954
v -0.677816 0.067046 0.053291
v -0.668589 0.069955 0.059694
v -0.689203 -0.080309 0.001137
v -0.684456 -0.081801 0.000053
v -0.672199 -0.089254 0.000089
v -0.686512 -0.079548 0.000086
v -0.683447 -0.084098 0.001168
v -0.681779 0.065216 -0.051394
v -0.671370 -0.090412 0.000065
v -0.666348 -0.095527 0.001104
v -0.685756 -0.083950 0.001044
v -0.649989 -0.108553 -0.006009
v -0.649742 -0.107956 0.002730
v -0.649871 -0.108267 0.002415
v -0.652941 -0.107039 0.001483
v -0.650022 -0.108634 0.001579
v -0.665235 -0.098447 0.002978
v -0.661933 -0.097800 -0.003676
v -0.657180 -0.100618 -0.003615
v -0.651347 -0.104241 -0.000714
v -0.648820 -0.105719 -0.001044
v -0.651948 -0.105271 -0.004039
v -0.663419 -0.094675 -0.002259
v -0.668019 -0.091459 -0.010716
v -0.647229 -0.103403 -0.013755
v -0.648285 -0.105377 -0.012342
v -0.644509 -0.105408 -0.025025
v -0.664777 -0.097728 0.001055
v -0.666084 -0.095919 0.001082
v -0.677816 0.070074 0.053291
v -0.669664 0.074982 0.055869
v -0.670453 0.074433 0.055716
v -0.662840 0.079057 0.057186
v -0.644534 0.082566 0.070485
v -0.669664 0.071237 0.060796
v -0.677816 0.070103 -0.053291
v -0.662828 0.079075 -0.057188
v -0.655069 0.084426 -0.057682
v -0.669091 0.072085 -0.060377
v -0.644509 0.083236 -0.069734
v -0.669091 0.064590 -0.068321
v -0.677816 0.067102 -0.053291
v -0.670453 0.071422 -0.055716
v -0.662230 -0.097764 0.001472
v -0.666189 -0.095073 0.001520
v -0.657677 -0.098482 0.000079
v -0.660328 -0.096642 0.000090
v -0.648070 -0.103902 0.000092
v -0.658879 -0.097495 -0.000001
v -0.647874 -0.103427 -0.010047
v -0.670453 0.071407 0.055716
v -0.670453 0.074421 -0.055716
v -0.648861 -0.105820 -0.004009
v -0.668589 0.072705 0.056076
v -0.662828 0.076145 0.057188
v -0.668018 0.073099 -0.056186
v -0.669091 0.075359 -0.055979
v -0.648571 -0.105314 -0.010521
v -0.662828 0.076178 -0.057188
v -0.661176 -0.096459 0.002963
v -0.648444 -0.104808 0.001994
v -0.647894 -0.103476 0.010047
v -0.647663 -0.103502 0.011456
v -0.649958 -0.108479 0.001855
v -0.655069 0.084462 0.057682
v -0.655069 0.081542 0.057682
v -0.653501 0.085704 0.057582
v -0.660179 0.077987 0.057357
v -0.650211 0.085391 0.057373
v -0.644509 0.090769 -0.059616
v -0.655069 0.081529 -0.057682
v -0.657072 -0.100952 0.001232
v -0.651123 -0.103859 0.000520
v -0.651697 -0.103963 0.001227
v -0.651216 -0.104018 0.000006
v -0.647548 -0.103499 -0.012123
v -0.648726 -0.105492 0.001001
v -0.648604 -0.105197 0.000524
v -0.648674 -0.105367 0.000013
v -0.648646 -0.105297 -0.010047
v -0.647850 -0.103432 -0.010202
v -0.649125 -0.106460 0.003118
v -0.648981 -0.106111 0.003456
v -0.649173 0.088846 0.057307
v -0.639685 0.095845 -0.055716
v -0.632322 0.101557 -0.053291
v -0.644534 0.090117 0.060552
v -0.619526 0.092205 0.078728
v -0.647310 0.087497 0.057188
v -0.649848 -0.108211 -0.006009
v -0.649991 -0.108559 -0.005317
v -0.649179 -0.106591 -0.003663
v -0.648861 -0.105820 -0.006009
v -0.649214 -0.106676 -0.004038
v -0.649993 -0.108563 0.001514
v -0.648778 -0.105618 0.001260
v -0.649523 -0.107425 0.002975
v -0.649409 -0.107149 0.002993
v -0.662915 -0.098774 0.003030
v -0.683996 -0.084897 0.003071
v -0.647310 0.090199 0.057188
v -0.662156 -0.098078 0.003914
v -0.648334 -0.105369 0.012038
v -0.669664 -0.092596 0.012309
v -0.683013 -0.084475 0.004132
v -0.648066 -0.103892 0.003202
v -0.648806 -0.105687 0.004038
v -0.648659 -0.105330 0.010047
v -0.647257 -0.103467 0.013741
v -0.648009 -0.105294 -0.013755
v -0.648030 -0.105346 0.013756
v -0.647909 -0.105389 0.014008
v -0.696275 -0.074135 0.013516
v -0.646337 -0.105708 -0.017099
v -0.647298 -0.105525 0.015218
v -0.646601 -0.103611 0.015050
v -0.645567 -0.103842 0.017099
v -0.695268 -0.069496 0.030991
v -0.669664 -0.090567 0.022878
v -0.669664 -0.087339 0.033144
v -0.647068 0.087691 0.057141
v -0.643571 0.088659 0.059571
v -0.618683 0.099130 0.066619
v -0.643571 0.090499 0.056466
v -0.644534 0.092427 0.056652
v -0.639685 0.093230 0.055716
v -0.646349 -0.105737 0.017099
v -0.643571 -0.103319 0.026095
v -0.694083 -0.068009 0.030345
v -0.668588 -0.088930 0.022461
v -0.668589 -0.085757 0.032549
v -0.643545 -0.104641 -0.019273
v -0.645557 -0.103817 -0.017099
v -0.644509 -0.106457 -0.019074
v -0.643571 -0.104633 0.019246
v -0.644534 -0.106456 0.019051
v -0.640766 -0.107937 0.021459
v -0.644534 -0.105022 0.026525
v -0.633952 -0.111337 0.022047
v -0.643860 -0.106671 -0.019756
v -0.640775 -0.107959 -0.021459
v -0.643083 -0.104787 0.019756
v -0.636642 -0.107667 0.022047
v -0.640000 -0.106081 -0.021459
v -0.636656 -0.107700 -0.022047
v -0.643545 -0.103698 -0.024619
v -0.639685 0.095836 0.055716
v -0.643859 -0.106669 0.019756
v -0.643085 -0.104793 -0.019756
v -0.637430 -0.109578 -0.022047
v -0.639989 -0.106055 0.021459
v -0.629396 -0.113715 -0.022047
v -0.637419 -0.109550 0.022047
v -0.633889 -0.109087 0.022047
v -0.635870 0.096220 0.054460
v -0.632322 0.099000 0.053291
v -0.618683 0.106127 0.054810
v -0.593756 0.098827 0.084392
v -0.632322 0.101606 0.053291
v -0.637340 0.097674 0.054944
v -0.619526 0.100638 0.067634
v -0.631440 0.102375 0.052869
v -0.619526 0.107742 0.055645
v -0.619199 0.106558 -0.053454
v -0.632322 0.098967 -0.053291
v -0.628318 0.102418 -0.051375
v -0.639685 0.093256 -0.055716
v -0.644509 0.092482 -0.056647
v -0.643545 0.090565 -0.056461
v -0.643545 0.089301 -0.058650
v -0.668018 0.070791 -0.059286
v -0.629745 0.103778 -0.052057
v -0.620044 -0.117501 -0.027891
v -0.620044 -0.118531 -0.022047
v -0.620044 -0.113468 -0.041360
v -0.619199 -0.115733 -0.027472
v -0.627961 -0.112177 -0.022047
v -0.619199 -0.116689 -0.022047
v -0.594827 -0.125816 -0.029861
v -0.619198 -0.111761 -0.040738
v -0.618683 -0.116927 0.022047
v -0.603991 -0.123237 0.022047
v -0.619526 -0.117320 0.029628
v -0.619526 -0.118775 0.022047
v -0.604071 -0.125413 0.022047
v -0.594468 -0.127585 0.032218
v -0.618683 -0.115557 0.029183
v -0.618683 -0.111439 0.042277
v -0.626789 0.105947 0.050643
v -0.629991 0.101034 0.052175
v -0.619198 0.109788 -0.045966
v -0.625349 0.104671 -0.049954
v -0.620044 0.108182 -0.054269
v -0.595544 0.123539 -0.044922
v -0.595544 0.117491 -0.058944
v -0.625349 0.104599 0.049954
v -0.619526 0.111967 0.046178
v -0.625607 0.104400 0.050078
v -0.618683 0.110241 0.045591
v -0.620044 0.111527 -0.046514
v -0.625349 0.107113 -0.049954
v -0.606711 -0.122072 -0.022047
v -0.625349 0.107054 0.049954
v -0.618884 0.110054 0.045762
v -0.595544 -0.129091 -0.022047
v -0.607979 -0.123732 -0.022047
v -0.595544 -0.127637 -0.030293
v -0.618884 0.112388 -0.045762
v -0.618884 0.110022 -0.045762
v -0.616541 0.112045 0.043768
v -0.618884 0.112449 0.045762
v -0.617343 0.113746 0.044451
v -0.593756 -0.125769 0.031760
v -0.593758 -0.127632 0.022047
v -0.594468 -0.129537 0.022047
v -0.613038 0.114758 -0.040787
v -0.613888 0.114165 -0.041510
v -0.594827 0.121781 -0.044282
v -0.614635 0.115911 -0.042146
v -0.615369 0.113031 0.042771
v -0.616139 0.114760 0.043426
v -0.613038 0.116961 0.040787
v -0.594468 0.123322 0.046671
v -0.594468 0.117146 0.060509
v -0.593756 0.115482 0.059648
v -0.568807 0.122992 0.063533
v -0.593756 0.121570 0.046007
v -0.613038 0.114685 0.040787
v -0.609261 0.119945 0.036608
v -0.608662 0.118143 0.035945
v -0.613038 0.117026 -0.040787
v -0.608800 0.118040 -0.036097
v -0.570428 0.129654 -0.047148
v -0.607911 0.118736 0.035114
v -0.607911 0.120996 -0.035114
v -0.609080 0.120091 -0.036407
v -0.607911 0.118728 -0.035114
v -0.607911 0.121012 0.035114
v -0.595544 0.127919 -0.030293
v -0.571008 -0.135835 -0.032236
v -0.571008 -0.131175 -0.047804
v -0.604813 0.121522 0.030614
v -0.603592 0.122386 0.028841
v -0.605155 0.123490 0.031111
v -0.603592 0.124597 0.028841
v -0.594468 0.127868 0.032215
v -0.602617 0.125384 0.026922
v -0.594468 0.130724 0.017333
v -0.569377 0.131274 0.049684
v -0.603592 0.124707 -0.028841
v -0.604019 0.124413 -0.029462
v -0.594827 -0.127194 -0.022047
v -0.602281 0.123444 0.026262
v -0.593756 0.126051 0.031757
v -0.600153 0.125162 0.022074
v -0.568807 0.134250 0.033825
v -0.568807 0.129477 0.049003
v -0.584543 -0.130807 0.022047
v -0.603592 0.122500 -0.028841
v -0.594827 0.126098 -0.029861
v -0.568807 -0.133968 0.033828
v -0.568808 -0.136967 0.018198
v -0.594827 0.128712 -0.015037
v -0.600153 0.127382 -0.022074
v -0.600153 0.125176 -0.022074
v -0.595544 0.130571 -0.015254
v -0.600153 0.127372 0.022074
v -0.598418 0.129070 0.017113
v -0.598316 0.126959 0.016822
v -0.597654 0.127403 0.014929
v -0.596137 0.128685 0.007529
v -0.593756 0.128869 0.017076
v -0.593952 0.129982 0.003222
v -0.568808 0.137250 0.018188
v -0.596137 0.130862 0.007529
v -0.597654 0.129581 0.014929
v -0.594646 0.131796 0.004012
v -0.569377 0.139154 0.018453
v -0.570495 0.140069 0.003897
v -0.598313 0.126896 -0.016816
v -0.598257 0.129155 -0.016653
v -0.597730 0.129648 -0.015146
v -0.597654 0.127513 -0.014929
v -0.597654 0.129693 -0.014929
v -0.595912 0.129066 0.004211
v -0.596137 0.128593 -0.007529
v -0.595632 0.131419 -0.000059
v -0.595653 0.129215 -0.000371
v -0.596137 0.130769 -0.007529
v -0.595845 0.129187 0.003217
v -0.595720 0.130915 0.001360
v -0.595899 0.131270 0.004009
v -0.595941 0.131194 0.004632
v -0.595635 0.129250 0.000099
v -0.595628 0.131240 -0.000000
v -0.594829 0.129593 0.000100
v -0.595544 0.131459 -0.000009
v -0.596034 0.131401 -0.006011
v -0.596036 0.133375 -0.006036
v -0.596034 0.131231 -0.006009
v -0.595628 0.132197 -0.000000
v -0.595628 0.134340 -0.000000
v -0.595902 0.131376 -0.004055
v -0.577203 0.140741 -0.006035
v -0.573445 0.142264 0.001902
v -0.545610 0.149600 -0.006009
v -0.595716 0.134480 0.001307
v -0.576607 0.138136 -0.006009
v -0.555881 0.144095 -0.006009
v -0.555884 0.144101 -0.004009
v -0.576613 0.138155 -0.004009
v -0.572955 0.140292 0.001047
v -0.572180 0.140507 0.001051
v -0.576601 0.138913 -0.004060
v -0.595713 0.131018 0.001251
v -0.595840 0.132065 0.003137
v -0.594352 0.131596 0.001245
v -0.595703 0.132191 0.001104
v -0.595837 0.132160 0.003088
v -0.595699 0.132574 0.001056
v -0.595717 0.132360 0.001313
v -0.594718 0.132576 0.003095
v -0.595701 0.132359 0.001082
v -0.595828 0.133065 0.002957
v -0.595822 0.133645 0.002866
v -0.595758 0.134482 0.001921
v -0.572727 0.141563 0.002906
v -0.548788 0.148872 0.001905
v -0.574311 0.139820 0.001051
v -0.563223 0.141930 -0.000009
v -0.571008 0.139884 -0.000009
v -0.570430 0.137971 0.000102
v -0.585305 -0.132655 -0.022047
v -0.585731 -0.132507 -0.022047
v -0.584621 -0.130747 -0.022047
v -0.585319 -0.132689 0.022047
v -0.581834 -0.133967 -0.021459
v -0.581071 -0.132116 0.021459
v -0.578022 -0.133493 0.019756
v -0.581847 -0.133998 0.021459
v -0.581060 -0.132090 -0.021459
v -0.578006 -0.133453 -0.019756
v -0.578780 -0.135331 -0.019756
v -0.545871 -0.140247 -0.033282
v -0.570428 -0.133968 -0.031794
v -0.578799 -0.135376 0.019756
v -0.577345 -0.136194 0.018100
v -0.570248 -0.139757 0.004152
v -0.569377 -0.138871 0.018456
v -0.569377 -0.135831 0.034298
v -0.576436 -0.136615 -0.017099
v -0.571008 -0.138657 -0.016232
v -0.574143 -0.135523 0.013756
v -0.575659 -0.134731 0.017099
v -0.543666 -0.143360 0.019039
v -0.576357 -0.134431 0.017858
v -0.576425 -0.136589 0.017099
v -0.575662 -0.134738 -0.017099
v -0.575990 -0.136958 -0.016034
v -0.574939 -0.137452 -0.013755
v -0.567369 -0.140413 -0.002510
v -0.574460 -0.137832 -0.010047
v -0.574173 -0.135597 -0.013755
v -0.570428 -0.136751 -0.016010
v -0.574147 -0.135617 -0.013554
v -0.545871 -0.143160 -0.016759
v -0.544153 0.146677 -0.004009
v -0.543766 0.146762 -0.004208
v -0.535099 0.148666 -0.006009
v -0.545208 0.147621 -0.004071
v -0.575128 -0.135149 -0.015822
v -0.574909 -0.137380 0.013756
v -0.574924 -0.137463 -0.013643
v -0.575842 -0.141182 0.001765
v -0.573010 -0.142089 0.001870
v -0.575817 -0.141122 0.001875
v -0.575730 -0.140912 0.001534
v -0.575530 -0.140426 0.002854
v -0.575491 -0.140331 0.002957
v -0.575452 -0.140238 0.002965
v -0.548821 -0.147787 0.002881
v -0.573259 -0.141125 0.002954
v -0.545610 -0.149318 -0.006009
v -0.575731 -0.140912 -0.004352
v -0.575284 -0.139830 -0.006009
v -0.574944 -0.139006 -0.004040
v -0.574625 -0.138232 -0.002220
v -0.571129 -0.139409 -0.002610
v -0.574775 -0.138596 -0.003051
v -0.508398 -0.155233 0.001480
v -0.546812 -0.149043 0.001738
v -0.523884 -0.153265 0.001852
v -0.565922 -0.141101 -0.006009
v -0.575726 -0.140901 -0.006009
v -0.574648 -0.138288 -0.006009
v -0.574870 -0.138826 -0.004026
v -0.574535 -0.138014 0.001329
v -0.574213 -0.137235 0.000058
v -0.574418 -0.137731 0.001612
v -0.573695 -0.135977 -0.010047
v -0.565922 -0.141101 -0.004009
v -0.544388 -0.146513 -0.004009
v -0.574934 -0.138982 0.003143
v -0.574648 -0.138288 -0.004009
v -0.545183 -0.147316 -0.004037
v -0.571008 -0.139450 -0.002625
v -0.546305 -0.145986 -0.001844
v -0.545582 -0.146126 -0.001710
v -0.574879 -0.138849 0.003274
v -0.570712 -0.140382 0.003160
v -0.573908 -0.136495 0.000102
v -0.573696 -0.135981 0.010047
v -0.574463 -0.137839 0.010047
v -0.573824 -0.136292 0.005770
v -0.574646 -0.138284 0.004091
v -0.574568 -0.138095 0.006504
v -0.573905 -0.136488 0.003330
v -0.571183 -0.139042 0.001402
v -0.570599 -0.138249 0.000070
v -0.570379 -0.139301 0.001431
v -0.569265 -0.139592 0.001412
v -0.560800 -0.141963 0.001403
v -0.574148 -0.137076 0.000420
v -0.571240 0.140460 0.001086
v -0.548190 0.147087 0.001013
v -0.570564 0.139984 0.001165
v -0.570430 -0.137690 0.000102
v -0.551682 -0.145166 0.001084
v -0.548541 -0.146661 0.001056
v -0.545882 -0.145229 0.000044
v -0.546100 -0.145168 0.000045
v -0.525536 -0.147850 0.000103
v -0.545950 -0.145028 0.000437
v -0.569693 -0.137889 0.003426
v -0.549169 -0.144310 0.000048
v -0.524076 -0.152385 0.002953
v -0.546363 -0.147191 0.003013
v -0.572434 0.140590 0.001033
v -0.556583 0.141626 0.000103
v -0.547643 0.144244 0.000089
v -0.545908 0.144586 0.000095
v -0.545877 0.146434 0.001170
v -0.537936 0.146060 0.000094
v -0.557202 0.141666 0.000091
v -0.571008 0.138939 -0.016232
v -0.521059 -0.147654 -0.017284
v -0.545872 -0.144142 0.000104
v -0.547590 0.143966 -0.000002
v -0.545872 0.144424 0.000105
v -0.570428 0.137033 -0.016010
v -0.556038 0.141748 0.000020
v -0.545871 0.143442 -0.016759
v -0.545541 -0.144491 0.002654
v -0.555100 -0.143858 0.001181
v -0.533231 -0.148010 0.001598
v -0.520892 -0.148758 0.003034
v -0.543613 -0.146474 -0.001897
v -0.546305 -0.145104 -0.016986
v -0.546305 -0.142151 -0.033733
v -0.544388 -0.146513 -0.006009
v -0.522994 -0.150405 -0.004009
v -0.522994 -0.150405 -0.006009
v -0.546305 0.145386 -0.016986
v -0.549987 0.145266 -0.002427
v -0.547283 0.142367 -0.000522
v -0.546586 0.144131 -0.001713
v -0.545973 0.144394 0.000039
v -0.538651 0.145741 0.000105
v -0.538840 0.145702 0.000035
v -0.545872 0.144296 -0.002087
v -0.548194 0.143725 -0.001419
v -0.543549 0.146632 -0.004229
v -0.545731 0.146295 -0.003175
v -0.546201 -0.146475 0.001082
v -0.531410 -0.148966 0.001116
v -0.546305 0.146195 -0.003100
v -0.521340 0.149908 -0.017514
v -0.546305 0.142433 -0.033733
v -0.571008 0.136117 -0.032236
v -0.511337 0.155036 0.001509
v -0.524079 0.153486 0.001795
v -0.508206 0.155539 -0.006009
v -0.523711 0.153085 0.002754
v -0.521234 0.151870 0.003045
v -0.496317 0.155494 0.002887
v -0.548421 0.148088 0.002886
v -0.570826 0.140857 0.003066
v -0.523911 -0.151337 0.001049
v -0.523522 0.151755 0.001044
v -0.569942 0.138235 0.002989
v -0.528199 0.149630 0.001178
v -0.529794 0.148285 0.002212
v -0.529164 0.148816 0.001803
v -0.540914 0.145061 -0.004481
v -0.527736 0.147467 -0.004430
v -0.521061 0.149513 0.002559
v -0.522776 0.149123 0.002637
v -0.507747 0.125292 -0.007648
v -0.498202 0.151182 0.000112
v -0.521046 0.149013 0.003052
v -0.471702 -0.156863 0.001801
v -0.515615 -0.149180 0.000026
v -0.521063 -0.148641 -0.000323
v -0.520491 -0.148701 -0.000293
v -0.529303 -0.148633 0.001636
v -0.516873 -0.149064 0.000103
v -0.508849 -0.150244 0.000082
v -0.497259 -0.150996 0.000105
v -0.495523 -0.150234 -0.017583
v -0.570428 0.134250 -0.031794
v -0.508206 -0.155257 -0.006009
v -0.514113 0.151874 -0.006009
v -0.501764 -0.152824 -0.004009
v -0.507941 -0.151814 -0.002168
v -0.521340 -0.150460 -0.003189
v -0.508002 -0.153222 -0.004036
v -0.490160 -0.153414 -0.004011
v -0.489698 -0.153514 -0.002850
v -0.470553 -0.154883 -0.004025
v -0.527455 0.149570 -0.004167
v -0.535099 0.148666 -0.004134
v -0.521061 0.147935 -0.017285
v -0.507982 0.152363 -0.004189
v -0.514113 0.151874 -0.004132
v -0.521340 0.150686 -0.004143
v -0.545543 0.144556 0.003069
v -0.499852 0.153108 0.001162
v -0.543668 0.143642 0.019039
v -0.518248 0.148033 0.019621
v -0.521198 -0.149996 0.001799
v -0.518897 -0.150288 0.001744
v -0.495939 -0.151365 0.002983
v -0.507961 0.149960 -0.004496
v -0.521063 0.148685 -0.004404
v -0.495521 0.150517 -0.017582
v -0.489619 0.154026 -0.000009
v -0.464572 0.157151 0.001481
v -0.496920 0.156287 0.001909
v -0.498615 -0.156022 0.001855
v 0.595324 -0.155817 0.002965
v -0.498841 -0.155142 0.002975
v -0.496553 -0.154112 0.003051
v -0.501764 -0.152824 -0.006009
v -0.490395 -0.153363 -0.004601
v -0.490998 -0.153335 -0.004009
v -0.507978 0.151986 -0.004237
v -0.507596 0.152394 -0.004009
v -0.499023 0.153107 -0.000009
v -0.496177 0.153488 0.001159
v -0.496860 0.153971 0.001091
v -0.514115 -0.150860 0.001664
v -0.517175 -0.150901 -0.002897
v -0.494584 -0.153075 -0.002345
v -0.488362 -0.153459 -0.004009
v -0.495655 -0.152221 -0.017818
v -0.471376 -0.149713 -0.035540
v -0.521340 -0.149626 -0.017514
v -0.533811 -0.148207 -0.002830
v -0.496358 -0.152805 0.001596
v -0.469518 -0.149996 0.003432
v -0.507202 -0.150461 0.000079
v -0.501287 -0.152413 0.001476
v -0.495753 0.153340 -0.004009
v -0.495753 0.153340 -0.006009
v -0.491653 0.153513 -0.006009
v -0.492060 0.153471 -0.006009
v 0.007297 -0.156770 0.002607
v 0.028534 -0.157164 0.001862
v -0.045357 -0.154195 -0.006009
v -0.480391 -0.153837 -0.006009
v -0.480391 -0.153837 -0.004009
v -0.470594 -0.156897 -0.006009
v -0.470565 0.157174 -0.006010
v -0.485971 -0.153619 -0.002711
v -0.471178 -0.153691 -0.001379
v -0.405863 -0.153701 -0.001365
v -0.496956 0.154137 0.001069
v -0.507991 0.153499 -0.004044
v -0.496429 0.154161 0.001072
v -0.496233 0.154165 0.001074
v -0.482323 0.154503 0.001093
v -0.482248 0.153822 -0.004009
v -0.464889 0.154929 0.001084
v -0.473110 0.154148 -0.004009
v -0.404225 0.155006 0.001129
v -0.470523 0.155166 -0.004054
v -0.490978 0.153683 -0.004017
v -0.493607 0.153416 -0.004009
v -0.485529 0.153821 -0.004015
v -0.489522 0.152030 0.000114
v -0.486698 -0.153114 0.001442
v -0.471008 0.154118 0.001164
v -0.472878 -0.156122 0.002854
v -0.487725 -0.153068 0.001447
v -0.491342 -0.151491 0.000110
v -0.488493 -0.151760 0.000072
v -0.471633 -0.152822 0.000548
v -0.475626 -0.152866 0.000045
v 0.432873 -0.153286 0.000032
v 0.007298 -0.155386 0.001061
v -0.472856 -0.155008 0.001052
v -0.148423 -0.154446 0.001069
v -0.046487 -0.155067 0.001054
v -0.249099 -0.153580 0.001497
v -0.495655 0.152503 -0.017818
v -0.471379 0.153110 -0.017874
v -0.495655 0.149405 -0.035385
v -0.521340 0.146863 -0.034783
v -0.484178 0.153753 -0.005338
v -0.489091 0.153577 -0.006009
v -0.488157 -0.151764 0.000105
v -0.471512 -0.153054 0.000033
v -0.471354 -0.150835 -0.017670
v -0.471351 -0.147764 -0.035078
v -0.471373 -0.152824 -0.017903
v 0.595324 0.151253 -0.017793
v 0.595324 0.154306 -0.000008
v 0.595324 0.153243 -0.018027
v -0.473110 0.154147 -0.006009
v 0.595324 0.152310 0.000109
v -0.471360 0.151120 -0.017642
v -0.495529 0.147458 -0.034924
v -0.137436 0.154424 -0.006009
v 0.595324 -0.152989 -0.017784
v 0.595324 -0.152013 0.000107
v 0.595324 -0.149890 -0.035442
v 0.595324 -0.150999 -0.017553
v 0.595324 -0.147940 -0.034981
v -0.477861 -0.153960 0.001120
v -0.470901 -0.154210 0.001117
v -0.066142 -0.153581 0.001497
v -0.470798 -0.152643 0.002061
v -0.471689 0.154762 0.001096
v 0.002426 0.153578 0.001630
v -0.137436 0.154424 -0.004009
v 0.266728 -0.154212 -0.004009
v 0.595324 -0.154939 -0.004009
v -0.045357 -0.154195 -0.004009
v 0.266728 -0.154212 -0.006009
v -0.476810 -0.154189 0.001108
v -0.476394 -0.154133 0.001074
v -0.135146 -0.154508 0.001098
v -0.206815 -0.153981 0.001256
v -0.021722 0.155510 0.001056
v -0.472201 0.155245 0.001045
v 0.064813 0.155507 0.001058
v 0.000938 0.155542 0.001020
v 0.083074 0.155502 0.001058
v 0.143916 0.155492 0.001050
v 0.025670 0.155580 0.001057
v 0.595323 -0.155218 0.001262
v 0.595324 -0.156962 0.001656
v 0.018742 -0.153601 0.001522
v 0.070739 -0.153575 0.001489
v 0.012277 -0.153092 0.001928
v 0.127474 -0.153826 -0.001340
v 0.595324 -0.156932 -0.006009
v 0.000938 0.157543 0.001588
v 0.595324 0.154191 -0.006009
v 0.595324 0.157216 -0.006010
v 0.469803 0.154312 -0.006009
v -0.473929 0.157105 0.001911
v -0.472211 0.156275 0.002931
v 0.025671 0.156664 0.002903
v 0.595324 -0.153926 -0.004009
v -0.283823 0.155168 0.001049
v -0.043904 0.155482 0.001055
v 0.089842 0.155493 0.001058
v 0.595324 0.154191 -0.004009
v 0.595323 0.155217 0.001015
v 0.595323 0.155477 0.000983
v 0.595323 0.155237 -0.004031
v 0.144241 -0.152897 0.020319
v -0.488604 -0.149079 0.037634
v 0.595324 -0.152578 0.020281
v 0.595324 -0.153961 0.003880
v -0.469539 -0.153787 0.004357
v -0.496056 -0.153261 0.003889
v 0.595322 -0.151378 0.002684
v 0.595322 -0.150594 0.020013
v 0.012277 -0.154155 0.004149
v -0.470828 -0.154162 0.003453
v 0.021059 -0.154957 0.003107
v -0.488904 -0.152424 0.020165
v -0.518513 -0.146441 0.036976
v -0.470909 -0.154926 0.003025
v 0.595324 0.154807 0.001065
v -0.010485 0.152452 0.003712
v 0.595323 0.153110 0.001897
v 0.469803 0.154312 -0.004009
v 0.595324 -0.153926 -0.006009
v 0.595323 -0.155440 0.002010
v 0.595324 -0.156525 0.002565
v 0.396151 -0.153535 0.001436
v 0.595323 -0.153924 -0.001513
v 0.595323 -0.154818 0.001106
v 0.461592 -0.153754 0.001289
v 0.595323 -0.153928 0.001236
v 0.595324 -0.154010 -0.000007
v 0.595323 -0.153294 0.000034
v 0.595323 -0.152998 0.000761
v 0.595323 -0.155155 0.001057
v 0.595323 -0.153745 0.001263
v 0.595324 -0.026218 0.151879
v 0.595323 -0.025880 0.149905
v 0.595324 -0.008719 0.153797
v 0.144241 0.009023 0.154118
v 0.144241 -0.008737 0.154118
v 0.595322 -0.008609 0.151797
v 0.595322 0.008894 0.151797
v 0.144242 -0.008591 0.152119
v 0.144241 0.008889 0.152119
v 0.595323 0.026408 0.149862
v 0.595324 -0.042921 0.145925
v 0.595324 0.009004 0.153797
v -0.488513 0.043243 0.145639
v 0.595322 0.126289 0.084893
v 0.595322 0.115696 0.098827
v 0.595324 0.117222 0.100125
v 0.144241 0.126542 0.085092
v 0.595324 0.091444 0.124203
v 0.595323 0.103738 0.111431
v -0.488514 0.103467 0.111323
v 0.144242 0.115964 0.099007
v 0.595324 0.127948 0.086016
v 0.595322 0.135346 0.069783
v 0.595324 0.137125 0.070702
v 0.595322 -0.142051 0.053872
v 0.595324 -0.136698 0.070771
v 0.595324 -0.143922 0.054588
v 0.144242 -0.142337 0.054021
v 0.595322 -0.134917 0.069856
v 0.144241 -0.135213 0.069982
v 0.595324 -0.127675 0.086176
v 0.595323 -0.126011 0.085060
v -0.488514 -0.115294 0.098712
v 0.595322 0.147581 0.037183
v 0.595324 0.144205 0.054585
v 0.595322 0.142330 0.053880
v 0.144242 0.142643 0.053959
v 0.144241 0.128214 0.086195
v 0.144241 0.144505 0.054698
v -0.488513 0.135052 0.069778
v -0.488514 0.142173 0.053821
v -0.518250 0.144797 0.036486
v 0.144241 0.147887 0.037282
v -0.488512 -0.141894 0.053813
v 0.595322 -0.147361 0.037335
v 0.595324 -0.149302 0.037826
v 0.144241 -0.150913 0.020050
v -0.488513 -0.147137 0.037144
v -0.488813 -0.150438 0.019901
v -0.518250 -0.139365 0.052861
v 0.595324 0.149522 0.037678
v 0.595324 0.154164 0.004225
v 0.595324 0.152980 0.020124
v 0.595323 0.150996 0.019856
v -0.466160 0.150824 0.020020
v -0.488605 -0.008716 0.153631
v -0.488605 -0.026302 0.151597
v 0.595324 -0.043488 0.147846
v -0.488514 -0.042970 0.145636
v -0.488514 -0.025958 0.149623
v -0.488513 -0.008600 0.151630
v -0.518250 -0.008438 0.148933
v 0.595324 0.026749 0.151835
v 0.595324 0.044011 0.147775
v -0.488604 0.043811 0.147560
v 0.595324 0.043441 0.145854
v -0.488514 0.059685 0.139725
v 0.595324 0.059907 0.139916
v -0.488514 0.008873 0.151631
v -0.488514 0.026230 0.149626
v 0.595324 0.105105 0.112895
v 0.595324 0.090257 0.122588
v 0.595324 0.075581 0.132127
v -0.488514 0.115569 0.098719
v -0.518250 0.123906 0.083295
v 0.595324 -0.116931 0.100285
v 0.595324 -0.103277 0.111597
v 0.595324 -0.115410 0.098981
v -0.488514 -0.103192 0.111316
v -0.488604 -0.116816 0.100014
v -0.488603 -0.127530 0.085920
v -0.518250 -0.101349 0.109339
v -0.488512 -0.125868 0.084802
v -0.488511 -0.134774 0.069769
v -0.010486 0.154411 0.004301
v 0.595324 0.154588 0.003398
v 0.595323 0.152193 0.003672
v -0.493891 0.150319 0.019930
v -0.471734 0.152295 0.002943
v -0.488516 0.147415 0.037157
v 0.595324 -0.154700 0.003139
v 0.595323 0.155576 0.001218
v 0.595324 0.157215 0.001724
v 0.595323 0.155858 0.001322
v 0.595324 0.155379 0.003008
v -0.518513 -0.025829 0.148920
v -0.488605 0.008988 0.153631
v -0.518513 0.008838 0.150917
v -0.518513 0.043046 0.144951
v -0.488605 0.026574 0.151599
v 0.595324 -0.076073 0.133991
v 0.595324 -0.060180 0.141858
v -0.488605 -0.043538 0.147557
v 0.595324 0.060693 0.141759
v -0.488605 0.060470 0.141568
v -0.518513 0.074990 0.131337
v -0.518513 0.059410 0.139064
v -0.488514 -0.059411 0.139721
v 0.595324 -0.059396 0.140014
v -0.518250 -0.042197 0.143046
v 0.595324 0.076574 0.133866
v -0.488514 0.075338 0.131962
v -0.518250 0.074006 0.129610
v -0.488605 -0.076057 0.133698
v -0.488605 -0.060197 0.141564
v -0.488605 0.076330 0.133703
v 0.595324 -0.075083 0.132250
v -0.488514 -0.075065 0.131957
v -0.488515 0.089997 0.122453
v 0.595324 -0.104638 0.113066
v 0.595324 -0.090958 0.124352
v -0.488606 0.091182 0.124068
v -0.488605 0.104830 0.112791
v -0.518513 0.102985 0.110794
v -0.518513 0.089579 0.121872
v -0.488515 -0.089723 0.122447
v 0.595324 -0.089775 0.122736
v -0.518250 -0.073721 0.129612
v -0.488605 -0.104555 0.112784
v -0.488606 -0.090908 0.124062
v -0.488605 0.117092 0.100022
v -0.518513 0.115030 0.098250
v -0.518250 -0.088119 0.120272
v -0.518513 -0.102701 0.110796
v -0.518513 -0.089295 0.121874
v 0.144241 0.117467 0.100333
v -0.518513 0.125554 0.084405
v -0.488604 0.136831 0.070698
v 0.144241 -0.136984 0.070919
v -0.518513 -0.125271 0.084408
v -0.488603 -0.136553 0.070689
v 0.144241 0.149833 0.037757
v -0.518513 0.134419 0.069443
v -0.488605 0.144047 0.054532
v -0.488604 -0.143768 0.054523
v 0.144241 -0.144222 0.054701
v -0.518513 -0.141224 0.053565
v -0.466175 0.152808 0.020294
v -0.471766 0.154180 0.003853
v -0.496547 0.153516 0.003883
v -0.488606 0.149359 0.037644
v 0.002427 0.154968 0.003279
v 0.595324 0.156284 0.002904
v 0.595324 -0.144762 -0.052619
v 0.595324 0.148167 -0.035216
v -0.471377 0.144867 -0.052670
v -0.471378 0.150001 -0.035512
v 0.595324 0.150116 -0.035679
v 0.595324 0.144960 -0.052849
v -0.471353 0.148052 -0.035050
v 0.595324 -0.137675 -0.069086
v 0.595324 -0.142879 -0.051936
v 0.595324 -0.135884 -0.068189
v -0.471355 -0.142692 -0.052011
v -0.471379 0.137774 -0.069115
v 0.595324 0.137847 -0.069304
v 0.595324 0.143078 -0.052163
v -0.471352 0.142984 -0.051985
v -0.471354 0.135984 -0.068216
v -0.495655 -0.149123 -0.035385
v -0.495655 0.137223 -0.068854
v -0.495655 0.144289 -0.052475
v 0.595324 -0.127049 -0.083519
v -0.471350 -0.135689 -0.068241
v 0.595324 0.128871 -0.084823
v 0.595324 0.136057 -0.068404
v 0.595324 0.127198 -0.083720
v -0.495529 0.135435 -0.067956
v -0.471375 -0.137480 -0.069141
v -0.471380 -0.144575 -0.052697
v 0.595324 -0.116494 -0.097720
v -0.471377 -0.128523 -0.084650
v 0.595324 -0.128724 -0.084618
v -0.495529 -0.142127 -0.051790
v 0.595324 0.118155 -0.099194
v 0.595324 0.116621 -0.097905
v -0.471354 0.127147 -0.083525
v -0.495529 0.116119 -0.097326
v -0.471379 0.128821 -0.084626
v -0.495655 0.117651 -0.098612
v -0.471352 -0.126849 -0.083549
v -0.495529 -0.135153 -0.067956
v 0.595324 0.105842 -0.112224
v -0.471353 0.104463 -0.110564
v -0.471352 0.116593 -0.097705
v 0.595324 -0.118030 -0.099007
v -0.471377 0.118128 -0.098993
v -0.471352 -0.116293 -0.097727
v 0.595324 -0.104362 -0.110600
v -0.471354 -0.104161 -0.110583
v 0.595324 0.104468 -0.110765
v 0.595324 -0.105738 -0.112056
v -0.471377 -0.117827 -0.099015
v -0.471378 0.105838 -0.112021
v 0.595324 -0.090816 -0.121984
v -0.471353 -0.090619 -0.121944
v -0.495529 -0.103755 -0.110132
v 0.595324 0.077114 -0.133575
v 0.595324 0.092100 -0.123736
v -0.471379 0.077158 -0.133377
v -0.471377 0.092120 -0.123534
v 0.595324 0.090905 -0.122128
v -0.471352 0.090924 -0.121928
v 0.595324 0.076114 -0.131839
v -0.495529 0.075840 -0.131124
v 0.595324 -0.092014 -0.123590
v -0.471378 -0.091815 -0.123551
v -0.471379 -0.105536 -0.112041
v 0.595324 -0.076041 -0.131719
v -0.471378 0.061154 -0.141417
v -0.471353 0.076156 -0.131642
v -0.471353 0.060360 -0.139577
v -0.495529 0.060107 -0.139025
v 0.595324 -0.077044 -0.133453
v 0.595324 -0.061030 -0.141511
v -0.471377 -0.076851 -0.133392
v 0.595324 -0.044189 -0.147656
v 0.595324 -0.060235 -0.139672
v -0.471352 -0.060052 -0.139588
v -0.471352 -0.075849 -0.131656
v -0.495529 -0.075558 -0.131124
v -0.471353 0.043750 -0.145624
v 0.595324 0.060296 -0.139768
v -0.471377 -0.060846 -0.141428
v 0.595324 0.061088 -0.141608
v -0.471378 0.044325 -0.147543
v 0.595324 -0.043613 -0.145737
v -0.471353 -0.043441 -0.145632
v -0.495529 -0.059825 -0.139025
v 0.595324 0.043664 -0.145807
v -0.471353 0.026550 -0.149702
v 0.595324 0.026444 -0.149873
v -0.495529 0.043563 -0.145047
v -0.471379 -0.044015 -0.147552
v -0.495655 -0.060617 -0.140862
v 0.595324 0.044237 -0.147726
v -0.495655 0.044136 -0.146964
v 0.595324 -0.026399 -0.149832
v -0.471352 0.008993 -0.151756
v -0.495529 0.008944 -0.151151
v 0.595324 -0.026748 -0.151804
v 0.595324 -0.008944 -0.153899
v -0.471379 0.026898 -0.151675
v 0.595324 0.008983 -0.153914
v 0.595324 0.026790 -0.151847
v -0.495655 0.009060 -0.153149
v -0.495655 0.026779 -0.151078
v -0.471353 -0.026240 -0.149707
v 0.595324 -0.008826 -0.151900
v -0.495529 -0.026149 -0.149107
v 0.595324 0.008868 -0.151914
v -0.471353 -0.008683 -0.151758
v -0.495529 -0.008662 -0.151151
v -0.471378 -0.026588 -0.151680
v -0.495655 -0.026496 -0.151078
v -0.471378 0.009110 -0.153756
v -0.471378 -0.008799 -0.153758
v -0.761970 0.017205 0.009851
v -0.746466 0.024833 0.023756
v -0.746821 0.029240 0.017499
v -0.720704 0.040896 0.039206
v -0.762630 0.013517 0.013492
v -0.765635 0.012878 0.008175
v -0.746832 0.018568 0.028508
v -0.761994 0.009393 0.017437
v -0.720703 0.019230 0.053231
v -0.720703 0.030873 0.047471
v -0.762905 0.018488 0.003919
v -0.746696 0.011520 0.032104
v -0.762472 0.003538 0.018858
v -0.765340 0.006687 0.014196
v -0.764887 -0.000014 0.016260
v -0.768214 0.004429 0.009118
v -0.767242 0.008761 0.008767
v -0.761281 -0.002195 0.020244
v -0.761227 -0.007014 0.019114
v -0.746695 -0.011543 0.031994
v -0.720439 -0.015944 0.054342
v -0.746695 -0.003932 0.033816
v -0.746466 -0.018544 0.028719
v -0.720703 -0.035932 0.043552
v -0.767316 -0.008209 0.008807
v -0.764600 -0.004315 0.016053
v -0.763210 -0.009422 0.015709
v -0.720703 -0.006413 0.056168
v -0.695268 -0.033793 0.068246
v -0.720703 -0.025041 0.050634
v -0.694935 -0.045022 0.061539
v -0.695268 -0.017323 0.074188
v -0.746696 0.003893 0.033853
v -0.768197 -0.003931 0.009231
v -0.762354 -0.013478 0.013648
v -0.746840 -0.024386 0.023458
v -0.765598 -0.012550 0.008399
v -0.768194 -0.009446 0.003554
v -0.695268 -0.054892 0.052732
v -0.545964 0.146443 0.003967
v -0.544088 0.142403 0.035882
v -0.569377 0.136113 0.034295
v -0.546072 0.147348 0.003055
v -0.544088 0.145583 0.019306
v -0.518513 0.150002 0.019893
v -0.518513 0.141507 0.053562
v -0.521323 0.150927 0.003958
v -0.518513 0.146724 0.036972
v -0.494008 0.152301 0.020199
v -0.496231 0.154403 0.003056
v -0.471015 0.155005 0.003078
v -0.544088 -0.142120 0.035885
v -0.518513 -0.149719 0.019896
v -0.544088 -0.145301 0.019310
v -0.521159 -0.150670 0.003943
v -0.545940 -0.146288 0.003714
v -0.521488 -0.151523 0.003060
v -0.544088 -0.137056 0.051986
v -0.702590 -0.070413 0.004144
v -0.724535 -0.054233 0.003060
v -0.723855 -0.053631 0.003955
v -0.720703 -0.051531 0.022989
v -0.720391 -0.056048 0.008372
v -0.746627 -0.032496 0.009943
v -0.746840 -0.029094 0.017244
v -0.743052 -0.036851 0.004248
v -0.743423 -0.037333 0.003276
v -0.761559 -0.019675 0.003698
v -0.763408 -0.019107 0.003031
v -0.763271 -0.017899 0.003562
v -0.762806 -0.016662 0.008635
v -0.766063 -0.013710 0.003905
v -0.766678 -0.014221 0.003063
v -0.720703 -0.044920 0.034172
v -0.694935 -0.063189 0.042620
v -0.720703 0.006578 0.056182
v -0.694935 -0.004249 0.076205
v -0.766086 0.014104 0.003675
v -0.763126 0.019297 0.003085
v -0.569377 -0.130991 0.049687
v -0.594468 -0.123039 0.046674
v -0.569377 -0.124416 0.064418
v -0.619526 -0.113139 0.042922
v -0.669664 -0.082952 0.042971
v -0.644534 -0.101279 0.038427
v -0.544088 0.137339 0.051983
v -0.544088 0.130460 0.067396
v -0.669664 -0.077467 0.052230
v -0.644534 -0.096193 0.049820
v -0.619526 -0.100355 0.067636
v -0.619526 -0.107459 0.055647
v -0.644534 -0.089833 0.060554
v -0.594468 -0.116863 0.060512
v -0.644534 -0.082283 0.070487
v -0.569377 -0.116192 0.078297
v -0.594468 -0.109138 0.073549
v -0.544088 -0.130177 0.067398
v -0.569377 -0.106430 0.091139
v -0.518513 -0.134136 0.069446
v -0.544088 -0.121573 0.081919
v -0.544088 -0.111359 0.095355
v -0.669664 -0.070954 0.060797
v -0.644534 -0.073641 0.079486
v -0.594468 -0.099967 0.085612
v -0.619526 -0.082269 0.088782
v -0.619526 -0.091921 0.078730
v -0.594468 -0.089471 0.096543
v -0.569377 -0.095256 0.102775
v -0.518513 -0.114746 0.098252
v -0.669664 -0.063500 0.068560
v -0.594468 -0.077790 0.106195
v -0.544088 -0.099669 0.107529
v -0.569377 -0.082821 0.113051
v -0.669664 -0.055204 0.075415
v -0.619526 -0.071526 0.097659
v -0.644534 -0.064023 0.087434
v -0.669664 -0.046175 0.081272
v -0.594468 -0.065077 0.114443
v -0.544088 -0.086658 0.118281
v -0.544088 -0.072498 0.127467
v -0.644534 -0.053556 0.094224
v -0.644534 -0.042378 0.099768
v -0.619526 -0.059835 0.105244
v -0.569377 -0.069287 0.121831
v -0.619526 -0.047351 0.111436
v -0.569377 -0.054835 0.128998
v -0.594468 -0.051501 0.121176
v -0.518513 -0.074705 0.131339
v -0.544088 -0.057378 0.134965
v -0.669664 -0.036534 0.086053
v -0.669664 -0.026408 0.089696
v -0.669664 -0.015930 0.092151
v -0.569377 -0.039655 0.134459
v -0.594468 -0.037242 0.126305
v -0.518513 -0.059125 0.139066
v -0.644534 -0.030638 0.103991
v -0.644534 -0.018490 0.106837
v -0.619526 -0.034237 0.116152
v -0.594468 -0.022488 0.129762
v -0.544088 -0.041496 0.140678
v -0.518513 -0.042761 0.144952
v -0.544088 -0.025063 0.144529
v -0.619526 -0.020669 0.119332
v -0.644534 -0.006096 0.108270
v -0.569377 -0.023949 0.138139
v -0.619526 -0.006826 0.120932
v -0.669664 -0.005239 0.093387
v -0.669664 0.005523 0.093387
v -0.644534 0.006381 0.108270
v -0.569377 -0.007923 0.139992
v -0.594468 -0.007434 0.131502
v -0.544088 -0.008296 0.146467
v -0.518513 -0.008553 0.150917
v -0.695268 0.008822 0.075720
v -0.669664 0.016214 0.092151
v -0.619526 0.007110 0.120932
v -0.644534 0.018775 0.106837
v -0.594468 0.007719 0.131502
v -0.569377 0.008209 0.139992
v -0.569377 0.024234 0.138139
v -0.544088 0.008582 0.146467
v -0.518513 0.026114 0.148919
v -0.544088 0.025348 0.144529
v -0.669664 0.026691 0.089695
v -0.669664 0.036818 0.086053
v -0.695268 0.025872 0.071741
v -0.594468 0.022773 0.129762
v -0.619526 0.020954 0.119331
v -0.644534 0.030922 0.103990
v -0.569377 0.039940 0.134458
v -0.594468 0.037527 0.126304
v -0.644534 0.042663 0.099767
v -0.619526 0.034522 0.116152
v -0.544088 0.057663 0.134964
v -0.544088 0.041781 0.140677
v -0.669664 0.046459 0.081271
v -0.694935 0.037938 0.066318
v -0.644534 0.053840 0.094223
v -0.619526 0.047635 0.111434
v -0.594468 0.051786 0.121174
v -0.569377 0.069572 0.121830
v -0.569377 0.055120 0.128997
v -0.594468 0.065362 0.114441
v -0.544088 0.072783 0.127465
v -0.669664 0.055487 0.075414
v -0.644534 0.064307 0.087432
v -0.619526 0.060120 0.105243
v -0.594468 0.078074 0.106194
v -0.619526 0.071810 0.097658
v -0.569377 0.083105 0.113050
v -0.669664 0.063783 0.068558
v -0.644534 0.073925 0.079485
v -0.619526 0.082553 0.088781
v -0.544088 0.086942 0.118279
v -0.569377 0.095541 0.102773
v -0.594468 0.089756 0.096541
v -0.594468 0.100251 0.085610
v -0.544088 0.099953 0.107527
v -0.569377 0.106714 0.091137
v -0.594468 0.109422 0.073546
v -0.569377 0.116476 0.078294
v -0.544088 0.111643 0.095353
v -0.569377 0.124699 0.064416
v -0.544088 0.121857 0.081916
v -0.488605 0.127806 0.085928
v -0.770092 -0.007145 0.003004
v -0.770478 -0.009753 0.002945
v -0.769457 -0.004775 0.003553
v -0.766115 0.018060 0.002975
v -0.767959 0.012900 0.003011
v -0.768478 0.000096 0.009339
v -0.769919 0.000132 0.003532
v -0.769414 0.005045 0.003666
v -0.770848 0.002752 0.003023
v -0.768179 0.009770 0.003553
v -0.744450 -0.003878 -0.035896
v -0.761259 -0.002222 -0.020281
v -0.764867 0.000293 -0.016308
v -0.762474 0.004177 -0.018778
v -0.765537 0.009224 -0.012359
v -0.719046 0.006926 -0.057523
v -0.744450 0.004506 -0.035855
v -0.744450 0.012655 -0.033883
v -0.767763 -0.002141 -0.011007
v -0.744450 -0.012046 -0.034002
v -0.718752 -0.016509 -0.055623
v -0.761975 -0.008750 -0.017629
v -0.764605 -0.004177 -0.016100
v -0.761710 0.009906 -0.017402
v -0.763268 0.013749 -0.012355
v -0.718752 0.016791 -0.055623
v -0.719046 -0.006520 -0.057537
v -0.745046 0.027605 -0.022775
v -0.761769 0.017463 -0.009791
v -0.744233 0.020233 -0.030236
v -0.719046 0.026188 -0.051734
v -0.694175 0.034777 -0.068803
v -0.744233 -0.019657 -0.030430
v -0.745093 -0.026959 -0.023144
v -0.718752 -0.034526 -0.046575
v -0.719046 -0.025794 -0.051790
v -0.694175 -0.008724 -0.076519
v -0.694175 0.009159 -0.076501
v -0.694175 -0.026130 -0.072412
v -0.744234 -0.033116 -0.014547
v -0.719046 -0.041940 -0.039796
v -0.718752 -0.048362 -0.031910
v -0.694175 -0.055829 -0.052921
v -0.521340 0.141834 -0.051581
v -0.546305 0.137556 -0.050024
v -0.571008 0.131457 -0.047804
v -0.521340 0.134889 -0.067682
v -0.571008 0.125020 -0.062726
v -0.571008 0.116895 -0.076799
v -0.546305 0.130820 -0.065639
v -0.546305 0.122318 -0.080366
v -0.495655 0.128304 -0.084303
v -0.620044 0.101152 -0.066445
v -0.595544 0.109855 -0.072169
v -0.620044 0.092756 -0.077722
v -0.546305 0.112163 -0.094006
v -0.521340 0.126121 -0.082867
v -0.669091 0.056223 -0.075341
v -0.694175 0.049709 -0.058961
v -0.595544 0.100736 -0.084419
v -0.571008 0.107190 -0.089834
v -0.620044 0.083108 -0.087949
v -0.571008 0.096039 -0.101655
v -0.521340 0.115650 -0.096933
v -0.546305 0.100493 -0.106376
v -0.521340 0.103617 -0.109687
v -0.644509 0.074579 -0.078909
v -0.595544 0.090257 -0.095526
v -0.571008 0.083590 -0.112100
v -0.495655 0.105410 -0.111587
v -0.521340 0.090184 -0.120958
v -0.546305 0.087466 -0.117307
v -0.669091 0.047099 -0.081342
v -0.644509 0.064916 -0.087018
v -0.644509 0.054377 -0.093949
v -0.620044 0.072338 -0.096986
v -0.595544 0.065800 -0.113734
v -0.620044 0.060591 -0.104712
v -0.595544 0.078559 -0.105342
v -0.495655 0.091744 -0.123054
v -0.669091 0.037339 -0.086244
v -0.644509 0.043105 -0.099610
v -0.571008 0.055490 -0.128324
v -0.571008 0.070013 -0.121030
v -0.521340 0.075534 -0.130594
v -0.546305 0.073258 -0.126651
v -0.546305 0.058061 -0.134283
v -0.521340 0.059864 -0.138463
v -0.495655 0.076841 -0.132856
v -0.669091 0.027076 -0.089979
v -0.693810 0.022269 -0.073923
v -0.620044 0.048027 -0.111022
v -0.644509 0.031251 -0.103925
v -0.595544 0.052153 -0.120587
v -0.620044 0.034816 -0.115831
v -0.571008 0.040220 -0.133882
v -0.495655 0.060899 -0.140862
v -0.521340 0.043387 -0.144461
v -0.546305 0.042081 -0.140100
v -0.644509 0.018977 -0.106834
v -0.595544 0.037803 -0.125810
v -0.546305 0.025534 -0.144021
v -0.571008 0.024407 -0.137629
v -0.521340 0.026325 -0.148505
v -0.669091 0.016449 -0.092498
v -0.669091 0.005602 -0.093766
v -0.620044 0.021135 -0.119073
v -0.644509 0.006448 -0.108298
v -0.620044 0.007171 -0.120705
v -0.595544 0.022944 -0.129332
v -0.571008 0.008266 -0.139516
v -0.521340 0.008908 -0.150540
v -0.546305 0.008644 -0.145996
v -0.669091 -0.005320 -0.093766
v -0.620044 -0.006889 -0.120705
v -0.595544 0.007776 -0.131105
v -0.595544 -0.007494 -0.131105
v -0.521340 -0.008626 -0.150540
v -0.669091 -0.016167 -0.092498
v -0.644509 -0.006166 -0.108298
v -0.620044 -0.020853 -0.119073
v -0.571008 -0.007984 -0.139516
v -0.546305 -0.008362 -0.145996
v -0.595544 -0.022662 -0.129332
v -0.571008 -0.024125 -0.137629
v -0.495655 -0.008778 -0.153149
v -0.644509 -0.018695 -0.106834
v -0.620044 -0.034534 -0.115831
v -0.546305 -0.025252 -0.144021
v -0.595544 -0.037521 -0.125810
v -0.521340 -0.026043 -0.148505
v -0.546305 -0.041799 -0.140100
v -0.571008 -0.039938 -0.133882
v -0.521340 -0.043105 -0.144461
v -0.495655 -0.043854 -0.146964
v -0.644509 -0.030969 -0.103925
v -0.669091 -0.037057 -0.086244
v -0.669091 -0.026794 -0.089979
v -0.595544 -0.051871 -0.120587
v -0.546305 -0.057779 -0.134283
v -0.571008 -0.055208 -0.128324
v -0.644509 -0.042823 -0.099610
v -0.694175 -0.042119 -0.064402
v -0.669091 -0.046817 -0.081342
v -0.620044 -0.060309 -0.104712
v -0.620044 -0.047745 -0.111022
v -0.521340 -0.059582 -0.138463
v -0.521340 -0.075252 -0.130594
v -0.669091 -0.055941 -0.075341
v -0.644509 -0.054095 -0.093949
v -0.620044 -0.072056 -0.096986
v -0.644509 -0.064634 -0.087018
v -0.571008 -0.069731 -0.121030
v -0.595544 -0.065518 -0.113734
v -0.571008 -0.083308 -0.112100
v -0.546305 -0.072976 -0.126651
v -0.495655 -0.076558 -0.132856
v -0.669091 -0.064308 -0.068321
v -0.595544 -0.078277 -0.105342
v -0.644509 -0.074297 -0.078909
v -0.546305 -0.087184 -0.117307
v -0.595544 -0.089975 -0.095526
v -0.571008 -0.095757 -0.101655
v -0.521340 -0.089902 -0.120958
v -0.495655 -0.091463 -0.123054
v -0.669091 -0.071803 -0.060377
v -0.620044 -0.082826 -0.087949
v -0.571008 -0.106908 -0.089834
v -0.546305 -0.111881 -0.094006
v -0.546305 -0.100211 -0.106376
v -0.495655 -0.105128 -0.111587
v -0.521340 -0.103335 -0.109687
v -0.521340 -0.115368 -0.096933
v -0.495655 -0.117369 -0.098612
v -0.694175 -0.066523 -0.038587
v -0.644509 -0.090487 -0.059616
v -0.644509 -0.082954 -0.069734
v -0.595544 -0.100454 -0.084419
v -0.620044 -0.092474 -0.077722
v -0.620044 -0.100870 -0.066445
v -0.595544 -0.109573 -0.072169
v -0.521340 -0.125839 -0.082868
v -0.669091 -0.078324 -0.051617
v -0.620044 -0.107900 -0.054269
v -0.571008 -0.116613 -0.076799
v -0.595544 -0.117209 -0.058944
v -0.546305 -0.122036 -0.080366
v -0.546305 -0.130538 -0.065639
v -0.495655 -0.136941 -0.068854
v -0.495655 -0.128022 -0.084303
v -0.669091 -0.088111 -0.032130
v -0.669091 -0.083785 -0.042158
v -0.669091 -0.091243 -0.021668
v -0.694175 -0.073623 -0.022173
v -0.644509 -0.096794 -0.048692
v -0.644509 -0.101790 -0.037109
v -0.595544 -0.123257 -0.044922
v -0.571008 -0.124738 -0.062726
v -0.521340 -0.134606 -0.067682
v -0.521340 -0.141552 -0.051581
v -0.546305 -0.137274 -0.050024
v -0.521340 -0.146581 -0.034783
v -0.495655 -0.144007 -0.052475
v -0.761121 0.012584 0.012539
v -0.745124 0.023759 0.022720
v -0.719428 0.039788 0.038123
v -0.760503 0.016007 0.009172
v -0.745490 0.017756 0.027256
v -0.760525 0.008745 0.016222
v -0.745474 0.027965 0.016732
v -0.719174 0.045871 0.030775
v -0.719438 0.050345 0.022459
v -0.745119 0.031415 0.009835
v -0.719433 0.018704 0.051766
v -0.719430 0.030033 0.046166
v -0.694083 0.025337 0.070212
v -0.765442 0.008131 0.008111
v -0.763954 0.011951 0.007559
v -0.763651 0.006226 0.013187
v -0.763215 -0.000022 0.015128
v -0.766586 0.000097 0.008626
v -0.766465 0.009192 0.002376
v -0.761476 0.017306 0.002990
v -0.741799 0.035927 0.002891
v -0.759805 -0.006518 0.017786
v -0.759848 -0.002048 0.018843
v -0.761658 -0.008732 0.014619
v -0.760989 0.003294 0.017522
v -0.745119 -0.017733 0.027475
v -0.745350 -0.011035 0.030596
v -0.765514 -0.007611 0.008125
v -0.762948 -0.003983 0.014941
v -0.719433 -0.034944 0.042355
v -0.760872 -0.012513 0.012685
v -0.745352 -0.003755 0.032336
v -0.719431 -0.006249 0.054627
v -0.745355 0.011023 0.030697
v -0.745353 0.003728 0.032371
v -0.766326 -0.003641 0.008530
v -0.719436 -0.024338 0.049248
v -0.693760 -0.044064 0.060229
v -0.694088 -0.033081 0.066787
v -0.719172 -0.015501 0.052854
v -0.745487 -0.023316 0.022431
v -0.745491 -0.027814 0.016490
v -0.763909 -0.011650 0.007765
v -0.764460 -0.012788 0.002952
v -0.766537 -0.008789 0.002321
v -0.543667 0.140502 0.035403
v -0.496420 0.151592 0.002954
v -0.518250 -0.144514 0.036489
v -0.518251 -0.147751 0.019623
v -0.543667 -0.135223 0.051291
v -0.543667 -0.140219 0.035406
v -0.568807 -0.129194 0.049006
v -0.719138 -0.054506 0.008107
v -0.719435 -0.050104 0.022367
v -0.719434 -0.043680 0.033236
v -0.668591 -0.081451 0.042192
v -0.761911 -0.016841 0.002322
v -0.693758 -0.061842 0.041715
v -0.719432 0.006399 0.054638
v -0.543667 -0.128436 0.066498
v -0.568807 -0.122709 0.063536
v -0.593756 -0.115198 0.059651
v -0.618683 -0.105844 0.054812
v -0.593756 -0.121287 0.046010
v -0.643571 -0.099636 0.037804
v -0.518250 0.139649 0.052858
v -0.543667 0.135506 0.051288
v -0.668587 -0.076066 0.051285
v -0.643571 -0.094633 0.049013
v -0.668589 -0.069666 0.059701
v -0.694091 -0.053719 0.051609
v -0.643571 -0.088376 0.059573
v -0.593756 -0.107584 0.072502
v -0.618683 -0.090539 0.077549
v -0.618683 -0.098847 0.066621
v -0.643571 -0.080948 0.069345
v -0.593756 -0.098543 0.084394
v -0.518250 -0.132370 0.068533
v -0.568807 -0.114598 0.077224
v -0.568807 -0.104969 0.089890
v -0.543667 -0.119947 0.080824
v -0.518250 -0.123622 0.083298
v -0.643571 -0.072446 0.078199
v -0.618683 -0.081032 0.087450
v -0.543667 -0.109869 0.094081
v -0.568807 -0.093949 0.101367
v -0.593756 -0.088197 0.095169
v -0.518250 -0.113235 0.096960
v -0.543667 -0.098335 0.106093
v -0.668591 -0.062350 0.067318
v -0.668587 -0.054206 0.074051
v -0.618683 -0.070451 0.096194
v -0.568807 -0.081684 0.111502
v -0.668589 -0.045335 0.079805
v -0.643571 -0.062984 0.086018
v -0.618683 -0.058935 0.103664
v -0.593756 -0.076681 0.104685
v -0.568807 -0.068336 0.120162
v -0.543667 -0.085498 0.116700
v -0.643571 -0.052686 0.092698
v -0.668589 -0.035875 0.084497
v -0.593756 -0.064149 0.112815
v -0.593756 -0.050767 0.119452
v -0.543667 -0.071528 0.125764
v -0.518250 -0.058346 0.137237
v -0.694089 -0.016937 0.072612
v -0.668589 -0.025924 0.088076
v -0.668591 -0.015641 0.090484
v -0.693760 -0.004159 0.074584
v -0.618683 -0.046638 0.109763
v -0.643571 -0.041690 0.098152
v -0.618683 -0.033721 0.114409
v -0.643571 -0.030139 0.102306
v -0.593756 -0.036710 0.124508
v -0.543667 -0.056609 0.133162
v -0.568807 -0.054082 0.127231
v -0.568807 -0.039110 0.132616
v -0.643571 -0.018189 0.105107
v -0.543667 -0.040940 0.138799
v -0.543667 -0.024726 0.142598
v -0.668587 -0.005144 0.091700
v -0.618683 -0.020357 0.117541
v -0.643571 -0.005995 0.106516
v -0.593756 -0.022166 0.127916
v -0.593756 -0.007327 0.129632
v -0.568807 -0.007813 0.138073
v -0.568807 -0.023619 0.136246
v -0.518250 -0.025487 0.146962
v -0.618683 -0.006721 0.119117
v -0.643571 0.006280 0.106516
v -0.618683 0.007006 0.119117
v -0.593756 0.007611 0.129631
v -0.568807 0.008098 0.138073
v -0.543667 -0.008184 0.144511
v -0.668589 0.005430 0.091699
v -0.668589 0.015919 0.090486
v -0.694086 0.008624 0.074110
v -0.643571 0.018473 0.105106
v -0.618683 0.020641 0.117540
v -0.543667 0.008469 0.144510
v -0.518250 0.008724 0.148932
v -0.543667 0.025011 0.142598
v -0.668591 0.036153 0.084497
v -0.693758 0.037137 0.064907
v -0.643571 0.030424 0.102306
v -0.668589 0.026216 0.088073
v -0.593756 0.022451 0.127916
v -0.568807 0.023904 0.136246
v -0.618683 0.034006 0.114408
v -0.593756 0.036995 0.124507
v -0.518250 0.025772 0.146961
v -0.618683 0.046922 0.109762
v -0.568807 0.039395 0.132615
v -0.518250 0.042482 0.143045
v -0.543667 0.041225 0.138798
v -0.668587 0.045621 0.079804
v -0.643571 0.041974 0.098151
v -0.643571 0.052970 0.092697
v -0.593756 0.051051 0.119451
v -0.593756 0.064434 0.112813
v -0.543667 0.056894 0.133161
v -0.568807 0.054366 0.127229
v -0.518250 0.058631 0.137236
v -0.543667 0.071813 0.125762
v -0.568807 0.068620 0.120160
v -0.668589 0.054491 0.074049
v -0.643571 0.063268 0.086016
v -0.618683 0.059219 0.103663
v -0.618683 0.070735 0.096192
v -0.543667 0.085783 0.116699
v -0.518250 0.088403 0.120270
v -0.593756 0.076966 0.104683
v -0.568807 0.081968 0.111500
v -0.568807 0.094233 0.101365
v -0.543667 0.098620 0.106091
v -0.518250 0.101633 0.109337
v -0.643571 0.072730 0.078197
v -0.618683 0.081316 0.087448
v -0.643571 0.081231 0.069343
v -0.618683 0.090823 0.077547
v -0.593756 0.088481 0.095167
v -0.543667 0.110153 0.094079
v -0.568807 0.105253 0.089888
v -0.593756 0.107867 0.072500
v -0.568807 0.114882 0.077221
v -0.518250 0.113520 0.096958
v -0.543667 0.120231 0.080822
v -0.543667 0.128719 0.066495
v -0.488513 0.126144 0.084810
v -0.518250 0.132654 0.068530
v -0.767707 -0.004510 0.002237
v -0.766338 0.004139 0.008434
v -0.768150 0.000180 0.002251
v -0.759828 -0.002057 -0.018878
v -0.743111 -0.003712 -0.034408
v -0.717782 0.006759 -0.055972
v -0.743111 0.004328 -0.034372
v -0.763222 0.000264 -0.015143
v -0.760979 0.003878 -0.017460
v -0.717781 -0.006355 -0.055987
v -0.760515 -0.008116 -0.016396
v -0.743110 -0.011545 -0.032595
v -0.762982 -0.003852 -0.014950
v -0.717785 0.025473 -0.050346
v -0.743110 0.012139 -0.032483
v -0.742891 0.019395 -0.029003
v -0.717494 0.016344 -0.054129
v -0.760249 0.009227 -0.016199
v -0.760298 0.016262 -0.009130
v -0.743698 0.026458 -0.021823
v -0.742893 -0.018829 -0.029188
v -0.717782 -0.025097 -0.050400
v -0.693000 -0.025576 -0.070882
v -0.717490 -0.016068 -0.054130
v -0.743744 -0.025826 -0.022177
v -0.717493 -0.033588 -0.045329
v -0.717784 -0.040809 -0.038721
v -0.692996 -0.054649 -0.051803
v -0.717491 -0.047062 -0.031052
v -0.521059 0.144931 -0.034325
v -0.545871 0.140529 -0.033282
v -0.521059 0.139968 -0.050902
v -0.495529 0.142409 -0.051790
v -0.545871 0.135717 -0.049355
v -0.594827 0.115818 -0.058104
v -0.570428 0.123305 -0.061865
v -0.594827 0.108292 -0.071141
v -0.521059 0.133115 -0.066791
v -0.545871 0.129071 -0.064760
v -0.545871 0.120682 -0.079290
v -0.521059 0.124463 -0.081777
v -0.619199 0.099634 -0.065447
v -0.619199 0.091364 -0.076555
v -0.570428 0.115292 -0.075745
v -0.594827 0.099303 -0.083216
v -0.545871 0.110663 -0.092748
v -0.495529 0.126632 -0.083204
v -0.521059 0.114129 -0.095657
v -0.692994 0.048663 -0.057718
v -0.668018 0.063426 -0.067093
v -0.668018 0.055217 -0.073981
v -0.643545 0.081890 -0.068605
v -0.643545 0.073374 -0.077631
v -0.570428 0.094722 -0.100259
v -0.570428 0.105721 -0.088601
v -0.545871 0.099150 -0.104952
v -0.521059 0.102255 -0.108243
v -0.594827 0.088972 -0.094165
v -0.619199 0.081861 -0.086627
v -0.570428 0.082444 -0.110561
v -0.594827 0.077441 -0.103841
v -0.545871 0.086297 -0.115737
v -0.495529 0.104037 -0.110132
v -0.521059 0.088999 -0.119366
v -0.668018 0.046249 -0.079879
v -0.692996 0.034034 -0.067359
v -0.643545 0.063867 -0.085608
v -0.619198 0.071253 -0.095529
v -0.619199 0.059683 -0.103139
v -0.594827 0.064864 -0.112113
v -0.545871 0.072279 -0.124956
v -0.495529 0.090550 -0.121449
v -0.668021 0.036670 -0.084688
v -0.643545 0.042409 -0.097997
v -0.643545 0.053499 -0.092428
v -0.594827 0.051412 -0.118869
v -0.570428 0.069053 -0.119369
v -0.521059 0.074542 -0.128875
v -0.692638 0.021804 -0.072365
v -0.668016 0.026593 -0.088358
v -0.619198 0.047308 -0.109354
v -0.570428 0.054730 -0.126562
v -0.545871 0.057286 -0.132486
v -0.521059 0.059078 -0.136641
v -0.521059 0.042818 -0.142559
v -0.643545 0.030747 -0.102242
v -0.692997 0.008982 -0.074885
v -0.643545 0.018672 -0.105104
v -0.619199 0.034295 -0.114090
v -0.619199 0.020820 -0.117284
v -0.594827 0.037267 -0.124017
v -0.570428 0.024074 -0.135740
v -0.570428 0.039670 -0.132043
v -0.545871 0.041520 -0.138225
v -0.521059 0.025980 -0.146550
v -0.692996 -0.008539 -0.074904
v -0.668018 0.016151 -0.090832
v -0.594827 0.022619 -0.127489
v -0.594827 0.007668 -0.129236
v -0.619199 0.007065 -0.118891
v -0.545871 0.025194 -0.142094
v -0.545871 0.008530 -0.144042
v -0.570428 0.008155 -0.137600
v -0.521059 0.008793 -0.148559
v -0.495529 0.026431 -0.149107
v -0.668018 0.005508 -0.092076
v -0.668018 -0.005226 -0.092077
v -0.643545 0.006346 -0.106545
v -0.643545 -0.006064 -0.106545
v -0.594827 -0.007386 -0.129236
v -0.570428 -0.007873 -0.137600
v -0.619199 -0.006783 -0.118891
v -0.643545 -0.018390 -0.105104
v -0.545871 -0.008248 -0.144042
v -0.521059 -0.008511 -0.148559
v -0.521059 -0.025698 -0.146550
v -0.668018 -0.015869 -0.090832
v -0.668018 -0.026313 -0.088357
v -0.619199 -0.020538 -0.117284
v -0.619199 -0.034013 -0.114090
v -0.570428 -0.023792 -0.135740
v -0.594827 -0.022337 -0.127489
v -0.594827 -0.036985 -0.124017
v -0.545871 -0.024912 -0.142094
v -0.495529 -0.043280 -0.145047
v -0.668018 -0.036383 -0.084692
v -0.643545 -0.030465 -0.102242
v -0.570428 -0.039387 -0.132043
v -0.545871 -0.041238 -0.138225
v -0.545871 -0.057004 -0.132486
v -0.521059 -0.042536 -0.142559
v -0.692998 -0.041224 -0.063044
v -0.643545 -0.042127 -0.097997
v -0.668018 -0.045975 -0.079875
v -0.594827 -0.051130 -0.118869
v -0.619198 -0.047026 -0.109354
v -0.619199 -0.059401 -0.103139
v -0.570428 -0.054448 -0.126562
v -0.594827 -0.064582 -0.112113
v -0.521059 -0.058796 -0.136641
v -0.545871 -0.071997 -0.124956
v -0.521059 -0.074260 -0.128875
v -0.643545 -0.053217 -0.092428
v -0.570428 -0.082162 -0.110561
v -0.570428 -0.068771 -0.119369
v -0.521059 -0.088717 -0.119366
v -0.668018 -0.054928 -0.073986
v -0.643545 -0.063585 -0.085608
v -0.643545 -0.073092 -0.077631
v -0.594827 -0.077159 -0.103841
v -0.619198 -0.070971 -0.095529
v -0.545871 -0.086015 -0.115737
v -0.545871 -0.098868 -0.104952
v -0.570428 -0.094440 -0.100259
v -0.495529 -0.090268 -0.121449
v -0.521059 -0.101973 -0.108243
v -0.668018 -0.063150 -0.067087
v -0.619199 -0.081579 -0.086627
v -0.594827 -0.088690 -0.094165
v -0.594827 -0.099021 -0.083216
v -0.521059 -0.113847 -0.095657
v -0.668018 -0.076913 -0.050683
v -0.643545 -0.081608 -0.068605
v -0.668018 -0.070504 -0.059293
v -0.693000 -0.065116 -0.037771
v -0.668018 -0.082271 -0.041403
v -0.693001 -0.072069 -0.021692
v -0.619199 -0.091082 -0.076555
v -0.570428 -0.105439 -0.088601
v -0.545871 -0.120400 -0.079290
v -0.545871 -0.110381 -0.092748
v -0.495529 -0.115837 -0.097326
v -0.619199 -0.099352 -0.065447
v -0.643545 -0.095224 -0.047903
v -0.643545 -0.089019 -0.058650
v -0.594827 -0.108010 -0.071141
v -0.619199 -0.106276 -0.053454
v -0.570428 -0.115010 -0.075745
v -0.594827 -0.115536 -0.058104
v -0.570428 -0.123023 -0.061865
v -0.495529 -0.126350 -0.083204
v -0.521059 -0.124181 -0.081777
v -0.668018 -0.086522 -0.031548
v -0.643545 -0.100139 -0.036508
v -0.594827 -0.121499 -0.044282
v -0.521059 -0.132833 -0.066791
v -0.545871 -0.128789 -0.064760
v -0.570428 -0.129372 -0.047148
v -0.545871 -0.135435 -0.049355
v -0.521059 -0.139686 -0.050902
v -0.521059 -0.144649 -0.034325
v -0.495529 -0.147176 -0.034924
v -0.647310 0.087575 -0.057188
v -0.647922 0.087135 -0.057227
v -0.694087 0.060582 0.043351
v 0.678551 -0.057261 -0.058323
v 0.678551 -0.052261 -0.058323
v 0.595323 -0.154642 0.001132
v 0.129448 0.091215 0.099898
v 0.129448 0.101765 0.085944
v 0.129448 0.107284 0.086112
v 0.159448 0.091215 0.099898
v 0.159448 0.085595 0.098928
v 0.129449 0.062621 0.110895
v 0.129448 0.085595 0.098928
v 0.159448 0.123662 0.065348
v 0.129448 0.123662 0.065348
v 0.129448 0.118412 0.066098
v 0.159448 0.130370 0.043119
v 0.129448 0.130370 0.043119
v 0.159448 0.138369 0.031444
v 0.129448 0.137750 0.012952
v 0.129448 0.138369 0.031444
v 0.129448 0.137750 -0.000000
v 0.129448 0.141009 -0.000000
v 0.129448 0.137750 -0.012952
v 0.129448 0.138369 -0.031444
v 0.129448 0.141770 -0.000000
v 0.155123 0.141770 -0.000000
v 0.129448 0.130370 -0.043119
v 0.159448 0.138369 -0.031444
v 0.159448 0.130370 -0.043119
v 0.129448 0.123662 -0.065348
v 0.129448 0.118412 -0.066098
v 0.159448 0.118412 -0.066098
v 0.129448 0.101765 -0.085944
v 0.129448 0.085595 -0.098928
v 0.129448 0.107284 -0.086112
v 0.129448 0.091215 -0.099898
v 0.129449 0.062621 -0.110896
v 0.159448 0.091215 -0.099898
v 0.129449 0.025457 0.128311
v 0.129449 0.021433 0.128311
v 0.159448 0.021433 0.128311
v 0.159448 0.025457 0.128311
v 0.133773 0.025457 0.148096
v 0.154947 0.025457 0.148127
v 0.129449 0.025700 0.126496
v 0.159448 0.027022 0.124181
v 0.129449 0.021671 0.126142
v 0.129449 0.027051 0.124200
v 0.129449 0.028921 0.122873
v 0.129449 0.030860 0.122401
v 0.159448 0.029641 0.122562
v 0.129449 0.026708 0.119413
v 0.159448 0.021671 0.126142
v 0.129449 0.023150 0.122568
v 0.159448 0.026442 0.119554
v 0.159448 0.023175 0.122593
v 0.159448 0.032457 0.122311
v 0.129449 0.063293 0.114923
v 0.159448 0.062621 0.110895
v 0.159448 0.063293 0.114923
v 0.129449 0.063293 -0.114924
v 0.129449 0.026708 -0.119413
v 0.159448 0.026442 -0.119554
v 0.159448 0.062621 -0.110896
v 0.159448 0.032457 -0.122311
v 0.129449 0.030860 -0.122401
v 0.129449 0.027051 -0.124200
v 0.129449 0.023150 -0.122568
v 0.129449 0.028921 -0.122873
v 0.159448 0.029641 -0.122562
v 0.129449 0.021433 -0.128311
v 0.129449 0.025700 -0.126496
v 0.129449 0.021671 -0.126142
v 0.159448 0.025457 -0.128311
v 0.129449 0.025457 -0.128311
v 0.129548 0.021433 0.143447
v 0.130039 0.021433 0.144964
v 0.130039 0.021433 -0.144964
v 0.129548 0.021433 -0.143447
v 0.131395 0.025457 0.146711
v 0.129551 0.025457 0.143433
v 0.129551 0.025457 -0.143433
v 0.130083 0.025457 0.145072
v 0.131395 0.021433 -0.146711
v 0.130083 0.025457 -0.145072
v 0.131395 0.025457 -0.146711
v 0.131395 0.021433 0.146711
v 0.133591 0.021433 0.148042
v 0.154376 0.021433 -0.148231
v 0.133591 0.021433 -0.148042
v 0.154376 0.021433 0.148231
v 0.133773 0.025457 -0.148096
v 0.154947 0.025457 -0.148127
v 0.159441 0.021433 -0.143030
v 0.156201 0.021433 0.147661
v 0.157815 0.025457 0.146535
v 0.156201 0.021433 -0.147661
v 0.158633 0.021433 0.145494
v 0.158633 0.021433 -0.145494
v 0.157815 0.025457 -0.146535
v 0.159438 0.025457 -0.143307
v 0.159438 0.025457 0.143307
v 0.159441 0.021433 0.143030
v 0.159448 0.025717 0.126502
v 0.159448 0.101765 0.085944
v 0.159448 0.107284 0.086112
v 0.159448 0.118412 0.066098
v 0.159448 0.137750 0.012952
v 0.144448 0.137750 -0.000000
v 0.159448 0.137750 -0.000000
v 0.159448 0.137750 -0.012952
v 0.159448 0.141009 -0.000000
v 0.159448 0.141770 -0.000000
v 0.159448 0.123662 -0.065348
v 0.159448 0.107284 -0.086112
v 0.159448 0.101765 -0.085944
v 0.159448 0.085595 -0.098928
v 0.159448 0.063293 -0.114924
v 0.159448 0.027022 -0.124181
v 0.159448 0.023175 -0.122593
v 0.159448 0.025717 -0.126502
v 0.159448 0.021671 -0.126142
v 0.159448 0.021433 -0.128311
v -0.770503 -0.133067 0.006034
v -0.762689 -0.129812 0.006113
v -0.770503 -0.131450 0.006247
v -0.770503 -0.129833 0.006034
v -0.770503 -0.134573 0.005410
v -0.762689 -0.134614 0.005481
v -0.770503 -0.128326 0.005410
v -0.770503 -0.135867 0.004417
v -0.770503 -0.125415 -0.001617
v -0.770503 -0.126040 0.003124
v -0.770503 -0.127032 0.004417
v -0.770503 -0.137484 0.001617
v -0.762689 -0.135925 0.004475
v -0.770503 -0.136860 0.003124
v -0.762689 -0.125969 0.003164
v -0.770503 -0.137697 0.000000
v -0.770503 -0.135867 -0.004417
v -0.770503 -0.129833 -0.006034
v -0.762689 -0.125121 0.000000
v -0.770503 -0.125415 0.001617
v -0.762689 -0.125337 0.001638
v -0.770503 -0.137484 -0.001617
v -0.762689 -0.137563 0.001638
v -0.770503 -0.125203 0.000000
v -0.762689 -0.125337 -0.001638
v -0.770503 -0.136860 -0.003124
v -0.762689 -0.137563 -0.001638
v -0.770503 -0.126040 -0.003124
v -0.770503 -0.127032 -0.004417
v -0.762689 -0.135925 -0.004475
v -0.762689 -0.133088 -0.006113
v -0.770503 -0.134573 -0.005410
v -0.762689 -0.126975 -0.004475
v -0.762689 -0.128285 -0.005481
v -0.770503 -0.128326 -0.005410
v -0.762689 -0.131450 -0.006329
v -0.770503 -0.133067 -0.006034
v -0.770503 -0.131450 -0.006247
v -0.760964 -0.132529 0.004027
v -0.762689 -0.131450 0.006329
v -0.760964 -0.131450 0.004169
v -0.762689 -0.133088 0.006113
v -0.760964 -0.133534 0.003610
v -0.760964 -0.129365 0.003610
v -0.762689 -0.128285 0.005481
v -0.762689 -0.136931 0.003164
v -0.760964 -0.134397 0.002948
v -0.762689 -0.126975 0.004475
v -0.760964 -0.135060 0.002084
v -0.760964 -0.135476 0.001079
v -0.760964 -0.135618 0.000000
v -0.762689 -0.137779 0.000000
v -0.760964 -0.127423 -0.001079
v -0.760964 -0.127423 0.001079
v -0.760964 -0.127281 0.000000
v -0.762689 -0.136931 -0.003164
v -0.760964 -0.135060 -0.002084
v -0.760964 -0.135476 -0.001079
v -0.762689 -0.125969 -0.003164
v -0.760964 -0.128502 -0.002948
v -0.762689 -0.134614 -0.005481
v -0.760964 -0.134397 -0.002948
v -0.760964 -0.132529 -0.004027
v -0.762689 -0.129812 -0.006113
v -0.760964 -0.129365 -0.003610
v -0.760964 -0.130371 -0.004027
v -0.760964 -0.131450 -0.004169
v -0.704571 -0.131450 0.004169
v -0.760964 -0.130371 0.004027
v -0.760964 -0.128502 0.002948
v -0.760964 -0.127840 0.002084
v -0.704571 -0.134398 0.002948
v -0.704571 -0.135060 0.002084
v -0.704571 -0.127423 -0.001079
v -0.704571 -0.127281 0.000000
v -0.704571 -0.135476 -0.001079
v -0.760964 -0.127840 -0.002084
v -0.704571 -0.135060 -0.002084
v -0.704571 -0.128502 -0.002948
v -0.704571 -0.134398 -0.002948
v -0.760964 -0.133534 -0.003610
v -0.704571 -0.129365 -0.003610
v -0.704571 -0.132529 0.004027
v -0.681754 -0.131450 0.015854
v -0.704571 -0.129365 0.003610
v -0.704571 -0.130371 0.004027
v -0.704571 -0.133534 0.003610
v -0.681754 -0.135553 0.015313
v -0.704571 -0.128502 0.002948
v -0.681754 -0.120240 0.011210
v -0.681754 -0.142660 0.011210
v -0.681754 -0.117720 0.007927
v -0.704571 -0.135476 0.001079
v -0.681754 -0.116136 0.004103
v -0.704571 -0.127840 0.002084
v -0.704571 -0.127423 0.001079
v -0.681754 -0.147303 0.000000
v -0.704571 -0.135618 0.000000
v -0.681754 -0.115596 0.000000
v -0.681754 -0.116136 -0.004103
v -0.681754 -0.145179 -0.007927
v -0.704571 -0.127840 -0.002084
v -0.681754 -0.117720 -0.007927
v -0.681754 -0.139377 -0.013730
v -0.681754 -0.142660 -0.011210
v -0.704571 -0.133534 -0.003610
v -0.681754 -0.127347 -0.015313
v -0.681754 -0.135553 -0.015313
v -0.704571 -0.131450 -0.004169
v -0.704571 -0.132529 -0.004027
v -0.681754 -0.131450 -0.015854
v -0.704571 -0.130371 -0.004027
v -0.681754 -0.140661 0.015954
v -0.680528 -0.136856 0.020177
v -0.681754 -0.127347 0.015313
v -0.681754 -0.131450 0.018422
v -0.680528 -0.126044 0.020177
v -0.680528 -0.131450 0.020888
v -0.681754 -0.139377 0.013730
v -0.680528 -0.141894 0.018090
v -0.681754 -0.123523 0.013730
v -0.681754 -0.118423 0.013026
v -0.681754 -0.122239 0.015954
v -0.680528 -0.116680 0.014770
v -0.681754 -0.145179 0.007927
v -0.681754 -0.146763 0.004103
v -0.681754 -0.147404 0.009211
v -0.680528 -0.111273 0.005406
v -0.681754 -0.113655 0.004768
v -0.681754 -0.146763 -0.004103
v -0.681754 -0.147404 -0.009211
v -0.681754 -0.149872 0.000000
v -0.680528 -0.152338 0.000000
v -0.680528 -0.151626 0.005406
v -0.680528 -0.110561 0.000000
v -0.680528 -0.111273 -0.005406
v -0.681754 -0.113655 -0.004768
v -0.681754 -0.118423 -0.013026
v -0.681754 -0.120240 -0.011210
v -0.680528 -0.146220 -0.014770
v -0.681754 -0.123523 -0.013730
v -0.681754 -0.140661 -0.015954
v -0.620122 -0.131450 0.020888
v -0.620122 -0.136856 0.020177
v -0.680528 -0.121006 0.018090
v -0.680528 -0.146220 0.014770
v -0.620122 -0.121006 0.018090
v -0.680528 -0.149540 0.010444
v -0.620122 -0.146220 0.014770
v -0.620122 -0.116680 0.014770
v -0.620122 -0.151626 0.005406
v -0.680528 -0.113360 0.010444
v -0.620122 -0.152338 0.000000
v -0.620122 -0.111273 0.005406
v -0.680528 -0.151626 -0.005406
v -0.620122 -0.111273 -0.005406
v -0.680528 -0.149540 -0.010444
v -0.620122 -0.149540 -0.010444
v -0.620122 -0.113360 -0.010444
v -0.680528 -0.113360 -0.010444
v -0.680528 -0.116680 -0.014770
v -0.620122 -0.141894 -0.018090
v -0.680528 -0.121006 -0.018090
v -0.620122 -0.116680 -0.014770
v -0.680528 -0.141894 -0.018090
v -0.680528 -0.126044 -0.020177
v -0.681754 -0.131450 -0.018422
v -0.680528 -0.136856 -0.020177
v -0.680528 -0.131450 -0.020888
v -0.620122 -0.126044 -0.020177
v -0.620122 -0.131450 -0.020888
v -0.618845 -0.140661 0.015954
v -0.618845 -0.131450 0.018422
v -0.620122 -0.126044 0.020177
v -0.620122 -0.141894 0.018090
v -0.618845 -0.147404 0.009211
v -0.620122 -0.149540 0.010444
v -0.620122 -0.113360 0.010444
v -0.618845 -0.113655 0.004768
v -0.620122 -0.110561 0.000000
v -0.620122 -0.151626 -0.005406
v -0.618845 -0.147404 -0.009211
v -0.618845 -0.113655 -0.004768
v -0.620122 -0.146220 -0.014770
v -0.620122 -0.121006 -0.018090
v -0.618845 -0.118423 -0.013026
v -0.618845 -0.126682 -0.017794
v -0.620122 -0.136856 -0.020177
v -0.618845 -0.122239 0.015954
v -0.618845 -0.118423 0.013026
v -0.618845 -0.149872 0.000000
v -0.618845 -0.140661 -0.015954
v -0.618845 -0.131450 -0.018422
v 0.141897 -0.045578 0.109914
v 0.141897 -0.042852 0.104890
v 0.141897 -0.066528 0.087325
v 0.146897 -0.045280 0.109987
v 0.141897 -0.044118 0.109841
v 0.141897 -0.042658 0.108855
v 0.146897 -0.043730 0.109669
v 0.146897 -0.042628 0.108809
v 0.146897 -0.041137 0.105916
v 0.141897 -0.041123 0.105578
v 0.146897 -0.056966 0.095792
v 0.146897 -0.042592 0.105194
v 0.141897 -0.056966 0.095792
v 0.146897 -0.066498 0.087353
v 0.141897 -0.080507 0.070728
v 0.141897 -0.073858 0.079314
v 0.141897 -0.125943 0.071569
v 0.141897 -0.098855 0.056474
v 0.141897 -0.134666 0.056580
v 0.141897 -0.134372 0.069904
v 0.141897 -0.133514 0.070877
v 0.146897 -0.126033 0.071551
v 0.141897 -0.132403 0.071432
v 0.141897 -0.086181 0.061814
v 0.146897 -0.080786 0.070298
v 0.146897 -0.134666 0.068500
v 0.146897 -0.134531 0.069560
v 0.141897 -0.134664 0.068500
v 0.141897 -0.097597 0.055966
v 0.146897 -0.086653 0.060994
v 0.146897 -0.098608 0.056440
v 0.146897 -0.134666 0.056580
v 0.146897 -0.096370 0.053175
v 0.146897 -0.096557 0.054514
v 0.141897 -0.096573 0.054607
v 0.141897 -0.096405 0.053026
v 0.141897 -0.090416 0.050883
v 0.141897 -0.103754 0.031968
v 0.141897 -0.101146 0.040877
v 0.146897 -0.103410 0.033413
v 0.146897 -0.099428 0.023950
v 0.141897 -0.097916 0.034354
v 0.146897 -0.097916 0.034354
v 0.141897 -0.099888 0.021799
v 0.141897 -0.101153 0.009265
v 0.141897 -0.106003 0.021438
v 0.141897 -0.105797 0.000000
v 0.141897 -0.107573 0.000000
v 0.146897 -0.106003 0.021438
v 0.141897 -0.107287 0.012395
v 0.146897 -0.107282 0.012492
v 0.141897 -0.102521 0.000000
v 0.145383 -0.107573 0.000000
v 0.141897 -0.107287 -0.012395
v 0.141897 -0.101153 -0.009265
v 0.146897 -0.101164 -0.009564
v 0.146897 -0.106003 -0.021438
v 0.141897 -0.106003 -0.021438
v 0.146897 -0.103410 -0.033413
v 0.146897 -0.099428 -0.023950
v 0.141897 -0.099888 -0.021799
v 0.141897 -0.101146 -0.040877
v 0.141897 -0.103754 -0.031968
v 0.141897 -0.097916 -0.034354
v 0.146897 -0.097916 -0.034354
v 0.141897 -0.090416 -0.050883
v 0.141897 -0.096405 -0.053026
v 0.146897 -0.100629 -0.042271
v 0.141897 -0.086181 -0.061814
v 0.146897 -0.086653 -0.060994
v 0.146897 -0.096370 -0.053175
v 0.141897 -0.096573 -0.054607
v 0.141897 -0.098855 -0.056474
v 0.141897 -0.097597 -0.055966
v 0.146897 -0.097138 -0.055533
v 0.141897 -0.125943 -0.071569
v 0.141897 -0.134666 -0.056580
v 0.146897 -0.134666 -0.056580
v 0.146897 -0.098608 -0.056440
v 0.146897 -0.080786 -0.070298
v 0.141897 -0.134664 -0.068500
v 0.141897 -0.134372 -0.069904
v 0.141897 -0.073858 -0.079314
v 0.141897 -0.080507 -0.070728
v 0.141897 -0.133514 -0.070877
v 0.141897 -0.132403 -0.071432
v 0.146897 -0.126033 -0.071551
v 0.146897 -0.132413 -0.071422
v 0.141897 -0.045578 -0.109914
v 0.146897 -0.066498 -0.087353
v 0.141897 -0.066528 -0.087325
v 0.141897 -0.056966 -0.095792
v 0.146897 -0.056966 -0.095792
v 0.141897 -0.041123 -0.105578
v 0.146897 -0.042592 -0.105194
v 0.141897 -0.042852 -0.104890
v 0.146897 -0.042628 -0.108809
v 0.146897 -0.041137 -0.105916
v 0.141897 -0.042658 -0.108855
v 0.141897 -0.044118 -0.109841
v 0.146897 -0.043730 -0.109669
v 0.146897 -0.045280 -0.109987
v 0.146897 -0.074465 0.078589
v 0.146897 -0.132413 0.071422
v 0.146897 -0.133635 0.070793
v 0.146897 -0.097138 0.055533
v 0.146897 -0.090174 0.054303
v 0.146897 -0.100629 0.042271
v 0.146897 -0.107572 0.000000
v 0.146897 -0.105839 0.000000
v 0.146897 -0.101164 0.009564
v 0.146897 -0.107282 -0.012492
v 0.144165 -0.102527 0.000000
v 0.146897 -0.102527 0.000000
v 0.146897 -0.096557 -0.054514
v 0.146897 -0.090174 -0.054303
v 0.146897 -0.134663 -0.068500
v 0.146897 -0.134531 -0.069560
v 0.146897 -0.133635 -0.070793
v 0.146897 -0.074465 -0.078589
v 0.279455 0.017480 0.143030
v 0.279448 0.013196 0.126502
v 0.283950 0.013457 0.148127
v 0.279448 0.013457 0.128311
v 0.279448 0.017480 0.128311
v 0.279448 0.017242 0.126142
v 0.309448 0.015763 0.122568
v 0.309448 0.017242 0.126142
v 0.279448 0.012471 0.119554
v 0.279448 0.011891 0.124181
v 0.309448 0.011862 0.124200
v 0.279448 0.015739 0.122593
v 0.279448 0.006457 0.122311
v 0.279448 0.009272 0.122562
v 0.279448 -0.024379 0.114923
v 0.309448 0.008054 0.122401
v 0.279448 -0.023708 0.110895
v 0.279448 -0.052302 0.099898
v 0.309448 -0.024379 0.114923
v 0.279448 -0.046681 0.098928
v 0.309448 -0.023708 0.110895
v 0.309448 -0.052302 0.099898
v 0.279448 -0.062851 0.085944
v 0.279448 -0.068371 0.086112
v 0.309448 -0.068371 0.086112
v 0.279448 -0.079498 0.066098
v 0.309448 -0.062851 0.085944
v 0.279448 -0.091457 0.043119
v 0.309448 -0.079498 0.066098
v 0.279448 -0.099456 0.031444
v 0.309448 -0.084749 0.065348
v 0.279448 -0.084749 0.065348
v 0.279448 -0.098837 0.012952
v 0.309448 -0.091457 0.043119
v 0.283774 -0.102856 0.000000
v 0.279448 -0.102096 0.000000
v 0.294448 -0.098837 0.000000
v 0.279448 -0.098837 0.000000
v 0.279448 -0.102856 0.000000
v 0.279448 -0.098837 -0.012952
v 0.309448 -0.098837 -0.012952
v 0.279448 -0.099456 -0.031444
v 0.279448 -0.084749 -0.065348
v 0.279448 -0.091457 -0.043119
v 0.279448 -0.079498 -0.066098
v 0.309448 -0.068371 -0.086112
v 0.309448 -0.084749 -0.065348
v 0.279448 -0.062851 -0.085944
v 0.309448 -0.062851 -0.085944
v 0.279448 -0.068371 -0.086112
v 0.309448 -0.052302 -0.099898
v 0.279448 -0.024379 -0.114924
v 0.279448 -0.052302 -0.099898
v 0.279448 -0.023708 -0.110896
v 0.279448 -0.046681 -0.098928
v 0.279448 0.012471 -0.119554
v 0.309448 0.012205 -0.119413
v 0.309448 -0.023708 -0.110896
v 0.279448 0.009272 -0.122562
v 0.279448 0.015739 -0.122593
v 0.279448 0.006457 -0.122311
v 0.279448 0.013196 -0.126502
v 0.309448 0.013213 -0.126496
v 0.279448 0.011891 -0.124181
v 0.309448 0.011862 -0.124200
v 0.279448 0.017480 -0.128311
v 0.279448 0.017242 -0.126142
v 0.309448 0.015763 -0.122568
v 0.279458 0.013457 -0.143307
v 0.279455 0.017480 -0.143030
v 0.309448 0.013457 -0.128311
v 0.279448 0.013457 -0.128311
v 0.309448 0.017480 -0.128311
v 0.280264 0.017480 0.145494
v 0.280264 0.017480 -0.145494
v 0.279458 0.013457 0.143307
v 0.282696 0.017480 -0.147661
v 0.282696 0.017480 0.147661
v 0.281081 0.013457 0.146535
v 0.281081 0.013457 -0.146535
v 0.284520 0.017480 0.148231
v 0.283950 0.013457 -0.148127
v 0.305305 0.017480 0.148042
v 0.284520 0.017480 -0.148231
v 0.305124 0.013457 -0.148096
v 0.307502 0.013457 0.146711
v 0.305124 0.013457 0.148096
v 0.309346 0.013457 0.143433
v 0.305305 0.017480 -0.148042
v 0.307502 0.017480 -0.146711
v 0.308813 0.013457 0.145072
v 0.307502 0.017480 0.146711
v 0.308858 0.017480 0.144964
v 0.307502 0.013457 -0.146711
v 0.308813 0.013457 -0.145072
v 0.308858 0.017480 -0.144964
v 0.309349 0.017480 -0.143447
v 0.309346 0.013457 -0.143433
v 0.309349 0.017480 0.143447
v 0.309448 0.013457 0.128311
v 0.309448 0.017480 0.128311
v 0.309448 0.013213 0.126496
v 0.309448 0.012205 0.119413
v 0.309448 0.009992 0.122873
v 0.309448 -0.046681 0.098928
v 0.309448 -0.099456 0.031444
v 0.309448 -0.098837 0.012952
v 0.309448 -0.102856 0.000000
v 0.309448 -0.102096 0.000000
v 0.309448 -0.098837 0.000000
v 0.309448 -0.099456 -0.031444
v 0.309448 -0.091457 -0.043119
v 0.309448 -0.079498 -0.066098
v 0.309448 -0.046681 -0.098928
v 0.309448 -0.024379 -0.114924
v 0.309448 0.008054 -0.122401
v 0.309448 0.009992 -0.122873
v 0.309448 0.017242 -0.126142
v 0.279448 0.021433 0.128311
v 0.279448 0.021671 0.126142
v 0.309448 0.021671 0.126142
v 0.309448 0.021433 0.128311
v 0.279448 0.025717 0.126502
v 0.279455 0.021433 0.143030
v 0.279458 0.025457 0.143307
v 0.279448 0.025457 0.128311
v 0.283950 0.025457 0.148127
v 0.279448 0.023175 0.122593
v 0.279448 0.026442 0.119554
v 0.279448 0.027022 0.124181
v 0.309448 0.030860 0.122401
v 0.309448 0.028921 0.122873
v 0.279448 0.029641 0.122562
v 0.279448 0.062621 0.110895
v 0.309448 0.063293 0.114923
v 0.279448 0.063293 0.114923
v 0.279448 0.032457 0.122311
v 0.309448 0.026708 0.119413
v 0.309448 0.023150 0.122568
v 0.279448 0.091215 0.099898
v 0.309448 0.062621 0.110895
v 0.279448 0.101765 0.085944
v 0.279448 0.107284 0.086112
v 0.279448 0.085595 0.098928
v 0.309448 0.107284 0.086112
v 0.309448 0.101765 0.085944
v 0.279448 0.130370 0.043119
v 0.309448 0.118412 0.066098
v 0.279448 0.118412 0.066098
v 0.279448 0.123662 0.065348
v 0.279448 0.138369 0.031444
v 0.309448 0.123662 0.065348
v 0.309448 0.130370 0.043119
v 0.279448 0.141770 -0.000000
v 0.309448 0.138369 0.031444
v 0.294448 0.137750 -0.000000
v 0.279448 0.137750 0.012952
v 0.279448 0.141009 -0.000000
v 0.279448 0.137750 -0.000000
v 0.279448 0.130370 -0.043119
v 0.279448 0.137750 -0.012952
v 0.309448 0.130370 -0.043119
v 0.279448 0.138369 -0.031444
v 0.279448 0.123662 -0.065348
v 0.309448 0.138369 -0.031444
v 0.283774 0.141770 -0.000000
v 0.279448 0.118412 -0.066098
v 0.279448 0.107284 -0.086112
v 0.309448 0.107284 -0.086112
v 0.279448 0.101765 -0.085944
v 0.309448 0.101765 -0.085944
v 0.309448 0.118412 -0.066098
v 0.279448 0.085595 -0.098928
v 0.279448 0.063293 -0.114924
v 0.309448 0.085595 -0.098928
v 0.279448 0.091215 -0.099898
v 0.279448 0.032457 -0.122311
v 0.309448 0.062621 -0.110896
v 0.279448 0.062621 -0.110896
v 0.279448 0.029641 -0.122562
v 0.309448 0.023150 -0.122568
v 0.279448 0.026442 -0.119554
v 0.279448 0.023175 -0.122593
v 0.279448 0.025717 -0.126502
v 0.279448 0.021671 -0.126142
v 0.279448 0.027022 -0.124181
v 0.279448 0.021433 -0.128311
v 0.309448 0.025700 -0.126496
v 0.279455 0.021433 -0.143030
v 0.279458 0.025457 -0.143307
v 0.279448 0.025457 -0.128311
v 0.280264 0.021433 0.145494
v 0.280264 0.021433 -0.145494
v 0.282696 0.021433 0.147661
v 0.281081 0.025457 0.146535
v 0.282696 0.021433 -0.147661
v 0.281081 0.025457 -0.146535
v 0.284520 0.021433 0.148231
v 0.283950 0.025457 -0.148127
v 0.305124 0.025457 0.148096
v 0.309448 0.025457 -0.128311
v 0.284520 0.021433 -0.148231
v 0.305124 0.025457 -0.148096
v 0.305305 0.021433 -0.148042
v 0.305305 0.021433 0.148042
v 0.307502 0.025457 0.146711
v 0.307502 0.025457 -0.146711
v 0.307502 0.021433 0.146711
v 0.309349 0.021433 0.143447
v 0.309448 0.021433 -0.128311
v 0.308858 0.021433 0.144964
v 0.309346 0.025457 0.143433
v 0.307502 0.021433 -0.146711
v 0.308858 0.021433 -0.144964
v 0.309346 0.025457 -0.143433
v 0.308813 0.025457 -0.145072
v 0.308813 0.025457 0.145072
v 0.309349 0.021433 -0.143447
v 0.309448 0.025457 0.128311
v 0.309448 0.025700 0.126496
v 0.309448 0.027051 0.124200
v 0.309448 0.085595 0.098928
v 0.309448 0.091215 0.099898
v 0.309448 0.137750 0.012952
v 0.309448 0.137750 -0.000000
v 0.309448 0.141009 -0.000000
v 0.309448 0.137750 -0.012952
v 0.309448 0.141770 -0.000000
v 0.309448 0.123662 -0.065348
v 0.309448 0.091215 -0.099898
v 0.309448 0.063293 -0.114924
v 0.309448 0.030860 -0.122401
v 0.309448 0.026708 -0.119413
v 0.309448 0.028921 -0.122873
v 0.309448 0.027051 -0.124200
v 0.309448 0.021671 -0.126142
v 0.292000 -0.045280 0.109987
v 0.292000 -0.042592 0.105194
v 0.292000 -0.056966 0.095792
v 0.292000 -0.066498 0.087353
v 0.297000 -0.044118 0.109841
v 0.297000 -0.125943 0.071569
v 0.292000 -0.042628 0.108809
v 0.292000 -0.043730 0.109669
v 0.297000 -0.042658 0.108855
v 0.297000 -0.041123 0.105578
v 0.292000 -0.041137 0.105916
v 0.297000 -0.042852 0.104890
v 0.292000 -0.074465 0.078589
v 0.297000 -0.066528 0.087325
v 0.297000 -0.080507 0.070728
v 0.292000 -0.080786 0.070298
v 0.297000 -0.073858 0.079314
v 0.292000 -0.126033 0.071551
v 0.292000 -0.132413 0.071422
v 0.292000 -0.133635 0.070793
v 0.297000 -0.133514 0.070877
v 0.292000 -0.086653 0.060994
v 0.292000 -0.134666 0.068500
v 0.292000 -0.134531 0.069560
v 0.297000 -0.134664 0.068500
v 0.292000 -0.134666 0.056580
v 0.292000 -0.098608 0.056440
v 0.292000 -0.097138 0.055533
v 0.297000 -0.097597 0.055966
v 0.292000 -0.096557 0.054514
v 0.297000 -0.096573 0.054607
v 0.292000 -0.096370 0.053175
v 0.292000 -0.100629 0.042271
v 0.292000 -0.090174 0.054303
v 0.297000 -0.096405 0.053026
v 0.292000 -0.099428 0.023950
v 0.292000 -0.097916 0.034354
v 0.292000 -0.103410 0.033413
v 0.297000 -0.097916 0.034354
v 0.292000 -0.106003 0.021438
v 0.292000 -0.107282 0.012492
v 0.292000 -0.105839 0.000000
v 0.292000 -0.101164 0.009564
v 0.292000 -0.107572 0.000000
v 0.292000 -0.102527 0.000000
v 0.292000 -0.106003 -0.021438
v 0.292000 -0.101164 -0.009564
v 0.297000 -0.099888 -0.021799
v 0.294731 -0.102527 0.000000
v 0.292000 -0.107282 -0.012492
v 0.292000 -0.103410 -0.033413
v 0.292000 -0.099428 -0.023950
v 0.292000 -0.097916 -0.034354
v 0.292000 -0.100629 -0.042271
v 0.297000 -0.103754 -0.031968
v 0.292000 -0.090174 -0.054303
v 0.292000 -0.096370 -0.053175
v 0.297000 -0.096573 -0.054607
v 0.292000 -0.096557 -0.054514
v 0.292000 -0.086653 -0.060994
v 0.292000 -0.097138 -0.055533
v 0.297000 -0.097597 -0.055966
v 0.292000 -0.126033 -0.071551
v 0.292000 -0.098608 -0.056440
v 0.297000 -0.098855 -0.056474
v 0.292000 -0.134666 -0.056580
v 0.297000 -0.134664 -0.068500
v 0.292000 -0.080786 -0.070298
v 0.296999 -0.090416 -0.050883
v 0.292000 -0.132413 -0.071422
v 0.292000 -0.134663 -0.068500
v 0.292000 -0.134531 -0.069560
v 0.292000 -0.133635 -0.070793
v 0.297000 -0.134372 -0.069904
v 0.297000 -0.132403 -0.071432
v 0.297000 -0.133514 -0.070877
v 0.292000 -0.045280 -0.109987
v 0.297000 -0.125943 -0.071569
v 0.292000 -0.066498 -0.087353
v 0.292000 -0.074465 -0.078589
v 0.297000 -0.073858 -0.079314
v 0.297000 -0.080507 -0.070728
v 0.292000 -0.042592 -0.105194
v 0.292000 -0.056966 -0.095792
v 0.297000 -0.042852 -0.104890
v 0.292000 -0.042628 -0.108809
v 0.292000 -0.041137 -0.105916
v 0.292000 -0.043730 -0.109669
v 0.297000 -0.044118 -0.109841
v 0.297000 -0.101146 0.040877
v 0.296999 -0.090416 0.050883
v 0.297000 -0.097916 -0.034354
v 0.297000 -0.101146 -0.040877
v 0.297000 -0.096405 -0.053026
v 0.297000 -0.045578 0.109914
v 0.297000 -0.056966 0.095792
v 0.297000 -0.132403 0.071432
v 0.297000 -0.134666 0.056580
v 0.297000 -0.134372 0.069904
v 0.297000 -0.086181 0.061814
v 0.297000 -0.098855 0.056474
v 0.297000 -0.103754 0.031968
v 0.297000 -0.099888 0.021799
v 0.297000 -0.106003 0.021438
v 0.297000 -0.107287 0.012395
v 0.297000 -0.105797 0.000000
v 0.293514 -0.107573 0.000000
v 0.297000 -0.107573 0.000000
v 0.297000 -0.101153 0.009265
v 0.297000 -0.101153 -0.009265
v 0.297000 -0.102521 0.000000
v 0.297000 -0.107287 -0.012395
v 0.297000 -0.106003 -0.021438
v 0.297000 -0.086181 -0.061814
v 0.297000 -0.134666 -0.056580
v 0.297000 -0.066528 -0.087325
v 0.297000 -0.045578 -0.109914
v 0.297000 -0.056966 -0.095792
v 0.297000 -0.042658 -0.108855
v 0.297000 -0.041123 -0.105578
v -0.665166 -0.093737 0.000000
v -0.661477 -0.085046 0.007662
v -0.665124 -0.093640 0.007662
v -0.664756 -0.092773 0.015325
v -0.647015 -0.104046 0.000000
v -0.647015 -0.104046 0.010497
v -0.661477 -0.085046 -0.007662
v -0.665124 -0.093640 -0.007662
v -0.661477 -0.085046 0.015325
v -0.664756 -0.092773 -0.015325
v -0.664500 -0.092168 -0.019156
v -0.664243 -0.091564 0.022987
v -0.643338 -0.103816 0.025777
v -0.661477 -0.085046 0.019156
v -0.664500 -0.092168 0.019156
v -0.651859 -0.100968 0.018646
v -0.664243 -0.091564 -0.022987
v -0.661477 -0.085046 -0.015325
v -0.639661 -0.103585 0.031490
v -0.661477 -0.085046 -0.019156
v -0.643338 -0.103816 -0.025777
v -0.661477 -0.085046 0.022987
v -0.636324 -0.095719 0.020063
v -0.636324 -0.095719 0.025777
v -0.636324 -0.095719 0.010497
v -0.661477 -0.085046 0.000000
v -0.636324 -0.095719 -0.025777
v -0.661477 -0.085046 -0.022987
v -0.646955 -0.113048 0.010497
v -0.646566 -0.104257 0.016270
v -0.647015 -0.104046 0.014020
v -0.647015 -0.104046 -0.010497
v -0.651859 -0.100968 -0.018646
v -0.647015 -0.104046 -0.014020
v -0.646955 -0.113048 0.014020
v -0.646507 -0.113236 0.016270
v -0.641066 -0.115522 0.019930
v -0.646955 -0.113048 0.000000
v -0.618982 -0.124802 0.000000
v -0.646955 -0.113048 -0.010497
v -0.618982 -0.124802 -0.007623
v -0.646566 -0.104257 -0.016270
v -0.643319 -0.114575 -0.019469
v -0.641066 -0.115522 -0.019930
v -0.646955 -0.113048 -0.014020
v -0.645289 -0.104857 -0.018183
v -0.645230 -0.113772 0.018184
v -0.646507 -0.113236 -0.016270
v -0.643378 -0.105756 0.019467
v -0.645289 -0.104857 0.018183
v -0.645230 -0.113772 -0.018184
v -0.643904 -0.103851 -0.024871
v -0.643319 -0.114575 0.019469
v -0.643378 -0.105756 -0.019467
v -0.641123 -0.106815 -0.019927
v -0.643904 -0.103851 0.024871
v -0.641123 -0.106815 0.019927
v -0.615334 -0.116205 -0.030164
v -0.618982 -0.124802 0.020068
v -0.616299 -0.118480 0.020068
v -0.615334 -0.116205 0.030164
v -0.614368 -0.113930 0.039994
v -0.639661 -0.103585 -0.031490
v -0.636324 -0.095719 0.031490
v -0.636324 -0.095719 -0.031490
v -0.611170 -0.106393 -0.039994
v -0.619035 -0.151571 0.000000
v -0.602766 -0.150016 -0.007780
v -0.602774 -0.151526 0.000000
v -0.619032 -0.150064 0.007885
v -0.619024 -0.145770 -0.014288
v -0.619032 -0.150064 -0.007885
v -0.619024 -0.145770 0.014288
v -0.618982 -0.124802 0.007623
v -0.602743 -0.145716 0.014191
v -0.619011 -0.139344 -0.018566
v -0.619011 -0.139344 0.018566
v -0.602709 -0.139281 -0.018475
v -0.602743 -0.145716 -0.014191
v -0.618996 -0.131764 0.020068
v -0.618982 -0.124802 -0.020068
v -0.602670 -0.131691 -0.019978
v -0.618996 -0.131764 -0.020068
v -0.601037 -0.124636 0.019978
v -0.601037 -0.124636 -0.019978
v -0.616299 -0.118480 -0.020068
v -0.611170 -0.106393 0.039994
v -0.600145 -0.122534 0.030164
v -0.599253 -0.120431 -0.039994
v -0.614368 -0.113930 -0.039994
v -0.600145 -0.122534 -0.030164
v -0.611170 -0.106393 0.030164
v -0.576756 -0.131161 0.029197
v -0.599253 -0.120431 0.039994
v -0.596023 -0.112820 0.039994
v -0.596023 -0.112820 -0.039994
v -0.576901 -0.131504 0.000000
v -0.576955 -0.141258 0.000000
v -0.602766 -0.150016 0.007780
v -0.576939 -0.137960 0.006430
v -0.576950 -0.140189 0.003481
v -0.576950 -0.140189 -0.003481
v -0.576908 -0.131519 0.003413
v -0.602709 -0.139281 0.018475
v -0.576939 -0.137960 -0.006430
v -0.602670 -0.131691 0.019978
v -0.576921 -0.134910 0.008401
v -0.576921 -0.134910 -0.008401
v -0.576901 -0.131502 0.009093
v -0.573101 -0.122547 0.003413
v -0.602668 -0.131442 0.019978
v -0.576901 -0.131502 -0.009093
v -0.573101 -0.122547 -0.003413
v -0.576908 -0.131519 -0.003413
v -0.573101 -0.122547 -0.009093
v -0.602668 -0.131442 -0.019978
v -0.576066 -0.129535 0.039994
v -0.573101 -0.122547 0.039994
v -0.576066 -0.129535 -0.039994
v -0.576756 -0.131161 -0.029197
v -0.573101 -0.122547 -0.039994
v -0.573101 -0.122547 0.024954
v -0.596023 -0.112820 0.030164
v -0.573101 -0.122547 0.009093
v -0.573101 -0.122547 0.000000
v -0.596023 -0.112820 -0.020335
v -0.573101 -0.122547 -0.024954
v -0.596023 -0.112820 -0.030164
v -0.636324 -0.095719 0.000000
v -0.636324 -0.095719 -0.010497
v -0.636324 -0.095719 -0.020063
v -0.611170 -0.106393 -0.013331
v -0.596023 -0.112820 -0.012084
v -0.596023 -0.112820 0.000000
v -0.611170 -0.106393 0.000000
v -0.611170 -0.106393 0.013331
v -0.611170 -0.106393 -0.020335
v -0.611170 -0.106393 -0.030164
v -0.596023 -0.112820 0.012084
v -0.596023 -0.112820 0.020335
v -0.611170 -0.106393 0.020335
v 0.129448 -0.046681 0.098928
v 0.129448 -0.068371 0.086112
v 0.129448 -0.052302 0.099898
v 0.129449 -0.023708 0.110895
v 0.159448 -0.068371 0.086112
v 0.129448 -0.062851 0.085944
v 0.159448 -0.062851 0.085944
v 0.129448 -0.084749 0.065348
v 0.129448 -0.091457 0.043119
v 0.129448 -0.079498 0.066098
v 0.159448 -0.099456 0.031444
v 0.159448 -0.084749 0.065348
v 0.129448 -0.098837 0.012952
v 0.129448 -0.102856 0.000000
v 0.129448 -0.099456 0.031444
v 0.129448 -0.102096 0.000000
v 0.129448 -0.098837 0.000000
v 0.159448 -0.098837 0.012952
v 0.129448 -0.098837 -0.012952
v 0.129448 -0.084749 -0.065348
v 0.129448 -0.099456 -0.031444
v 0.159448 -0.091457 -0.043119
v 0.129448 -0.091457 -0.043119
v 0.129448 -0.079498 -0.066098
v 0.159448 -0.084749 -0.065348
v 0.159448 -0.079498 -0.066098
v 0.129448 -0.062851 -0.085944
v 0.129448 -0.052302 -0.099898
v 0.159448 -0.062851 -0.085944
v 0.159448 -0.068371 -0.086112
v 0.129448 -0.068371 -0.086112
v 0.129448 -0.046681 -0.098928
v 0.129449 0.013213 0.126496
v 0.129449 0.017480 0.128311
v 0.129551 0.013457 0.143433
v 0.133773 0.013457 0.148096
v 0.129449 0.013457 0.128311
v 0.129449 0.017242 0.126142
v 0.159448 0.017480 0.128311
v 0.133591 0.017480 0.148042
v 0.129449 0.015763 0.122568
v 0.129449 0.011862 0.124200
v 0.159448 0.013457 0.128311
v 0.159448 0.013196 0.126502
v 0.129449 0.012205 0.119413
v 0.129449 0.009992 0.122873
v 0.159448 0.017242 0.126142
v 0.159448 0.015739 0.122593
v 0.159448 0.012471 0.119554
v 0.129449 0.008054 0.122401
v 0.129449 -0.024379 0.114923
v 0.159448 0.006457 0.122311
v 0.159448 -0.023708 0.110895
v 0.159448 -0.024379 0.114923
v 0.159448 -0.052302 0.099898
v 0.159448 -0.046681 -0.098928
v 0.129449 -0.023708 -0.110896
v 0.129449 -0.024379 -0.114924
v 0.129449 0.015763 -0.122568
v 0.129449 0.012205 -0.119413
v 0.159448 -0.023708 -0.110896
v 0.159448 0.012471 -0.119554
v 0.129449 0.009992 -0.122873
v 0.159448 0.009272 -0.122562
v 0.129449 0.008054 -0.122401
v 0.129449 0.017242 -0.126142
v 0.159448 0.017242 -0.126142
v 0.159448 0.011891 -0.124181
v 0.129449 0.011862 -0.124200
v 0.159448 0.017480 -0.128311
v 0.129449 0.013213 -0.126496
v 0.159448 0.013196 -0.126502
v 0.129548 0.017480 -0.143447
v 0.129449 0.013457 -0.128311
v 0.129449 0.017480 -0.128311
v 0.130083 0.013457 0.145072
v 0.129548 0.017480 0.143447
v 0.129551 0.013457 -0.143433
v 0.130039 0.017480 -0.144964
v 0.131395 0.013457 -0.146711
v 0.130039 0.017480 0.144964
v 0.131395 0.017480 0.146711
v 0.130083 0.013457 -0.145072
v 0.131395 0.013457 0.146711
v 0.131395 0.017480 -0.146711
v 0.133773 0.013457 -0.148096
v 0.133591 0.017480 -0.148042
v 0.154376 0.017480 0.148231
v 0.154376 0.017480 -0.148231
v 0.156201 0.017480 0.147661
v 0.154947 0.013457 0.148127
v 0.157815 0.013457 0.146535
v 0.157815 0.013457 -0.146535
v 0.154947 0.013457 -0.148127
v 0.159438 0.013457 -0.143307
v 0.158633 0.017480 0.145494
v 0.156201 0.017480 -0.147661
v 0.158633 0.017480 -0.145494
v 0.159441 0.017480 0.143030
v 0.159441 0.017480 -0.143030
v 0.159438 0.013457 0.143307
v 0.159448 0.011891 0.124181
v 0.159448 0.009272 0.122562
v 0.159448 -0.046681 0.098928
v 0.159448 -0.079498 0.066098
v 0.159448 -0.091457 0.043119
v 0.155123 -0.102856 0.000000
v 0.159448 -0.102096 0.000000
v 0.144448 -0.098837 0.000000
v 0.159448 -0.098837 0.000000
v 0.159448 -0.098837 -0.012952
v 0.159448 -0.099456 -0.031444
v 0.159448 -0.102856 0.000000
v 0.159448 -0.052302 -0.099898
v 0.159448 -0.024379 -0.114924
v 0.159448 0.006457 -0.122311
v 0.159448 0.015739 -0.122593
v 0.159448 0.013457 -0.128311
v 0.129379 -0.104443 -0.056500
v 0.129379 -0.104443 -0.051500
v 0.129447 -0.132271 -0.051500
v 0.129447 -0.103924 -0.051500
v 0.134573 -0.099017 -0.051500
v 0.134314 -0.137138 -0.056500
v 0.131914 -0.100051 -0.056500
v 0.130296 -0.134453 0.056500
v 0.129447 -0.132271 0.056500
v 0.134573 -0.099017 0.056500
v 0.134314 -0.137138 0.056500
v 0.129447 -0.132271 0.051500
v 0.130296 -0.134453 0.051500
v 0.132356 -0.136426 0.051500
v 0.129447 -0.132271 -0.056500
v 0.129718 -0.133282 -0.051500
v 0.130296 -0.101742 -0.056500
v 0.129447 -0.103924 -0.056500
v 0.130296 -0.101742 -0.051500
v 0.134057 -0.099108 -0.051500
v 0.130596 -0.134882 -0.056500
v 0.133803 -0.137025 -0.056500
v 0.130296 -0.101742 0.051500
v 0.129718 -0.102914 0.051500
v 0.130296 -0.101742 0.056500
v 0.129718 -0.102914 0.056500
v 0.129718 -0.133282 -0.056500
v 0.130296 -0.134453 -0.056500
v 0.130596 -0.101313 0.051500
v 0.130596 -0.134882 0.051500
v 0.130296 -0.134453 -0.051500
v 0.130596 -0.134882 0.056500
v 0.130596 -0.101313 0.056500
v 0.130760 -0.101109 0.056500
v 0.131302 -0.135653 0.051500
v 0.130932 -0.135283 0.051500
v 0.130596 -0.134882 -0.051500
v 0.132356 -0.136426 -0.056500
v 0.130760 -0.101109 0.051500
v 0.130932 -0.100912 0.051500
v 0.131302 -0.100542 0.051500
v 0.130932 -0.135283 0.056500
v 0.131302 -0.135653 0.056500
v 0.131302 -0.100542 0.056500
v 0.130932 -0.100912 0.056500
v 0.133060 -0.099423 0.056500
v 0.131302 -0.135653 -0.051500
v 0.130932 -0.135283 -0.051500
v 0.130932 -0.135283 -0.056500
v 0.131703 -0.135990 0.056500
v 0.131703 -0.100206 0.056500
v 0.131703 -0.100206 0.051500
v 0.131302 -0.135653 -0.056500
v 0.131703 -0.135990 0.051500
v 0.131914 -0.136144 0.056500
v 0.131914 -0.100051 0.051500
v 0.131914 -0.100051 0.056500
v 0.131703 -0.135990 -0.056500
v 0.131914 -0.136144 -0.051500
v 0.131703 -0.135990 -0.051500
v 0.132132 -0.136290 -0.051500
v 0.131703 -0.100206 -0.056500
v 0.131703 -0.100206 -0.051500
v 0.132132 -0.136290 0.056500
v 0.131914 -0.136144 0.051500
v 0.132132 -0.099906 0.051500
v 0.131914 -0.136144 -0.056500
v 0.131914 -0.100051 -0.051500
v 0.132132 -0.099906 -0.051500
v 0.132132 -0.099906 -0.056500
v 0.132356 -0.136426 -0.051500
v 0.132132 -0.136290 -0.056500
v 0.132356 -0.099770 -0.056500
v 0.132356 -0.136426 0.056500
v 0.132132 -0.099906 0.056500
v 0.132356 -0.099770 0.056500
v 0.132356 -0.099770 0.051500
v 0.132132 -0.136290 0.051500
v 0.132356 -0.099770 -0.051500
v 0.132586 -0.136552 -0.051500
v 0.132586 -0.099644 0.056500
v 0.132820 -0.136667 0.056500
v 0.132586 -0.136552 0.051500
v 0.132586 -0.099644 0.051500
v 0.132820 -0.099528 0.051500
v 0.132820 -0.136667 -0.051500
v 0.132586 -0.136552 -0.056500
v 0.132586 -0.099644 -0.056500
v 0.132586 -0.136552 0.056500
v 0.132820 -0.099528 0.056500
v 0.133060 -0.136773 0.056500
v 0.132820 -0.099528 -0.051500
v 0.132586 -0.099644 -0.051500
v 0.133060 -0.099423 -0.056500
v 0.132820 -0.099528 -0.056500
v 0.133060 -0.099423 0.051500
v 0.132820 -0.136667 0.051500
v 0.133060 -0.136773 0.051500
v 0.133304 -0.136868 0.056500
v 0.133060 -0.136773 -0.051500
v 0.133304 -0.099328 -0.056500
v 0.133060 -0.099423 -0.051500
v 0.132820 -0.136667 -0.056500
v 0.133060 -0.136773 -0.056500
v 0.133552 -0.099244 0.056500
v 0.133552 -0.099244 0.051500
v 0.133304 -0.099328 0.051500
v 0.133552 -0.099244 -0.051500
v 0.133552 -0.099244 -0.056500
v 0.133304 -0.136868 -0.051500
v 0.133552 -0.136952 -0.051500
v 0.133803 -0.099170 0.051500
v 0.133304 -0.099328 0.056500
v 0.133552 -0.136952 0.056500
v 0.133552 -0.136952 0.051500
v 0.133304 -0.136868 0.051500
v 0.133803 -0.099170 -0.056500
v 0.133304 -0.099328 -0.051500
v 0.133803 -0.137025 -0.051500
v 0.133304 -0.136868 -0.056500
v 0.133803 -0.137025 0.056500
v 0.133803 -0.099170 0.056500
v 0.133803 -0.137025 0.051500
v 0.133803 -0.099170 -0.051500
v 0.134057 -0.099108 -0.056500
v 0.133552 -0.136952 -0.056500
v 0.134057 -0.099108 0.056500
v 0.134314 -0.099057 0.051500
v 0.134057 -0.099108 0.051500
v 0.134057 -0.137087 0.051500
v 0.134314 -0.099057 -0.056500
v 0.134057 -0.137087 -0.051500
v 0.134057 -0.137087 0.056500
v 0.134057 -0.137087 -0.056500
v 0.134314 -0.099057 -0.051500
v 0.134314 -0.137138 0.051500
v 0.672398 -0.137138 0.056500
v 0.134314 -0.099057 0.056500
v 0.134573 -0.099017 0.051500
v 0.134314 -0.137138 -0.051500
v 0.397356 -0.098966 -0.056500
v 0.397356 -0.098966 0.056500
v 0.134573 -0.099017 -0.056500
v 0.397356 -0.095771 0.056063
v 0.397356 -0.094676 0.055463
v 0.397356 -0.097493 0.051328
v 0.397356 -0.093267 0.054054
v 0.397356 -0.097298 0.051075
v 0.397356 -0.092495 0.052488
v 0.397356 -0.097870 0.051494
v 0.397356 -0.098966 0.051500
v 0.397356 -0.097655 0.051431
v 0.677356 -0.097298 0.051075
v 0.397356 -0.097230 0.050796
v 0.459165 -0.092229 0.010261
v 0.469093 -0.092229 0.023801
v 0.464375 -0.092229 0.019284
v 0.478335 -0.092229 0.028612
v 0.397356 -0.092489 0.051038
v 0.677356 -0.092229 0.050763
v 0.677356 -0.097241 0.050891
v 0.478335 -0.097229 0.028612
v 0.470149 -0.097229 0.024575
v 0.459165 -0.097229 0.010261
v 0.464375 -0.097229 0.019284
v 0.397356 -0.097232 -0.050828
v 0.397356 -0.097255 -0.050954
v 0.397356 -0.092495 -0.052488
v 0.457385 -0.092229 0.001309
v 0.397356 -0.092229 -0.050763
v 0.471237 -0.092229 -0.025302
v 0.483440 -0.092229 -0.029743
v 0.397356 -0.097382 -0.051212
v 0.471237 -0.097229 -0.025302
v 0.397356 -0.094676 -0.055463
v 0.397356 -0.097655 -0.051431
v 0.397356 -0.097870 -0.051494
v 0.397356 -0.098966 -0.051500
v 0.677356 -0.093267 -0.054054
v 0.397356 -0.093267 -0.054054
v 0.397356 -0.095771 -0.056063
v 0.457385 -0.097229 0.001309
v 0.458745 -0.097229 -0.009021
v 0.464375 -0.092229 -0.019284
v 0.458745 -0.092229 -0.009021
v 0.461375 -0.097229 -0.015000
v 0.464375 -0.097229 -0.019284
v 0.469093 -0.097229 0.023801
v 0.469093 -0.092229 -0.023801
v 0.483440 -0.097229 -0.029743
v 0.498837 -0.092229 -0.027716
v 0.677356 -0.092229 -0.050763
v 0.488665 -0.092229 0.029971
v 0.488665 -0.097229 0.029971
v 0.491272 -0.097229 -0.029743
v 0.498837 -0.097229 -0.027716
v 0.677356 -0.097263 -0.050985
v 0.498837 -0.097229 0.027716
v 0.507624 -0.092229 0.022118
v 0.498837 -0.092229 0.027716
v 0.507624 -0.092229 -0.022118
v 0.507624 -0.097229 0.022118
v 0.677356 -0.097236 -0.050860
v 0.507624 -0.097229 -0.022118
v 0.513966 -0.097229 -0.013852
v 0.513966 -0.092229 -0.013852
v 0.510337 -0.092229 0.019284
v 0.517099 -0.092229 0.003916
v 0.513966 -0.097229 0.013852
v 0.517099 -0.097229 0.003916
v 0.513966 -0.092229 0.013852
v 0.517099 -0.092229 -0.003916
v 0.517099 -0.097229 -0.003916
v 0.672398 -0.137138 0.051500
v 0.674798 -0.136144 0.056500
v 0.675009 -0.135990 0.056500
v 0.672398 -0.137138 -0.051500
v 0.672398 -0.137138 -0.056500
v 0.677152 -0.132782 -0.051500
v 0.677265 -0.132271 -0.051500
v 0.677356 -0.095771 -0.056063
v 0.677265 -0.132271 -0.056500
v 0.672909 -0.137025 -0.051500
v 0.672909 -0.137025 -0.056500
v 0.673408 -0.136868 -0.056500
v 0.674356 -0.136426 -0.056500
v 0.673652 -0.136773 -0.051500
v 0.673408 -0.136868 -0.051500
v 0.673652 -0.136773 -0.056500
v 0.674127 -0.136551 -0.051500
v 0.674127 -0.136551 -0.056500
v 0.676794 -0.133765 -0.051500
v 0.674356 -0.136426 -0.051500
v 0.674798 -0.136144 -0.051500
v 0.674798 -0.136144 -0.056500
v 0.674798 -0.136144 0.051500
v 0.675009 -0.135990 0.051500
v 0.676678 -0.134000 -0.056500
v 0.675213 -0.135826 0.056500
v 0.675213 -0.135826 0.051500
v 0.675410 -0.135653 0.051500
v 0.675599 -0.135472 0.051500
v 0.675410 -0.135653 0.056500
v 0.675952 -0.135086 0.051500
v 0.675599 -0.135472 0.056500
v 0.675780 -0.135283 0.051500
v 0.675952 -0.135086 0.056500
v 0.675780 -0.135283 0.056500
v 0.676116 -0.134882 0.056500
v 0.676116 -0.134882 0.051500
v 0.676678 -0.134000 0.051500
v 0.676271 -0.134671 0.051500
v 0.676271 -0.134671 0.056500
v 0.676552 -0.134229 0.056500
v 0.676552 -0.134229 0.051500
v 0.676678 -0.134000 0.056500
v 0.677265 -0.132271 0.051500
v 0.677265 -0.132271 0.056500
v 0.676794 -0.133765 -0.056500
v 0.676678 -0.134000 -0.051500
v 0.676899 -0.133525 -0.056500
v 0.676899 -0.133525 -0.051500
v 0.676994 -0.133282 -0.051500
v 0.676994 -0.133282 -0.056500
v 0.677078 -0.133034 -0.056500
v 0.677078 -0.133034 -0.051500
v 0.677152 -0.132782 -0.056500
v 0.677214 -0.132528 -0.051500
v 0.677214 -0.132528 -0.056500
v 0.677356 -0.097870 0.051494
v 0.677356 -0.097655 0.051431
v 0.677356 -0.095771 0.056063
v 0.677356 -0.097493 0.051328
v 0.677356 -0.094676 0.055463
v 0.677356 -0.092495 0.052488
v 0.677356 -0.093267 0.054054
v 0.677356 -0.097229 0.050763
v 0.677356 -0.092495 -0.052488
v 0.677356 -0.097382 -0.051212
v 0.677356 -0.097655 -0.051431
v 0.677356 -0.094676 -0.055463
v 0.677356 -0.097870 -0.051494
v 0.106902 -0.010671 0.112530
v 0.106902 0.019481 0.116500
v 0.331902 -0.010671 0.112530
v 0.106902 0.049634 0.112530
v 0.106902 -0.062897 0.082378
v 0.106902 -0.038769 0.100892
v 0.331902 -0.038769 0.100892
v 0.106902 0.101859 0.082378
v 0.106902 0.077731 0.100892
v 0.106902 -0.081411 0.058250
v 0.331902 0.101859 0.082378
v 0.106902 0.120373 0.058250
v 0.106902 -0.093049 0.030152
v 0.331902 -0.081411 0.058250
v 0.331902 0.120373 0.058250
v 0.106902 -0.097019 0.000000
v 0.331902 -0.093049 0.030152
v 0.106902 0.132012 0.030152
v 0.331902 0.135981 -0.000000
v 0.106902 0.132012 -0.030152
v 0.106902 0.135981 -0.000000
v 0.106902 -0.062897 -0.082378
v 0.106902 -0.093049 -0.030152
v 0.331902 -0.081411 -0.058250
v 0.331902 0.132012 -0.030152
v 0.106902 -0.081411 -0.058250
v 0.106902 0.120373 -0.058250
v 0.106902 -0.038769 -0.100892
v 0.331902 -0.038769 -0.100892
v 0.106902 0.077731 -0.100892
v 0.106902 0.101859 -0.082378
v 0.106902 0.049634 -0.112530
v 0.331902 0.077731 -0.100892
v 0.106902 -0.010671 -0.112530
v 0.106902 0.019481 -0.116500
v 0.331902 0.019481 -0.116500
v 0.331902 0.019481 0.116500
v 0.331902 0.077731 0.100892
v 0.331902 0.049634 0.112530
v 0.331902 -0.062897 0.082378
v 0.331902 -0.097019 0.000000
v 0.331902 0.132012 0.030152
v 0.331902 -0.093049 -0.030152
v 0.331902 0.120373 -0.058250
v 0.331902 0.101859 -0.082378
v 0.331902 -0.062897 -0.082378
v 0.331902 -0.010671 -0.112530
v 0.331902 0.049634 -0.112530
v -0.687941 0.065635 0.047910
v -0.691254 0.064249 0.045762
v -0.724762 0.054565 0.001018
v -0.726056 0.053439 0.001018
v 0.595324 0.156992 0.002330
v 0.595323 0.155335 0.001144
v 0.595323 0.155866 0.001484
v -0.651208 0.087454 -0.057436
v -0.647310 0.090258 -0.057188
v -0.603696 0.122429 -0.028992
v 0.595323 -0.155006 0.001142
v 0.595323 -0.155270 0.001390
vn 0.2883 -0.9034 0.3173
vn 0.3200 0.8001 -0.5074
vn -0.9487 0.0878 -0.3036
vn -0.3989 0.2033 -0.8942
vn 0.0048 -0.8270 0.5622
vn 0.2222 0.7515 -0.6212
vn -0.3754 0.9022 0.2125
vn -0.0861 -0.8904 -0.4469
vn -0.3194 0.2811 0.9049
vn 0.8806 -0.0614 0.4698
vn 0.9012 -0.3114 -0.3015
vn 0.5285 0.8185 -0.2254
vn 0.6472 -0.2757 0.7107
vn 0.9382 -0.0864 0.3352
vn 0.6674 -0.2149 0.7130
vn -0.6122 -0.6148 -0.4972
vn -0.2822 -0.5773 0.7662
vn 0.5572 -0.3267 -0.7634
vn -0.5151 0.7466 -0.4210
vn -0.2969 0.4221 -0.8566
vn -0.0741 -0.7346 0.6744
vn 0.9767 0.1846 0.1095
vn -0.8354 -0.1647 0.5244
vn 0.3372 0.3455 0.8758
vn -0.7302 0.2452 -0.6377
vn -0.9133 -0.0506 0.4041
vn 0.4110 -0.6336 -0.6554
vn 0.3555 -0.3218 -0.8776
vn -0.9051 -0.3560 -0.2323
vn -0.1133 0.4902 0.8642
vn 0.5439 -0.6059 -0.5805
vn -0.0429 -0.8073 -0.5886
vn 0.4519 -0.0406 0.8911
vn -0.0876 -0.9771 -0.1942
vn -0.6947 0.3778 -0.6120
vn -0.6729 -0.0935 0.7338
vn 0.0389 -0.9341 0.3548
vn 0.4503 -0.1420 -0.8815
vn -0.1617 0.9780 -0.1315
vn 0.1919 -0.5125 0.8370
vn -0.6519 -0.0468 -0.7568
vn -0.6706 -0.0557 -0.7397
vn 0.9222 0.1141 0.3694
vn -0.5310 0.2936 -0.7949
vn 0.3678 0.4269 -0.8261
vn 0.0455 -0.5644 -0.8242
vn -0.5710 0.2335 -0.7870
vn -0.4177 0.4498 -0.7895
vn 0.7710 -0.3133 0.5545
vn 0.7691 0.6382 -0.0349
vn 0.8027 -0.2146 0.5565
vn 0.6832 -0.5090 0.5237
vn 0.8594 0.4608 -0.2217
vn -0.9186 0.3705 -0.1374
vn -0.7053 0.7046 0.0783
vn -0.7666 -0.5138 0.3851
vn -0.9303 -0.3245 -0.1710
vn 0.2291 0.5140 -0.8266
vn -0.6068 0.1254 -0.7849
vn -0.9885 0.0863 -0.1241
vn -0.5750 -0.7215 0.3859
vn -0.9911 -0.1129 -0.0703
vn 0.0661 -0.5605 -0.8255
vn -0.5264 0.8162 0.2381
vn -0.8705 0.1896 0.4542
vn -0.5976 -0.2486 0.7623
vn -0.6297 0.1865 0.7541
vn -0.7140 0.0894 0.6944
vn -0.4100 0.4722 0.7803
vn -0.6059 0.0492 -0.7940
vn -0.7667 -0.6054 -0.2137
vn -0.4920 -0.3764 -0.7850
vn 0.0551 0.5788 -0.8136
vn -0.9286 -0.3645 0.0696
vn -0.3140 -0.8666 0.3877
vn 0.6499 0.7422 -0.1634
vn 0.8235 -0.0711 0.5628
vn 0.5603 0.7398 -0.3725
vn 0.8371 0.0500 0.5448
vn -0.4465 -0.4231 0.7884
vn -0.7337 -0.5162 0.4417
vn -0.5385 0.0042 0.8426
vn -0.1791 0.5899 -0.7874
vn 0.5637 -0.7713 -0.2956
vn 0.5278 -0.7321 0.4307
vn -0.8965 0.3641 -0.2525
vn -0.2505 0.5655 -0.7858
vn -0.0576 -0.5759 -0.8155
vn -0.8811 0.1450 0.4501
vn -0.2662 0.9208 0.2850
vn -0.3042 0.4706 0.8283
vn -0.6059 0.2741 0.7469
vn 0.4894 -0.3537 0.7971
vn 0.4773 0.6307 -0.6119
vn 0.6094 -0.7572 -0.2352
vn 0.3789 0.1987 0.9038
vn 0.5750 0.8178 -0.0242
vn -0.3259 -0.5745 0.7508
vn 0.8444 -0.3824 0.3753
vn 0.7610 0.4454 0.4717
vn 0.3132 0.8368 -0.4490
vn -0.4010 -0.3713 -0.8375
vn -0.0507 -0.6514 0.7570
vn 0.6306 -0.4271 0.6480
vn 0.3868 0.8207 0.4205
vn -0.0814 -0.6844 0.7245
vn -0.2661 -0.2444 -0.9324
vn 0.2526 0.7584 -0.6009
vn 0.5919 -0.6421 -0.4871
vn 0.3952 -0.7828 -0.4807
vn 0.5493 0.6927 -0.4675
vn 0.1652 -0.7770 -0.6074
vn -0.1321 0.6729 0.7278
vn 0.3912 -0.8167 -0.4242
vn 0.3939 -0.6617 -0.6380
vn 0.2472 -0.5185 -0.8185
vn -0.1095 0.6911 -0.7145
vn 0.5521 0.0745 0.8305
vn 0.6467 -0.5788 0.4968
vn 0.5656 -0.7088 -0.4216
vn -0.5653 0.8186 0.1016
vn 0.4875 0.6236 -0.6111
vn -0.2904 -0.9201 0.2630
vn -0.0983 0.8658 -0.4907
vn 0.7980 -0.5057 -0.3277
vn 0.0270 0.9918 -0.1253
vn -0.2234 -0.6595 0.7177
vn 0.2742 0.6903 -0.6695
vn 0.6790 -0.5472 -0.4893
vn -0.0119 -0.6953 0.7186
vn 0.0984 0.9949 -0.0238
vn -0.4036 0.3708 -0.8365
vn -0.1504 -0.1830 -0.9715
vn -0.4647 0.8369 0.2892
vn 0.4884 0.6862 -0.5391
vn 0.7516 0.3729 -0.5441
vn -0.2484 -0.4688 -0.8477
vn 0.5266 0.1587 -0.8351
vn 0.7022 0.1733 -0.6905
vn 0.5545 -0.6629 -0.5031
vn 0.4698 -0.3650 -0.8038
vn -0.4412 -0.3578 -0.8230
vn -0.4596 -0.0130 -0.8881
vn 0.3779 0.3574 -0.8541
vn 0.3671 0.1573 -0.9168
vn 0.6615 0.4596 0.5927
vn -0.5804 -0.1878 -0.7924
vn 0.4027 0.8643 -0.3014
vn 0.7546 0.3410 0.5606
vn -0.5766 -0.4035 0.7104
vn -0.1869 -0.5991 -0.7786
vn -0.8538 -0.2871 0.4343
vn 0.6346 0.0459 -0.7715
vn -0.5972 -0.2689 -0.7557
vn -0.5612 -0.6889 0.4588
vn -0.2869 -0.3217 0.9023
vn 0.4762 -0.7034 0.5277
vn 0.9763 0.2131 -0.0372
vn -0.0037 0.6129 -0.7901
vn 0.2759 -0.9105 -0.3080
vn 0.2826 -0.8569 0.4311
vn -0.5504 0.7566 0.3530
vn -0.1665 0.6337 -0.7555
vn -0.0750 -0.6085 -0.7900
vn -0.6699 0.7423 -0.0159
vn -0.1423 0.9009 0.4100
vn -0.6636 0.5715 0.4827
vn -0.0545 0.2017 0.9779
vn 0.2003 0.8417 -0.5013
vn 0.8805 0.3350 -0.3353
vn 0.8091 0.3808 -0.4477
vn 0.1728 -0.1172 -0.9779
vn -0.6911 -0.6133 -0.3825
vn -0.6656 0.6836 -0.2995
vn -0.3392 -0.7531 -0.5637
vn 0.4295 -0.7187 -0.5468
vn -0.6584 -0.7382 -0.1467
vn -0.1199 0.9928 0.0078
vn 0.2251 -0.7973 -0.5601
vn -0.3434 -0.5579 0.7555
vn 0.3933 -0.7321 -0.5562
vn 0.8387 0.1623 -0.5199
vn 0.0706 0.6947 0.7159
vn 0.6041 -0.0002 0.7969
vn 0.3704 -0.7916 0.4860
vn -0.3042 0.0003 -0.9526
vn 0.3144 0.4382 -0.8421
vn 0.8294 0.1214 -0.5453
vn 0.4429 -0.4949 -0.7476
vn 0.7866 -0.4392 -0.4339
vn 0.7666 0.2311 -0.5991
vn 0.2485 -0.7785 -0.5763
vn 0.7950 0.1075 -0.5970
vn 0.1490 0.8575 -0.4924
vn 0.2689 0.4776 0.8364
vn -0.6620 0.0183 0.7493
vn 0.3804 0.3745 0.8456
vn -0.3200 -0.5481 0.7728
vn -0.8012 -0.3956 -0.4490
vn -0.9813 -0.0201 -0.1914
vn -0.6787 -0.5793 -0.4514
vn -0.8711 -0.4531 -0.1892
vn -0.0219 -0.6383 0.7695
vn 0.4517 0.2353 0.8606
vn -0.6816 -0.3453 -0.6452
vn -0.3675 0.5446 0.7539
vn 0.6585 -0.6059 -0.4464
vn 0.8590 -0.0321 -0.5111
vn 0.9771 -0.0173 0.2121
vn 0.7625 0.5711 -0.3040
vn 0.9821 0.0204 0.1871
vn 0.9875 0.1113 0.1117
vn -0.9867 -0.1139 -0.1160
vn 0.4876 0.1863 0.8530
vn -0.8818 -0.0842 -0.4641
vn -0.9766 0.0175 -0.2142
vn -0.9124 0.0690 -0.4034
vn -0.8945 -0.1779 -0.4102
vn 0.5403 0.0544 0.8397
vn 0.8985 -0.2863 0.3329
vn -0.5421 0.4231 0.7260
vn 0.6507 -0.5313 -0.5425
vn 0.8474 -0.4301 0.3114
vn -0.8983 0.2870 -0.3328
vn -0.8559 0.1613 -0.4914
vn -0.8496 0.4268 -0.3100
vn -0.9351 0.1843 -0.3028
vn 0.5445 0.8100 -0.2177
vn 0.8709 0.4530 0.1905
vn 0.9780 -0.1541 0.1407
vn -0.8033 -0.5100 -0.3076
vn -0.6055 0.7902 -0.0948
vn -0.8117 -0.5838 -0.0196
vn 0.2067 -0.5955 0.7763
vn 0.8027 0.5112 0.3073
vn 0.3036 0.9379 -0.1676
vn 0.6911 0.7216 0.0406
vn -0.8420 -0.3389 -0.4196
vn 0.4010 -0.8189 -0.4106
vn 0.4671 0.5066 -0.7247
vn 0.1918 -0.0858 -0.9777
vn 0.2132 0.3136 -0.9253
vn 0.2110 0.2927 -0.9326
vn -0.8315 0.5552 -0.0167
vn 0.7566 -0.4799 -0.4442
vn -0.0673 -0.9799 0.1879
vn 0.8412 0.1415 -0.5219
vn 0.0419 0.9074 -0.4182
vn 0.2150 -0.3943 -0.8935
vn -0.7367 0.6620 -0.1380
vn -0.1578 0.5070 -0.8474
vn -0.3738 0.2356 -0.8971
vn 0.8294 0.2919 -0.4763
vn 0.2649 -0.8100 -0.5232
vn -0.1065 0.7110 0.6951
vn 0.2550 -0.8238 -0.5063
vn 0.1189 -0.7601 -0.6388
vn 0.8592 0.1437 -0.4910
vn 0.1684 -0.8211 -0.5454
vn 0.2114 -0.7775 -0.5923
vn 0.0078 0.7698 0.6382
vn 0.8365 0.0068 -0.5479
vn 0.1144 -0.8620 -0.4938
vn 0.1225 -0.8370 -0.5333
vn -0.0762 -0.8092 0.5826
vn 0.8563 -0.1107 -0.5046
vn 0.8064 -0.0696 0.5873
vn 0.4028 -0.7227 -0.5617
vn -0.0437 -0.6604 0.7496
vn 0.3387 0.8497 -0.4041
vn -0.9011 0.4067 -0.1505
vn 0.0175 -0.6775 0.7353
vn 0.2046 0.9335 -0.2944
vn -0.3553 -0.2902 -0.8885
vn 0.9122 -0.0691 0.4038
vn 0.8953 0.1787 0.4081
vn 0.9357 -0.1815 0.3027
vn -0.7179 0.6250 -0.3064
vn -0.0605 -0.5767 0.8147
vn -0.1864 0.8607 -0.4737
vn -0.6634 0.7456 -0.0637
vn -0.7506 0.3842 -0.5376
vn -0.6875 0.6023 -0.4056
vn 0.0349 -0.1872 -0.9817
vn 0.8973 0.2057 0.3907
vn -0.6929 0.6888 0.2132
vn -0.7312 -0.5418 -0.4144
vn -0.0701 -0.0607 -0.9957
vn -0.6503 -0.7573 -0.0608
vn -0.6977 -0.6203 -0.3583
vn 0.8400 0.3376 0.4248
vn 0.3630 0.7541 0.5474
vn 0.2166 0.8795 -0.4238
vn 0.0179 -0.8046 -0.5936
vn 0.7176 -0.6257 0.3059
vn -0.4749 0.4191 0.7738
vn 0.6141 -0.5775 -0.5379
vn 0.6633 -0.7457 0.0634
vn 0.7507 -0.3843 0.5374
vn 0.6863 -0.6014 0.4092
vn 0.7477 0.5958 -0.2931
vn -0.6609 0.4502 0.6004
vn 0.6028 0.3052 -0.7373
vn 0.7363 0.5364 0.4125
vn 0.7170 0.2091 -0.6650
vn 0.7313 0.0387 -0.6810
vn 0.6502 0.7573 0.0609
vn 0.6982 0.6202 0.3576
vn -0.5485 0.2492 -0.7982
vn -0.2825 0.9157 0.2858
vn 0.8206 -0.3838 0.4235
vn -0.7659 -0.6260 0.1466
vn -0.0537 0.9971 0.0548
vn 0.4492 -0.8762 -0.1749
vn -0.8916 0.4520 0.0268
vn -0.0752 -0.9894 -0.1246
vn 0.4516 0.8792 -0.1516
vn -0.2286 0.9191 -0.3209
vn 0.0357 0.7254 -0.6874
vn 0.6336 -0.5478 -0.5463
vn -0.3343 -0.8499 -0.4073
vn -0.6670 0.2472 0.7029
vn 0.9217 -0.1967 0.3343
vn -0.0944 0.9912 -0.0926
vn -0.0534 -0.8694 -0.4913
vn -0.3780 0.3726 -0.8475
vn 0.2068 -0.3889 -0.8978
vn -0.1552 0.9865 0.0529
vn 0.3948 -0.8421 0.3674
vn -0.2065 -0.8723 -0.4433
vn 0.7208 0.1886 0.6670
vn 0.1666 0.9654 -0.2005
vn 0.3974 0.7690 -0.5006
vn 0.6317 0.0690 -0.7721
vn 0.4036 0.3769 -0.8337
vn 0.7915 0.0793 -0.6060
vn -0.2603 -0.0373 -0.9648
vn 0.1790 -0.5287 -0.8297
vn 0.6995 -0.4587 -0.5480
vn 0.4907 -0.7538 -0.4371
vn -0.8350 -0.2260 -0.5017
vn 0.5111 -0.1486 -0.8466
vn 0.1864 -0.5470 -0.8161
vn -0.6801 0.2850 -0.6754
vn -0.8245 -0.4996 0.2659
vn -0.5884 0.0693 0.8056
vn -0.0099 -0.6523 -0.7579
vn -0.8035 -0.3871 -0.4523
vn -0.1070 0.6313 -0.7681
vn -0.0552 -0.8885 0.4555
vn 0.1714 0.8324 -0.5269
vn 0.7010 0.3960 0.5931
vn 0.6790 -0.0200 -0.7339
vn 0.1724 0.8402 0.5142
vn 0.2888 -0.7613 0.5805
vn 0.0727 0.6153 -0.7849
vn 0.1055 -0.8831 -0.4571
vn 0.1637 -0.8875 0.4306
vn -0.6745 0.6708 -0.3084
vn -0.4703 0.3322 -0.8176
vn -0.3228 0.5354 -0.7805
vn -0.8053 0.2607 0.5324
vn -0.9847 0.1008 0.1422
vn -0.7608 0.3865 0.5213
vn -0.3767 -0.5570 -0.7402
vn -0.4939 0.6097 0.6200
vn -0.2625 0.4462 0.8556
vn 0.8000 -0.0051 -0.6000
vn 0.7435 -0.0622 -0.6658
vn 0.9599 -0.1857 0.2100
vn 0.0181 -0.6799 0.7331
vn -0.2482 -0.6284 -0.7372
vn -0.8126 0.5264 -0.2502
vn -0.5306 0.8045 -0.2670
vn 0.9690 -0.2261 0.0996
vn 0.5712 -0.8124 -0.1169
vn 0.2246 -0.8968 -0.3813
vn -0.9918 -0.0851 -0.0952
vn -0.8090 -0.0752 -0.5829
vn 0.8215 0.4179 0.3880
vn -0.2761 0.9339 -0.2270
vn 0.1064 0.3703 -0.9228
vn 0.2121 -0.5182 0.8286
vn -0.3879 -0.8629 0.3240
vn 0.6228 -0.0823 -0.7780
vn 0.4101 -0.6168 -0.6719
vn -0.6566 0.1558 -0.7380
vn -0.4681 0.2870 0.8357
vn 0.3226 -0.0478 0.9453
vn -0.0805 0.3036 0.9494
vn 0.0647 -0.8163 -0.5740
vn 0.7797 -0.1577 -0.6060
vn -0.0145 -0.8273 -0.5615
vn 0.7709 -0.1307 -0.6234
vn 0.6794 -0.5045 -0.5329
vn -0.2329 -0.0395 -0.9717
vn 0.1109 -0.7884 -0.6051
vn -0.6182 0.7843 0.0516
vn 0.8790 0.4758 0.0319
vn 0.7736 -0.4228 -0.4719
vn 0.4851 -0.5212 -0.7021
vn -0.6312 0.3070 -0.7123
vn -0.5218 0.3751 0.7662
vn 0.6317 -0.5151 -0.5793
vn 0.1100 -0.8623 -0.4942
vn -0.1769 0.6186 0.7655
vn 0.2735 -0.9594 0.0688
vn 0.3256 -0.5631 -0.7595
vn 0.3706 -0.8933 -0.2543
vn 0.9065 -0.0435 -0.4200
vn -0.5033 0.4300 0.7495
vn -0.2588 -0.4233 0.8682
vn 0.1615 -0.9080 0.3867
vn 0.7726 -0.2276 -0.5926
vn -0.1635 0.8065 -0.5682
vn 0.0267 0.6932 0.7202
vn -0.0402 -0.5427 0.8390
vn -0.6740 0.7049 -0.2213
vn -0.6054 0.7838 -0.1380
vn -0.6563 0.6455 -0.3906
vn 0.1813 -0.9178 -0.3531
vn 0.6739 -0.7049 0.2211
vn 0.6050 -0.7842 0.1380
vn 0.6555 -0.6458 0.3915
vn -0.0674 0.8338 -0.5479
vn 0.9167 -0.0841 0.3907
vn 0.8399 0.0958 -0.5342
vn 0.3708 0.9068 0.2006
vn -0.1741 0.8387 -0.5160
vn -0.4670 0.8674 0.1721
vn 0.8958 0.0126 -0.4442
vn -0.6323 -0.6845 0.3628
vn 0.9115 -0.2006 -0.3592
vn 0.4709 -0.4591 -0.7533
vn 0.8439 0.3200 0.4307
vn 0.6024 -0.1771 0.7783
vn -0.4365 -0.3894 0.8111
vn 0.9172 -0.3885 -0.0881
vn -0.1717 0.5784 0.7975
vn -0.5970 0.7451 0.2975
vn 0.9120 0.1632 -0.3763
vn 0.9782 0.1842 0.0957
vn -0.1278 0.7793 -0.6135
vn 0.7887 0.0122 -0.6147
vn 0.9776 0.2098 -0.0169
vn -0.6944 0.4371 -0.5716
vn 0.0390 0.9942 0.1001
vn -0.6394 0.4750 0.6046
vn -0.4218 0.7862 -0.4517
vn -0.6292 -0.7749 -0.0606
vn -0.6244 -0.7466 -0.2296
vn -0.2318 0.7569 -0.6110
vn -0.1038 0.9806 0.1662
vn 0.8329 0.5522 0.0367
vn 0.6246 0.6942 -0.3577
vn 0.7442 0.4071 0.5296
vn 0.6370 0.7172 -0.2824
vn 0.6692 0.6880 -0.2808
vn 0.5494 0.8261 -0.1257
vn 0.7615 0.0336 -0.6473
vn 0.6287 0.7752 0.0616
vn 0.6244 0.7466 0.2296
vn 0.4372 -0.3292 -0.8369
vn 0.7603 0.6204 -0.1928
vn 0.6671 0.7231 -0.1794
vn 0.0186 -0.9932 -0.1152
vn 0.1392 -0.9293 0.3420
vn -0.7032 -0.0158 -0.7108
vn -0.6303 -0.1480 0.7621
vn 0.3372 -0.9132 -0.2287
vn 0.3202 -0.7702 -0.5517
vn 0.3632 -0.9153 -0.1739
vn 0.2814 -0.9595 -0.0126
vn -0.6151 0.3933 0.6833
vn -0.4897 -0.3771 0.7861
vn -0.5548 -0.4011 0.7289
vn -0.4823 0.5051 -0.7157
vn -0.9579 0.0316 -0.2853
vn -0.5622 0.2451 -0.7899
vn -0.3905 -0.5643 -0.7274
vn 0.2744 -0.9209 -0.2770
vn -0.0055 -0.0487 0.9988
vn 0.9581 0.2838 -0.0388
vn -0.8904 -0.3200 0.3237
vn -0.1353 -0.2662 -0.9544
vn -0.7886 0.5645 -0.2438
vn -0.2409 0.9704 -0.0148
vn 0.5344 0.7288 -0.4281
vn 0.9613 0.1702 0.2165
vn -0.1812 -0.8497 -0.4952
vn -0.2533 0.7619 -0.5961
vn 0.5976 -0.8018 -0.0007
vn 0.8571 0.1677 -0.4871
vn 0.9178 0.1483 0.3684
vn 0.9469 -0.3213 -0.0097
vn 0.0389 0.9969 0.0683
vn 0.2073 -0.2526 0.9451
vn 0.2479 0.9674 0.0526
vn 0.9750 -0.1933 -0.1097
vn 0.2027 0.6310 -0.7488
vn 0.6521 0.7431 -0.1501
vn 0.7583 0.6468 0.0817
vn 0.8373 -0.0247 -0.5462
vn -0.0805 -0.8070 -0.5850
vn -0.1865 0.7958 -0.5761
vn -0.6131 -0.1858 -0.7678
vn -0.1363 0.6033 -0.7858
vn 0.8305 0.3060 -0.4655
vn 0.0657 0.8897 -0.4518
vn 0.7600 0.4055 0.5079
vn -0.8094 -0.2065 -0.5497
vn -0.7231 -0.2977 -0.6233
vn 0.1348 -0.7638 -0.6313
vn 0.0885 -0.6931 -0.7154
vn -0.5640 -0.8243 -0.0484
vn -0.5707 -0.7583 -0.3151
vn -0.1621 0.5976 -0.7852
vn 0.8403 -0.0182 -0.5417
vn 0.5889 0.8071 0.0422
vn 0.5706 0.7584 0.3151
vn 0.2230 -0.4375 0.8711
vn -0.2380 -0.8170 0.5253
vn -0.0283 -0.8856 0.4635
vn -0.3443 -0.5842 0.7350
vn -0.7515 -0.5203 -0.4057
vn 0.2679 -0.3505 -0.8974
vn 0.2481 -0.7584 -0.6027
vn -0.7683 -0.1619 -0.6192
vn -0.4748 0.0449 0.8790
vn -0.3323 -0.8046 0.4921
vn -0.0878 0.2567 0.9625
vn -0.4326 -0.1322 0.8918
vn -0.3956 0.1369 0.9082
vn 0.1557 -0.9551 -0.2520
vn 0.9978 0.0001 -0.0667
vn 0.8414 0.5251 -0.1280
vn 0.9259 0.3711 -0.0702
vn 0.7234 -0.4586 -0.5161
vn 0.9031 0.2609 0.3410
vn 0.5807 -0.5794 -0.5719
vn -0.0908 -0.5770 -0.8117
vn -0.2518 0.3949 -0.8836
vn -0.1907 -0.8057 -0.5608
vn 0.9978 -0.0006 -0.0662
vn 0.8506 -0.4411 0.2864
vn 0.9978 -0.0006 -0.0670
vn -0.3096 0.2720 -0.9111
vn 0.7755 -0.5460 0.3169
vn 0.8943 0.0134 0.4473
vn 0.0941 -0.8713 -0.4816
vn 0.0152 -0.5534 -0.8328
vn 0.3258 -0.3098 -0.8933
vn 0.7842 0.3449 0.5158
vn 0.7568 -0.5354 0.3751
vn 0.8612 0.4643 -0.2066
vn 0.8329 -0.3957 -0.3868
vn 0.8311 0.1345 -0.5396
vn 0.7029 -0.6909 -0.1691
vn -0.9458 0.1738 -0.2745
vn 0.6834 -0.4367 -0.5850
vn 0.7143 -0.5690 0.4075
vn -0.8301 -0.0394 0.5562
vn -0.5006 -0.1257 0.8565
vn -0.7325 0.5224 0.4366
vn 0.3095 -0.5753 -0.7571
vn -0.1150 0.6012 -0.7908
vn 0.1156 -0.6553 0.7464
vn 0.2722 -0.7328 -0.6236
vn -0.7474 0.0500 -0.6625
vn 0.0021 -0.6917 0.7222
vn -0.8165 0.3487 -0.4601
vn -0.7901 0.4316 -0.4353
vn -0.2788 0.9565 0.0861
vn 0.3079 -0.6782 -0.6672
vn -0.7574 0.6528 -0.0150
vn -0.0597 0.9763 0.2079
vn 0.7097 -0.3758 -0.5959
vn 0.7687 0.5950 -0.2346
vn 0.9231 0.2991 0.2418
vn 0.6284 -0.7215 0.2908
vn 0.7290 -0.6845 -0.0054
vn 0.8106 0.4025 -0.4254
vn 0.9049 0.2895 0.3120
vn 0.9062 0.3770 0.1913
vn 0.5560 -0.3197 0.7672
vn -0.9951 0.0722 -0.0669
vn 0.8470 0.2239 0.4821
vn 0.6894 -0.7242 0.0143
vn -0.9531 0.0904 -0.2888
vn -0.7953 0.0152 -0.6060
vn -0.3616 0.2433 -0.9001
vn -0.6131 0.7321 -0.2969
vn 0.4553 -0.8672 -0.2017
vn 0.4551 -0.8670 -0.2028
vn 0.4334 -0.9002 -0.0423
vn 0.4354 -0.9001 0.0176
vn 0.6130 -0.7321 0.2971
vn -0.1142 0.8360 -0.5366
vn 0.0978 0.8289 -0.5508
vn -0.0575 0.9451 0.3218
vn 0.6845 -0.1230 -0.7185
vn 0.7593 -0.3818 -0.5269
vn 0.7153 0.4418 -0.5414
vn 0.7067 -0.5924 -0.3868
vn 0.9282 0.1929 0.3182
vn -0.0911 0.7227 0.6852
vn -0.5630 0.3998 0.7233
vn -0.0250 0.4168 0.9087
vn -0.4965 0.2112 0.8420
vn -0.9034 0.3955 0.1659
vn -0.8364 -0.0056 0.5480
vn -0.8856 0.0548 0.4612
vn 0.2675 0.0393 0.9628
vn -0.0691 -0.5932 0.8021
vn -0.4100 0.0989 0.9067
vn -0.3035 0.8017 0.5150
vn -0.7303 0.4259 0.5341
vn -0.1381 0.5034 0.8530
vn -0.9614 0.1976 0.1913
vn 0.6224 -0.1380 -0.7705
vn -0.7915 0.1715 0.5866
vn -0.6079 0.2687 0.7472
vn -0.7856 0.5140 0.3446
vn 0.8991 0.4220 -0.1161
vn 0.6559 -0.4523 -0.6044
vn 0.8997 0.1838 -0.3960
vn -0.4360 0.3748 0.8182
vn -0.5810 0.7899 0.1962
vn -0.4130 0.8302 0.3743
vn 0.0212 -0.6282 -0.7777
vn 0.8976 0.3268 -0.2959
vn 0.5796 -0.1388 -0.8030
vn 0.4748 -0.8486 0.2334
vn 0.5882 -0.7899 0.1735
vn 0.4607 -0.8405 0.2850
vn 0.3543 -0.9284 0.1123
vn 0.8603 0.2842 -0.4233
vn -0.6331 0.1829 0.7522
vn 0.5466 -0.4111 -0.7295
vn 0.4077 -0.9085 0.0911
vn 0.5810 -0.7900 -0.1956
vn -0.6231 0.1426 0.7691
vn -0.4881 0.2242 0.8435
vn -0.5902 0.7078 0.3881
vn -0.6574 0.6936 0.2943
vn 0.5090 -0.4374 -0.7413
vn 0.8338 0.2918 -0.4686
vn 0.4389 -0.8946 0.0844
vn 0.6790 -0.7064 0.2001
vn 0.8194 0.2552 0.5133
vn 0.4299 -0.3672 -0.8248
vn 0.9330 0.3275 -0.1493
vn 0.5286 -0.6854 0.5009
vn 0.7977 0.2885 0.5295
vn 0.7629 0.2655 -0.5895
vn -0.4921 0.1672 0.8543
vn 0.3857 -0.4876 -0.7832
vn 0.2753 -0.9131 -0.3007
vn 0.5901 -0.7080 -0.3881
vn 0.4951 -0.8646 0.0856
vn 0.7959 0.3123 0.5186
vn 0.3700 -0.2917 0.8821
vn 0.6833 0.1212 0.7200
vn 0.3394 -0.5426 0.7684
vn -0.5020 0.1203 -0.8565
vn 0.6362 -0.7695 -0.0563
vn 0.0060 0.9376 0.3477
vn 0.9455 0.1881 0.2658
vn 0.9702 0.2226 0.0959
vn 0.1645 0.6173 -0.7693
vn 0.5789 0.8097 -0.0959
vn 0.7330 0.6775 0.0600
vn -0.4744 0.0475 0.8790
vn 0.7386 0.2887 -0.6093
vn 0.3390 -0.5162 -0.7865
vn -0.3398 -0.0100 0.9404
vn 0.0794 0.3024 0.9499
vn -0.5869 0.6934 0.4180
vn -0.6652 0.5929 0.4538
vn -0.6359 0.6221 0.4567
vn 0.4797 -0.8737 -0.0811
vn 0.7050 0.2597 -0.6599
vn 0.1949 -0.4746 -0.8583
vn 0.5542 -0.8267 -0.0974
vn 0.6456 0.1861 0.7406
vn -0.5695 0.1024 -0.8156
vn 0.3994 -0.6388 0.6576
vn 0.6164 -0.7839 -0.0743
vn -0.3432 0.1021 -0.9337
vn -0.6075 0.6805 -0.4096
vn -0.6509 0.6429 -0.4038
vn 0.3121 -0.8513 0.4218
vn 0.8928 0.2661 0.3634
vn 0.6074 -0.6805 0.4098
vn 0.6502 -0.6432 0.4044
vn 0.2411 -0.5560 0.7955
vn 0.5256 -0.7801 -0.3394
vn 0.5247 -0.8083 -0.2670
vn -0.4922 -0.8606 -0.1306
vn -0.5488 -0.7999 -0.2428
vn -0.0996 0.9950 0.0006
vn 0.7267 -0.1440 -0.6717
vn 0.7883 -0.3211 -0.5248
vn 0.2392 -0.6681 -0.7046
vn 0.7214 0.4403 -0.5346
vn 0.4966 0.8656 0.0637
vn 0.5488 0.7999 0.2429
vn 0.6111 0.2687 -0.7446
vn -0.0395 -0.2730 -0.9612
vn 0.5588 -0.8251 -0.0829
vn 0.4544 0.1960 -0.8690
vn -0.1281 0.1856 0.9743
vn 0.0899 -0.6304 -0.7711
vn 0.6626 -0.7473 -0.0501
vn 0.5870 -0.6935 -0.4177
vn 0.6106 0.1453 0.7785
vn 0.6577 -0.7482 0.0874
vn 0.2463 -0.5361 0.8074
vn -0.3970 0.0667 -0.9154
vn 0.6083 -0.7887 0.0890
vn 0.5975 0.2235 0.7701
vn 0.6241 -0.7788 0.0632
vn 0.5621 -0.7046 0.4331
vn 0.6353 -0.5603 0.5315
vn -0.1432 0.2490 0.9579
vn -0.0124 -0.4486 0.8937
vn 0.0515 -0.3625 0.9306
vn -0.4250 -0.0533 -0.9036
vn 0.0135 0.2913 -0.9565
vn -0.5654 0.7043 -0.4292
vn -0.6354 0.5602 -0.5315
vn 0.2514 -0.6970 0.6715
vn 0.1768 0.8459 -0.5032
vn 0.0252 0.9562 0.2916
vn 0.9277 -0.3565 0.1105
vn 0.6455 0.3122 0.6971
vn -0.0555 0.8291 -0.5563
vn -0.2853 0.5578 0.7794
vn -0.5541 0.7170 0.4229
vn 0.2813 -0.8502 0.4450
vn -0.0331 0.3682 0.9291
vn -0.6495 0.5167 0.5577
vn -0.8534 0.4100 -0.3220
vn 0.7610 0.3713 -0.5321
vn -0.2549 0.5866 -0.7687
vn 0.7751 -0.3632 0.5171
vn 0.9673 -0.0200 -0.2530
vn 0.2720 0.0388 0.9615
vn 0.5092 0.8592 0.0502
vn 0.4001 0.6805 -0.6139
vn 0.9713 -0.1861 -0.1483
vn -0.0579 0.6760 0.7347
vn 0.6180 0.6704 0.4106
vn 0.4772 0.2286 0.8485
vn -0.0210 -0.5190 0.8545
vn -0.9986 0.0442 0.0293
vn 0.2556 0.3202 0.9122
vn -0.5402 0.6740 0.5038
vn 0.0544 0.1547 0.9865
vn -0.5601 0.5267 0.6394
vn -0.5752 0.4622 0.6749
vn -0.6286 0.6097 0.4828
vn -0.5683 0.7076 0.4200
vn 0.7388 0.3016 -0.6027
vn 0.9907 -0.1361 -0.0007
vn 0.3035 -0.8796 -0.3663
vn 0.3500 0.0906 0.9324
vn -0.8358 -0.0856 -0.5424
vn 0.7720 -0.5967 0.2189
vn 0.7099 -0.6990 0.0862
vn -0.4220 0.8986 0.1202
vn 0.2865 0.8369 -0.4663
vn 0.4452 0.7849 -0.4309
vn 0.8706 0.4661 0.1577
vn 0.7811 -0.5572 -0.2817
vn 0.1367 -0.2231 -0.9652
vn 0.0280 0.6018 -0.7982
vn 0.7370 0.6719 0.0740
vn 0.5683 -0.7078 -0.4196
vn 0.5539 -0.0000 -0.8326
vn 0.6401 0.0001 -0.7683
vn -0.3208 0.1532 -0.9347
vn 0.3369 0.0309 0.9410
vn 0.2518 -0.6925 0.6760
vn -0.1724 0.1844 -0.9676
vn -0.0387 0.1482 -0.9882
vn 0.2341 0.3513 -0.9065
vn -0.5383 0.6802 -0.4976
vn -0.5119 0.5572 -0.6538
vn 0.7438 -0.6600 0.1054
vn 0.4555 0.2939 0.8403
vn 0.8183 0.1160 0.5630
vn 0.1621 -0.7137 0.6815
vn 0.5119 -0.8422 0.1694
vn 0.6554 -0.7400 -0.1511
vn 0.6709 -0.7233 -0.1635
vn 0.5322 -0.6781 -0.5069
vn 0.5751 -0.4622 -0.6750
vn 0.6286 -0.6097 -0.4828
vn 0.6652 -0.5929 -0.4537
vn 0.5602 -0.5267 -0.6393
vn 0.2493 0.1824 -0.9511
vn 0.0042 0.9092 -0.4164
vn 0.1803 -0.6097 0.7718
vn -0.3349 -0.4867 -0.8068
vn 0.4445 0.6800 0.5832
vn 0.8543 0.3433 -0.3903
vn 0.5341 0.3155 0.7843
vn 0.0766 -0.7348 0.6740
vn 0.2586 -0.6979 0.6678
vn 0.4039 -0.8231 0.3992
vn -0.0148 -0.7306 -0.6827
vn 0.2202 0.1946 -0.9558
vn 0.2189 0.0652 0.9736
vn -0.1910 -0.6218 0.7595
vn 0.7587 -0.5718 0.3122
vn 0.5616 -0.5972 0.5726
vn -0.2050 -0.6424 -0.7385
vn 0.0401 0.1206 -0.9919
vn 0.7519 -0.6375 -0.1683
vn -0.0657 0.9106 -0.4080
vn 0.9560 0.1665 0.2416
vn -0.0382 -0.0096 0.9992
vn 0.0168 -0.8616 0.5074
vn 0.9435 0.3259 0.0595
vn 0.8641 0.5020 0.0360
vn -0.3896 0.9205 -0.0306
vn -0.1300 -0.9607 -0.2452
vn -0.8599 0.0641 -0.5064
vn -0.5670 0.8129 0.1334
vn 0.4098 0.3422 0.8456
vn -0.7794 -0.2394 -0.5789
vn 0.9120 -0.3039 0.2756
vn 0.4131 -0.8369 0.3591
vn -0.3673 0.3460 0.8634
vn 0.1257 -0.9511 -0.2823
vn -0.4192 0.2720 0.8662
vn -0.5221 0.0907 -0.8480
vn -0.8028 -0.4720 -0.3644
vn -0.5520 -0.2117 -0.8066
vn -0.7470 -0.4848 0.4549
vn -0.5359 0.2332 -0.8114
vn -0.2323 0.5957 -0.7688
vn 0.0813 -0.6235 0.7776
vn -0.8969 -0.3517 0.2680
vn -0.8031 -0.1208 0.5835
vn -0.1899 -0.1685 0.9672
vn -0.5125 -0.1605 0.8436
vn -0.7527 -0.5004 -0.4277
vn -0.5868 0.0266 -0.8093
vn 0.2507 -0.7392 -0.6251
vn -0.7548 -0.5779 -0.3102
vn 0.1231 0.3718 0.9201
vn -0.7594 -0.0376 -0.6496
vn 0.3567 -0.6904 -0.6294
vn -0.7692 -0.0329 -0.6382
vn -0.6199 0.1000 0.7783
vn 0.3014 -0.8057 -0.5100
vn -0.8554 -0.1898 -0.4820
vn 0.7995 -0.1090 0.5906
vn 0.9356 -0.2974 0.1902
vn -0.0269 0.5464 -0.8371
vn -0.3009 0.5412 0.7852
vn -0.1373 0.9660 -0.2190
vn 0.0491 0.9530 0.2991
vn 0.1982 0.4216 0.8848
vn -0.0436 -0.5017 0.8639
vn 0.0380 0.8988 -0.4368
vn 0.0493 0.9741 -0.2206
vn 0.0100 0.9988 -0.0483
vn 0.0636 0.9726 -0.2235
vn 0.4163 0.8026 -0.4273
vn 0.4656 0.8727 0.1473
vn -0.7016 -0.5554 0.4464
vn -0.5751 -0.4285 -0.6969
vn -0.5621 -0.3990 -0.7244
vn -0.4654 -0.8728 -0.1472
vn -0.8984 0.4226 -0.1196
vn -0.6671 0.7376 0.1047
vn 0.2037 0.7730 -0.6009
vn 0.1971 0.3245 0.9251
vn -0.0683 -0.7507 -0.6571
vn 0.1282 0.4792 0.8683
vn -0.1071 0.0859 -0.9905
vn -0.0273 -0.6928 -0.7206
vn 0.1768 0.4606 0.8698
vn 0.2593 0.5081 0.8213
vn -0.5111 0.6838 0.5208
vn -0.5267 0.5571 0.6420
vn 0.7863 -0.5909 -0.1808
vn -0.3856 0.0018 -0.9227
vn -0.1138 0.1621 -0.9802
vn 0.2434 0.3858 -0.8899
vn -0.6141 -0.1675 -0.7712
vn -0.4831 0.7630 -0.4296
vn -0.5269 0.6688 -0.5246
vn -0.5053 0.6265 -0.5935
vn 0.5659 0.3060 0.7656
vn 0.4890 0.3015 0.8185
vn 0.6188 -0.5508 0.5600
vn 0.2146 -0.8616 0.4599
vn 0.5338 -0.6825 0.4992
vn 0.2675 0.9327 -0.2418
vn 0.7276 0.5923 0.3461
vn 0.8344 0.5507 0.0243
vn 0.2746 0.7931 -0.5436
vn 0.3457 -0.2255 0.9108
vn -0.6113 0.1079 0.7840
vn 0.3511 -0.2659 0.8978
vn -0.0962 0.6149 0.7827
vn -0.0639 0.9978 0.0186
vn -0.1919 0.0878 -0.9775
vn -0.0287 -0.7245 -0.6887
vn 0.7519 -0.6285 -0.1989
vn -0.1903 -0.1126 0.9752
vn 0.3862 -0.6901 0.6120
vn 0.2022 -0.8653 0.4587
vn 0.8124 -0.4938 0.3102
vn 0.0071 0.9127 0.4085
vn 0.2220 0.7714 -0.5964
vn -0.2633 0.0867 -0.9608
vn -0.1335 -0.7241 -0.6767
vn 0.7838 -0.5881 -0.1997
vn -0.2750 0.0163 0.9613
vn -0.0200 -0.7822 0.6227
vn 0.8101 -0.5352 0.2394
vn 0.1340 0.4230 -0.8962
vn 0.2900 -0.9298 -0.2265
vn -0.7472 0.1368 -0.6503
vn -0.8081 -0.4579 0.3707
vn -0.4361 -0.0196 0.8997
vn 0.7710 -0.0974 0.6294
vn 0.8478 -0.4688 0.2481
vn 0.9249 0.3743 -0.0665
vn -0.1332 0.8278 -0.5450
vn -0.1780 0.7050 -0.6865
vn 0.0901 0.9167 0.3893
vn 0.2612 0.8492 0.4588
vn 0.1545 0.9235 0.3512
vn 0.2650 0.9003 0.3453
vn -0.1112 0.9767 0.1837
vn 0.8654 0.0180 -0.5007
vn 0.6341 -0.5107 -0.5806
vn 0.9438 0.2459 -0.2207
vn 0.8414 -0.1315 -0.5241
vn 0.9542 0.2938 -0.0567
vn 0.9471 0.2231 0.2308
vn 0.5753 -0.6638 -0.4779
vn 0.5548 -0.8012 -0.2240
vn 0.1372 0.3679 0.9197
vn 0.1229 -0.7246 -0.6782
vn -0.4170 -0.0090 -0.9089
vn 0.1719 0.4757 0.8626
vn -0.4826 0.7585 0.4379
vn -0.4700 0.6514 0.5956
vn -0.4701 0.5789 0.6662
vn 0.0214 -0.7240 -0.6894
vn 0.5111 -0.6837 -0.5208
vn 0.8350 -0.4850 -0.2598
vn 0.0811 0.4393 -0.8947
vn 0.2571 -0.9444 -0.2048
vn 0.7192 -0.0978 0.6879
vn -0.5836 -0.0973 -0.8062
vn 0.4828 -0.7630 0.4298
vn 0.3163 -0.9404 0.1252
vn -0.0068 0.4759 0.8795
vn 0.0082 0.7136 0.7005
vn 0.7700 0.6156 -0.1677
vn 0.1277 0.9791 -0.1583
vn 0.6817 0.4352 -0.5882
vn 0.8839 0.0301 0.4668
vn 0.9611 0.1228 -0.2476
vn -0.2177 0.9260 0.3085
vn -0.7267 -0.4408 -0.5268
vn 0.8997 0.0554 -0.4329
vn 0.9405 0.0526 -0.3358
vn 0.9127 -0.0583 -0.4044
vn 0.5663 -0.8083 0.1613
vn 0.5635 -0.7662 0.3088
vn 0.8537 0.1057 0.5099
vn 0.7144 0.1290 0.6878
vn -0.1311 0.9385 -0.3195
vn -0.1231 0.9255 0.3581
vn 0.2576 0.9642 -0.0625
vn 0.1675 0.3428 0.9244
vn -0.3033 0.5330 0.7899
vn 0.0680 0.9769 0.2028
vn 0.5143 -0.8355 -0.1936
vn 0.5935 -0.5892 -0.5483
vn 0.9327 0.3603 0.0168
vn 0.5668 -0.8233 0.0295
vn -0.9246 -0.2805 -0.2576
vn 0.4127 0.8687 -0.2739
vn 0.6216 -0.7314 0.2803
vn 0.9123 0.1303 -0.3883
vn 0.9561 0.2646 0.1258
vn 0.8043 -0.0665 -0.5904
vn 0.5741 -0.7997 -0.1755
vn 0.1943 0.6514 0.7334
vn -0.1564 -0.7004 -0.6964
vn -0.5261 0.0748 -0.8471
vn 0.2938 0.7135 -0.6361
vn 0.2307 0.7097 -0.6657
vn -0.3952 0.8444 -0.3616
vn -0.4714 0.7523 -0.4602
vn -0.5089 0.7456 -0.4302
vn 0.1874 0.7130 0.6757
vn 0.2356 0.7039 0.6701
vn 0.2749 0.6926 0.6669
vn -0.4527 0.7669 0.4549
vn -0.5611 0.0591 -0.8256
vn -0.2289 -0.6644 -0.7115
vn 0.4823 -0.7586 -0.4379
vn 0.8422 -0.5239 -0.1275
vn 0.9189 0.1562 0.3622
vn 0.8862 0.1317 0.4441
vn 0.7462 -0.3198 0.5839
vn 0.6042 -0.5651 -0.5617
vn 0.5363 -0.8338 0.1311
vn 0.5897 -0.6853 0.4273
vn 0.4993 -0.8461 -0.1864
vn 0.5660 -0.7222 0.3976
vn 0.6749 -0.5402 -0.5027
vn -0.2823 0.4831 0.8288
vn -0.5891 -0.4151 0.6933
vn -0.6588 -0.3730 0.6533
vn -0.4316 -0.2686 0.8612
vn -0.5910 0.0001 0.8067
vn -0.4844 -0.2797 0.8289
vn -0.7434 -0.6443 0.1795
vn -0.5429 0.3325 -0.7712
vn -0.6414 0.0821 -0.7628
vn -0.2418 -0.6755 -0.6966
vn 0.7044 -0.7079 0.0522
vn -0.8855 -0.3961 0.2428
vn -0.1590 -0.9766 0.1448
vn -0.6054 -0.4962 0.6224
vn -0.8671 -0.3800 0.3219
vn -0.8335 -0.3696 0.4106
vn -0.7736 -0.4860 -0.4066
vn -0.5613 -0.8246 0.0706
vn -0.4225 -0.6289 0.6527
vn 0.5714 -0.7005 -0.4275
vn 0.9258 0.2212 -0.3066
vn 0.5520 -0.6788 -0.4843
vn 0.8809 0.2372 -0.4097
vn 0.5160 -0.6458 -0.5627
vn 0.9666 -0.0623 0.2486
vn 0.5089 -0.7694 0.3860
vn 0.6097 0.1773 -0.7725
vn -0.5102 -0.5056 0.6958
vn 0.6097 0.3445 0.7139
vn 0.4248 -0.4085 -0.8079
vn -0.5161 -0.8417 0.1589
vn 0.9881 0.1531 -0.0142
vn -0.9354 -0.3518 -0.0347
vn 0.5160 0.8417 -0.1589
vn 0.5241 0.7667 0.3707
vn -0.6542 -0.7440 0.1363
vn -0.4882 -0.6035 0.6305
vn 0.2944 -0.5466 0.7839
vn 0.2755 0.2618 0.9250
vn -0.2198 -0.6278 -0.7467
vn 0.6152 0.3215 -0.7198
vn -0.5618 -0.4119 0.7175
vn 0.8645 -0.4915 -0.1053
vn 0.0765 0.8410 -0.5356
vn -0.4653 -0.8706 0.1601
vn -0.5062 -0.8222 0.2602
vn -0.5259 -0.7630 0.3759
vn 0.8117 -0.5693 -0.1302
vn 0.8107 -0.5749 -0.1102
vn 0.4527 -0.7668 -0.4550
vn 0.4702 -0.6516 -0.5952
vn -0.6653 0.1469 -0.7320
vn -0.2780 -0.6859 -0.6725
vn 0.3670 0.3374 -0.8669
vn -0.3360 -0.5449 0.7683
vn 0.4654 0.8706 -0.1599
vn 0.5063 0.8221 -0.2602
vn 0.5260 0.7628 -0.3760
vn 0.1644 -0.4749 0.8646
vn 0.4580 0.7976 -0.3925
vn 0.1918 -0.1316 -0.9726
vn 0.7405 0.6192 0.2613
vn -0.8214 -0.3685 0.4354
vn 0.8114 0.2819 -0.5120
vn -0.2795 -0.5425 0.7922
vn 0.0296 -0.7358 0.6766
vn -0.7256 -0.3446 0.5956
vn -0.4531 -0.8754 0.1687
vn -0.5270 -0.8041 0.2751
vn -0.1334 -0.6664 -0.7335
vn 0.2244 0.3310 0.9165
vn 0.0837 -0.7778 -0.6230
vn -0.7620 -0.3494 -0.5452
vn -0.4233 -0.8939 -0.1475
vn -0.4715 -0.8184 -0.3285
vn -0.5270 -0.7887 -0.3165
vn 0.6080 0.6971 0.3800
vn 0.0181 -0.3706 -0.9286
vn 0.7046 0.6409 0.3045
vn 0.7419 0.6078 0.2830
vn 0.1192 0.9388 0.3233
vn 0.4530 0.8754 -0.1686
vn 0.5271 0.8040 -0.2752
vn -0.0119 0.9810 -0.1937
vn 0.3866 -0.7062 0.5931
vn 0.3983 0.8033 -0.4428
vn 0.6914 0.6263 -0.3601
vn 0.4233 0.8939 0.1475
vn 0.4715 0.8184 0.3286
vn 0.5268 0.7887 0.3170
vn -0.7502 0.0742 -0.6571
vn 0.8322 -0.5272 -0.1719
vn 0.3382 0.3221 -0.8842
vn -0.7978 0.1391 0.5867
vn 0.3047 0.5378 -0.7861
vn -0.0918 -0.5212 0.8485
vn -0.0689 0.4491 0.8908
vn -0.4435 -0.2882 0.8487
vn 0.6698 0.2044 0.7139
vn -0.2395 -0.2650 -0.9340
vn -0.4566 -0.2143 -0.8635
vn -0.0541 0.6162 -0.7858
vn -0.2490 0.6220 0.7424
vn -0.5519 -0.1767 0.8150
vn 0.7619 0.5847 -0.2787
vn 0.1453 -0.8234 -0.5486
vn 0.0737 -0.5646 -0.8220
vn 0.6527 0.2032 -0.7299
vn 0.5628 -0.8217 0.0895
vn -0.5115 0.4725 -0.7177
vn 0.6465 -0.7586 0.0809
vn 0.4333 -0.8265 -0.3594
vn 0.4080 -0.7403 -0.5343
vn 0.4080 -0.6740 -0.6158
vn 0.2426 0.7830 0.5728
vn -0.3941 -0.6396 -0.6600
vn -0.4199 0.2590 0.8698
vn -0.4090 0.8370 0.3636
vn -0.4079 0.7402 0.5345
vn -0.4079 0.6739 0.6159
vn -0.8106 -0.0249 0.5851
vn 0.5020 -0.1037 0.8586
vn -0.1023 0.5127 0.8524
vn -0.3060 -0.6995 0.6458
vn 0.8784 -0.4051 0.2537
vn 0.2195 -0.9755 -0.0131
vn 0.3965 -0.8442 0.3608
vn -0.9764 -0.0332 0.2136
vn 0.9772 -0.1497 0.1504
vn -0.2447 -0.6728 0.6982
vn 0.8127 -0.5704 0.1195
vn -0.6435 0.0843 0.7608
vn 0.4712 -0.7528 0.4597
vn 0.5268 -0.6689 0.5245
vn 0.5089 -0.7456 0.4303
vn -0.3550 -0.8117 0.4637
vn 0.4797 0.7244 -0.4951
vn 0.1284 -0.8137 -0.5669
vn -0.2134 0.6028 0.7688
vn 0.1940 -0.8029 -0.5637
vn -0.3258 -0.9312 -0.1636
vn -0.4105 -0.8460 -0.3403
vn -0.5336 -0.1623 -0.8300
vn 0.7393 0.6331 0.2296
vn -0.2158 0.6090 -0.7633
vn 0.1396 -0.8026 0.5799
vn -0.6332 0.4475 -0.6315
vn 0.2232 -0.1156 -0.9679
vn 0.4104 0.8121 -0.4149
vn -0.2632 -0.4950 0.8281
vn 0.0211 0.9478 -0.3182
vn 0.3258 0.9312 0.1636
vn 0.4105 0.8459 0.3405
vn -0.5543 -0.1291 -0.8222
vn 0.7638 0.6170 0.1895
vn 0.1153 -0.7480 0.6536
vn -0.1586 0.6473 -0.7456
vn -0.3424 -0.9245 0.1676
vn -0.4702 -0.8351 0.2856
vn 0.3424 0.9245 -0.1675
vn 0.4702 0.8351 -0.2857
vn -0.5008 -0.5922 -0.6312
vn -0.8318 0.1926 -0.5205
vn 0.8406 -0.5412 -0.0215
vn 0.1952 0.8740 0.4450
vn 0.9684 -0.2485 0.0192
vn -0.2298 0.8251 0.5161
vn -0.8328 0.0397 -0.5522
vn -0.9603 0.2120 0.1811
vn 0.3039 0.9498 0.0744
vn 0.8507 -0.4831 0.2074
vn 0.2203 -0.9353 -0.2767
vn 0.3914 -0.8815 0.2641
vn 0.4109 -0.8276 0.3825
vn 0.3843 0.6440 -0.6615
vn 0.2900 -0.1139 0.9502
vn -0.2628 -0.9591 -0.1052
vn 0.8632 -0.0038 0.5049
vn -0.3705 -0.8007 0.4709
vn 0.2728 0.7952 -0.5415
vn 0.2157 0.8344 -0.5071
vn -0.3914 0.8815 -0.2642
vn -0.4109 0.8276 -0.3823
vn 0.2249 0.8630 0.4524
vn -0.8712 0.0859 -0.4833
vn -0.5015 -0.6186 -0.6048
vn 0.2455 0.9295 0.2752
vn 0.2557 0.8891 0.3796
vn 0.2193 0.9335 0.2838
vn -0.3913 0.8397 0.3766
vn 0.8727 -0.4650 -0.1487
vn 0.8538 -0.5204 0.0129
vn 0.3186 -0.9119 0.2589
vn 0.2352 -0.9513 0.1994
vn 0.3911 -0.8398 -0.3765
vn -0.9859 0.1465 0.0808
vn -0.2403 -0.7676 0.5941
vn -0.9287 0.1181 0.3515
vn -0.4591 -0.6330 0.6234
vn -0.2770 0.6103 0.7422
vn 0.1467 -0.5583 0.8166
vn -0.8795 0.2965 -0.3722
vn -0.6649 -0.5528 -0.5023
vn -0.6121 -0.5815 -0.5359
vn -0.4081 0.5978 -0.6900
vn -0.2843 0.5760 0.7664
vn 0.2086 -0.8095 -0.5488
vn -0.3077 0.5598 0.7694
vn -0.5111 -0.5894 0.6256
vn -0.3639 0.5344 -0.7629
vn -0.7008 -0.5427 -0.4631
vn -0.5291 -0.1858 -0.8280
vn 0.7026 0.6780 0.2161
vn -0.2795 0.5628 -0.7779
vn 0.1991 -0.8103 0.5512
vn -0.5109 -0.2242 0.8299
vn 0.6767 0.6903 -0.2560
vn -0.3450 0.5258 -0.7775
vn 0.2401 -0.9452 0.2213
vn -0.8588 -0.3867 -0.3359
vn 0.1250 0.9916 0.0329
vn -0.9833 -0.0657 0.1696
vn 0.8144 -0.4039 0.4167
vn -0.7106 -0.5501 0.4386
vn 0.2310 0.9454 -0.2299
vn -0.9705 0.1707 -0.1703
vn 0.3895 -0.8785 -0.2766
vn 0.8819 -0.4346 -0.1828
vn -0.3900 0.8782 0.2769
vn -0.8597 -0.4232 -0.2860
vn 0.1578 0.9874 -0.0132
vn -0.3408 0.8205 0.4589
vn -0.3407 0.7624 0.5501
vn 0.3409 -0.8206 -0.4587
vn 0.3404 -0.7621 -0.5507
vn -0.9797 0.1838 -0.0796
vn 0.8773 -0.4386 -0.1948
vn 0.1793 0.9517 0.2493
vn -0.7282 -0.5249 -0.4407
vn 0.1820 0.9690 0.1670
vn -0.4093 0.8908 0.1972
vn -0.3405 0.8677 0.3621
vn 0.7343 -0.6395 0.2279
vn 0.0687 -0.9393 0.3363
vn 0.3900 -0.9042 -0.1742
vn 0.3408 -0.8678 -0.3617
vn -0.9932 -0.1038 0.0531
vn 0.7992 -0.3832 0.4631
vn -0.4863 0.5184 -0.7034
vn -0.2484 0.0537 0.9672
vn -0.4113 0.8931 -0.1824
vn -0.3455 0.9196 -0.1869
vn -0.3452 0.8920 -0.2917
vn 0.3452 -0.9198 0.1863
vn 0.4110 -0.8934 0.1812
vn 0.3455 -0.8918 0.2922
vn -0.7643 0.5587 -0.3220
vn -0.7825 -0.5143 -0.3511
vn -0.1451 0.6194 -0.7715
vn -0.7309 -0.0000 0.6824
vn -0.3463 -0.2849 0.8938
vn -0.3291 0.3402 -0.8809
vn -0.9485 -0.2960 -0.1127
vn -0.0050 0.9871 -0.1598
vn -0.0579 0.7564 -0.6516
vn 0.0145 0.8406 -0.5415
vn 0.1503 0.9807 -0.1253
vn -0.4112 0.9083 -0.0772
vn -0.2560 0.9651 -0.0550
vn -0.4925 -0.3671 0.7891
vn -0.9714 0.2170 -0.0962
vn 0.1510 -0.7440 -0.6509
vn -0.1898 0.6323 0.7511
vn -0.3249 -0.9314 -0.1644
vn -0.3449 -0.8708 -0.3504
vn -0.9617 0.2545 0.1016
vn 0.8758 -0.4057 -0.2614
vn 0.1288 0.9914 0.0219
vn -0.8568 -0.4605 -0.2321
vn 0.1221 0.9920 0.0319
vn 0.0741 0.9926 -0.0961
vn -0.3915 0.9166 0.0812
vn -0.3406 0.9036 0.2599
vn -0.3884 0.3628 0.8471
vn -0.5910 -0.4329 0.6807
vn 0.6198 0.7306 -0.2863
vn -0.4853 -0.3044 0.8196
vn 0.3254 0.9311 0.1648
vn 0.3451 0.8708 0.3501
vn -0.9452 0.2729 0.1791
vn 0.8656 -0.4163 -0.2784
vn -0.8616 -0.4694 -0.1933
vn 0.9003 -0.4303 0.0656
vn 0.3915 -0.9166 -0.0816
vn 0.3401 -0.9035 -0.2609
vn -0.3269 0.6223 -0.7113
vn 0.7296 0.6654 0.1579
vn -0.5728 -0.1708 -0.8017
vn 0.2902 -0.7802 0.5541
vn 0.3712 -0.8014 0.4690
vn -0.3449 -0.9298 0.1283
vn -0.3406 -0.9187 0.1998
vn -0.4083 -0.8636 0.2958
vn -0.9041 0.3533 -0.2405
vn 0.8922 -0.3534 0.2812
vn 0.1047 -0.8789 -0.4654
vn 0.8850 -0.3948 0.2467
vn -0.8250 -0.5063 0.2510
vn 0.0371 0.9293 0.3674
vn 0.3447 0.9299 -0.1281
vn 0.3407 0.9186 -0.2000
vn 0.4079 0.8640 -0.2952
vn -0.8152 0.5791 0.0068
vn -0.9054 -0.4203 -0.0607
vn 0.4177 -0.9025 0.1050
vn -0.8898 0.2523 -0.3802
vn 0.8274 -0.3545 0.4356
vn 0.2561 -0.9651 0.0551
vn 0.3908 -0.8819 0.2638
vn -0.8940 -0.4433 0.0646
vn 0.0800 0.9960 0.0391
vn -0.8864 0.3253 0.3294
vn 0.8480 -0.3941 -0.3543
vn -0.9717 -0.1932 0.1360
vn -0.1462 0.9374 -0.3161
vn 0.8991 -0.4292 0.0857
vn -0.7749 0.6317 -0.0207
vn 0.9276 -0.3268 -0.1810
vn 0.0923 -0.9951 -0.0351
vn 0.4139 -0.8887 0.1970
vn 0.2243 -0.9652 -0.1344
vn 0.0459 0.9785 -0.2012
vn -0.9184 -0.3912 0.0584
vn -0.0646 0.9416 -0.3304
vn -0.2104 0.8974 0.3879
vn -0.5314 0.7887 0.3091
vn -0.2241 0.9653 0.1338
vn 0.8102 -0.4430 0.3838
vn -0.8882 0.3326 -0.3172
vn 0.9112 -0.3101 0.2713
vn -0.2152 -0.9746 -0.0617
vn -0.1779 -0.9089 -0.3773
vn -0.0003 0.8879 -0.4599
vn -0.7263 -0.3985 0.5601
vn 0.0924 0.9688 -0.2298
vn -0.0110 0.9435 0.3313
vn -0.2364 0.7517 -0.6156
vn -0.7047 0.6085 -0.3648
vn -0.7338 0.6375 0.2347
vn -0.9128 -0.3105 0.2652
vn -0.8160 -0.4725 0.3331
vn -0.7255 0.6138 -0.3112
vn -0.9023 -0.3510 -0.2502
vn -0.7782 0.4142 0.4720
vn 0.7552 -0.4487 -0.4779
vn -0.8644 -0.4607 -0.2014
vn 0.0894 0.9740 0.2083
vn -0.7600 0.4022 -0.5105
vn 0.7193 -0.4567 0.5235
vn -0.8297 -0.3557 -0.4302
vn 0.2392 0.9600 -0.1453
vn 0.6308 -0.6100 0.4796
vn -0.8972 -0.1819 0.4025
vn -0.7690 0.6357 0.0669
vn 0.8380 -0.3564 -0.4132
vn 0.5059 -0.5706 -0.6469
vn 0.6737 -0.1367 -0.7263
vn 0.3055 -0.8814 -0.3604
vn -0.0003 -0.4936 -0.8697
vn 0.1216 0.9838 0.1316
vn 0.2140 0.5307 0.8201
vn -0.1969 0.9613 0.1929
vn -0.4476 0.8199 0.3570
vn -0.1704 0.7365 0.6546
vn 0.0381 0.8619 0.5056
vn 0.7312 -0.5316 -0.4276
vn -0.8151 -0.4225 -0.3963
vn -0.7678 0.4274 -0.4774
vn 0.4747 0.3256 0.8177
vn 0.4326 -0.3065 0.8479
vn 0.5580 0.2618 0.7875
vn 0.2949 0.5733 0.7644
vn 0.3372 0.5938 0.7305
vn -0.8135 -0.2271 0.5354
vn -0.1845 -0.2351 0.9543
vn -0.3819 0.7920 0.4762
vn 0.5455 -0.1289 0.8282
vn -0.7902 -0.5444 0.2813
vn -0.7633 0.0173 0.6459
vn -0.7483 0.4635 -0.4746
vn 0.5968 -0.0191 -0.8022
vn 0.5929 -0.0460 -0.8040
vn 0.5421 -0.2634 -0.7979
vn -0.8782 -0.3746 -0.2973
vn -0.6812 0.6314 0.3706
vn -0.0800 0.8997 0.4292
vn -0.0138 0.9710 0.2388
vn -0.7177 0.5001 0.4846
vn 0.3029 0.5507 -0.7778
vn 0.3965 0.5242 -0.7536
vn -0.7182 0.2430 0.6520
vn 0.3494 -0.7335 -0.5830
vn 0.5412 -0.4398 0.7167
vn 0.6817 -0.3369 0.6495
vn 0.1120 0.9780 0.1760
vn 0.3741 0.5332 -0.7588
vn 0.1591 0.9721 -0.1721
vn -0.1762 0.9155 -0.3616
vn -0.6065 0.6564 0.4486
vn 0.5255 -0.3440 -0.7782
vn -0.9978 0.0014 -0.0667
vn -0.8594 -0.4557 -0.2321
vn -0.1876 -0.8736 0.4490
vn 0.8402 -0.4740 -0.2636
vn 0.6928 -0.5248 0.4946
vn -0.1185 -0.8800 -0.4600
vn -0.2017 -0.8158 -0.5420
vn -0.2772 -0.8580 0.4324
vn -0.7999 0.3947 0.4520
vn -0.8274 -0.1986 -0.5254
vn 0.6353 0.2968 0.7130
vn 0.2127 0.6172 0.7575
vn -0.3142 -0.7421 0.5921
vn 0.4283 -0.6487 -0.6290
vn 0.2419 0.7015 0.6704
vn -0.2652 -0.8210 -0.5057
vn -0.1576 -0.7609 -0.6294
vn -0.6010 -0.7227 -0.3414
vn -0.3711 -0.8771 -0.3049
vn -0.9882 0.1193 0.0962
vn -0.6932 -0.5298 0.4888
vn -0.8302 -0.1034 0.5478
vn 0.8079 -0.5011 -0.3103
vn -0.8378 -0.5417 0.0674
vn 0.0216 0.7674 0.6408
vn -0.9978 0.0004 -0.0664
vn -0.8217 0.4992 0.2751
vn -0.0479 0.1903 -0.9806
vn 0.2110 0.4832 -0.8497
vn 0.4240 -0.5511 -0.7187
vn 0.3180 0.5921 0.7405
vn 0.2588 -0.2973 0.9190
vn 0.0642 -0.1937 0.9790
vn 0.0290 0.4493 0.8929
vn -0.2725 0.3766 0.8854
vn -0.7822 -0.5231 -0.3383
vn -0.8084 -0.0396 -0.5872
vn -0.8380 -0.2352 -0.4924
vn -0.2725 0.8873 0.3722
vn -0.2404 0.4440 0.8632
vn 0.1989 0.9088 0.3667
vn -0.0699 0.3614 0.9298
vn 0.2819 0.4234 0.8610
vn -0.1858 0.9123 0.3649
vn 0.0223 -0.2017 0.9792
vn -0.5543 0.7168 -0.4231
vn 0.7813 -0.0325 -0.6233
vn 0.6846 -0.3911 -0.6151
vn -0.2318 0.0260 -0.9724
vn 0.4329 -0.7291 -0.5301
vn 0.5717 -0.6020 -0.5575
vn -0.8658 -0.4993 -0.0339
vn 0.7819 -0.0955 0.6160
vn -0.0111 0.0419 0.9991
vn 0.3376 -0.5541 0.7609
vn 0.8878 0.1579 -0.4322
vn 0.5443 -0.2068 0.8130
vn -0.8684 -0.4804 -0.1225
vn -0.3837 0.7142 -0.5853
vn -0.0832 -0.4187 -0.9043
vn 0.3783 -0.8632 -0.3344
vn -0.4843 0.6473 0.5886
vn 0.3278 -0.9385 0.1082
vn -0.3450 -0.9354 -0.0775
vn -0.2752 -0.9276 -0.2525
vn -0.2754 -0.8921 -0.3581
vn -0.9108 0.0493 -0.4099
vn -0.6305 0.7046 -0.3256
vn 0.4045 -0.9112 0.0782
vn -0.7242 -0.0831 0.6846
vn 0.7854 0.6182 -0.0314
vn -0.8504 -0.1273 0.5105
vn -0.7524 0.5880 0.2967
vn 0.7874 0.6149 -0.0434
vn 0.3524 0.9296 0.1082
vn 0.2752 0.9276 0.2526
vn 0.2761 0.8925 0.3567
vn 0.8073 0.5516 -0.2099
vn -0.9596 0.1486 -0.2388
vn 0.7532 0.5962 -0.2779
vn -0.1919 -0.6315 0.7513
vn -0.0406 0.5005 -0.8648
vn 0.1166 -0.8087 0.5766
vn 0.3606 -0.9325 0.0209
vn 0.0167 -0.7769 0.6294
vn -0.2624 -0.8878 0.3781
vn -0.2530 -0.9636 0.0864
vn -0.9868 0.0164 0.1609
vn 0.7966 0.5435 0.2647
vn -0.9010 0.4324 -0.0365
vn -0.0004 -0.8973 0.4414
vn 0.7808 0.5722 -0.2507
vn 0.7377 0.5696 -0.3626
vn 0.6448 0.5899 -0.4861
vn 0.0504 0.9986 0.0143
vn 0.2525 0.9636 -0.0878
vn -0.2784 0.7305 -0.6236
vn -0.9886 0.0281 -0.1482
vn -0.9995 0.0308 -0.0013
vn 0.7532 0.5992 0.2714
vn 0.3331 -0.9421 -0.0399
vn -0.5576 0.8227 0.1108
vn 0.2648 -0.9256 0.2705
vn 0.1872 -0.9332 0.3067
vn 0.8021 -0.0745 -0.5925
vn 0.0150 0.3511 -0.9362
vn 0.0159 -0.7884 -0.6149
vn -0.1801 -0.9820 -0.0568
vn 0.8056 0.5924 0.0104
vn 0.7309 0.5970 0.3307
vn 0.7559 0.5570 0.3442
vn -0.3258 0.9448 0.0356
vn 0.2747 0.9507 0.1441
vn -0.9922 -0.0081 0.1242
vn -0.5289 0.8448 -0.0808
vn 0.1942 0.6170 -0.7626
vn 0.5037 -0.4611 -0.7305
vn 0.3426 -0.6556 -0.6730
vn -0.1488 -0.8104 0.5666
vn -0.3977 -0.4825 -0.7804
vn -0.5923 0.7114 -0.3784
vn 0.3834 0.8114 0.4412
vn -0.8362 0.0295 0.5476
vn 0.6628 -0.3088 -0.6822
vn 0.3087 0.7115 -0.6313
vn 0.3544 -0.6800 0.6418
vn 0.8254 -0.4441 0.3485
vn -0.8633 0.2511 -0.4377
vn -0.8378 0.3031 -0.4541
vn -0.5494 0.4313 -0.7157
vn -0.9347 -0.3359 -0.1163
vn -0.6504 0.7487 -0.1282
vn -0.9776 -0.1670 0.1281
vn -0.9241 -0.0112 0.3820
vn -0.5833 0.5484 -0.5992
vn -0.6267 0.7309 -0.2704
vn -0.6176 0.5560 0.5563
vn -0.4725 0.8761 -0.0957
vn -0.5422 0.8119 -0.2165
vn 0.3874 -0.2568 -0.8854
vn 0.4880 -0.4285 -0.7605
vn 0.3078 -0.8621 -0.4026
vn -0.7125 0.2889 -0.6394
vn -0.7051 -0.3292 -0.6281
vn -0.9455 -0.1897 -0.2647
vn -0.5857 0.6939 0.4189
vn -0.9371 -0.1098 -0.3313
vn 0.1869 -0.8873 -0.4216
vn -0.5977 -0.6799 -0.4249
vn 0.0923 -0.8392 -0.5359
vn -0.7820 0.2087 0.5873
vn -0.5975 0.6768 0.4301
vn 0.3018 -0.8975 0.3216
vn 0.1570 -0.4558 0.8761
vn -0.5291 -0.1990 0.8249
vn -0.0924 -0.9345 0.3437
vn 0.3200 -0.3734 0.8707
vn -0.4719 -0.8423 0.2604
vn 0.3417 -0.4761 0.8103
vn -0.0791 -0.9811 0.1764
vn -0.5455 0.7559 -0.3619
vn -0.1278 0.2184 0.9675
vn 0.3808 0.3467 0.8572
vn 0.5784 -0.0001 0.8158
vn 0.0437 -0.6926 0.7200
vn -0.2409 -0.7316 0.6378
vn -0.1056 -0.5680 0.8162
vn 0.2785 0.1210 0.9528
vn -0.9065 -0.3350 -0.2570
vn -0.0367 -0.7785 0.6266
vn -0.5495 0.7071 0.4451
vn -0.9086 -0.0705 0.4117
vn 0.2169 -0.8713 0.4403
vn 0.7456 0.6553 0.1212
vn 0.5491 0.8310 0.0888
vn 0.4095 -0.5884 -0.6972
vn 0.5605 0.4122 -0.7183
vn -0.5478 -0.6888 -0.4749
vn -0.4862 -0.6654 0.5664
vn 0.4770 0.0482 -0.8776
vn 0.5226 -0.4610 -0.7172
vn -0.7109 -0.2518 -0.6567
vn -0.5074 -0.1830 0.8421
vn -0.6081 -0.2352 -0.7582
vn 0.5658 0.2743 -0.7776
vn 0.5377 0.2237 -0.8129
vn 0.0141 0.6227 -0.7823
vn -0.9492 -0.2108 0.2337
vn 0.4502 -0.4024 -0.7971
vn -0.0311 -0.6109 -0.7911
vn 0.5303 -0.3813 -0.7573
vn -0.0863 -0.7561 0.6487
vn 0.0734 0.6301 -0.7730
vn -0.5223 0.8527 -0.0112
vn -0.6051 -0.3773 0.7011
vn -0.2106 -0.5999 0.7718
vn 0.5964 0.2994 0.7447
vn -0.5199 0.8281 0.2096
vn -0.1702 -0.6133 -0.7713
vn -0.8221 -0.1379 -0.5524
vn 0.7794 0.3535 0.5173
vn -0.5284 0.8076 -0.2617
vn -0.9162 -0.3328 -0.2231
vn -0.9804 -0.1964 -0.0169
vn 0.7852 0.6134 0.0852
vn 0.7358 0.3612 -0.5727
vn 0.6697 0.6964 -0.2577
vn -0.9778 -0.2067 -0.0331
vn 0.4906 0.1549 0.8575
vn 0.3271 0.9209 0.2120
vn -0.2928 0.9541 0.0621
vn -0.6353 0.3937 -0.6643
vn 0.0857 -0.8487 -0.5218
vn -0.9528 -0.1329 -0.2729
vn -0.5728 0.5638 0.5950
vn -0.8359 0.0525 -0.5464
vn 0.6515 0.5886 -0.4787
vn 0.6969 0.5966 0.3981
vn 0.4670 0.6869 0.5568
vn -0.2704 0.8624 -0.4279
vn 0.0753 0.7995 0.5959
vn -0.8851 -0.0434 -0.4634
vn 0.0244 -0.2440 0.9695
vn 0.4021 -0.4820 0.7785
vn -0.7309 0.2634 -0.6296
vn 0.8373 0.5456 -0.0360
vn -0.9668 -0.0684 -0.2461
vn -0.2120 -0.6176 0.7574
vn 0.3552 -0.5361 0.7658
vn 0.7986 -0.5625 -0.2141
vn -0.7418 0.4353 -0.5102
vn -0.3296 -0.5141 -0.7919
vn 0.3091 -0.6389 0.7045
vn -0.9263 -0.2511 -0.2809
vn 0.7555 0.5613 0.3380
vn -0.6216 0.7262 0.2938
vn -0.7334 -0.2141 -0.6453
vn -0.6119 -0.3281 -0.7197
vn -0.9498 -0.1047 -0.2949
vn -0.0381 -0.9986 0.0368
vn -0.5032 0.8466 0.1736
vn 0.7042 0.3865 -0.5956
vn -0.2715 -0.9071 0.3217
vn 0.1218 -0.8039 0.5821
vn 0.7649 0.5915 -0.2552
vn -0.5500 0.7334 0.3994
vn -0.7836 0.2558 0.5662
vn 0.3459 0.6991 -0.6257
vn 0.1459 -0.9164 -0.3727
vn 0.2653 -0.8905 0.3695
vn 0.3865 0.7997 0.4595
vn 0.4264 0.6065 -0.6710
vn -0.4724 -0.8050 0.3589
vn 0.9266 -0.0100 0.3759
vn 0.0728 -0.6439 0.7616
vn 0.5868 0.3108 0.7477
vn -0.7425 0.6650 0.0808
vn 0.7446 0.6613 0.0905
vn 0.4739 0.4415 -0.7619
vn 0.5588 -0.2014 0.8044
vn 0.7326 0.6760 0.0796
vn -0.2591 0.9645 0.0513
vn 0.5149 0.2995 -0.8032
vn -0.3890 0.9129 0.1237
vn -0.3609 0.9325 -0.0142
vn -0.5275 -0.2167 0.8214
vn -0.5275 -0.8076 0.2636
vn 0.2009 0.1242 -0.9717
vn -0.0320 -0.8529 -0.5211
vn -0.4159 0.8318 0.3676
vn 0.7655 0.4068 0.4985
vn 0.7936 0.6082 0.0155
vn 0.9141 0.3959 0.0877
vn -0.6404 0.5206 0.5647
vn 0.9979 -0.0572 -0.0291
vn 0.4768 0.7607 -0.4405
vn -0.4510 -0.1407 -0.8814
vn -0.4276 0.5026 0.7514
vn 0.0026 -0.9438 -0.3304
vn 0.5444 -0.7060 0.4529
vn -0.1825 0.8233 -0.5374
vn 0.0814 0.8986 0.4311
vn 0.1981 0.9199 -0.3384
vn 0.7879 0.3507 0.5062
vn -0.0739 0.9600 -0.2701
vn 0.1429 0.9511 0.2737
vn -0.2928 0.7078 0.6429
vn 0.8114 0.5806 -0.0675
vn -0.1723 0.4423 -0.8801
vn -0.4567 0.8650 0.2081
vn -0.5120 -0.3397 0.7890
vn 0.5835 0.7313 -0.3530
vn 0.4563 0.8772 0.1491
vn 0.3586 -0.1151 0.9264
vn 0.4520 0.1899 0.8716
vn -0.1730 -0.1807 0.9682
vn 0.4705 -0.4777 -0.7419
vn -0.2803 0.9541 -0.1053
vn 0.0089 -0.7383 0.6744
vn 0.7579 -0.1403 -0.6371
vn 0.8143 -0.4438 -0.3741
vn 0.4135 0.3126 -0.8552
vn -0.0146 0.0537 0.9985
vn -0.0105 0.0584 0.9982
vn -0.4492 -0.0723 0.8905
vn 0.2988 0.3338 0.8940
vn -0.5006 0.1625 -0.8503
vn 0.4905 0.3239 -0.8090
vn 0.3418 0.6313 0.6961
vn -0.2177 0.9750 -0.0451
vn 0.9036 0.4157 0.1034
vn 0.1409 0.9890 0.0454
vn 0.6691 0.7407 0.0597
vn -0.6190 0.0605 0.7830
vn 0.2016 0.9454 0.2560
vn -0.4698 -0.8806 -0.0626
vn -0.5226 -0.7401 0.4233
vn -0.2253 -0.8341 0.5035
vn -0.5043 -0.8497 0.1540
vn 0.3707 0.7005 0.6098
vn 0.0645 -0.6830 0.7276
vn -0.8326 -0.5326 0.1518
vn -0.6328 -0.7741 -0.0172
vn 0.5361 -0.7243 -0.4336
vn 0.1644 -0.4164 0.8942
vn -0.5133 0.8506 0.1143
vn 0.1518 -0.3166 0.9363
vn -0.7304 0.4216 0.5373
vn 0.6812 -0.1495 -0.7167
vn -0.6623 -0.6651 -0.3448
vn -0.2814 -0.8800 -0.3826
vn 0.2175 -0.9750 0.0451
vn 0.2344 0.5157 -0.8241
vn -0.5122 0.8575 -0.0484
vn 0.6611 0.7422 -0.1099
vn -0.1712 0.5469 -0.8195
vn 0.3792 0.9170 0.1237
vn 0.8185 0.0966 -0.5663
vn 0.3441 0.2217 -0.9124
vn -0.1409 -0.9890 -0.0454
vn -0.2013 -0.9453 -0.2567
vn -0.2737 0.7961 -0.5398
vn -0.4480 0.8391 0.3086
vn 0.5130 0.2673 -0.8157
vn -0.7306 0.6818 0.0383
vn -0.7736 0.0665 0.6302
vn 0.5726 -0.5297 0.6257
vn 0.8027 -0.0663 0.5927
vn -0.3723 -0.7731 0.5136
vn 0.1325 -0.8431 -0.5212
vn 0.1859 0.1496 0.9711
vn 0.1558 0.7712 0.6172
vn -0.9484 -0.1776 0.2627
vn 0.5719 0.4628 0.6773
vn -0.8337 -0.4591 0.3068
vn 0.0736 -0.8885 0.4529
vn -0.8197 0.1012 0.5638
vn 0.6886 0.4107 0.5977
vn 0.6127 0.7209 0.3238
vn 0.3294 -0.6585 -0.6767
vn 0.0510 -0.9500 -0.3080
vn -0.8830 0.0124 -0.4693
vn 0.9037 -0.3664 -0.2217
vn 0.8266 -0.0334 0.5618
vn 0.0202 0.4444 0.8956
vn -0.8276 -0.0942 -0.5533
vn -0.4472 -0.8814 -0.1520
vn -0.1072 -0.8703 -0.4807
vn -0.4675 -0.8545 -0.2264
vn -0.9360 0.0379 -0.3500
vn -0.4502 -0.6911 -0.5654
vn 0.4135 0.4902 -0.7673
vn -0.3598 -0.8223 0.4408
vn 0.5592 0.6404 -0.5264
vn 0.6613 -0.0941 -0.7442
vn 0.6534 -0.3849 -0.6518
vn 0.0831 0.9590 0.2711
vn -0.4221 0.0191 0.9063
vn -0.2259 -0.1597 -0.9610
vn 0.4358 0.8149 -0.3821
vn -0.8159 0.4324 -0.3839
vn -0.0516 0.2999 -0.9526
vn 0.2510 0.7203 -0.6466
vn -0.1242 0.9912 -0.0450
vn -0.2751 0.9424 -0.1904
vn -0.6570 0.1284 -0.7429
vn 0.5061 0.3146 -0.8030
vn -0.4546 -0.3722 -0.8092
vn 0.2499 0.5434 0.8014
vn 0.4309 0.4692 0.7708
vn 0.4476 0.4862 0.7505
vn -0.3331 0.8982 -0.2868
vn -0.0574 0.9968 0.0547
vn 0.0511 0.4520 0.8906
vn -0.0482 -0.2109 0.9763
vn 0.0276 0.9262 0.3760
vn 0.2684 0.2971 0.9164
vn -0.0689 -0.1618 0.9844
vn -0.6098 -0.5573 0.5635
vn 0.6829 0.6378 -0.3562
vn -0.1003 0.8432 -0.5282
vn 0.4559 -0.5766 -0.6780
vn -0.8877 -0.4328 -0.1571
vn -0.9577 -0.1809 0.2237
vn -0.1211 -0.8786 -0.4620
vn -0.6050 0.2356 0.7606
vn -0.8340 -0.4184 -0.3599
vn -0.4555 -0.7715 -0.4442
vn -0.3959 0.6806 -0.6165
vn 0.7457 0.0477 -0.6645
vn 0.8903 -0.1301 -0.4364
vn -0.7606 -0.5639 -0.3216
vn 0.5998 -0.7999 0.0204
vn -0.1378 -0.8771 -0.4601
vn 0.7161 -0.6660 -0.2089
vn -0.7418 -0.0703 -0.6670
vn -0.5021 -0.8633 0.0500
vn 0.5902 -0.8026 -0.0862
vn -0.4890 -0.7157 0.4986
vn -0.4291 -0.5145 -0.7424
vn -0.3196 0.6927 -0.6466
vn -0.1545 -0.5302 -0.8337
vn -0.3196 -0.8999 0.2966
vn -0.4820 -0.3198 0.8157
vn 0.4125 -0.3670 0.8337
vn -0.4384 -0.7952 -0.4189
vn 0.4438 -0.1761 -0.8787
vn 0.6406 -0.5115 -0.5727
vn -0.6051 -0.4911 -0.6266
vn 0.1990 -0.9112 0.3608
vn -0.2428 0.2212 0.9445
vn -0.3169 -0.2282 0.9206
vn -0.4900 0.6160 -0.6168
vn 0.0973 0.9937 0.0556
vn 0.1400 0.9878 0.0679
vn -0.3852 0.9206 0.0642
vn 0.5338 0.8449 0.0347
vn 0.5393 0.7163 -0.4428
vn -0.2791 0.9534 -0.1144
vn -0.2081 0.9743 -0.0858
vn 0.3825 0.4284 0.8186
vn 0.4425 -0.1097 0.8900
vn -0.2780 0.3182 0.9064
vn -0.4331 0.4322 0.7910
vn -0.0660 -0.7039 0.7072
vn 0.0819 0.9954 0.0493
vn 0.1181 0.9557 0.2696
vn 0.1386 -0.9894 0.0436
vn 0.2751 -0.9424 0.1904
vn 0.3516 -0.5386 -0.7657
vn -0.4087 0.7945 -0.4492
vn -0.3180 0.8013 0.5068
vn 0.4420 -0.4863 -0.7538
vn -0.0948 -0.7527 0.6515
vn 0.0921 0.6433 -0.7600
vn 0.4323 0.4812 -0.7626
vn 0.4477 0.7611 0.4694
vn -0.4445 -0.4710 -0.7620
vn 0.4465 -0.5128 0.7332
vn 0.6346 -0.7401 0.2225
vn 0.6972 -0.5228 -0.4905
vn 0.9648 -0.2491 0.0846
vn -0.7663 -0.3292 -0.5517
vn -0.7848 -0.3228 -0.5290
vn 0.5139 -0.5885 0.6242
vn 0.6402 0.6653 0.3840
vn -0.4893 -0.4833 0.7259
vn -0.6121 0.6420 0.4617
vn 0.4203 0.6165 -0.6658
vn -0.5042 -0.6351 -0.5851
vn 0.6221 -0.4574 -0.6354
vn -0.5888 0.6149 -0.5246
vn 0.3145 -0.3789 -0.8704
vn 0.8089 -0.5238 -0.2668
vn -0.4051 -0.7922 0.4565
vn 0.4942 0.7439 -0.4499
vn -0.4385 0.6099 -0.6601
vn -0.4949 -0.5087 -0.7045
vn 0.5473 0.8354 0.0508
vn 0.1467 -0.9798 -0.1358
vn -0.1061 -0.9926 -0.0583
vn 0.3601 -0.9199 0.1553
vn -0.4232 -0.7520 0.5053
vn 0.7455 -0.6026 0.2846
vn 0.2288 -0.8127 -0.5358
vn 0.2772 -0.4865 -0.8285
vn 0.0669 -0.9878 -0.1407
vn -0.1776 -0.9751 0.1327
vn 0.4400 0.8973 0.0359
vn 0.5750 0.8084 -0.1263
vn -0.2419 0.4622 -0.8531
vn 0.2953 0.9357 0.1930
vn 0.1945 0.9705 -0.1424
vn 0.8306 -0.4577 0.3172
vn -0.4181 -0.8403 -0.3450
vn 0.0865 -0.9797 0.1809
vn 0.2014 -0.9599 0.1950
vn -0.5312 0.7550 -0.3843
vn 0.4511 0.5218 0.7240
vn -0.0689 0.9964 -0.0502
vn -0.2011 0.9600 -0.1946
vn -0.2607 0.9571 -0.1265
vn -0.3788 0.5238 -0.7630
vn -0.3343 0.7898 -0.5143
vn 0.3645 0.7767 -0.5137
vn 0.2647 0.8678 0.4205
vn 0.3409 0.4405 0.8305
vn -0.2667 -0.9089 0.3204
vn 0.4165 -0.4298 0.8011
vn 0.2460 0.1287 0.9607
vn -0.5430 -0.2387 0.8051
vn 0.0188 -0.6567 0.7539
vn -0.0012 -0.1812 0.9834
vn -0.7952 0.2930 -0.5308
vn -0.4253 0.7700 0.4757
vn -0.2189 0.0035 -0.9757
vn -0.5231 -0.4763 -0.7068
vn 0.9835 -0.0054 -0.1807
vn -0.4199 0.4857 -0.7667
vn -0.3683 0.9291 0.0332
vn 0.4820 -0.2291 -0.8457
vn -0.1940 0.0911 -0.9768
vn 0.9388 0.1904 -0.2872
vn 0.3835 0.4532 0.8047
vn -0.4588 0.8872 -0.0488
vn 0.6147 0.7823 0.1011
vn -0.2872 0.2825 0.9153
vn -0.9590 0.2703 -0.0850
vn -0.6429 0.1415 -0.7527
vn -0.0624 -0.9969 -0.0489
vn 0.7045 -0.1623 -0.6909
vn 0.6682 0.0898 -0.7385
vn -0.1206 -0.9564 -0.2661
vn -0.2629 0.1091 -0.9586
vn 0.0065 -0.3251 -0.9457
vn -0.0093 -0.9982 -0.0587
vn -0.0126 -0.9849 -0.1726
vn 0.4340 -0.1271 -0.8919
vn -0.6593 0.7491 0.0650
vn 0.5897 0.8065 -0.0432
vn 0.0105 0.5792 -0.8151
vn -0.4753 0.3114 -0.8229
vn 0.1184 0.9910 -0.0626
vn 0.4711 0.8773 0.0915
vn 0.4547 0.1287 0.8813
vn 0.7349 0.6765 -0.0476
vn 0.9190 -0.2942 -0.2624
vn 0.5028 0.5405 -0.6746
vn 0.5216 -0.7003 -0.4874
vn 0.2387 -0.4278 -0.8718
vn -0.9089 -0.3673 0.1972
vn 0.6473 0.6848 -0.3349
vn -0.4669 -0.8013 -0.3740
vn -0.2173 -0.9463 0.2392
vn 0.4957 0.1204 -0.8601
vn 0.0067 -0.8902 -0.4556
vn 0.5351 -0.1285 -0.8349
vn -0.4957 -0.3907 0.7757
vn 0.5906 -0.3003 -0.7490
vn 0.7649 0.3599 -0.5342
vn 0.4854 0.7346 -0.4741
vn -0.4605 0.7464 -0.4805
vn -0.5902 0.7494 0.3002
vn -0.5725 0.2367 -0.7850
vn -0.2367 -0.7872 0.5695
vn 0.6335 0.6859 -0.3580
vn 0.4375 0.4510 -0.7779
vn 0.3458 0.5648 -0.7493
vn -0.5978 -0.1600 -0.7855
vn -0.0030 0.9999 -0.0111
vn -0.1593 0.7857 0.5977
vn 0.7287 0.1429 -0.6697
vn -0.5313 -0.1639 -0.8312
vn -0.5877 -0.6275 0.5107
vn 0.7636 -0.3121 -0.5653
vn -0.6835 0.0994 -0.7232
vn -0.7307 -0.5763 0.3660
vn 0.4607 -0.4908 0.7395
vn 0.7589 -0.5622 -0.3285
vn -0.6986 -0.1152 -0.7062
vn -0.0977 0.6880 0.7191
vn 0.6891 -0.0567 -0.7224
vn -0.6879 0.7030 -0.1804
vn 0.4212 -0.4282 0.7995
vn -0.1393 0.9310 0.3375
vn -0.5182 0.4950 0.6974
vn 0.6030 -0.5460 -0.5817
vn 0.6893 -0.5703 -0.4468
vn -0.5625 -0.5418 0.6245
vn 0.7607 0.6379 0.1204
vn -0.5408 -0.7038 -0.4606
vn -0.2913 -0.5568 -0.7779
vn 0.5898 -0.6268 0.5091
vn 0.4892 -0.2693 0.8295
vn 0.8011 -0.1402 0.5819
vn 0.3316 0.9276 0.1719
vn -0.5840 0.5967 0.5504
vn -0.7784 0.4722 0.4136
vn 0.5951 -0.5368 -0.5981
vn 0.4750 -0.6487 -0.5946
vn -0.4410 -0.6291 -0.6401
vn -0.4501 -0.7244 -0.5222
vn 0.6647 -0.6118 -0.4288
vn 0.3959 0.6839 0.6128
vn -0.9097 0.1481 0.3880
vn -0.4102 0.5486 0.7285
vn -0.3449 -0.6896 -0.6368
vn 0.4820 0.5084 0.7136
vn -0.6741 -0.0297 0.7381
vn 0.6550 -0.4198 -0.6283
vn -0.4903 -0.6989 -0.5208
vn -0.0455 -0.7397 0.6714
vn -0.4379 -0.7634 -0.4748
vn -0.4653 -0.7295 -0.5013
vn 0.4575 0.4601 0.7609
vn -0.1610 -0.5622 0.8112
vn 0.4918 0.7206 0.4887
vn -0.4092 0.6735 0.6155
vn -0.5981 0.3600 -0.7160
vn -0.6088 0.7660 -0.2064
vn -0.4489 0.4918 0.7461
vn -0.4473 -0.7987 -0.4025
vn 0.0558 -0.9871 0.1501
vn -0.5337 0.8408 0.0912
vn 0.6277 0.7741 -0.0823
vn -0.3967 0.9156 -0.0653
vn 0.6871 0.5625 -0.4600
vn 0.5884 0.1649 -0.7916
vn -0.6090 -0.4900 0.6237
vn 0.4814 -0.5314 -0.6971
vn -0.2197 0.1210 -0.9680
vn 0.2243 -0.8230 -0.5218
vn 0.2166 -0.1335 0.9671
vn -0.5311 0.8462 -0.0421
vn -0.6116 0.7780 0.1438
vn -0.2031 0.9135 -0.3525
vn 0.3298 0.9289 -0.1685
vn 0.9303 0.3538 0.0964
vn 0.6930 0.6835 0.2295
vn -0.4996 0.6427 0.5807
vn -0.6053 0.7232 0.3325
vn -0.5484 0.6416 -0.5363
vn 0.7520 0.0954 0.6523
vn 0.8122 0.4768 -0.3363
vn 0.3242 0.9412 -0.0948
vn -0.1017 0.0508 0.9935
vn -0.6247 -0.7332 -0.2687
vn 0.0111 -0.7367 -0.6761
vn 0.6686 -0.6123 -0.4220
vn 0.3213 0.3884 0.8637
vn 0.6398 -0.6842 -0.3499
vn -0.0961 0.9165 -0.3882
vn -0.6437 0.7190 -0.2622
vn -0.5122 0.8582 0.0334
vn 0.5104 0.8594 0.0298
vn 0.1013 0.9944 0.0303
vn -0.7793 0.6170 0.1096
vn -0.6389 -0.4623 -0.6149
vn -0.9709 0.2361 -0.0392
vn -0.5659 0.5973 -0.5683
vn -0.6400 0.2881 -0.7123
vn 0.9232 -0.2614 -0.2816
vn -0.0205 0.9981 -0.0580
vn -0.1211 0.9738 -0.1922
vn -0.4877 0.2276 -0.8428
vn 0.9412 -0.3243 0.0949
vn -0.4242 -0.7892 0.4441
vn 0.8705 -0.0843 0.4849
vn -0.5949 0.6446 0.4802
vn 0.5306 0.7603 0.3748
vn 0.6055 0.5701 0.5553
vn -0.6003 -0.2137 0.7707
vn -0.5907 0.7985 0.1159
vn 0.6389 0.5203 -0.5667
vn -0.1695 0.8148 -0.5545
vn -0.0306 0.9869 0.1583
vn 0.0126 0.9849 0.1726
vn -0.7143 0.4050 -0.5707
vn 0.7769 -0.1965 -0.5982
vn 0.7736 0.4218 -0.4730
vn 0.7993 0.4335 0.4162
vn -0.0257 0.8811 0.4723
vn 0.8262 -0.1221 -0.5500
vn 0.9255 -0.3638 -0.1054
vn 0.4069 -0.7517 -0.5191
vn -0.3898 -0.8529 -0.3472
vn 0.1200 -0.9743 0.1905
vn 0.0126 -0.9576 0.2878
vn -0.3456 -0.7493 0.5649
vn 0.6987 -0.1485 -0.6998
vn -0.0226 -0.7708 -0.6367
vn -0.2589 -0.6640 -0.7014
vn -0.8117 0.2742 0.5157
vn -0.1022 0.7469 0.6571
vn 0.8410 0.4545 -0.2936
vn 0.7993 -0.5937 -0.0935
vn 0.7816 -0.5896 -0.2036
vn 0.4219 -0.4894 0.7632
vn 0.8448 -0.0094 0.5350
vn 0.8143 0.1513 0.5604
vn 0.8077 -0.4367 -0.3961
vn -0.5125 0.7305 0.4513
vn 0.6710 0.7395 0.0536
vn 0.0041 0.9913 0.1315
vn 0.5125 0.8303 -0.2190
vn -0.0005 0.6195 -0.7850
vn -0.5183 0.8521 -0.0728
vn 0.6916 0.7219 -0.0212
vn -0.0124 0.9576 -0.2878
vn 0.3560 -0.6707 -0.6507
vn 0.4403 -0.5165 -0.7344
vn -0.2523 -0.1034 -0.9621
vn 0.2519 -0.9417 -0.2231
vn -0.1926 -0.9604 -0.2013
vn -0.4817 -0.7381 -0.4724
vn -0.4640 0.7559 -0.4618
vn 0.4641 -0.4616 0.7560
vn -0.4610 -0.4643 -0.7562
vn 0.4607 0.7565 0.4641
vn -0.6658 0.7441 -0.0555
vn 0.6813 -0.4415 0.5838
vn -0.6854 -0.6659 -0.2946
vn -0.6647 0.7082 0.2380
vn 0.7483 -0.0156 -0.6632
vn -0.5034 -0.3302 -0.7985
vn -0.6815 -0.5394 -0.4946
vn -0.5039 -0.3835 0.7740
vn 0.6166 -0.6286 -0.4740
vn 0.3183 -0.9428 -0.0987
vn -0.4985 0.7964 -0.3425
vn -0.4630 -0.7566 0.4617
vn 0.4630 0.4611 -0.7569
vn -0.4657 0.4861 0.7395
vn 0.4653 -0.7509 -0.4686
vn -0.5998 0.7434 -0.2958
vn -0.0003 0.7567 -0.6538
vn 0.0030 0.4552 -0.8904
vn 0.5990 -0.4702 -0.6481
vn 0.0050 -0.8460 -0.5332
vn 0.0039 -1.0000 0.0037
vn 0.6535 -0.6553 -0.3787
vn 0.0006 0.8598 -0.5106
vn 0.4919 -0.4854 -0.7228
vn -0.6537 -0.7547 -0.0555
vn 0.0029 0.5052 0.8630
vn -0.6548 0.0061 0.7558
vn -0.0217 0.8884 0.4587
vn 0.6044 -0.5167 -0.6064
vn 0.0003 -0.6327 -0.7744
vn -0.6042 0.7253 -0.3300
vn 0.6126 0.7289 -0.3057
vn -0.0221 0.3664 -0.9302
vn -0.6124 0.5505 -0.5674
vn -0.0225 -0.9696 0.2435
vn -0.7033 -0.6570 0.2716
vn -0.3705 -0.5214 0.7687
vn 0.8025 0.5456 -0.2416
vn 0.7850 0.5723 0.2372
vn 0.7191 -0.0497 0.6931
vn 0.5853 -0.7822 -0.2136
vn 0.3122 0.9441 -0.1059
vn 0.7094 -0.2690 -0.6514
vn 0.5586 -0.7824 0.2752
vn 1.0000 0.0005 0.0002
vn -0.0396 0.2636 0.9638
vn 0.5052 0.8621 0.0395
vn -0.5059 0.8289 -0.2387
vn -0.5112 0.8292 -0.2262
vn -0.5532 0.3626 -0.7500
vn -0.6106 0.7848 -0.1058
vn 0.6091 0.7733 -0.1760
vn -0.6894 -0.1795 -0.7018
vn 0.7865 -0.0796 0.6125
vn -0.0796 -0.6125 -0.7865
vn -0.5354 0.4650 0.7050
vn 0.7844 0.5372 0.3101
vn 0.7854 -0.5979 0.1601
vn 0.7374 -0.6645 -0.1213
vn 0.6337 -0.2429 -0.7345
vn -0.5368 0.3101 -0.7847
vn 0.4926 0.8683 0.0591
vn -0.5936 0.6799 0.4306
vn -0.2818 0.9144 0.2907
vn -0.6980 0.3863 -0.6029
vn 0.9720 -0.2314 -0.0414
vn -0.1638 -0.6120 0.7737
vn 0.7737 -0.1639 -0.6120
vn 0.4665 -0.7073 -0.5311
vn 0.4923 -0.4900 -0.7194
vn -0.0837 -0.8120 -0.5776
vn -0.4929 -0.7143 -0.4967
vn -0.5726 -0.3780 -0.7275
vn -0.6172 0.1673 0.7688
vn 0.5732 0.5636 -0.5948
vn 0.3813 0.6849 -0.6209
vn 0.7716 0.6152 -0.1616
vn 0.0083 -0.9813 0.1926
vn -0.0169 -0.7093 0.7047
vn -0.6240 -0.7627 0.1701
vn -0.1134 -0.9829 0.1451
vn -0.6115 -0.7842 0.1060
vn -0.0513 -0.9486 0.3122
vn -0.0202 -0.9450 -0.3264
vn -0.3630 0.3867 0.8478
vn -0.4961 0.4139 0.7632
vn -0.0118 0.5478 0.8365
vn 0.1003 -0.8741 0.4754
vn 0.3627 -0.9030 0.2302
vn 0.1248 -0.7378 0.6634
vn -0.1053 -0.9890 0.1043
vn -0.0857 -0.3021 0.9494
vn 0.7738 0.3005 0.5576
vn 0.6718 0.2434 0.6996
vn 0.8301 -0.5230 -0.1935
vn 0.7940 -0.4487 -0.4102
vn 0.8104 -0.5789 -0.0905
vn 0.7986 0.5964 -0.0807
vn 0.0002 -0.1600 0.9871
vn -0.1947 -0.9707 0.1407
vn -0.1998 -0.9515 0.2341
vn -0.3865 -0.8475 0.3639
vn 0.1441 -0.8806 0.4515
vn 0.1998 -0.5513 0.8100
vn 0.1143 -0.9141 0.3890
vn -0.4077 0.0067 -0.9131
vn -0.5559 -0.8303 -0.0400
vn -0.0013 -0.9962 -0.0874
vn -0.4083 -0.9128 -0.0124
vn 0.2245 -0.8733 -0.4324
vn 0.1302 0.6011 -0.7885
vn 0.8053 -0.2707 0.5274
vn 0.8171 0.4034 0.4118
vn 0.8049 0.5934 -0.0010
vn 0.8315 0.4451 -0.3324
vn 0.5736 -0.3945 0.7179
vn -0.3108 -0.7843 0.5370
vn -0.1514 -0.7720 -0.6173
vn -0.6127 0.7732 -0.1639
vn -0.6132 0.7859 0.0796
vn -0.0021 -0.4154 -0.9096
vn -0.7100 0.6234 -0.3274
vn -0.3130 0.0744 0.9468
vn 0.8484 -0.2021 -0.4892
vn 0.7091 0.5361 -0.4581
vn 0.0023 0.9999 -0.0118
vn -0.6864 0.7080 0.1662
vn -0.2521 -0.3598 0.8983
vn -0.0055 0.9458 0.3248
vn 0.6938 0.7147 0.0889
vn -0.5616 -0.3094 -0.7674
vn -0.4059 0.8493 0.3377
vn -0.0762 0.8534 0.5156
vn -0.0219 0.9997 -0.0054
vn 0.8406 -0.5230 0.1413
vn -0.4455 -0.3178 -0.8370
vn -0.0002 0.1450 -0.9894
vn -0.0002 0.1445 -0.9895
vn 0.0028 0.1865 0.9825
vn 0.4452 -0.8919 0.0798
vn 0.7968 -0.4230 -0.4315
vn 0.5587 0.7257 0.4016
vn -0.5803 0.4389 -0.6860
vn 0.1471 -0.9891 0.0014
vn -0.5991 0.0168 0.8005
vn -0.3389 0.9311 0.1349
vn 0.7876 0.3547 0.5039
vn 0.6791 0.1116 -0.7255
vn 0.8050 -0.5872 -0.0847
vn 0.8193 -0.4314 0.3776
vn 0.7937 -0.4280 0.4323
vn 0.8096 -0.3697 0.4560
vn 0.7990 -0.4439 -0.4056
vn 0.8345 0.0776 -0.5455
vn -0.0199 0.5575 0.8300
vn -0.4243 0.4843 0.7651
vn 0.0015 0.0061 1.0000
vn -0.5578 -0.1240 0.8206
vn 0.0003 -0.0057 1.0000
vn -0.4064 0.4375 -0.8021
vn -0.0015 -0.0062 -1.0000
vn -0.4136 0.3858 -0.8247
vn -0.0002 0.0057 -1.0000
vn -0.5106 0.4077 -0.7570
vn -0.3563 -0.5890 -0.7254
vn 0.8094 0.5274 0.2585
vn 0.1162 -0.0400 -0.9924
vn 0.0459 -0.2410 -0.9694
vn 0.0473 0.1353 -0.9897
vn 0.8142 0.5721 -0.0989
vn 0.8078 -0.4191 0.4145
vn -0.5126 0.4906 -0.7047
vn 0.0885 0.1131 -0.9896
vn 0.8346 0.2908 -0.4679
vn -0.4058 -0.2365 0.8828
vn 0.8142 -0.4022 -0.4187
vn 0.8078 0.3424 0.4798
vn 0.0834 -0.3418 -0.9361
vn -0.5504 -0.4066 -0.7292
vn 0.8050 -0.4229 0.4161
vn 0.8193 0.0396 0.5719
vn 0.7937 0.0851 0.6023
vn 0.8096 0.1393 0.5703
vn 0.7990 -0.5916 0.1079
vn 0.8345 -0.3873 -0.3919
vn -0.0200 0.9981 0.0585
vn -0.4243 0.9022 0.0774
vn 0.0015 0.7998 0.6003
vn -0.5578 0.5783 0.5954
vn 0.0003 0.7926 0.6097
vn -0.4065 -0.3738 -0.8337
vn -0.0015 -0.7998 -0.6003
vn -0.4136 -0.4230 -0.8062
vn -0.0002 -0.7926 -0.6097
vn -0.5106 -0.3560 -0.7827
vn -0.3837 -0.9235 -0.0016
vn 0.8168 0.5332 -0.2203
vn 0.1166 -0.8150 -0.5676
vn 0.0459 -0.9176 -0.3948
vn 0.0473 -0.7060 -0.7066
vn 0.8142 -0.5583 0.1592
vn 0.8078 0.0763 0.5845
vn -0.5125 -0.2641 -0.8170
vn 0.0898 -0.7187 -0.6895
vn 0.8402 -0.1972 -0.5051
vn -0.3996 0.5710 0.7172
vn 0.8046 -0.5418 0.2430
vn 0.8195 0.5436 0.1814
vn -0.0003 -0.9522 -0.3054
vn -0.5652 -0.7792 -0.2710
vn 0.0473 -0.9035 -0.4259
vn 0.8049 -0.1617 -0.5709
vn 0.8193 -0.5207 -0.2401
vn 0.7937 -0.5692 -0.2147
vn 0.8168 -0.4867 -0.3098
vn 0.7990 0.1894 -0.5707
vn -0.4243 -0.5013 0.7541
vn 0.0015 -0.9107 0.4131
vn -0.0201 -0.5306 0.8474
vn 0.8406 0.1851 0.5091
vn 0.0003 -0.9155 0.4023
vn -0.4136 0.9103 0.0162
vn -0.4064 0.9108 0.0726
vn -0.0015 0.9106 -0.4132
vn -0.0002 0.9155 -0.4023
vn -0.4052 0.8946 0.1885
vn -0.3562 0.4223 -0.8336
vn 0.8094 -0.0210 0.5869
vn 0.0459 0.7870 -0.6152
vn 0.1163 0.8898 -0.4413
vn 0.8346 0.5458 0.0748
vn -0.4060 -0.9025 0.1439
vn 0.8142 0.1976 -0.5459
vn 0.8078 -0.2987 0.5081
vn -0.5505 0.5003 -0.6684
vn 0.0846 0.7159 -0.6930
vn 0.7937 0.2839 0.5380
vn -0.4147 0.9010 -0.1276
vn 0.0003 0.9522 0.3054
vn 0.7990 -0.5201 0.3018
vn -0.4243 0.8752 -0.2325
vn 0.0012 0.9558 0.2941
vn -0.0012 -0.9558 -0.2941
vn -0.4135 -0.6709 -0.6155
vn 0.0177 -0.9840 -0.1771
vn -0.0460 0.9176 0.3948
vn -0.0473 0.9035 0.4259
vn 0.1919 -0.9054 -0.3787
vn 0.1912 -0.8554 -0.4814
vn 0.1899 -0.9423 -0.2756
vn -0.4019 -0.8635 0.3046
vn 0.8096 0.4481 -0.3791
vn 0.0174 -0.9957 -0.0908
vn 0.0473 0.9589 -0.2799
vn 0.0513 0.9486 -0.3123
vn -0.0473 -0.9589 0.2799
vn 0.1920 0.9288 -0.3168
vn 0.1998 0.9516 -0.2334
vn 0.1915 0.8868 -0.4205
vn 0.8347 -0.3554 -0.4208
vn -0.4022 0.7707 0.4942
vn 0.7950 0.0246 -0.6061
vn 0.8320 0.5548 -0.0046
vn -0.2387 -0.7459 0.6218
vn -0.0854 -0.1110 0.9901
vn -0.0473 -0.1353 0.9897
vn 0.8143 0.5796 -0.0321
vn -0.0830 -0.2225 0.9714
vn -0.2380 -0.8126 0.5320
vn 0.0844 0.2233 -0.9711
vn 0.8078 -0.4641 0.3634
vn -0.5125 0.5683 -0.6437
vn 0.1917 0.0898 -0.9773
vn 0.1914 0.2022 -0.9605
vn 0.1903 -0.0205 -0.9815
vn -0.5192 0.4983 0.6943
vn -0.0856 0.3403 0.9364
vn -0.0459 0.2410 0.9694
vn 0.8143 -0.4474 -0.3698
vn -0.0848 0.4462 0.8909
vn -0.5193 0.5746 0.6326
vn 0.0852 -0.4459 -0.8910
vn 0.8078 0.3955 0.4370
vn -0.5503 -0.4880 -0.6776
vn 0.1923 -0.2473 -0.9497
vn 0.1912 -0.3528 -0.9160
vn 0.1910 -0.1341 -0.9724
vn 0.8051 0.1919 -0.5612
vn -0.1800 0.9309 0.3179
vn -0.0839 0.7218 0.6870
vn -0.3839 -0.0078 0.9233
vn -0.0872 0.6363 0.7665
vn 0.0812 -0.6395 -0.7645
vn 0.8187 -0.1580 0.5520
vn -0.4056 -0.0679 -0.9115
vn -0.0473 0.7060 0.7066
vn 0.1920 -0.7240 -0.6626
vn 0.1920 -0.6430 -0.7414
vn 0.1912 -0.7945 -0.5764
vn 0.8142 0.1555 -0.5593
vn -0.5077 -0.4176 0.7536
vn -0.0851 -0.7162 0.6927
vn -0.5194 -0.3436 0.7824
vn -0.0837 -0.6313 0.7710
vn 0.0876 0.6330 -0.7691
vn 0.8078 -0.2383 0.5391
vn -0.5504 0.4202 -0.7214
vn -0.0459 -0.7870 0.6152
vn 0.1911 0.7679 -0.6114
vn 0.1925 0.6907 -0.6971
vn 0.1909 0.8334 -0.5187
vn -0.2143 0.6452 0.7333
vn 0.0011 0.9963 0.0859
vn -0.5924 0.7170 0.3673
vn -0.2435 0.6845 0.6872
vn -0.0175 0.9959 0.0892
vn 0.0002 -0.9942 -0.1079
vn 0.0001 0.8878 0.4602
vn -0.2439 -0.2164 0.9453
vn 0.2440 0.5605 0.7914
vn -0.5860 -0.1250 0.8006
vn 0.0046 -0.9078 0.4193
vn 0.8484 0.4448 -0.2870
vn 0.0017 0.9344 0.3562
vn 1.0000 -0.0002 -0.0005
vn -0.0000 0.8123 -0.5833
vn -0.5728 0.5694 0.5896
vn -1.0000 0.0021 -0.0016
vn -0.0000 0.6932 0.7207
vn -1.0000 0.0010 -0.0015
vn -0.0013 -0.2641 -0.9645
vn -0.6343 -0.7568 -0.1575
vn -0.0107 -0.5173 0.8557
vn 0.0004 0.1961 -0.9806
vn 0.6334 -0.7729 0.0367
vn 0.8320 -0.1678 -0.5288
vn -0.2668 -0.1253 0.9556
vn -0.4075 -0.3117 0.8584
vn 0.2817 -0.1922 0.9401
vn 0.8169 -0.2231 -0.5319
vn 1.0000 -0.0000 0.0001
vn 1.0000 -0.0001 0.0001
vn -0.1140 0.0326 0.9929
vn -0.1913 -0.0908 0.9773
vn -0.1916 -0.2018 0.9605
vn -0.1913 0.0222 0.9813
vn -0.1913 0.2455 0.9503
vn -0.1913 0.3530 0.9158
vn -0.1913 0.1347 0.9723
vn -0.0877 -0.3354 0.9380
vn 0.8142 0.5795 0.0350
vn -0.2377 -0.8685 0.4350
vn -0.1915 -0.3110 0.9309
vn -0.0834 0.5463 0.8334
vn -0.1914 0.4559 0.8692
vn 0.0850 0.3338 -0.9388
vn 0.8078 -0.5027 0.3078
vn -0.5125 0.6385 -0.5741
vn 0.1918 0.3104 -0.9311
vn 0.0869 -0.5443 -0.8344
vn 0.1913 -0.4560 -0.8692
vn -0.0836 -0.4386 0.8948
vn 0.8051 0.5907 -0.0536
vn -0.3839 -0.8463 0.3693
vn -0.1916 -0.4157 0.8891
vn -0.1917 0.5532 0.8107
vn 0.0845 0.4391 -0.8945
vn 0.8187 -0.5685 0.0807
vn -0.4056 0.8047 -0.4335
vn 0.1912 0.4162 -0.8889
vn 0.1913 -0.5526 -0.8112
vn -0.0837 -0.5385 0.8384
vn -0.1916 -0.5150 0.8355
vn -0.1914 0.6423 0.7422
vn 0.0835 0.5384 -0.8385
vn 0.1917 0.5147 -0.8356
vn -0.1915 -0.6076 0.7708
vn -0.1915 0.7233 0.6634
vn 0.1908 0.6088 -0.7701
vn -0.1912 -0.6926 0.6955
vn -0.1136 0.8097 0.5757
vn -0.1916 0.7950 0.5756
vn -0.1914 -0.7676 0.6117
vn -0.1124 -0.8953 0.4310
vn -0.1908 -0.8335 0.5185
vn -0.0177 0.9840 0.1771
vn -0.1909 0.9049 0.3804
vn -0.1914 0.8555 0.4811
vn -0.1919 0.9429 0.2721
vn -0.1920 -0.9289 0.3166
vn -0.1920 -0.8864 0.4213
vn -0.3195 0.8105 0.4910
vn -0.0001 0.9942 0.1077
vn -0.1137 0.8781 0.4648
vn 0.2285 0.3540 0.9069
vn -0.2342 0.4634 0.8546
vn -0.4073 0.8313 0.3782
vn 0.8320 -0.5543 0.0221
vn 0.0385 0.4651 0.8844
vn 0.8143 -0.4401 0.3785
vn 0.8077 0.4979 -0.3156
vn -0.5505 -0.7504 0.3657
vn -0.5191 0.7207 -0.4595
vn 0.8143 0.0635 0.5770
vn -0.2380 -0.5748 -0.7829
vn 0.8077 -0.3876 -0.4442
vn -0.5125 0.6732 0.5331
vn 0.8143 -0.3935 0.4268
vn -0.0123 0.9177 -0.3971
vn -0.5193 0.6626 -0.5397
vn 0.0125 -0.9177 0.3971
vn 0.8077 0.4578 -0.3714
vn -0.5505 -0.7028 0.4506
vn 0.1188 -0.9462 0.3008
vn -0.1184 0.9465 -0.3002
vn 0.8143 -0.0038 0.5805
vn -0.0115 -0.9582 -0.2858
vn -0.2383 -0.4801 -0.8442
vn 0.0117 0.9582 0.2858
vn 0.8077 -0.3334 -0.4862
vn -0.5124 0.6067 0.6078
vn 0.8143 -0.3411 0.4697
vn -0.0120 0.8654 -0.5009
vn -0.5192 0.5954 -0.6131
vn 0.0118 -0.8654 0.5009
vn 0.8077 0.4116 -0.4220
vn -0.5505 -0.6458 0.5291
vn 0.1202 -0.9039 0.4105
vn -0.1222 0.9025 -0.4131
vn 0.8051 0.0840 0.5872
vn -0.0125 -0.9186 -0.3951
vn -0.3839 -0.4120 -0.8264
vn 0.0127 0.9186 0.3951
vn 0.8186 -0.1096 -0.5637
vn -0.4057 0.4741 0.7814
vn 0.1199 0.9187 0.3763
vn 0.8143 -0.2843 0.5061
vn -0.0122 0.8014 -0.5979
vn -0.5192 0.5201 -0.6782
vn 0.0119 -0.8014 0.5979
vn 0.8077 0.3601 -0.4668
vn -0.5506 -0.5802 0.6002
vn 0.1220 -0.8486 0.5148
vn -0.1207 -0.9190 -0.3752
vn -0.1194 0.8509 -0.5116
vn 0.8077 -0.2126 -0.5499
vn -0.0123 -0.8665 -0.4991
vn 0.8143 0.5049 -0.2864
vn -0.1805 -0.9796 -0.0881
vn 0.0121 0.8665 0.4990
vn -0.5126 0.4503 0.7311
vn 0.1216 0.8699 0.4781
vn 0.8143 -0.2237 0.5356
vn -0.0121 0.7266 -0.6870
vn -0.5193 0.4380 -0.7338
vn 0.0123 -0.7266 0.6870
vn 0.8077 0.3034 -0.5055
vn -0.5505 -0.5065 0.6636
vn 0.1199 -0.7852 0.6075
vn -0.1189 -0.8682 -0.4818
vn -0.1197 0.7854 -0.6073
vn 0.0122 0.8027 0.5962
vn 0.8077 -0.1470 -0.5709
vn -0.5124 0.3622 0.7786
vn 0.1208 0.8079 0.5769
vn 0.8143 -0.1599 0.5580
vn -0.0121 0.6419 -0.7667
vn -0.5192 0.3498 -0.7798
vn 0.0123 -0.6419 0.7667
vn 0.8077 0.2427 -0.5372
vn -0.5506 -0.4261 0.7179
vn 0.1207 -0.7085 0.6953
vn -0.0121 -0.8027 -0.5962
vn 0.8143 0.5348 -0.2257
vn -0.1807 -0.9627 -0.2013
vn -0.1210 -0.8080 -0.5765
vn -0.1220 0.7070 -0.6966
vn 0.0120 0.7281 0.6854
vn 0.8077 -0.0800 -0.5841
vn -0.5125 0.2695 0.8153
vn 0.1187 0.7335 0.6692
vn 0.8143 -0.0940 0.5728
vn -0.0123 0.5486 -0.8360
vn -0.5192 0.2568 -0.8152
vn 0.0121 -0.5485 0.8360
vn 0.8077 0.1786 -0.5618
vn -0.5505 -0.3397 0.7626
vn 0.1189 -0.6252 0.7713
vn -0.0118 -0.7281 -0.6854
vn 0.8143 0.5574 -0.1622
vn -0.1806 -0.9329 -0.3116
vn -0.1210 -0.7356 -0.6665
vn -0.1196 0.6243 -0.7719
vn 0.0122 0.6436 0.7653
vn 0.7993 -0.5738 -0.1785
vn -0.4452 0.7406 0.5033
vn 0.1207 0.6529 0.7477
vn 0.8051 0.1287 0.5791
vn -0.0122 0.4478 -0.8940
vn -0.4328 0.0349 -0.9008
vn 0.0121 -0.4478 0.8940
vn 0.8186 0.2675 -0.5082
vn -0.5644 -0.3940 0.7254
vn 0.1212 -0.5284 0.8403
vn -0.0125 -0.6436 -0.7653
vn 0.8262 0.3028 0.4751
vn -0.5721 -0.4326 -0.6968
vn -0.1181 -0.6504 -0.7504
vn -0.1207 0.5291 -0.8399
vn 0.0124 0.5503 0.8348
vn 0.8051 -0.2525 0.5367
vn 0.8186 0.2182 -0.5312
vn -0.4057 -0.0333 0.9134
vn 0.1196 0.5605 0.8195
vn 0.8077 -0.3885 -0.4434
vn -0.0118 0.3410 -0.9400
vn 0.8143 0.0405 0.5791
vn -0.5193 0.0621 -0.8523
vn 0.0120 -0.3410 0.9400
vn -0.2703 0.1492 0.9511
vn 0.1206 -0.4281 0.8956
vn -0.0117 -0.5504 -0.8348
vn -0.3840 0.1098 -0.9168
vn -0.1211 -0.5621 -0.8182
vn -0.1192 0.4301 -0.8949
vn 0.8077 0.1247 -0.5762
vn -0.0125 -0.4497 -0.8931
vn 0.8143 0.5792 0.0381
vn -0.1805 -0.7701 -0.6119
vn 0.0120 0.4497 0.8931
vn -0.5125 -0.0256 0.8583
vn 0.1215 0.4640 0.8775
vn 0.0123 -0.2295 0.9732
vn 0.8077 -0.4373 -0.3954
vn -0.2705 0.2586 0.9274
vn 0.1205 -0.3214 0.9392
vn -0.1218 -0.4642 -0.8773
vn -0.0120 0.2295 -0.9732
vn 0.8143 0.1074 0.5704
vn -0.5193 -0.0373 -0.8538
vn -0.1222 0.3188 -0.9399
vn 0.0122 0.3430 0.9393
vn 0.8077 0.1909 -0.5578
vn -0.5124 -0.1252 0.8496
vn 0.1200 0.3569 0.9264
vn 0.0121 -0.1150 0.9933
vn 0.8077 -0.4803 -0.3419
vn -0.2704 0.3645 0.8911
vn 0.1200 -0.2108 0.9701
vn -0.0121 -0.3430 -0.9392
vn 0.8143 0.5709 0.1051
vn -0.1805 -0.6938 -0.6972
vn -0.1183 -0.3548 -0.9274
vn -0.0121 0.1150 -0.9933
vn 0.8143 0.1730 0.5541
vn -0.5192 -0.1363 -0.8437
vn -0.1217 0.2085 -0.9704
vn 0.0120 0.2316 0.9727
vn 0.7993 -0.4326 -0.4171
vn -0.4452 0.4359 0.7822
vn 0.1203 0.2474 0.9614
vn 0.0125 0.0011 0.9999
vn 0.8077 -0.5167 -0.2839
vn -0.2705 0.4654 0.8428
vn 0.1202 -0.0966 0.9880
vn -0.0125 -0.2316 -0.9727
vn 0.8262 0.0573 0.5604
vn -0.5721 -0.0738 -0.8169
vn -0.1197 -0.2465 -0.9617
vn -0.0122 -0.0010 -0.9999
vn 0.8143 0.2363 0.5302
vn -0.5191 -0.2335 -0.8222
vn -0.1201 0.0969 -0.9880
vn 0.0119 0.1172 0.9930
vn 0.1213 0.1355 0.9833
vn 0.1199 0.0184 0.9926
vn -0.0120 -0.1171 -0.9930
vn -0.1211 -0.1352 -0.9834
vn -0.1189 -0.0169 -0.9928
vn -0.7054 0.4616 0.5379
vn -0.6592 0.6223 0.4222
vn -0.7900 0.3555 0.4995
vn -0.6831 0.3252 0.6539
vn -0.5684 0.4737 0.6727
vn -0.8182 0.5363 0.2072
vn -0.7302 0.3565 0.5828
vn -0.6827 0.2519 0.6859
vn -0.9281 0.1896 0.3204
vn -0.8708 0.0887 0.4835
vn -0.6873 0.1923 0.7005
vn -0.6744 0.1689 0.7188
vn -0.5233 0.3110 0.7934
vn -0.5601 0.3581 0.7470
vn -0.8741 0.1460 0.4632
vn -0.8767 0.0261 0.4803
vn -0.2648 0.3790 0.8867
vn -0.6750 0.1962 0.7113
vn -0.9680 0.1338 0.2123
vn -0.8838 -0.0747 0.4618
vn -0.9724 -0.0584 0.2259
vn -0.7656 0.2099 0.6081
vn -0.7252 -0.3160 0.6117
vn -0.6652 -0.1794 0.7248
vn -0.7048 -0.1681 0.6892
vn -0.6682 -0.3410 0.6612
vn -0.7779 -0.2924 0.5561
vn -0.7252 -0.4642 0.5086
vn -0.6534 -0.1718 0.7373
vn -0.6390 -0.4144 0.6480
vn -0.6777 -0.2170 0.7026
vn -0.6717 -0.0013 0.7408
vn -0.6904 -0.4597 0.5586
vn -0.6406 -0.5455 0.5404
vn -0.9116 -0.1699 0.3744
vn -0.8786 -0.0970 0.4676
vn -0.7800 -0.5047 0.3701
vn -0.8583 -0.3417 0.3829
vn -0.6270 -0.0040 0.7790
vn -0.5384 -0.4225 0.7291
vn -0.6191 -0.5015 0.6044
vn -0.5653 -0.2670 0.7805
vn -0.6966 0.1113 0.7088
vn -0.6739 -0.6865 0.2732
vn -0.6172 -0.6732 0.4074
vn -0.6113 -0.6891 0.3892
vn -0.7965 -0.1542 0.5847
vn -0.8329 -0.3112 0.4576
vn -0.8281 0.1954 0.5254
vn -0.5732 -0.6400 0.5117
vn 0.0532 0.9329 0.3562
vn -0.4366 0.7765 0.4544
vn -0.2329 0.4162 0.8789
vn -0.2684 0.9256 0.2670
vn -0.1468 0.9798 0.1361
vn -0.2692 0.8892 0.3700
vn -0.3810 0.5508 0.7427
vn 0.0034 0.9000 0.4359
vn -0.2623 0.8779 0.4007
vn -0.0668 0.9878 0.1409
vn -0.0885 0.4100 0.9078
vn -0.0041 0.9183 0.3958
vn -0.2688 -0.9411 0.2049
vn -0.2686 -0.9116 0.3112
vn -0.3406 -0.8897 0.3040
vn -0.1100 -0.5644 0.8181
vn -0.2978 -0.8360 0.4609
vn -0.6650 -0.7243 0.1822
vn -0.6399 -0.7354 0.2228
vn -0.6610 -0.7385 0.1332
vn -0.0812 -0.7059 0.7037
vn -0.6536 -0.7246 0.2186
vn -0.6415 -0.7127 0.2838
vn -0.5601 -0.7183 0.4127
vn -0.5501 -0.7641 0.3371
vn -0.4301 -0.4204 0.7989
vn -0.6842 -0.6578 0.3151
vn -0.3852 -0.0468 0.9217
vn -0.3108 0.2399 0.9197
vn -0.0418 -0.3219 0.9459
vn 0.0662 0.2977 0.9524
vn -0.4717 -0.7483 0.4663
vn -0.7542 -0.1905 0.6284
vn -0.5333 -0.0422 0.8449
vn -0.6916 -0.5614 0.4545
vn -0.1595 -0.3620 0.9184
vn -0.7302 -0.4480 0.5158
vn -0.6190 -0.0919 0.7800
vn -0.5263 0.0606 0.8481
vn -0.3122 -0.0190 0.9498
vn -0.4015 0.2170 0.8898
vn -0.2746 0.3096 0.9104
vn -0.6472 0.5074 0.5689
vn -0.2688 -0.8696 0.4142
vn -0.3407 -0.8488 0.4043
vn -0.4080 -0.8242 0.3927
vn -0.4699 -0.7971 0.3792
vn -0.5266 -0.7678 0.3649
vn -0.2688 0.8405 0.4704
vn -0.5537 -0.6566 0.5122
vn -0.5273 -0.7197 0.4517
vn -0.5063 -0.6855 0.5232
vn -0.4698 -0.7484 0.4682
vn -0.5270 -0.6636 0.5309
vn -0.4079 -0.7738 0.4845
vn -0.4704 -0.6887 0.5517
vn -0.3409 -0.7965 0.4994
vn -0.4077 -0.7133 0.5700
vn -0.2686 -0.8166 0.5109
vn -0.3406 -0.7343 0.5871
vn -0.2692 -0.7516 0.6022
vn -0.5501 -0.6049 0.5758
vn -0.5269 -0.5984 0.6036
vn -0.4700 -0.6215 0.6267
vn -0.4081 -0.6425 0.6485
vn -0.3408 -0.6617 0.6679
vn -0.2688 -0.6782 0.6840
vn -0.5539 -0.4445 0.7041
vn -0.5271 -0.5247 0.6685
vn -0.4703 -0.5448 0.6942
vn -0.4078 -0.5644 0.7178
vn -0.3405 -0.5811 0.7392
vn -0.2689 -0.5950 0.7574
vn -0.5062 -0.4680 0.7244
vn -0.5270 -0.4447 0.7243
vn -0.4702 -0.4618 0.7521
vn -0.4079 -0.4779 0.7779
vn -0.3406 -0.4922 0.8011
vn -0.2687 -0.5044 0.8206
vn -0.5601 -0.3692 0.7416
vn -0.5268 -0.3591 0.7704
vn -0.4700 -0.3728 0.8001
vn -0.4083 -0.3846 0.8279
vn -0.3409 -0.3963 0.8525
vn -0.2684 -0.4073 0.8730
vn -0.5063 -0.2904 0.8120
vn -0.5501 -0.1941 0.8123
vn -0.5271 -0.2674 0.8066
vn -0.4702 -0.2779 0.8377
vn -0.4076 -0.2885 0.8664
vn -0.3408 -0.2961 0.8923
vn -0.2692 -0.3028 0.9142
vn -0.5267 -0.1739 0.8321
vn -0.4702 -0.1800 0.8640
vn -0.4080 -0.1862 0.8938
vn -0.3407 -0.1917 0.9204
vn -0.2685 -0.1971 0.9429
vn -0.5537 0.0104 0.8326
vn -0.5270 -0.0765 0.8464
vn -0.4701 -0.0796 0.8790
vn -0.4078 -0.0828 0.9093
vn -0.3408 -0.0845 0.9363
vn -0.2687 -0.0871 0.9593
vn -0.5062 0.0016 0.8624
vn -0.5269 0.0209 0.8497
vn -0.4700 0.0217 0.8824
vn -0.4082 0.0230 0.9126
vn -0.3404 0.0228 0.9400
vn -0.2691 0.0242 0.9628
vn -0.5601 0.0939 0.8231
vn -0.5271 0.1189 0.8414
vn -0.4702 0.1232 0.8740
vn -0.4079 0.1270 0.9042
vn -0.3405 0.1307 0.9311
vn -0.2690 0.1345 0.9537
vn -0.5063 0.1984 0.8392
vn -0.5501 0.2791 0.7871
vn -0.5266 0.2138 0.8228
vn -0.4700 0.2223 0.8542
vn -0.4080 0.2303 0.8835
vn -0.3409 0.2376 0.9096
vn -0.2687 0.2426 0.9322
vn -0.5272 0.3078 0.7920
vn -0.4704 0.3198 0.8225
vn -0.4076 0.3297 0.8516
vn -0.3407 0.3400 0.8766
vn -0.2687 0.3482 0.8981
vn -0.5537 0.4618 0.6929
vn -0.5265 0.3958 0.7524
vn -0.4702 0.4117 0.7806
vn -0.4081 0.4259 0.8075
vn -0.3408 0.4385 0.8316
vn -0.2688 0.4492 0.8520
vn -0.5062 0.4707 0.7226
vn -0.5273 0.4806 0.7007
vn -0.4698 0.4982 0.7287
vn -0.4080 0.5157 0.7534
vn -0.3404 0.5307 0.7762
vn -0.2689 0.5441 0.7947
vn -0.4081 0.5990 0.6889
vn -0.3408 0.6169 0.7094
vn -0.2688 0.6317 0.7271
vn -0.3403 0.6936 0.6348
vn -0.2691 0.7113 0.6494
vn -0.2687 0.7809 0.5640
vn -0.4835 -0.1361 0.8647
vn 0.1261 0.2642 0.9562
vn -0.0357 -0.1653 0.9856
vn -0.6670 -0.4383 0.6025
vn -0.8545 -0.0029 0.5194
vn 0.1338 -0.2045 0.9697
vn -0.7745 -0.0322 0.6318
vn -0.8810 0.1298 0.4550
vn -0.6979 -0.1874 -0.6913
vn -0.7725 0.2471 -0.5850
vn -0.6861 0.1629 -0.7091
vn -0.8165 -0.1113 -0.5665
vn -0.6513 0.0030 -0.7588
vn -0.8662 -0.1829 -0.4650
vn -0.6583 -0.1764 -0.7318
vn -0.7431 -0.1997 -0.6387
vn -0.6746 0.3231 -0.6637
vn -0.6624 0.3080 -0.6829
vn -0.6700 0.1459 -0.7279
vn -0.6495 0.2714 -0.7103
vn -0.6750 -0.1429 -0.7238
vn -0.6822 -0.4688 -0.5611
vn -0.6094 -0.2988 -0.7344
vn -0.5992 -0.1773 -0.7807
vn -0.6698 0.4835 -0.5635
vn -0.6354 0.4229 -0.6461
vn -0.6185 0.1755 -0.7659
vn -0.5174 0.3846 -0.7644
vn -0.5235 0.1359 -0.8411
vn -0.6652 -0.4824 -0.5699
vn -0.6035 -0.5687 -0.5590
vn -0.5684 -0.2015 -0.7977
vn -0.6100 -0.3649 -0.7034
vn -0.5198 -0.0599 -0.8522
vn -0.6058 -0.5191 -0.6029
vn -0.6457 -0.6048 -0.4662
vn -0.5198 -0.5935 -0.6144
vn -0.5684 -0.6671 -0.4816
vn -0.2753 0.9137 -0.2990
vn -0.2012 0.9309 -0.3048
vn -0.3454 0.8519 -0.3937
vn -0.2753 0.8729 -0.4029
vn -0.2009 0.8896 -0.4102
vn -0.4110 0.7776 -0.4759
vn -0.3448 0.8013 -0.4890
vn -0.2759 0.8194 -0.5025
vn -0.2009 0.8358 -0.5109
vn -0.4715 0.6937 -0.5445
vn -0.4109 0.7172 -0.5629
vn -0.3455 0.7380 -0.5796
vn -0.2748 0.7571 -0.5927
vn -0.2012 0.7706 -0.6048
vn -0.5585 0.5340 -0.6347
vn -0.5270 0.6030 -0.5988
vn -0.4714 0.6261 -0.6212
vn -0.4106 0.6474 -0.6420
vn -0.3452 0.6662 -0.6610
vn -0.2758 0.6816 -0.6777
vn -0.2006 0.6960 -0.6895
vn -0.5270 0.5296 -0.6647
vn -0.4715 0.5494 -0.6898
vn -0.4111 0.5677 -0.7133
vn -0.3450 0.5852 -0.7338
vn -0.2752 0.5994 -0.7517
vn -0.2015 0.6098 -0.7665
vn -0.5053 0.4728 -0.7220
vn -0.5488 0.3781 -0.7456
vn -0.5268 0.4492 -0.7216
vn -0.4714 0.4659 -0.7488
vn -0.4106 0.4820 -0.7740
vn -0.3458 0.4947 -0.7973
vn -0.2748 0.5087 -0.8159
vn -0.2009 0.5177 -0.8316
vn -0.5272 0.3616 -0.7690
vn -0.4716 0.3754 -0.7979
vn -0.4104 0.3891 -0.8247
vn -0.3454 0.3996 -0.8491
vn -0.2757 0.4089 -0.8700
vn -0.2009 0.4177 -0.8861
vn -0.5529 0.1825 -0.8130
vn -0.5269 0.2706 -0.8057
vn -0.4715 0.2805 -0.8361
vn -0.4109 0.2897 -0.8644
vn -0.3448 0.2994 -0.8896
vn -0.2753 0.3059 -0.9114
vn -0.2017 0.3106 -0.9289
vn -0.5053 0.1973 -0.8401
vn -0.5269 0.1751 -0.8317
vn -0.4713 0.1818 -0.8630
vn -0.4111 0.1871 -0.8922
vn -0.3453 0.1931 -0.9184
vn -0.2752 0.1983 -0.9407
vn -0.2002 0.2034 -0.9584
vn -0.5586 0.0974 -0.8237
vn -0.5269 0.0774 -0.8464
vn -0.4714 0.0802 -0.8783
vn -0.4107 0.0831 -0.9080
vn -0.3451 0.0856 -0.9346
vn -0.2759 0.0863 -0.9573
vn -0.2007 0.0899 -0.9755
vn -0.5053 -0.0017 -0.8630
vn -0.5585 -0.0952 -0.8240
vn -0.5271 -0.0219 -0.8495
vn -0.4713 -0.0221 -0.8817
vn -0.4107 -0.0229 -0.9115
vn -0.3452 -0.0236 -0.9382
vn -0.2751 -0.0239 -0.9611
vn -0.2020 -0.0265 -0.9790
vn -0.5271 -0.1203 -0.8412
vn -0.4716 -0.1249 -0.8729
vn -0.4106 -0.1284 -0.9027
vn -0.3456 -0.1334 -0.9288
vn -0.2748 -0.1347 -0.9520
vn -0.2009 -0.1380 -0.9698
vn -0.5053 -0.2007 -0.8393
vn -0.5586 -0.2827 -0.7798
vn -0.5267 -0.2163 -0.8221
vn -0.4716 -0.2253 -0.8526
vn -0.4107 -0.2325 -0.8816
vn -0.3452 -0.2394 -0.9075
vn -0.2755 -0.2456 -0.9294
vn -0.2009 -0.2496 -0.9473
vn -0.5270 -0.3110 -0.7909
vn -0.4713 -0.3223 -0.8210
vn -0.4110 -0.3338 -0.8483
vn -0.3451 -0.3430 -0.8736
vn -0.2755 -0.3519 -0.8946
vn -0.2013 -0.3586 -0.9115
vn -0.5053 -0.3888 -0.7704
vn -0.5586 -0.4549 -0.6936
vn -0.5271 -0.4008 -0.7493
vn -0.4712 -0.4152 -0.7782
vn -0.4109 -0.4299 -0.8040
vn -0.3451 -0.4421 -0.8279
vn -0.2754 -0.4532 -0.8478
vn -0.2009 -0.4614 -0.8642
vn -0.5268 -0.4846 -0.6983
vn -0.4716 -0.5034 -0.7239
vn -0.4107 -0.5200 -0.7489
vn -0.3453 -0.5355 -0.7708
vn -0.2754 -0.5485 -0.7895
vn -0.2006 -0.5582 -0.8051
vn -0.5053 -0.5560 -0.6600
vn -0.5585 -0.6026 -0.5700
vn -0.5269 -0.5626 -0.6371
vn -0.4712 -0.5835 -0.6614
vn -0.4107 -0.6035 -0.6835
vn -0.3451 -0.6211 -0.7036
vn -0.2755 -0.6365 -0.7204
vn -0.2018 -0.6495 -0.7331
vn -0.5274 -0.6332 -0.5665
vn -0.4713 -0.6565 -0.5890
vn -0.4108 -0.6788 -0.6087
vn -0.3454 -0.6990 -0.6262
vn -0.2750 -0.7153 -0.6424
vn -0.2011 -0.7293 -0.6539
vn -0.5053 -0.6932 -0.5139
vn -0.5586 -0.7178 -0.4156
vn -0.5270 -0.6944 -0.4900
vn -0.4716 -0.7207 -0.5081
vn -0.4106 -0.7447 -0.5262
vn -0.3452 -0.7667 -0.5414
vn -0.2752 -0.7853 -0.5546
vn -0.2011 -0.8002 -0.5650
vn -0.5268 -0.7465 -0.4066
vn -0.4713 -0.7747 -0.4216
vn -0.4109 -0.8009 -0.4356
vn -0.3456 -0.8246 -0.4478
vn -0.2753 -0.8445 -0.4594
vn -0.2012 -0.8606 -0.4679
vn -0.5053 -0.7931 -0.3402
vn -0.2012 -0.9090 -0.3651
vn 0.7052 -0.4617 -0.5381
vn 0.7898 -0.3557 -0.4997
vn 0.6597 -0.6211 -0.4232
vn 0.6828 -0.3251 -0.6543
vn 0.6361 -0.6220 -0.4567
vn 0.5681 -0.4731 -0.6733
vn 0.8208 -0.5339 -0.2028
vn 0.6832 -0.2510 -0.6858
vn 0.9340 -0.1871 -0.3043
vn 0.8706 -0.0882 -0.4840
vn 0.6578 -0.6930 -0.2950
vn 0.6877 -0.1930 -0.6998
vn 0.6743 -0.1689 -0.7189
vn 0.5232 -0.3109 -0.7935
vn 0.5602 -0.3581 -0.7470
vn 0.8034 -0.5932 -0.0508
vn 0.6740 -0.1943 -0.7127
vn 0.9684 -0.1406 -0.2060
vn 0.8849 0.0723 -0.4602
vn 0.9620 0.1042 -0.2524
vn 0.9111 -0.4110 0.0305
vn 0.8173 -0.5745 0.0450
vn 0.7263 0.3155 -0.6106
vn 0.7062 0.1681 -0.6877
vn 0.6653 0.1794 -0.7247
vn 0.7783 0.2925 -0.5556
vn 0.6685 0.3410 -0.6610
vn 0.7255 0.4638 -0.5084
vn 0.6535 0.1718 -0.7372
vn 0.6717 0.0012 -0.7408
vn 0.6389 0.4144 -0.6481
vn 0.6777 0.2160 -0.7029
vn 0.9123 0.1684 -0.3734
vn 0.8790 0.0955 -0.4672
vn 0.6908 0.4597 -0.5581
vn 0.6403 0.5458 -0.5405
vn 0.7802 0.5044 -0.3699
vn 0.8599 0.3399 -0.3809
vn 0.6270 0.0040 -0.7790
vn 0.6970 -0.1096 -0.7087
vn 0.5383 0.4225 -0.7293
vn 0.6193 0.5012 -0.6044
vn 0.5653 0.2670 -0.7805
vn 0.6171 0.6732 -0.4075
vn 0.6112 0.6888 -0.3898
vn 0.5731 0.6400 -0.5117
vn 0.9810 0.1810 0.0700
vn 0.9313 0.3643 0.0057
vn 0.9963 -0.0808 0.0293
vn 0.2695 -0.9258 -0.2650
vn 0.2689 -0.8890 -0.3705
vn 0.2691 0.9410 -0.2053
vn 0.2688 0.9114 -0.3116
vn 0.3408 0.8895 -0.3044
vn 0.6398 0.7355 -0.2229
vn 0.5602 0.7183 -0.4126
vn 0.5500 0.7641 -0.3370
vn 0.6193 0.0915 -0.7798
vn 0.5262 -0.0608 -0.8482
vn 0.2690 0.8694 -0.4145
vn 0.3404 0.8492 -0.4037
vn 0.4079 0.8244 -0.3924
vn 0.4702 0.7967 -0.3797
vn 0.5269 0.7673 -0.3655
vn 0.2686 -0.8404 -0.4707
vn 0.5537 0.6566 -0.5122
vn 0.5272 0.7198 -0.4516
vn 0.5064 0.6855 -0.5231
vn 0.4698 0.7485 -0.4681
vn 0.5272 0.6631 -0.5313
vn 0.4081 0.7735 -0.4849
vn 0.4701 0.6891 -0.5515
vn 0.3407 0.7967 -0.4992
vn 0.4079 0.7130 -0.5703
vn 0.2686 0.8166 -0.5110
vn 0.3406 0.7342 -0.5873
vn 0.2691 0.7518 -0.6020
vn 0.5500 0.6050 -0.5757
vn 0.5269 0.5985 -0.6035
vn 0.4701 0.6213 -0.6269
vn 0.4078 0.6430 -0.6483
vn 0.3408 0.6618 -0.6678
vn 0.2685 0.6786 -0.6837
vn 0.5535 0.4446 -0.7042
vn 0.5266 0.5257 -0.6681
vn 0.4702 0.5450 -0.6941
vn 0.4081 0.5637 -0.7181
vn 0.3410 0.5802 -0.7396
vn 0.2686 0.5954 -0.7572
vn 0.5064 0.4680 -0.7243
vn 0.5270 0.4445 -0.7243
vn 0.4699 0.4623 -0.7520
vn 0.4078 0.4782 -0.7778
vn 0.3405 0.4925 -0.8010
vn 0.2690 0.5037 -0.8209
vn 0.5602 0.3692 -0.7415
vn 0.5269 0.3589 -0.7705
vn 0.4703 0.3721 -0.8002
vn 0.4080 0.3852 -0.8277
vn 0.3409 0.3964 -0.8524
vn 0.2689 0.4062 -0.8733
vn 0.5064 0.2903 -0.8120
vn 0.5500 0.1942 -0.8123
vn 0.5271 0.2673 -0.8067
vn 0.4700 0.2783 -0.8376
vn 0.4078 0.2880 -0.8665
vn 0.3404 0.2968 -0.8922
vn 0.2689 0.3034 -0.9141
vn 0.5269 0.1737 -0.8320
vn 0.4703 0.1797 -0.8640
vn 0.4082 0.1859 -0.8938
vn 0.3406 0.1920 -0.9204
vn 0.2689 0.1964 -0.9429
vn 0.5535 -0.0103 -0.8328
vn 0.5268 0.0770 -0.8465
vn 0.4699 0.0801 -0.8791
vn 0.4079 0.0826 -0.9093
vn 0.3407 0.0847 -0.9363
vn 0.2687 0.0872 -0.9593
vn 0.5064 -0.0015 -0.8623
vn 0.5270 -0.0212 -0.8496
vn 0.4702 -0.0221 -0.8823
vn 0.4081 -0.0228 -0.9127
vn 0.3408 -0.0235 -0.9398
vn 0.2688 -0.0238 -0.9629
vn 0.5603 -0.0940 -0.8230
vn 0.5270 -0.1188 -0.8415
vn 0.4697 -0.1222 -0.8744
vn 0.4079 -0.1270 -0.9042
vn 0.3406 -0.1309 -0.9310
vn 0.2692 -0.1349 -0.9536
vn 0.5064 -0.1982 -0.8392
vn 0.5500 -0.2792 -0.7871
vn 0.5272 -0.2147 -0.8222
vn 0.4703 -0.2230 -0.8539
vn 0.4080 -0.2303 -0.8835
vn 0.3403 -0.2365 -0.9101
vn 0.2688 -0.2428 -0.9321
vn 0.5267 -0.3070 -0.7927
vn 0.4701 -0.3193 -0.8228
vn 0.4080 -0.3303 -0.8511
vn 0.3409 -0.3404 -0.8763
vn 0.2686 -0.3478 -0.8983
vn 0.5535 -0.4619 -0.6930
vn 0.5266 -0.3959 -0.7523
vn 0.4702 -0.4118 -0.7806
vn 0.4077 -0.4254 -0.8079
vn 0.3406 -0.4383 -0.8318
vn 0.2692 -0.4498 -0.8516
vn 0.5064 -0.4706 -0.7226
vn 0.5272 -0.4805 -0.7008
vn 0.4700 -0.4984 -0.7285
vn 0.4080 -0.5158 -0.7533
vn 0.3408 -0.5312 -0.7757
vn 0.2687 -0.5438 -0.7950
vn 0.5267 -0.5571 -0.6420
vn 0.4703 -0.5791 -0.6660
vn 0.4078 -0.5985 -0.6896
vn 0.3408 -0.6167 -0.7096
vn 0.2687 -0.6315 -0.7273
vn 0.3408 -0.6942 -0.6340
vn 0.2686 -0.7108 -0.6501
vn 0.2689 -0.7810 -0.5638
vn 0.9490 -0.3090 -0.0631
vn 0.7140 0.1857 0.6751
vn 0.6857 -0.1631 0.7094
vn 0.7715 -0.2478 0.5860
vn 0.6513 -0.0028 0.7588
vn 0.8144 0.1119 0.5694
vn 0.6581 0.1764 0.7320
vn 0.8624 0.1971 0.4664
vn 0.7435 0.1996 0.6382
vn 0.6745 -0.3232 0.6638
vn 0.6706 -0.1452 0.7275
vn 0.6495 -0.2714 0.7102
vn 0.6657 -0.3004 0.6831
vn 0.6763 0.1412 0.7230
vn 0.6814 0.4694 0.5616
vn 0.6071 0.3007 0.7356
vn 0.5994 0.1771 0.7806
vn 0.6352 -0.4229 0.6463
vn 0.6698 -0.4836 0.5635
vn 0.6180 -0.1752 0.7664
vn 0.5173 -0.3849 0.7643
vn 0.5236 -0.1360 0.8411
vn 0.6650 0.4828 0.5699
vn 0.6054 0.5649 0.5607
vn 0.5684 0.2015 0.7977
vn 0.6106 0.3649 0.7029
vn 0.5198 0.0598 0.8522
vn 0.6059 0.5191 0.6028
vn 0.6458 0.6047 0.4661
vn 0.5200 0.5932 0.6146
vn 0.5683 0.6672 0.4816
vn 0.2753 -0.9137 0.2989
vn 0.2017 -0.9305 0.3057
vn 0.3451 -0.8522 0.3933
vn 0.2745 -0.8736 0.4018
vn 0.2019 -0.8885 0.4120
vn 0.4111 -0.7774 0.4761
vn 0.3453 -0.8006 0.4897
vn 0.2753 -0.8202 0.5015
vn 0.2006 -0.8362 0.5103
vn 0.4713 -0.6941 0.5441
vn 0.4108 -0.7173 0.5628
vn 0.3454 -0.7381 0.5796
vn 0.2758 -0.7556 0.5942
vn 0.2003 -0.7718 0.6035
vn 0.5054 -0.6265 0.5934
vn 0.5587 -0.5339 0.6347
vn 0.5270 -0.6031 0.5988
vn 0.4716 -0.6256 0.6215
vn 0.4106 -0.6474 0.6421
vn 0.3449 -0.6668 0.6607
vn 0.2756 -0.6819 0.6776
vn 0.2012 -0.6951 0.6902
vn 0.5271 -0.5294 0.6648
vn 0.4714 -0.5497 0.6897
vn 0.4107 -0.5683 0.7130
vn 0.3453 -0.5848 0.7340
vn 0.2749 -0.5998 0.7514
vn 0.2016 -0.6097 0.7666
vn 0.5054 -0.4728 0.7218
vn 0.5487 -0.3781 0.7456
vn 0.5269 -0.4492 0.7216
vn 0.4716 -0.4654 0.7490
vn 0.4108 -0.4815 0.7742
vn 0.3454 -0.4954 0.7970
vn 0.2751 -0.5081 0.8162
vn 0.2011 -0.5175 0.8317
vn 0.5272 -0.3614 0.7690
vn 0.4712 -0.3760 0.7978
vn 0.4108 -0.3885 0.8248
vn 0.3451 -0.4001 0.8490
vn 0.2759 -0.4085 0.8701
vn 0.2006 -0.4181 0.8860
vn 0.5528 -0.1825 0.8131
vn 0.5269 -0.2705 0.8057
vn 0.4715 -0.2803 0.8361
vn 0.4108 -0.2901 0.8644
vn 0.3451 -0.2988 0.8897
vn 0.2751 -0.3062 0.9113
vn 0.2011 -0.3115 0.9287
vn 0.5054 -0.1974 0.8400
vn 0.5271 -0.1748 0.8317
vn 0.4712 -0.1821 0.8630
vn 0.4108 -0.1878 0.8922
vn 0.3455 -0.1927 0.9184
vn 0.2754 -0.1978 0.9408
vn 0.2013 -0.2012 0.9586
vn 0.5587 -0.0973 0.8236
vn 0.5268 -0.0776 0.8464
vn 0.4713 -0.0803 0.8783
vn 0.4108 -0.0828 0.9079
vn 0.3450 -0.0858 0.9347
vn 0.2754 -0.0873 0.9574
vn 0.2011 -0.0891 0.9755
vn 0.5054 0.0016 0.8629
vn 0.5587 0.0953 0.8239
vn 0.5273 0.0221 0.8494
vn 0.4717 0.0229 0.8815
vn 0.4107 0.0229 0.9115
vn 0.3453 0.0238 0.9382
vn 0.2750 0.0237 0.9612
vn 0.2012 0.0249 0.9792
vn 0.5266 0.1193 0.8417
vn 0.4714 0.1245 0.8731
vn 0.4108 0.1287 0.9026
vn 0.3453 0.1327 0.9291
vn 0.2758 0.1366 0.9515
vn 0.2007 0.1376 0.9700
vn 0.5054 0.2006 0.8392
vn 0.5588 0.2827 0.7796
vn 0.5269 0.2169 0.8218
vn 0.4714 0.2251 0.8527
vn 0.4110 0.2330 0.8814
vn 0.3451 0.2392 0.9076
vn 0.2750 0.2448 0.9297
vn 0.2012 0.2501 0.9471
vn 0.5269 0.3108 0.7911
vn 0.4713 0.3223 0.8210
vn 0.4106 0.3330 0.8488
vn 0.3457 0.3441 0.8730
vn 0.2748 0.3508 0.8952
vn 0.2015 0.3590 0.9113
vn 0.5054 0.3887 0.7704
vn 0.5587 0.4549 0.6934
vn 0.5270 0.4006 0.7495
vn 0.4716 0.4158 0.7776
vn 0.4109 0.4298 0.8040
vn 0.3452 0.4423 0.8278
vn 0.2756 0.4535 0.8476
vn 0.2004 0.4605 0.8647
vn 0.5269 0.4849 0.6980
vn 0.4712 0.5028 0.7247
vn 0.4109 0.5203 0.7487
vn 0.3451 0.5352 0.7710
vn 0.2755 0.5487 0.7893
vn 0.2010 0.5587 0.8047
vn 0.5054 0.5559 0.6600
vn 0.5587 0.6025 0.5699
vn 0.5270 0.5627 0.6369
vn 0.4714 0.5838 0.6610
vn 0.4108 0.6035 0.6834
vn 0.3451 0.6211 0.7036
vn 0.2749 0.6359 0.7211
vn 0.2014 0.6488 0.7338
vn 0.5271 0.6328 0.5672
vn 0.4715 0.6566 0.5887
vn 0.4108 0.6787 0.6088
vn 0.3456 0.6991 0.6260
vn 0.2751 0.7155 0.6422
vn 0.2013 0.7296 0.6536
vn 0.5054 0.6931 0.5139
vn 0.5588 0.7177 0.4155
vn 0.5269 0.6943 0.4902
vn 0.4715 0.7206 0.5084
vn 0.4105 0.7447 0.5263
vn 0.3454 0.7669 0.5410
vn 0.2753 0.7854 0.5544
vn 0.2015 0.8006 0.5643
vn 0.5269 0.7465 0.4063
vn 0.4715 0.7747 0.4213
vn 0.4110 0.8010 0.4353
vn 0.3451 0.8243 0.4488
vn 0.2754 0.8445 0.4593
vn 0.2003 0.8599 0.4695
vn 0.5054 0.7930 0.3402
vn 0.2004 0.9086 0.3663
vn -0.1688 -0.0000 0.9856
vn -0.0842 -0.0000 0.9964
vn -0.0056 -0.4692 -0.8831
vn -0.9999 -0.0110 -0.0033
vn -0.9999 -0.0109 -0.0033
vn -0.5583 -0.2653 0.7861
vn -0.3400 -0.9305 -0.1360
vn -1.0000 -0.0002 -0.0000
vn -0.5711 0.7019 0.4257
vn 1.0000 0.0001 -0.0000
vn -0.8064 0.2960 -0.5121
vn -0.7963 0.6031 -0.0462
vn -0.7789 0.6192 -0.0992
vn -0.8177 -0.4958 -0.2926
vn -0.8043 -0.5942 -0.0091
vn -0.5828 0.7004 0.4120
vn 0.4291 0.8740 0.2279
vn 0.2177 -0.0265 0.9757
vn -0.5895 0.6004 0.5404
vn 0.4446 0.6642 0.6010
vn -0.0000 -0.9344 -0.3562
vn 0.2834 -0.8828 -0.3746
vn 0.3978 -0.8733 -0.2812
vn -0.7918 0.4587 0.4032
vn 0.5233 -0.5249 -0.6713
vn -0.7882 0.4922 -0.3695
vn -0.8031 -0.5816 0.1293
vn -0.5904 0.7704 0.2407
vn 0.4238 0.9057 0.0065
vn -0.4046 -0.9101 -0.0896
vn 0.2401 -0.9708 0.0012
vn -0.4385 -0.2684 -0.8577
vn -0.7704 0.4031 -0.4940
vn -0.4154 -0.8995 0.1351
vn 0.2446 -0.9386 0.2434
vn -0.7926 -0.5859 0.1686
vn -0.0000 0.9020 -0.4317
vn 0.5328 0.8322 -0.1536
vn -0.7717 0.3225 0.5481
vn -0.2700 -0.8564 0.4400
vn 0.4000 -0.7328 -0.5504
vn -0.7963 -0.4087 0.4459
vn -0.0000 0.9942 -0.1075
vn 0.3954 0.7780 -0.4882
vn -0.0000 -1.0000 -0.0000
vn 0.3727 -0.8090 -0.4546
vn -0.8090 0.3727 0.4546
vn -1.0000 -0.0000 -0.0000
vn 0.5792 -0.8101 -0.0907
vn -0.7717 0.6212 0.1364
vn -0.7926 -0.1413 0.5931
vn 0.2375 0.5869 -0.7741
vn -0.7704 0.3966 -0.4992
vn -0.0000 -0.7197 0.6943
vn 0.5346 -0.6388 0.5532
vn -0.8031 0.0296 0.5951
vn -0.3398 0.5954 -0.7280
vn 0.2386 0.3742 -0.8961
vn -0.7882 0.2674 -0.5544
vn -0.1959 -0.9460 -0.2584
vn 0.5194 -0.5140 0.6827
vn -0.8043 0.1796 0.5665
vn 0.2308 0.1741 -0.9573
vn -0.4439 0.8955 -0.0312
vn -0.7963 -0.0591 -0.6020
vn -0.1903 -0.9816 -0.0174
vn 0.3978 -0.2625 0.8791
vn -0.8064 0.2959 0.5121
vn -0.7789 0.6151 -0.1222
vn -0.2163 0.0153 0.9762
vn 0.4428 -0.7804 0.4415
vn -0.4385 -0.8518 0.2867
vn -0.4635 0.8475 -0.2588
vn 0.2177 -0.0264 -0.9757
vn -0.8177 -0.4834 0.3126
vn -0.7918 -0.1126 -0.6003
vn 0.5111 -0.0202 0.8593
vn -0.4231 0.8170 -0.3918
vn 0.4624 0.6451 -0.6083
vn -0.8191 0.5735 0.0093
vn -0.7919 -0.3969 0.4641
vn -0.8233 -0.3909 -0.4116
vn -0.8432 0.4218 -0.3332
vn -0.8288 0.4809 -0.2862
vn 0.3774 -0.8976 0.2278
vn -0.0003 -0.8425 0.5387
vn 0.5849 -0.8108 -0.0201
vn -0.3995 -0.8185 -0.4130
vn 0.4920 -0.8052 0.3312
vn -0.4752 -0.8050 -0.3551
vn -0.0053 0.8582 -0.5132
vn 0.4926 0.7227 0.4848
vn 0.3722 0.8348 -0.4057
vn -0.6758 -0.4330 0.5965
vn 0.3745 0.7889 -0.4873
vn -0.3020 0.8084 -0.5053
vn -0.5225 0.8248 -0.2160
vn -0.8387 0.5445 -0.0027
vn -0.8020 -0.4219 0.4228
vn -0.0114 0.2262 0.9740
vn 0.1224 0.9780 0.1692
vn -0.5509 0.7902 0.2684
vn -0.5509 -0.8335 -0.0427
vn 0.4287 -0.8889 -0.1614
vn -0.8289 -0.2736 0.4879
vn -0.8050 -0.2308 -0.5465
vn 0.5624 0.3310 0.7577
vn -0.8039 0.4992 -0.3234
vn -0.0430 0.7935 0.6070
vn 0.2000 -0.3616 0.9106
vn 0.2358 0.1368 -0.9621
vn -0.5879 -0.2740 -0.7611
vn -0.4009 -0.3820 -0.8327
vn -0.4427 -0.3098 0.8415
vn -0.4318 -0.6546 -0.6205
vn -0.6252 0.2781 0.7293
vn -0.8039 -0.1161 0.5834
vn -0.8289 0.5389 -0.1499
vn 0.3438 -0.8130 0.4699
vn -0.1897 -0.8030 0.5650
vn 0.5916 0.1616 -0.7899
vn -0.6069 -0.0253 -0.7944
vn -0.6252 0.2782 -0.7292
vn -0.8050 -0.2308 0.5465
vn -0.8387 0.1921 -0.5095
vn -0.8020 -0.4219 -0.4228
vn 0.4429 -0.4539 0.7732
vn -0.5970 -0.3284 0.7320
vn 0.5624 0.3310 -0.7577
vn -0.0144 0.7948 -0.6067
vn -0.8233 -0.5626 -0.0757
vn -0.8288 0.3879 -0.4034
vn -0.5341 -0.8454 -0.0031
vn 0.4777 -0.7048 0.5245
vn -0.4009 -0.9131 0.0747
vn -0.0114 0.2262 -0.9740
vn 0.1224 0.9780 -0.1692
vn 0.4950 0.8661 -0.0689
vn -0.8179 0.4334 -0.3785
vn 0.4533 -0.7892 0.4143
vn -0.0294 -0.7787 0.6267
vn -0.7934 -0.6085 0.0171
vn -0.0206 0.7767 -0.6295
vn 0.5917 0.8055 -0.0323
vn -0.5509 0.7902 -0.2685
vn -0.8361 0.4657 0.2898
vn 0.5196 -0.8052 -0.2859
vn -0.4751 -0.8185 0.3232
vn -0.5444 -0.8050 0.2358
vn -0.7530 -0.6470 -0.1198
vn 0.6069 0.7889 0.0966
vn -0.1903 0.8084 0.5570
vn -0.4610 0.8248 0.3274
vn -0.8988 -0.4364 0.0425
vn -0.3861 0.0065 0.9224
vn -0.1777 -0.7999 -0.5733
vn 0.5870 -0.8090 -0.0304
vn -0.9818 -0.1543 0.1110
vn -0.8794 0.4759 0.0146
vn 0.5929 -0.7999 -0.0934
vn 0.5851 -0.8090 0.0566
vn 0.5362 0.8087 -0.2418
vn 0.5470 0.8330 0.0833
vn 0.5476 0.8087 0.2147
vn 0.4371 0.8330 -0.3392
vn -0.8836 0.3876 0.2627
vn -0.8685 0.4116 -0.2762
vn -0.7366 -0.5478 0.3967
vn -0.7597 -0.5302 -0.3766
vn 0.3580 0.1876 0.9147
vn 0.3205 -0.3691 0.8723
vn 0.3856 0.0357 -0.9220
vn 0.2152 -0.4905 -0.8445
vn 0.5814 0.4098 0.7029
vn 0.6686 0.2735 -0.6915
vn 0.7264 -0.2483 0.6408
vn 0.6377 -0.3849 -0.6673
vn -0.1339 0.1223 0.9834
vn -0.2742 -0.8137 -0.5126
vn 0.3407 -0.8250 -0.4508
vn -0.4593 -0.8004 -0.3854
vn 0.0409 0.4485 -0.8928
vn 0.0545 -0.8250 0.5624
vn -0.2974 -0.8137 0.4994
vn -0.5123 -0.8004 0.3114
vn 0.2930 -0.4383 0.8497
vn -0.3688 0.8184 -0.4407
vn -0.1253 0.8308 -0.5423
vn 0.1552 -0.1384 -0.9781
vn -0.3286 0.8184 0.4715
vn 0.1338 0.8308 0.5403
vn 0.4643 0.5134 0.7217
vn 0.4803 0.5325 -0.6970
vn 0.6838 -0.4371 0.5843
vn 0.6734 -0.3907 -0.6275
vn 0.7126 0.5179 0.4732
vn 0.7273 0.5710 -0.3807
vn 0.8093 -0.0054 0.5873
vn 0.8096 0.0623 0.5837
vn 0.8194 0.0625 -0.5698
vn 0.8191 0.0278 -0.5730
vn 0.8334 0.5527 -0.0079
vn 0.8066 -0.5597 -0.1902
vn 0.8222 0.1234 0.5557
vn 0.8124 0.4894 -0.3170
vn 0.8295 0.1789 0.5290
vn 0.7974 -0.5381 0.2732
vn 0.7946 0.3370 -0.5050
vn 0.7883 0.5636 0.2469
vn 0.8020 -0.2129 -0.5582
vn 0.7933 0.4747 -0.3812
vn 0.8034 -0.4630 -0.3745
vn 0.7837 -0.0134 0.6211
vn 0.8058 -0.5273 -0.2695
vn 0.7882 0.5907 -0.1729
vn 0.8058 -0.5730 -0.1493
vn 0.7727 0.5507 -0.3156
vn 0.7916 -0.2432 0.5605
vn 0.7759 0.3023 -0.5537
vn 0.7963 -0.4360 0.4193
vn -0.4276 0.7780 -0.4603
vn -0.4157 -0.8090 0.4156
vn 0.8090 0.4157 -0.4156
vn 1.0000 -0.0000 -0.0000
vn 0.7759 -0.1499 -0.6127
vn 0.7916 -0.2331 0.5648
vn 0.7727 0.3549 0.5262
vn 0.8058 -0.5836 -0.1004
vn 0.7882 0.4542 0.4154
vn 0.8058 -0.5894 0.0572
vn 0.7837 0.6212 0.0001
vn 0.8034 -0.5828 0.1225
vn 0.7933 -0.3876 -0.4695
vn 0.8020 -0.2129 0.5581
vn 0.7883 0.6106 0.0763
vn 0.7946 0.0454 0.6054
vn 0.8295 0.2242 -0.5115
vn 0.7974 -0.5213 -0.3040
vn 0.8124 0.4894 0.3170
vn 0.8222 0.5645 0.0738
vn 0.8066 -0.5597 0.1901
vn 0.8334 0.5503 0.0516
vn -0.7978 0.5339 -0.2800
vn -0.8219 -0.3779 -0.4261
vn -0.8027 -0.5019 -0.3223
vn -0.3939 0.0460 0.9180
vn 0.4075 0.4216 0.8101
vn 0.3803 -0.6775 0.6296
vn -0.0773 0.6111 0.7877
vn 0.4209 0.6361 0.6467
vn -0.8142 0.4651 0.3474
vn -0.7994 0.5810 0.1532
vn -0.8219 -0.1142 -0.5580
vn -0.0774 0.1353 0.9878
vn 0.4075 -0.0399 0.9123
vn -0.8219 -0.5404 -0.1800
vn -0.8115 -0.5837 -0.0276
vn -0.3329 0.6466 0.6863
vn 0.4074 0.7702 0.4907
vn -0.3938 -0.4191 0.8181
vn 0.2530 -0.9552 0.1537
vn -0.3938 0.6818 0.6166
vn 0.4123 0.8746 0.2549
vn -0.8219 0.1801 -0.5404
vn -0.0772 -0.3765 0.9232
vn 0.4075 -0.4906 0.7702
vn -0.8122 -0.5742 0.1031
vn -0.7915 -0.2477 0.5587
vn -0.0773 0.9892 0.1247
vn 0.4289 0.9027 0.0361
vn -0.3938 -0.7721 0.4988
vn 0.3246 -0.9038 -0.2789
vn -0.8088 -0.5210 0.2729
vn -0.3325 0.9427 0.0280
vn 0.4120 0.8835 -0.2230
vn -0.7994 0.1579 0.5797
vn -0.8219 0.4261 -0.3779
vn -0.0774 -0.7876 0.6113
vn 0.4075 -0.8101 0.4216
vn -0.7801 -0.0111 0.6255
vn -0.8044 -0.5789 0.1337
vn -0.8027 -0.2733 0.5301
vn -0.8219 -0.4260 0.3782
vn -0.3938 0.9180 -0.0459
vn 0.4074 0.8100 -0.4217
vn -0.3939 -0.9180 0.0460
vn 0.2531 -0.6105 -0.7505
vn -0.0102 0.7918 -0.6108
vn 0.3516 0.6091 -0.7109
vn -0.8343 0.5447 -0.0851
vn -0.0773 -0.9878 0.1354
vn 0.4124 -0.9076 -0.0791
vn -0.8219 -0.2295 0.5214
vn -0.7994 0.1773 0.5741
vn 0.4483 0.5132 -0.7319
vn -0.0539 -0.9227 -0.3818
vn 0.4107 -0.1819 -0.8934
vn -0.2812 -0.6500 -0.7060
vn -0.3861 0.8398 -0.3818
vn 0.2270 0.1452 -0.9630
vn -0.8343 0.5144 0.1984
vn 0.4124 -0.7465 -0.5221
vn -0.8219 0.0617 0.5662
vn -0.0332 0.9272 -0.3732
vn 0.4483 0.0787 -0.8904
vn -0.0332 0.1402 -0.9896
vn 0.4210 0.2275 -0.8781
vn -0.2812 -0.2099 -0.9364
vn -0.3862 0.5364 -0.7504
vn 0.2261 0.7559 -0.6144
vn -0.8219 0.3365 0.4595
vn -0.3862 0.0893 -0.9181
vn 0.4482 -0.3771 -0.8105
vn -0.0331 0.6163 -0.7869
vn 0.9586 -0.0423 0.2815
vn 0.7832 -0.4906 0.3821
vn 0.3713 -0.4849 0.7918
vn 0.7831 -0.2338 0.5763
vn 0.3344 0.1413 0.9318
vn 0.6501 -0.5323 0.5422
vn 0.9586 -0.1774 0.2225
vn 0.9254 -0.0140 0.3786
vn 0.7831 -0.6159 0.0856
vn 0.3712 -0.8157 0.4437
vn 0.4658 -0.0140 0.8848
vn 0.5879 -0.1403 0.7967
vn 0.9586 0.1691 0.2289
vn 0.9587 -0.2648 0.1040
vn 0.7832 0.2419 0.5727
vn 0.6892 0.6868 -0.2309
vn 0.7054 0.7087 -0.0064
vn 0.7833 -0.5760 -0.2338
vn 0.3624 -0.9284 0.0815
vn 0.4148 -0.5112 0.7527
vn 0.9253 0.2580 0.2780
vn 0.9587 -0.2811 -0.0423
vn 0.5880 0.4635 0.6629
vn 0.9587 0.2814 0.0422
vn 0.7832 -0.3819 -0.4906
vn 0.3711 -0.7924 -0.4841
vn 0.4658 -0.7730 0.4307
vn 0.7462 0.6259 0.2267
vn 0.3344 0.9318 -0.1414
vn 0.6501 0.5422 0.5323
vn 0.8954 -0.4424 0.0508
vn 0.9545 0.2071 -0.2145
vn 0.7714 -0.0987 -0.6287
vn 0.3713 -0.4432 -0.8159
vn 0.4657 -0.8848 -0.0134
vn 0.7580 0.1020 -0.6443
vn 0.3345 0.7367 -0.5877
vn 0.6502 0.7357 0.1898
vn 0.8953 -0.4086 -0.1773
vn 0.9545 0.0720 -0.2893
vn 0.7580 -0.5071 -0.4103
vn 0.3712 0.0233 -0.9283
vn 0.4656 -0.7594 -0.4544
vn 0.7579 -0.2340 -0.6090
vn 0.3344 0.3437 -0.8775
vn 0.6502 0.7321 -0.2033
vn 0.9545 -0.0823 -0.2866
vn 0.4657 -0.4306 -0.7731
vn -0.4448 -0.1422 0.8843
vn 0.0684 0.5317 0.8442
vn 0.4763 0.0237 0.8789
vn -0.0072 0.1327 0.9911
vn 0.5290 0.3140 0.7884
vn -0.0016 -0.3743 0.9273
vn 0.3400 -0.7811 0.5238
vn -0.0052 0.3883 0.9215
vn 0.1611 0.8656 0.4741
vn -0.0059 -0.6048 0.7964
vn 0.4764 -0.4187 0.7731
vn 0.0045 0.7788 0.6273
vn -0.0000 0.2394 0.9709
vn -0.0055 -0.7904 0.6126
vn 0.4000 -0.9119 0.0912
vn -0.0000 0.4513 0.8924
vn 0.0253 -0.9653 0.2600
vn 0.5044 -0.7805 0.3694
vn -0.4532 -0.7010 0.5507
vn -0.0057 0.9255 0.3787
vn 0.1610 0.9474 -0.2767
vn -0.4533 0.8273 0.3318
vn 0.3400 -0.8441 -0.4145
vn -0.0017 0.9927 0.1209
vn 0.0684 0.8442 -0.5317
vn -0.0017 -0.9927 -0.1209
vn 0.4767 -0.8788 0.0235
vn -0.2039 0.9790 0.0088
vn 0.5290 0.7883 -0.3143
vn -0.4447 -0.8174 -0.3662
vn 0.3399 -0.5239 -0.7810
vn -0.4451 0.8365 -0.3197
vn 0.0681 0.4654 -0.8825
vn -0.2040 -0.6862 -0.6982
vn 0.4762 -0.7733 -0.4186
vn -0.0016 0.7879 -0.6159
vn 0.5289 0.5256 -0.6663
vn -0.2037 -0.4816 -0.8524
vn 0.3402 -0.0637 -0.9382
vn -0.4449 0.5651 -0.6948
vn 0.0683 -0.0383 -0.9969
vn -0.0017 -0.3921 -0.9199
vn 0.4765 -0.4600 -0.7492
vn -0.0065 0.3798 -0.9251
vn 0.5290 0.1223 -0.8398
vn -0.0081 -0.1310 -0.9914
vn 0.3399 0.4144 -0.8442
vn -0.0053 0.1248 -0.9922
vn -0.9245 -0.1135 0.3638
vn -0.8929 0.2702 0.3602
vn -0.9178 -0.0000 0.3970
vn -0.9037 0.3457 0.2528
vn -0.9310 -0.1333 0.3398
vn -0.9310 0.2940 0.2165
vn -0.8928 -0.1765 0.4145
vn -0.8932 0.4451 0.0645
vn -0.9310 -0.2851 0.2280
vn -0.9310 0.3628 0.0403
vn -0.9430 -0.3322 -0.0166
vn -0.7323 -0.3951 0.5547
vn -0.9247 0.3807 -0.0000
vn -0.9296 -0.2777 -0.2422
vn -0.7323 -0.6195 0.2829
vn -0.9296 0.3677 -0.0249
vn -0.8890 -0.1676 -0.4261
vn -0.9432 0.2348 -0.2349
vn -0.3972 0.3047 -0.8657
vn -0.9431 -0.1517 -0.2960
vn -0.9176 0.0511 -0.3943
vn -0.4008 -0.1534 -0.9032
vn -0.8929 -0.2702 -0.3602
vn -0.9310 -0.0547 -0.3609
vn -0.9996 -0.0141 0.0244
vn -0.9996 -0.0000 0.0282
vn -0.7739 -0.1475 0.6159
vn -0.9764 -0.2024 -0.0759
vn -0.9966 -0.0474 0.0673
vn -0.7941 -0.0263 0.6072
vn -0.9797 0.1800 -0.0884
vn -0.7920 -0.0000 0.6106
vn -0.8197 0.4552 0.3477
vn -0.7631 -0.3733 0.5276
vn -0.7941 -0.5392 0.2803
vn -0.9996 -0.0245 0.0141
vn -0.9797 0.1665 0.1117
vn -0.9699 -0.2339 -0.0675
vn -0.7771 0.1371 0.6143
vn -0.9998 0.0177 0.0122
vn -0.9512 0.3011 -0.0674
vn -0.7631 0.4127 0.4974
vn -0.7942 0.4116 0.4471
vn -0.9996 0.0273 0.0073
vn -0.9797 0.0648 -0.1897
vn -0.9981 0.0450 -0.0422
vn -0.7631 -0.5873 0.2698
vn -0.8190 -0.4565 -0.3478
vn -0.9996 -0.0283 -0.0000
vn -0.9797 0.0883 0.1800
vn -0.9699 -0.1688 -0.1754
vn -0.7631 0.6060 0.2246
vn -0.7739 0.6333 -0.0000
vn -0.9996 0.0273 -0.0073
vn -0.9797 -0.0388 -0.1968
vn -0.9981 0.0179 -0.0592
vn -0.7410 -0.6712 0.0182
vn -0.8190 -0.2214 -0.5294
vn -0.9996 -0.0244 -0.0141
vn -0.9764 0.0758 -0.2024
vn -0.9441 -0.0975 0.3150
vn -0.7631 0.5997 -0.2410
vn -0.7631 -0.5944 -0.2538
vn -0.8190 0.2196 0.5302
vn -0.9996 0.0228 -0.0191
vn -0.9981 -0.0141 -0.0601
vn -0.8419 0.0144 -0.5395
vn -0.7941 -0.5467 -0.2655
vn -0.7410 0.4749 -0.4747
vn -0.9996 -0.0141 -0.0244
vn -0.9797 -0.1117 0.1665
vn -0.9699 0.0674 -0.2339
vn -0.7410 -0.3514 -0.5722
vn -0.8276 0.4453 0.3418
vn -0.7941 0.0263 -0.6072
vn -0.7849 0.2153 -0.5811
vn -0.9986 0.0393 -0.0364
vn -0.7631 0.0598 -0.6436
vn -0.9699 0.1754 -0.1689
vn -0.9920 -0.0860 0.0928
vn 0.4007 -0.0028 0.9162
vn -0.0000 0.4394 0.8983
vn -0.0000 -0.4711 0.8821
vn 0.4230 0.0189 0.9060
vn -0.0448 -0.8341 0.5499
vn 0.3746 -0.2225 0.9001
vn -0.3315 -0.5693 0.7524
vn -0.3783 -0.0408 0.9248
vn 0.3284 0.1688 0.9293
vn -0.3782 -0.8214 0.4270
vn 0.4229 -0.7751 0.4694
vn -0.3836 0.2383 0.8922
vn 0.4494 0.5820 0.6777
vn -0.0449 -0.9972 0.0591
vn 0.3746 -0.6427 0.6682
vn -0.0448 0.3153 0.9479
vn 0.4230 0.6541 0.6271
vn -0.3781 -0.9248 -0.0409
vn 0.4230 -0.9059 0.0190
vn -0.3781 0.6250 0.6829
vn 0.4494 0.8428 0.2961
vn -0.0228 -0.8983 0.4388
vn 0.3218 -0.8821 -0.3440
vn -0.0447 0.7470 0.6633
vn 0.4230 0.8800 0.2161
vn 0.4006 -0.9162 -0.0028
vn -0.3782 0.8827 0.2789
vn 0.4494 0.8779 -0.1651
vn -0.0447 -0.5499 -0.8340
vn 0.3746 -0.9001 -0.2224
vn -0.3315 -0.7524 -0.5692
vn -0.0447 0.9786 0.2009
vn 0.0189 0.9994 -0.0291
vn -0.3782 -0.4270 -0.8214
vn 0.4230 -0.4695 -0.7750
vn -0.3781 0.9039 -0.1999
vn 0.2818 0.8820 -0.3778
vn -0.9347 -0.1425 -0.3257
vn -0.0448 -0.0593 -0.9972
vn 0.3746 -0.6683 -0.6427
vn -0.0446 0.9479 -0.3153
vn 0.0867 0.0065 -0.9962
vn -0.8782 0.4717 0.0790
vn -0.3782 0.0409 -0.9248
vn 0.4601 -0.1136 -0.8806
vn -0.3782 0.6829 -0.6250
vn 0.3415 0.5647 -0.7513
vn -0.9532 -0.2996 -0.0417
vn -0.0446 0.4473 -0.8933
vn 0.0678 -0.4494 -0.8907
vn -0.8514 0.4324 -0.2970
vn -0.3837 0.4624 -0.7994
vn 0.9994 -0.0001 0.0336
vn 0.8227 -0.4322 0.3692
vn 0.9448 0.3009 0.1294
vn 0.9668 0.2498 -0.0545
vn 0.8385 0.2092 0.5031
vn 0.8928 -0.2252 0.3901
vn 0.8895 0.1742 0.4225
vn 0.9731 0.2246 -0.0517
vn 0.9668 0.1721 0.1891
vn 0.9998 0.0151 0.0121
vn 0.8384 0.5402 -0.0718
vn 0.8385 -0.0702 0.5403
vn 0.9997 -0.0200 0.0115
vn 0.9668 0.1382 -0.2151
vn 0.9668 0.0544 0.2498
vn 0.8928 0.4351 0.1166
vn 0.8385 0.4319 -0.3323
vn 0.8323 -0.3508 -0.4292
vn 0.8928 -0.4505 -0.0000
vn 0.9668 0.0120 -0.2554
vn 0.9448 -0.1295 0.3009
vn 0.9994 0.0325 -0.0086
vn 0.8385 0.2078 -0.5037
vn 0.8385 -0.5030 0.2093
vn 0.8888 -0.3969 -0.2291
vn 0.9668 -0.1172 -0.2273
vn 0.9668 -0.1891 0.1721
vn 0.8928 0.3185 -0.3186
vn 0.8384 -0.0718 -0.5402
vn 0.8385 -0.5403 -0.0703
vn 0.9994 -0.0167 -0.0291
vn 0.9668 -0.2152 -0.1381
vn 0.9668 -0.2498 0.0545
vn 0.9995 0.0285 -0.0119
vn 0.9731 -0.1954 -0.1222
vn 0.8384 -0.4328 -0.3312
vn 0.8870 -0.0107 -0.4616
vn -0.8108 0.4707 -0.3479
vn -0.8207 -0.3511 -0.4507
vn -0.7929 -0.3195 0.5189
vn 0.5575 0.4865 0.6727
vn 0.4070 -0.6373 0.6543
vn -0.6280 -0.1585 0.7619
vn -0.7854 -0.3069 0.5375
vn -0.7675 -0.6346 0.0906
vn -0.7741 0.0322 0.6323
vn -0.7710 0.5304 -0.3524
vn 0.4586 -0.5372 0.7079
vn -0.8270 -0.5504 -0.1149
vn 0.4952 0.8319 0.2504
vn -0.0019 0.8933 0.4495
vn -0.2011 0.9787 0.0402
vn 0.5876 0.6753 0.4457
vn 0.1071 -0.2598 -0.9597
vn 0.0240 0.8904 -0.4545
vn 0.6163 0.3872 -0.6857
vn -0.4619 0.4868 0.7414
vn -0.3935 -0.0273 -0.9189
vn -0.0268 0.9687 -0.2467
vn 0.4575 0.8088 -0.3695
vn -0.0056 0.1061 -0.9943
vn 0.4320 0.2319 -0.8715
vn -0.7878 -0.2019 0.5819
vn 0.5249 0.4108 -0.7454
vn -0.7917 -0.1774 0.5845
vn -0.3545 0.2990 -0.8860
vn 0.4784 0.4477 -0.7555
vn -0.8156 -0.2022 -0.5421
vn -0.8198 0.4733 -0.3225
vn 0.4785 0.1990 0.8552
vn -0.5711 -0.2188 0.7912
vn -0.7765 -0.3595 0.5175
vn -0.7876 0.1600 0.5950
vn -0.8007 0.0165 -0.5989
vn -0.8151 0.2096 -0.5401
vn 0.4820 -0.1326 0.8661
vn -0.0855 -0.0888 0.9924
vn -0.4263 -0.6685 0.6094
vn 0.3890 -0.4823 0.7849
vn -0.7872 -0.1830 0.5889
vn 0.4399 0.5243 -0.7292
vn -0.4662 0.4370 -0.7692
vn 0.5051 -0.7763 0.3770
vn -0.1380 -0.5072 0.8507
vn -0.2375 -0.7928 0.5613
vn 0.5951 -0.7876 0.1598
vn -0.4172 -0.8236 -0.3843
vn -0.7870 0.6166 0.0213
vn -0.7902 0.1038 0.6040
vn -0.4252 0.9011 -0.0851
vn 0.2599 0.4646 -0.8465
vn 0.1596 0.5928 -0.7894
vn 0.4416 0.2225 -0.8692
vn -0.5616 0.2349 -0.7934
vn 0.4213 -0.8044 -0.4188
vn -0.5479 -0.0999 -0.8305
vn -0.7883 0.4722 -0.3944
vn -0.0468 -0.2269 -0.9728
vn 0.3570 -0.9260 0.1230
vn -0.7837 0.2707 -0.5590
vn -0.1035 -0.7477 0.6560
vn 0.3733 -0.7565 0.5370
vn -0.3829 -0.9126 0.1433
vn -0.7997 0.2764 -0.5330
vn 0.4329 -0.6094 0.6643
vn -0.7936 -0.4999 -0.3469
vn -0.3107 0.9261 0.2141
vn 0.3871 0.9054 0.1742
vn -0.2530 0.9300 -0.2666
vn -0.8031 0.5101 0.3079
vn 0.4148 -0.8792 -0.2345
vn -0.3382 -0.6464 0.6839
vn -0.4354 -0.8881 -0.1476
vn -0.8033 -0.2545 0.5385
vn -0.3334 0.7069 -0.6238
vn 0.3038 0.7458 -0.5929
vn -0.8062 0.3406 -0.4837
vn 0.4191 -0.7117 0.5638
vn -0.7988 0.4583 0.3897
vn -0.7946 -0.2381 0.5585
vn -0.3683 0.8465 0.3844
vn 0.3068 0.7158 -0.6274
vn 0.4213 -0.8217 -0.3838
vn -0.5713 -0.7529 0.3267
vn 0.0235 -0.9997 -0.0000
vn 0.5908 -0.8068 -0.0000
vn -0.8104 0.5858 -0.0000
vn -0.5535 -0.8016 -0.2259
vn 0.1467 0.9892 -0.0000
vn 0.3846 0.8186 0.4266
vn -0.7958 -0.3677 -0.4812
vn 0.4736 -0.7529 -0.4570
vn -0.7988 0.4403 0.4099
vn 0.3040 0.8477 -0.4348
vn -0.7946 -0.3650 0.4851
vn -0.8033 -0.3866 0.4531
vn 0.3079 0.8735 -0.3771
vn -0.5934 0.8040 -0.0383
vn -0.8062 0.5028 -0.3118
vn 0.4408 -0.8590 0.2606
vn -0.3602 -0.7013 -0.6152
vn -0.5913 -0.7602 -0.2691
vn -0.8031 0.3139 0.5065
vn 0.4247 -0.6729 -0.6056
vn -0.3599 -0.8959 0.2605
vn -0.7936 -0.5678 -0.2189
vn -0.2343 0.8620 -0.4496
vn 0.5712 0.7748 0.2710
vn -0.7997 0.5518 -0.2367
vn 0.4462 -0.8838 0.1409
vn -0.7902 -0.5241 0.3175
vn -0.5224 0.8505 0.0618
vn 0.4840 0.8545 -0.1885
vn -0.7837 0.3852 -0.4873
vn 0.3550 -0.8761 0.3261
vn -0.3182 -0.8674 0.3825
vn -0.4260 -0.5884 -0.6872
vn -0.7883 0.1105 -0.6053
vn -0.7870 -0.3232 -0.5256
vn -0.7872 -0.1623 -0.5949
vn -0.5288 0.7272 0.4377
vn 0.4263 0.5179 0.7417
vn -0.2530 0.9300 0.2666
vn 0.3787 -0.6037 0.7016
vn -0.1794 -0.2433 0.9532
vn 0.3002 -0.1142 0.9470
vn -0.3717 -0.6351 0.6772
vn -0.7765 0.5891 -0.2236
vn 0.3613 -0.6010 0.7129
vn -0.5625 -0.2039 0.8013
vn -0.7710 -0.5641 0.2955
vn -0.7876 0.5955 -0.1582
vn 0.5951 0.1573 0.7881
vn -0.2980 0.5292 0.7944
vn -0.7917 0.0083 -0.6108
vn -0.8197 0.4557 -0.3470
vn -0.5317 -0.7928 -0.2977
vn 0.1596 -0.7875 -0.5952
vn 0.4044 -0.8461 0.3473
vn -0.1227 0.3212 0.9390
vn 0.3508 0.3753 0.8579
vn -0.8151 0.5790 0.0188
vn -0.8156 0.4179 0.4002
vn 0.5359 -0.8407 -0.0775
vn -0.0199 -0.5018 -0.8648
vn -0.4166 -0.7697 -0.4837
vn -0.8007 0.5761 0.1645
vn 0.4778 -0.8044 -0.3531
vn -0.0959 -0.9639 -0.2485
vn -0.7878 -0.2019 -0.5819
vn -0.0693 0.9965 0.0459
vn 0.5248 0.4107 0.7456
vn 0.4941 -0.5561 -0.6683
vn 0.2297 0.3300 -0.9156
vn -0.5173 0.0506 -0.8543
vn -0.4268 0.2973 -0.8541
vn -0.7741 -0.6179 0.1380
vn -0.8108 -0.2946 0.5058
vn 0.4138 0.3144 -0.8544
vn -0.3764 0.4129 -0.8294
vn -0.0056 0.1061 0.9943
vn 0.3456 0.9176 0.1965
vn -0.7675 -0.6346 -0.0906
vn 0.4575 0.8088 0.3695
vn -0.7854 -0.3069 -0.5376
vn -0.4015 0.8519 0.3363
vn 0.6163 0.3872 0.6857
vn -0.7929 -0.3195 -0.5189
vn 0.1071 -0.2598 0.9597
vn -0.1100 0.8767 0.4684
vn -0.8207 -0.3511 0.4507
vn -0.8270 -0.1181 0.5497
vn -0.0685 0.2213 -0.9728
vn 0.4243 0.3278 -0.8441
vn 0.5876 0.6753 -0.4457
vn -0.3935 -0.0273 0.9189
vn -0.4619 0.4868 -0.7414
vn -0.1257 -0.2146 -0.9686
vn 0.5575 0.4865 -0.6727
vn 0.8167 -0.5668 0.1082
vn 0.8179 0.1143 -0.5639
vn 0.7852 -0.5930 0.1782
vn 0.8228 -0.4805 -0.3036
vn 0.7669 -0.5003 -0.4018
vn 0.7717 0.4729 0.4252
vn 0.7831 0.1821 -0.5947
vn 0.8186 -0.5320 0.2165
vn 0.7885 0.0595 0.6122
vn 0.7912 -0.1525 0.5923
vn 0.7942 0.5063 -0.3361
vn 0.8079 0.4464 0.3848
vn 0.7973 0.0033 0.6036
vn 0.7929 0.5620 0.2358
vn 0.8375 -0.2590 -0.4812
vn 0.8150 0.0391 -0.5781
vn 0.8136 -0.5774 -0.0679
vn 0.8027 -0.4809 0.3528
vn 0.8565 -0.5141 0.0470
vn 0.7879 0.5021 -0.3565
vn 0.7746 -0.1028 -0.6240
vn 0.7905 0.5564 0.2561
vn 0.8050 -0.4260 -0.4130
vn 0.8081 0.2109 -0.5500
vn 0.7940 -0.2383 0.5593
vn 0.8051 0.5235 -0.2790
vn 0.7942 -0.4309 -0.4285
vn 0.7919 0.5661 0.2291
vn -0.4137 -0.8072 -0.4210
vn 0.8106 0.4156 0.4126
vn -0.0000 0.8198 -0.5727
vn 0.7968 0.0852 0.5981
vn 0.7919 0.5616 0.2399
vn 0.7942 -0.6050 0.0573
vn 0.8051 0.2766 0.5248
vn 0.7940 -0.2825 0.5384
vn 0.8081 0.4709 -0.3537
vn 0.8050 -0.5913 0.0487
vn 0.7905 0.2621 0.5536
vn 0.8565 -0.5141 -0.0470
vn 0.7746 0.3258 -0.5421
vn 0.7879 0.1626 -0.5939
vn 0.8027 -0.3620 -0.4740
vn 0.8136 -0.4699 -0.3423
vn 0.7973 0.1420 -0.5866
vn 0.7929 0.2984 -0.5313
vn 0.7831 -0.1652 0.5996
vn 0.7912 0.2637 -0.5518
vn 0.8080 0.3945 0.4376
vn 0.8151 -0.0520 0.5769
vn 0.7942 -0.2850 0.5367
vn 0.8375 0.5178 -0.1747
vn 0.7885 -0.4270 0.4428
vn 0.7717 0.4729 -0.4252
vn 0.8179 -0.3302 0.4712
vn 0.7669 -0.6417 -0.0072
vn 0.8228 -0.5412 0.1736
vn 0.7852 -0.5930 -0.1782
vn 0.8186 0.2181 0.5313
vn 0.8167 0.3816 0.4329
vn -0.8191 -0.4018 0.4094
vn -0.8334 -0.1812 0.5222
vn -0.8095 0.5849 -0.0508
vn -0.8394 -0.4059 -0.3615
vn -0.8066 0.5264 0.2688
vn 0.5732 -0.8167 0.0667
vn 0.4158 -0.9065 -0.0734
vn -0.0313 -0.6195 0.7844
vn -0.8983 0.1066 -0.4262
vn -0.3211 -0.8248 -0.4654
vn 0.3415 -0.8184 0.4622
vn -0.2812 -0.7692 0.5738
vn -0.0746 0.6441 -0.7613
vn 0.2702 0.6626 -0.6985
vn 0.4205 0.7885 -0.4488
vn 0.4888 0.8004 0.3472
vn -0.4968 0.8050 -0.3243
vn -0.0477 0.7776 -0.6270
vn -0.8222 0.0931 0.5616
vn -0.8124 -0.1142 -0.5718
vn 0.3568 -0.3161 0.8791
vn -0.0098 0.3326 -0.9430
vn 0.1642 0.3086 -0.9369
vn -0.8295 0.3529 0.4329
vn -0.7974 -0.4031 -0.4491
vn 0.3445 0.1644 0.9243
vn -0.0710 0.1613 0.9843
vn -0.4200 -0.8559 0.3015
vn 0.0970 -0.1445 -0.9847
vn -0.7946 0.3737 -0.4785
vn 0.5419 -0.4345 0.7194
vn -0.4029 -0.6057 0.6862
vn -0.7883 -0.4609 0.4076
vn -0.8020 0.5391 -0.2573
vn -0.2933 0.2110 0.9324
vn 0.4222 -0.7089 0.5649
vn -0.4780 0.7025 -0.5272
vn 0.5268 0.5240 -0.6693
vn -0.7933 -0.5996 0.1059
vn -0.8034 0.5933 0.0510
vn 0.2625 -0.9067 0.3303
vn 0.4222 0.7847 -0.4539
vn -0.3987 -0.1153 -0.9098
vn -0.7837 0.0729 0.6169
vn -0.8058 0.5665 0.1725
vn 0.2611 -0.9539 0.1479
vn -0.5843 -0.2920 0.7572
vn -0.0000 0.1506 -0.9886
vn 0.3999 0.2413 -0.8842
vn -0.6049 0.4354 -0.6668
vn -0.7882 -0.6102 0.0804
vn -0.8058 0.5179 0.2872
vn -0.5855 -0.4384 0.6819
vn 0.2596 -0.9624 -0.0806
vn 0.5378 0.8070 -0.2440
vn -0.7727 -0.6312 -0.0670
vn 0.5515 0.8331 -0.0414
vn -0.4046 0.4313 -0.8064
vn -0.7916 0.3690 -0.4870
vn 0.4810 -0.6254 0.6144
vn -0.5951 -0.5728 0.5637
vn -0.7759 -0.4966 -0.3890
vn 0.4499 0.8400 0.3034
vn -0.4340 0.5912 -0.6798
vn -0.7963 0.4360 0.4193
vn -0.1063 -0.9942 -0.0158
vn 0.4276 -0.7780 -0.4603
vn -0.5557 -0.8229 -0.1185
vn -0.0000 1.0000 -0.0000
vn 0.4157 0.8090 0.4156
vn -0.8090 -0.4157 -0.4156
vn -0.6048 0.7796 -0.1628
vn -0.7759 -0.4966 0.3890
vn -0.7916 0.5615 -0.2410
vn 0.4810 -0.8474 0.2249
vn 0.4500 0.8399 -0.3032
vn -0.7727 -0.0685 -0.6310
vn -0.1968 0.5388 0.8191
vn 0.3156 0.5607 0.7655
vn -0.4000 0.7328 0.5504
vn -0.8058 0.3119 0.5033
vn 0.5377 -0.5157 -0.6670
vn -0.4086 -0.4280 -0.8061
vn -0.6135 -0.6900 -0.3840
vn -0.7882 -0.0969 -0.6078
vn -0.1903 0.3598 0.9134
vn 0.4242 0.4421 0.7903
vn -0.8058 0.1919 0.5602
vn -0.4411 -0.2721 -0.8552
vn 0.5351 -0.3645 -0.7621
vn -0.7837 -0.5761 0.2323
vn -0.0000 0.9851 0.1718
vn 0.2663 0.9436 0.1968
vn -0.8034 0.0741 0.5909
vn -0.7933 -0.0370 -0.6077
vn 0.5194 0.2119 0.8279
vn 0.5399 -0.1943 -0.8190
vn -0.4646 -0.1161 -0.8779
vn -0.8020 -0.2308 0.5510
vn -0.7883 -0.0865 -0.6092
vn -0.1884 -0.2337 0.9539
vn 0.5744 0.1734 0.8000
vn -0.6049 0.4353 0.6668
vn 0.4222 0.1526 -0.8936
vn -0.2941 -0.7757 -0.5584
vn -0.7946 -0.4690 0.3856
vn -0.8295 -0.5464 -0.1157
vn -0.6082 0.4182 0.6746
vn 0.3025 0.8351 0.4595
vn 0.2879 0.4210 -0.8602
vn -0.7974 0.5775 0.1751
vn -0.8124 0.5601 -0.1623
vn -0.8222 -0.4671 0.3254
vn -0.0097 0.3326 0.9430
vn 0.0980 0.9943 -0.0419
vn 0.3814 -0.6554 -0.6519
vn -0.4306 -0.5788 -0.6925
vn 0.3410 -0.9010 -0.2682
vn -0.0285 0.1646 -0.9860
vn -0.8066 0.2534 0.5340
vn -0.8334 -0.0278 -0.5520
vn 0.1004 0.6478 0.7552
vn -0.0287 -0.9715 0.2353
vn 0.4158 -0.6739 -0.6107
vn -0.4200 -0.3733 -0.8272
vn -0.8094 0.4035 -0.4267
vn -0.8192 -0.5710 -0.0532
vn -0.0461 0.6434 0.7641
vn 0.5835 0.8093 0.0673
vn 0.3800 -0.8480 0.3695
vn -0.8448 -0.3547 0.4005
vn -0.8461 0.5108 0.1523
vn 0.5578 -0.8184 -0.1382
vn -0.4130 -0.8248 0.3862
vn -0.0521 -0.7646 -0.6424
vn 0.4551 0.8004 -0.3903
vn -0.4032 0.8050 0.4352
vn -0.2024 0.8396 -0.5041
vn -0.9005 -0.4335 0.0347
vn 0.5793 0.8137 0.0478
vn -0.9835 -0.1491 0.1026
vn 0.5061 0.8137 -0.2859
vn -0.9858 0.1154 0.1223
vn 0.5294 -0.8308 0.1721
vn -0.8388 0.4615 -0.2888
vn 0.5415 -0.8308 0.1290
vn -0.7385 -0.4434 0.5079
vn 0.5130 0.8250 -0.2370
vn -0.8950 -0.1597 -0.4165
vn 0.5643 0.8250 -0.0292
vn 0.3140 0.2933 0.9030
vn 0.3766 0.1494 -0.9142
vn 0.4891 -0.1928 0.8506
vn 0.4167 -0.3472 -0.8401
vn 0.7453 0.3131 0.5886
vn -0.5378 -0.8084 -0.2393
vn 0.7671 0.2683 -0.5828
vn -0.5521 -0.8084 0.2042
vn 0.5563 -0.5155 0.6518
vn -0.4010 0.8185 -0.4115
vn 0.0692 -0.6053 -0.7930
vn -0.0412 0.8185 0.5731
vn 0.0492 0.1223 0.9913
vn -0.4863 -0.7889 0.3757
vn 0.2801 -0.8087 -0.5172
vn 0.1433 0.3871 -0.9108
vn 0.0470 -0.8087 0.5863
vn -0.4562 -0.7889 -0.4118
vn 0.2750 -0.5289 0.8029
vn -0.1398 0.8090 -0.5710
vn -0.4586 0.8051 -0.3761
vn 0.0592 -0.1048 -0.9927
vn 0.2857 0.8090 0.5137
vn -0.4309 0.8051 0.4075
vn 0.4505 0.1885 0.8726
vn 0.0134 -0.8330 -0.5531
vn 0.4854 -0.4724 0.7357
vn -0.2523 0.7998 -0.5446
vn 0.5303 0.4399 -0.7248
vn -0.2350 -0.8330 0.5009
vn 0.3860 -0.0067 -0.9225
vn 0.1777 0.7998 0.5733
vn 0.7139 -0.5234 0.4652
vn 0.8338 0.3981 -0.3824
vn 0.7076 -0.4948 -0.5045
vn 0.8389 0.3533 0.4141
vn 0.7951 0.2237 -0.5638
vn 0.7952 -0.0297 0.6056
vn 0.8172 -0.0452 0.5746
vn 0.8209 -0.2466 0.5151
vn 0.8233 -0.2557 -0.5068
vn 0.8288 -0.0042 0.5596
vn 0.8387 0.2002 0.5064
vn 0.8020 0.5963 0.0340
vn 0.8289 -0.4842 0.2800
vn 0.8050 -0.5515 -0.2186
vn 0.8038 0.5180 -0.2925
vn 0.7918 0.3066 0.5282
vn 0.8177 -0.3300 -0.4717
vn 0.7789 -0.3428 0.5251
vn 0.8064 0.1815 -0.5629
vn 0.7963 0.4716 0.3787
vn 0.8043 0.2921 -0.5176
vn 0.7882 -0.0665 0.6119
vn 0.8031 0.4055 -0.4366
vn 0.7704 -0.2324 0.5937
vn 0.7926 0.5951 0.1329
vn 0.7717 -0.6176 0.1518
vn 0.7963 0.4087 0.4459
vn -0.3955 -0.7780 -0.4881
vn -0.3727 0.8090 -0.4546
vn 0.8090 -0.3727 0.4546
vn 0.7926 0.5240 0.3117
vn 0.7717 -0.3226 -0.5481
vn 0.7704 0.0804 -0.6325
vn 0.8031 0.1445 0.5780
vn 0.7882 0.2098 -0.5786
vn 0.8043 0.0490 0.5923
vn 0.7963 -0.3887 0.4634
vn 0.8064 -0.0366 0.5903
vn 0.7789 -0.3428 -0.5251
vn 0.8177 0.5590 0.1377
vn 0.7918 0.5084 -0.3384
vn 0.8038 0.4976 0.3260
vn 0.8289 -0.2986 -0.4730
vn 0.8050 -0.5681 0.1709
vn 0.8387 0.2002 -0.5064
vn 0.8020 0.0169 0.5971
vn 0.8233 0.1087 -0.5571
vn 0.8288 0.0209 -0.5592
vn -0.8192 0.5710 0.0532
vn -0.8095 -0.5655 0.1581
vn -0.8334 0.4071 0.3739
vn -0.8448 0.3547 -0.4005
vn -0.0461 -0.6434 -0.7641
vn 0.5835 -0.8093 -0.0672
vn 0.4947 -0.7165 -0.4918
vn 0.4551 -0.8004 0.3903
vn -0.4032 -0.8050 -0.4352
vn -0.2024 -0.8396 0.5041
vn -0.8066 -0.1848 0.5615
vn 0.5425 0.8305 -0.1263
vn -0.0072 0.6195 0.7850
vn 0.0865 0.9653 -0.2462
vn -0.8461 -0.5108 -0.1523
vn 0.5578 0.8184 0.1382
vn -0.4130 0.8248 -0.3862
vn -0.0519 0.7648 0.6422
vn -0.8222 0.1234 0.5557
vn -0.8124 -0.3069 -0.4958
vn 0.5361 0.5223 0.6632
vn 0.4008 -0.3820 -0.8327
vn -0.0372 -0.9993 -0.0055
vn -0.8295 -0.1759 0.5301
vn -0.7974 0.0491 -0.6015
vn -0.0285 -0.1646 0.9859
vn 0.5311 0.0762 0.8439
vn -0.5513 0.6146 0.5642
vn 0.3374 0.0593 -0.9395
vn -0.7946 -0.4545 -0.4025
vn 0.4724 0.5304 0.7039
vn -0.4307 0.5786 0.6926
vn -0.7883 0.4808 0.3839
vn -0.8020 0.4840 -0.3501
vn 0.0019 0.8477 0.5304
vn 0.0899 -0.2999 0.9497
vn -0.6082 -0.4182 -0.6746
vn 0.5142 -0.5468 -0.6607
vn -0.7933 0.6045 0.0728
vn -0.8034 -0.5643 0.1902
vn 0.1115 0.9465 0.3029
vn 0.4004 -0.8025 -0.4423
vn -0.1882 0.2338 -0.9539
vn -0.7837 -0.0135 0.6211
vn -0.8058 -0.4988 0.3192
vn 0.0911 0.9897 0.1106
vn -0.4646 0.1161 0.8779
vn 0.4385 -0.2684 -0.8577
vn -0.2149 -0.9559 -0.2004
vn -0.4428 -0.0903 -0.8921
vn -0.7882 0.6145 0.0347
vn -0.8058 -0.4183 0.4191
vn -0.4412 0.2722 0.8551
vn 0.0786 0.9890 -0.1252
vn 0.5194 -0.8275 -0.2133
vn -0.7727 0.6245 -0.1134
vn 0.5327 -0.8463 -0.0065
vn -0.1901 -0.3598 -0.9135
vn -0.7916 -0.3978 -0.4638
vn 0.5089 0.6339 0.5825
vn -0.4088 0.4281 0.8060
vn -0.7759 0.4516 -0.4405
vn 0.4074 -0.8451 0.3462
vn -0.1968 -0.5388 -0.8191
vn -0.6135 0.6900 0.3840
vn 0.4157 -0.8090 -0.4156
vn -0.8090 0.4157 0.4156
vn -0.4001 -0.7328 -0.5503
vn 0.2486 -0.7261 0.6411
vn -0.7759 0.1360 -0.6160
vn -0.7916 -0.5716 -0.2158
vn 0.5016 0.8412 0.2017
vn -0.7727 -0.0224 -0.6343
vn 0.2438 -0.5475 0.8005
vn -0.4340 -0.5912 0.6797
vn -0.6048 -0.7796 0.1628
vn -0.8058 -0.2931 0.5145
vn -0.5950 0.5728 -0.5638
vn 0.5249 0.5047 -0.6854
vn -0.5557 0.8229 0.1184
vn -0.7882 -0.1529 -0.5962
vn 0.2401 -0.3707 0.8972
vn -0.4046 -0.4313 0.8064
vn -0.8058 -0.1622 0.5695
vn -0.5855 0.4384 -0.6819
vn 0.5178 0.3442 -0.7832
vn -0.7837 0.6212 0.0002
vn 0.4385 -0.8518 0.2867
vn -0.2424 -0.1883 0.9517
vn -0.8034 -0.0325 0.5946
vn -0.7933 -0.1765 -0.5827
vn 0.4004 -0.0821 0.9126
vn -0.5843 0.2920 -0.7572
vn 0.5155 0.1616 -0.8415
vn -0.8020 0.2532 0.5411
vn -0.7883 -0.4797 -0.3854
vn 0.2333 0.2211 0.9470
vn -0.3987 0.1153 0.9098
vn -0.4428 -0.7804 0.4415
vn 0.0019 -0.2831 -0.9591
vn 0.4012 -0.1698 -0.9001
vn -0.7946 0.4848 0.3654
vn -0.8295 0.5065 -0.2354
vn -0.4780 -0.7025 0.5272
vn 0.4302 -0.7469 0.5071
vn 0.2631 -0.4329 -0.8622
vn -0.7974 0.0491 0.6015
vn -0.8124 -0.5618 0.1561
vn -0.8222 0.5645 0.0738
vn -0.0662 -0.3348 0.9399
vn 0.4008 -0.9131 0.0747
vn -0.4030 0.6055 -0.6863
vn 0.5311 0.0762 -0.8438
vn 0.5001 0.7600 -0.4150
vn -0.0710 -0.1614 -0.9843
vn -0.8066 0.0355 0.5901
vn -0.8334 0.3961 0.3855
vn 0.2446 -0.9223 -0.2992
vn -0.0071 0.6195 -0.7850
vn 0.2172 0.6276 -0.7476
vn -0.5513 0.6145 -0.5643
vn -0.8095 -0.5655 -0.1581
vn -0.8191 0.4018 -0.4094
vn -0.0746 -0.6441 0.7613
vn 0.4204 -0.7885 0.4490
vn 0.5425 0.8305 0.1264
vn -0.8394 0.4059 0.3615
vn 0.4888 -0.8004 -0.3472
vn -0.4968 -0.8050 0.3243
vn -0.0477 -0.7776 0.6270
vn -0.8983 -0.1065 0.4262
vn -0.3211 0.8248 0.4654
vn 0.3415 0.8184 -0.4622
vn -0.2811 0.7693 -0.5737
vn -0.9835 0.1490 -0.1026
vn 0.5060 -0.8137 0.2860
vn -0.9005 0.4334 -0.0347
vn 0.5793 -0.8137 -0.0478
vn -0.8388 -0.4615 0.2888
vn 0.5415 0.8308 -0.1290
vn -0.9858 -0.1154 -0.1223
vn 0.5294 0.8308 -0.1721
vn -0.8950 0.1596 0.4165
vn 0.5643 -0.8250 0.0293
vn -0.7385 0.4433 -0.5079
vn 0.5130 -0.8250 0.2370
vn 0.3766 -0.1494 0.9142
vn 0.3139 -0.2934 -0.9030
vn 0.4167 0.3472 0.8401
vn 0.4891 0.1928 -0.8506
vn 0.7671 -0.2684 0.5828
vn -0.5521 0.8084 -0.2042
vn 0.7453 -0.3131 -0.5886
vn -0.5378 0.8084 0.2393
vn 0.0692 0.6053 0.7930
vn -0.0412 -0.8185 -0.5731
vn 0.5563 0.5155 -0.6518
vn -0.4010 -0.8185 0.4115
vn 0.1433 -0.3872 0.9108
vn 0.0470 0.8087 -0.5863
vn -0.4562 0.7889 0.4118
vn 0.0492 -0.1222 -0.9913
vn -0.4863 0.7889 -0.3757
vn 0.2802 0.8087 0.5172
vn 0.0592 0.1048 0.9927
vn 0.2857 -0.8090 -0.5137
vn -0.4309 -0.8051 -0.4075
vn 0.2750 0.5289 -0.8029
vn -0.1398 -0.8090 0.5710
vn -0.4586 -0.8051 0.3761
vn 0.5303 -0.4399 0.7248
vn 0.3860 0.0067 0.9225
vn 0.1777 -0.7998 -0.5733
vn -0.2350 0.8330 -0.5009
vn 0.4505 -0.1885 -0.8727
vn 0.4854 0.4724 -0.7357
vn -0.2523 -0.7998 0.5446
vn 0.0134 0.8330 0.5531
vn 0.7076 0.4948 0.5045
vn 0.8389 -0.3534 -0.4141
vn 0.7139 0.5234 -0.4652
vn 0.8338 -0.3981 0.3824
vn 0.7952 0.0295 -0.6056
vn 0.7951 -0.2238 0.5637
vn 0.8209 0.2466 -0.5151
vn 0.8172 0.0452 -0.5746
vn 0.8233 0.2810 -0.4932
vn 0.8288 -0.0209 0.5592
vn 0.8387 0.4273 -0.3376
vn 0.8020 -0.4400 -0.4040
vn 0.8289 0.2986 0.4730
vn 0.8050 0.5681 -0.1708
vn 0.8038 -0.4974 -0.3262
vn 0.7918 -0.5084 0.3385
vn 0.8177 -0.5610 0.1293
vn 0.7789 -0.1356 0.6123
vn 0.8064 0.0366 -0.5903
vn 0.7963 0.5386 -0.2752
vn 0.8043 -0.0490 -0.5923
vn 0.7882 -0.2098 0.5786
vn 0.8031 -0.1445 -0.5780
vn 0.7704 -0.0803 0.6325
vn 0.7926 -0.5240 -0.3117
vn 0.7717 0.3226 0.5481
vn 0.7717 0.6176 -0.1518
vn 0.7926 -0.5951 -0.1329
vn 0.7704 0.2325 -0.5937
vn 0.8031 -0.4055 0.4366
vn 0.7882 0.0665 -0.6119
vn 0.8043 -0.2921 0.5176
vn 0.7963 -0.2573 -0.5474
vn 0.8064 -0.1816 0.5629
vn 0.7789 0.6151 -0.1222
vn 0.8177 0.5070 0.2728
vn 0.7918 -0.3066 -0.5282
vn 0.8038 -0.5179 0.2926
vn 0.8289 0.4842 -0.2800
vn 0.8050 0.5515 0.2185
vn 0.8387 -0.1569 -0.5214
vn 0.8020 -0.4400 0.4039
vn 0.8233 0.2810 0.4932
vn 0.8288 0.0042 -0.5596
vn -0.8167 -0.5097 -0.2706
vn -0.7852 -0.3819 0.4874
vn -0.8179 0.4082 -0.4056
vn -0.1139 0.8251 0.5533
vn 0.4406 0.7217 0.5339
vn 0.4167 -0.5696 0.7084
vn -0.8228 -0.2454 0.5127
vn -0.7669 -0.6242 0.1488
vn -0.7717 -0.6359 -0.0046
vn -0.7831 0.5485 -0.2932
vn -0.4648 -0.5293 0.7098
vn 0.4199 -0.5650 0.7102
vn -0.4071 -0.6373 0.6543
vn -0.8185 -0.5744 0.0035
vn -0.0538 0.9973 0.0506
vn 0.4327 0.8895 0.1471
vn -0.4286 0.5369 0.7267
vn 0.6355 0.6435 0.4266
vn -0.4474 -0.1206 -0.8862
vn 0.5220 0.3800 -0.7636
vn 0.0666 -0.1935 -0.9788
vn 0.4928 0.7756 -0.3945
vn -0.4060 -0.0340 -0.9132
vn 0.4462 0.8583 -0.2533
vn -0.3890 0.0863 -0.9172
vn -0.7885 -0.2327 0.5694
vn -0.0689 0.2171 -0.9737
vn 0.5391 0.4356 -0.7208
vn -0.6210 0.5474 -0.5610
vn -0.7912 -0.4653 0.3969
vn -0.1143 0.9932 0.0211
vn 0.6017 0.6219 -0.5012
vn -0.8079 0.3662 0.4618
vn -0.7942 0.5063 -0.3362
vn -0.3462 0.3139 0.8841
vn 0.4264 -0.6685 0.6094
vn -0.7973 -0.5004 0.3374
vn -0.7929 0.5333 0.2949
vn -0.8150 0.3978 -0.4212
vn -0.8375 0.0464 -0.5445
vn 0.4271 -0.2314 0.8741
vn -0.0092 -0.9783 -0.2070
vn 0.5374 -0.6176 0.5743
vn -0.4820 -0.1326 0.8661
vn -0.8136 -0.4755 -0.3346
vn -0.0694 0.9857 0.1533
vn 0.2175 0.9730 0.0778
vn 0.3241 -0.8282 -0.4572
vn -0.1087 -0.7460 0.6571
vn 0.2964 -0.7928 0.5326
vn -0.8027 0.5377 -0.2581
vn -0.8565 -0.2726 -0.4383
vn -0.7013 0.5413 -0.4639
vn -0.1200 0.9899 0.0756
vn 0.2753 0.2429 -0.9302
vn -0.5188 0.1106 -0.8477
vn 0.5329 0.2938 -0.7936
vn -0.5951 -0.7876 0.1598
vn -0.1596 0.5928 -0.7894
vn -0.1718 -0.9290 -0.3278
vn 0.2829 -0.9310 -0.2305
vn -0.7879 0.5021 -0.3565
vn 0.3829 -0.9126 0.1433
vn -0.0836 -0.9704 0.2267
vn -0.7746 0.2540 -0.5792
vn 0.3604 -0.7608 0.5397
vn -0.7905 0.5564 0.2561
vn -0.8050 -0.5617 0.1912
vn 0.5493 0.7920 -0.2666
vn 0.4353 -0.8881 -0.1477
vn -0.3712 -0.5921 0.7153
vn -0.3733 -0.7565 0.5370
vn -0.8081 0.3232 -0.4924
vn 0.4389 -0.6682 0.6007
vn -0.7940 -0.4564 -0.4017
vn 0.4215 0.8412 0.3387
vn -0.4564 0.6879 -0.5644
vn -0.8051 0.5684 0.1697
vn 0.5341 -0.8351 -0.1318
vn -0.3539 -0.7021 0.6180
vn -0.4147 -0.8792 -0.2346
vn -0.7942 -0.5923 0.1358
vn -0.4545 0.8590 0.2355
vn 0.6063 0.7799 -0.1556
vn -0.7919 0.5661 0.2291
vn 0.5536 -0.8016 -0.2259
vn -0.4987 -0.8146 -0.2962
vn -0.0235 -0.9997 -0.0000
vn 0.5901 -0.8074 -0.0000
vn -0.8106 0.5856 -0.0000
vn -0.1467 0.9892 -0.0000
vn 0.3831 0.8198 0.4257
vn -0.7968 -0.3692 -0.4783
vn -0.6036 0.7962 0.0418
vn 0.2937 -0.7315 -0.6154
vn -0.7919 0.2636 0.5509
vn 0.0586 0.7105 0.7013
vn -0.7942 0.0130 -0.6076
vn -0.8051 0.1761 0.5664
vn -0.7940 -0.5950 -0.1249
vn -0.5423 0.7946 0.2730
vn 0.6243 0.7658 0.1541
vn -0.5382 0.7419 0.3999
vn 0.2639 -0.6909 -0.6730
vn -0.6158 -0.7864 -0.0489
vn -0.8081 0.5156 -0.2848
vn 0.4251 -0.8814 0.2060
vn -0.0160 -0.8931 0.4496
vn -0.8050 -0.2017 -0.5580
vn -0.1900 0.6317 0.7516
vn 0.3366 0.6762 0.6554
vn -0.7905 0.2621 0.5536
vn 0.4259 -0.5884 -0.6873
vn -0.3437 -0.9121 0.2235
vn -0.4246 -0.6729 -0.6057
vn -0.8565 -0.4562 0.2414
vn 0.1014 0.9938 0.0453
vn -0.7013 0.5413 0.4639
vn -0.7746 0.3935 -0.4950
vn 0.3699 -0.8630 0.3442
vn -0.7879 0.1627 -0.5939
vn -0.1314 -0.5623 0.8164
vn 0.3717 -0.6351 0.6772
vn -0.3551 -0.8761 0.3261
vn -0.8027 -0.0151 -0.5962
vn -0.8136 -0.4926 0.3087
vn 0.2437 0.9677 -0.0647
vn 0.4243 -0.3528 0.8340
vn -0.7973 0.4514 -0.4006
vn -0.0321 -0.9485 0.3151
vn 0.4996 -0.4696 0.7279
vn -0.7929 0.3153 -0.5215
vn -0.7831 -0.5219 0.3382
vn 0.3149 0.5194 0.7944
vn -0.5682 -0.2826 0.7728
vn -0.7912 -0.3199 -0.5212
vn -0.8080 0.3945 0.4376
vn 0.5219 -0.7928 -0.3147
vn 0.4166 -0.7697 -0.4837
vn -0.3354 -0.8511 0.4040
vn -0.5951 0.1573 0.7881
vn -0.1596 -0.7875 -0.5952
vn 0.5566 0.5211 0.6470
vn -0.4461 0.8949 0.0141
vn -0.8152 0.5409 -0.2072
vn -0.7942 -0.3242 0.5139
vn 0.3910 -0.9054 0.1655
vn -0.8374 0.5251 0.1517
vn -0.1345 -0.9721 0.1920
vn 0.4464 -0.8084 -0.3838
vn -0.7885 -0.2327 -0.5694
vn 0.5391 0.4355 0.7209
vn -0.4573 0.8775 0.1442
vn -0.1065 -0.7825 -0.6135
vn 0.3818 0.3316 -0.8627
vn -0.4778 -0.8044 -0.3531
vn 0.2689 0.3041 -0.9139
vn -0.7717 -0.1071 -0.6268
vn -0.8179 -0.3382 0.4655
vn -0.5804 -0.1571 -0.7990
vn 0.3652 0.4210 -0.8303
vn 0.5179 0.3025 0.8002
vn -0.3600 0.9219 0.1429
vn -0.7669 -0.6242 -0.1488
vn -0.0297 -0.0220 0.9993
vn 0.4927 0.7757 0.3944
vn -0.6210 0.5474 0.5610
vn -0.8228 -0.2453 -0.5127
vn -0.0204 0.9001 0.4352
vn 0.5220 0.3800 0.7636
vn -0.7852 -0.3819 -0.4874
vn -0.4474 -0.1206 0.8862
vn 0.0666 -0.1934 0.9788
vn -0.8185 -0.1949 0.5404
vn -0.8167 -0.5097 0.2706
vn 0.5100 0.3811 -0.7711
vn 0.6355 0.6435 -0.4266
vn -0.4286 0.5369 -0.7267
vn -0.0442 0.2124 -0.9762
vn 0.4406 0.7216 -0.5339
vn 0.0127 -0.3389 -0.9407
vn -0.4138 0.3144 -0.8544
vn 0.7872 -0.2854 -0.5467
vn 0.7869 0.5157 -0.3389
vn 0.7903 -0.4452 0.4210
vn 0.7883 0.1583 -0.5945
vn 0.7836 0.2709 -0.5591
vn 0.7997 0.2047 -0.5645
vn 0.7936 -0.3321 0.5099
vn 0.7936 0.0337 -0.6075
vn 0.7996 0.4887 -0.3489
vn 0.7903 -0.4452 -0.4210
vn 0.7836 0.3853 -0.4873
vn 0.7882 -0.2350 -0.5688
vn 0.7869 0.3950 0.4741
vn 0.7872 -0.5860 0.1920
vn 0.8108 0.4707 -0.3479
vn 0.7929 -0.5540 0.2538
vn 0.8207 -0.5672 -0.0682
vn 0.7854 0.2669 0.5585
vn 0.7675 0.1833 0.6143
vn 0.7741 -0.4414 0.4538
vn 0.7710 0.5232 -0.3631
vn 0.8269 -0.4902 0.2754
vn 0.7878 0.3598 0.4998
vn 0.7917 -0.4237 -0.4401
vn 0.8156 -0.3285 -0.4763
vn 0.8198 0.1041 -0.5631
vn 0.7765 -0.2108 0.5938
vn 0.7876 0.1600 0.5950
vn 0.8007 0.0166 -0.5989
vn 0.8151 0.3939 0.4248
vn 0.8031 0.5101 0.3079
vn 0.8033 -0.5199 -0.2905
vn 0.8062 0.2704 -0.5262
vn 0.7988 0.5216 0.2996
vn 0.7946 -0.6039 -0.0624
vn -0.4143 -0.8068 -0.4211
vn 0.8104 0.4157 0.4128
vn -0.0019 0.8196 -0.5729
vn 0.7958 0.0885 0.5991
vn 0.7988 0.6005 0.0349
vn 0.7946 -0.4878 -0.3615
vn 0.8033 -0.5436 -0.2432
vn 0.8062 0.1380 -0.5753
vn 0.8031 0.3139 0.5065
vn 0.7765 0.2756 -0.5666
vn 0.7876 0.5955 -0.1582
vn 0.7710 0.1065 0.6279
vn 0.7917 -0.6073 0.0662
vn 0.8197 0.4024 -0.4075
vn 0.8151 0.4596 -0.3527
vn 0.8156 0.5742 0.0710
vn 0.8007 0.5761 0.1645
vn 0.7878 -0.5954 0.1577
vn 0.7741 -0.4414 -0.4538
vn 0.8108 -0.2946 0.5058
vn 0.7675 0.5206 -0.3740
vn 0.7854 -0.5203 0.3354
vn 0.7929 -0.5540 -0.2539
vn 0.8207 0.4734 0.3197
vn 0.8270 0.2027 0.5244
vn -0.5914 0.7882 0.1699
vn -0.7550 0.3204 -0.5722
vn -0.6112 0.6874 0.3924
vn -0.0219 -0.9851 -0.1707
vn -0.0679 -0.9151 -0.3975
vn -0.9161 -0.3818 -0.1227
vn -0.6281 0.7019 -0.3360
vn -0.1231 -0.9332 0.3376
vn -0.7347 0.4467 -0.5106
vn -0.9798 -0.1996 -0.0112
vn -0.5594 -0.8278 0.0422
vn -0.2885 -0.7343 0.6145
vn -0.4350 -0.6940 -0.5737
vn -0.9553 -0.1419 0.2593
vn -0.6594 0.6241 0.4191
vn -0.1422 -0.8528 -0.5024
vn -0.5594 -0.8278 -0.0422
vn -0.7548 -0.5042 0.4196
vn -0.6521 0.6556 -0.3808
vn -0.8884 0.0263 0.4583
vn -0.0949 -0.8725 0.4793
vn -0.9366 -0.0873 -0.3393
vn -0.5917 0.7978 0.1155
vn -0.0262 -0.9795 -0.1998
vn -0.7374 0.4075 -0.5387
vn -0.9473 -0.1133 -0.2997
vn 0.0375 -0.9900 0.1361
vn -0.5298 -0.8135 0.2397
vn -0.8998 -0.0014 0.4364
vn -0.6535 0.6051 0.4548
vn -0.0417 -0.9942 0.0995
vn -0.5298 -0.8135 -0.2397
vn -0.9563 -0.2339 -0.1754
vn 0.1192 0.5145 0.8491
vn -0.7652 -0.1448 0.6273
vn 0.2333 -0.2896 0.9283
vn -0.0166 0.5611 0.8276
vn -0.3293 -0.9223 -0.2022
vn -0.8960 -0.0918 0.4345
vn 0.2438 0.3485 -0.9050
vn -0.0036 -0.4705 -0.8824
vn -0.7814 -0.0956 -0.6167
vn 0.2248 0.2930 -0.9293
vn -0.6647 -0.7289 0.1642
vn 0.3906 0.9206 -0.0000
vn 0.7600 0.5766 0.2998
vn 0.4995 0.6451 -0.5783
vn 0.8073 0.5172 -0.2842
vn 0.6207 0.6362 -0.4583
vn 0.8434 0.5372 0.0112
vn 0.3204 0.7550 0.5722
vn 0.7856 0.5617 -0.2593
vn 0.7343 0.5880 0.3393
vn 0.6481 0.6241 -0.4364
vn 0.7637 0.5329 0.3643
vn 0.8280 0.5084 0.2364
vn -0.8875 0.1008 0.4497
vn -0.7596 -0.4455 0.4738
vn -0.8130 -0.0286 0.5815
vn -0.7920 -0.4696 -0.3902
vn -0.8687 0.4871 0.0894
vn -0.5766 -0.5510 0.6033
vn -0.8818 -0.3999 -0.2500
vn -0.8942 0.3968 -0.2070
vn -0.7826 -0.6103 0.1227
vn -0.8105 -0.4003 -0.4275
vn -0.7858 -0.5885 -0.1904
vn -0.8868 0.0023 -0.4621
vn -0.9178 -0.3879 0.0842
vn -0.8314 0.3270 -0.4494
vn -0.7148 -0.6556 -0.2434
vn -0.9122 -0.3576 -0.2002
vn 0.0990 -0.9945 -0.0344
vn -0.2451 -0.8589 -0.4497
vn -0.7305 -0.5666 -0.3813
vn -0.9871 0.1249 -0.0998
vn -0.0358 -0.9405 0.3380
vn 0.1191 -0.9803 -0.1577
vn 0.0812 -0.9424 -0.3245
vn 0.0260 -0.9780 0.2070
vn -0.3084 -0.6296 0.7131
vn -0.3673 -0.6049 0.7066
vn -0.3359 -0.8208 0.4621
vn -0.7217 -0.5103 -0.4677
vn -0.0407 -0.9358 0.3501
vn -0.7640 -0.5525 0.3332
vn -0.8901 0.4375 -0.1279
vn 0.0920 -0.9941 -0.0566
vn 0.1075 -0.9754 0.1922
vn 0.0372 -0.9239 0.3808
vn -0.3299 -0.5202 0.7877
vn -0.9187 -0.3950 -0.0048
vn -0.6156 -0.6291 -0.4747
vn -0.8074 -0.3583 -0.4686
vn -0.6980 0.5147 0.4980
vn -0.6658 0.5270 -0.5283
vn -0.1159 -0.6435 0.7566
vn -0.8785 -0.2615 0.3998
vn -0.4817 -0.8471 0.2244
vn -0.5887 -0.6117 -0.5285
vn -0.4817 -0.8471 -0.2244
vn -0.4766 -0.3885 -0.7886
vn -0.4318 0.5537 0.7120
vn -0.3492 0.5718 -0.7424
vn -0.7620 -0.2486 0.5980
vn 0.1808 -0.6928 0.6981
vn 0.5315 -0.3554 -0.7689
vn -0.9440 -0.3087 -0.1165
vn 0.5427 0.0890 0.8352
vn 0.5488 0.0231 -0.8357
vn 0.2855 -0.6714 0.6840
vn -0.6971 -0.2818 0.6593
vn -0.4118 -0.8664 0.2824
vn 0.1958 -0.7028 -0.6839
vn -0.4118 -0.8664 -0.2824
vn -0.6272 -0.2959 -0.7205
vn -0.5888 -0.6090 -0.5315
vn 0.1659 0.5922 0.7885
vn -0.7058 -0.5598 0.4341
vn 0.5158 0.3361 -0.7881
vn -0.3465 0.5416 0.7659
vn -0.0040 -0.9946 -0.1033
vn -0.2849 0.5668 -0.7730
vn -0.0424 -0.9885 0.1452
vn 0.1446 -0.5079 0.8492
vn 0.0131 0.8781 -0.4783
vn -0.3489 -0.5184 -0.7807
vn 0.3983 0.7147 0.5750
vn -0.7000 -0.0391 -0.7131
vn -0.8386 0.4006 0.3691
vn -0.8252 0.3934 -0.4053
vn 0.2130 -0.9695 0.1214
vn 0.5398 -0.6323 0.5557
vn 0.3843 -0.8158 -0.4322
vn -0.7001 -0.1029 -0.7066
vn -0.8249 0.5642 -0.0341
vn 0.5270 -0.8494 -0.0282
vn 0.2129 -0.9695 -0.1214
vn -0.7510 -0.4662 0.4677
vn 0.4343 -0.9008 -0.0000
vn -0.8090 0.5623 0.1711
vn -0.0054 -0.8186 0.5744
vn 0.2101 -0.9688 0.1317
vn -0.8101 0.0244 0.5858
vn 0.4199 -0.2139 -0.8820
vn -0.0054 -0.8186 -0.5744
vn -0.8233 0.1384 -0.5504
vn 0.6010 -0.2100 0.7712
vn -0.8225 0.5287 0.2095
vn 0.3732 -0.7463 -0.5512
vn -0.8320 -0.0919 -0.5471
vn 0.3888 -0.1830 0.9030
vn 0.5520 0.0780 0.8302
vn -0.8310 0.4008 0.3857
vn 0.3888 -0.1830 -0.9030
vn 0.4205 -0.4682 -0.7772
vn -0.7906 -0.5293 -0.3079
vn -0.0093 -0.0087 0.9999
vn 0.3835 -0.1848 0.9049
vn -0.7904 -0.4312 0.4351
vn -0.0093 -0.0087 -0.9999
vn 0.3835 -0.1848 -0.9049
vn -0.6483 -0.1899 0.7373
vn -0.6626 -0.0715 -0.7455
vn 0.4904 -0.8194 0.2968
vn 0.5017 -0.8470 -0.1759
vn -0.5554 -0.2245 0.8007
vn 0.4895 -0.1873 0.8516
vn -0.3589 -0.9148 0.1852
vn -0.8026 -0.5655 0.1897
vn -0.5853 -0.1277 -0.8007
vn -0.2017 0.4838 -0.8516
vn 0.0016 -0.9859 0.1673
vn -0.3589 -0.9148 -0.1852
vn 0.7027 0.5716 -0.4236
vn 0.7628 0.5461 0.3462
vn -0.7151 -0.6356 0.2910
vn -0.7922 -0.6052 0.0786
vn 0.2394 -0.7215 0.6498
vn -0.6987 -0.5980 -0.3928
vn -0.6969 -0.6400 -0.3238
vn 0.1831 -0.7149 -0.6749
vn 0.1838 0.5595 0.8082
vn -0.8318 -0.5466 0.0969
vn -0.5467 0.2190 -0.8082
vn -0.3188 -0.8391 0.4407
vn -0.4849 -0.3655 0.7945
vn -0.1737 0.9368 -0.3036
vn -0.6027 -0.0741 -0.7945
vn 0.0309 0.8500 0.5258
vn 0.8916 0.4527 0.0082
vn 0.8941 0.1982 0.4017
vn 1.0000 -0.0050 -0.0003
vn 0.2955 -0.8232 -0.4848
vn -0.0318 -0.9785 0.2038
vn 1.0000 -0.0050 0.0003
vn 0.8909 0.2924 0.3476
vn -0.0558 -0.7723 -0.6328
vn 0.9204 -0.3909 -0.0000
vn 0.8921 0.4203 -0.1661
vn -0.0379 -0.8369 0.5460
vn 0.8906 0.1551 0.4274
vn -0.0508 -0.5072 -0.8603
vn 0.8914 0.3200 -0.3210
vn -0.0512 -0.5726 0.8182
vn 0.8896 0.0192 0.4564
vn -0.0654 -0.1952 -0.9786
vn 0.8460 -0.0610 0.5297
vn 0.8806 0.0586 -0.4702
vn 0.5676 -0.7535 -0.3319
vn 0.9829 0.1816 -0.0315
vn 0.5965 -0.6930 -0.4049
vn 0.6124 -0.6862 0.3926
vn 0.5333 -0.8341 -0.1409
vn 0.9434 0.0887 0.3195
vn 0.6924 -0.4977 -0.5224
vn 0.6128 -0.5898 -0.5259
vn 0.7276 -0.3543 -0.5875
vn 0.5260 -0.7944 0.3036
vn 0.9740 0.2265 0.0043
vn -0.1154 0.9362 0.3319
vn -0.0525 0.9129 0.4049
vn -0.0364 0.9190 -0.3925
vn 0.5824 -0.6986 -0.4156
vn -0.0666 0.9071 0.4156
vn 0.1521 0.8390 0.5224
vn -0.1960 0.9704 0.1409
vn -0.8064 0.5725 -0.1485
vn -0.7789 -0.6151 0.1222
vn -0.7963 -0.6048 0.0118
vn -0.8177 0.4834 -0.3126
vn -0.8043 0.5697 -0.1693
vn -0.4635 -0.8475 0.2588
vn 0.4413 -0.7984 0.4097
vn 0.5376 -0.7758 0.3303
vn -0.4231 -0.8170 0.3918
vn 0.4623 -0.6452 0.6083
vn -0.2163 -0.0153 -0.9762
vn 0.4347 0.8464 -0.3075
vn 0.4428 0.7804 -0.4415
vn -0.7918 0.1126 0.6003
vn 0.5112 0.0203 -0.8593
vn -0.7882 -0.5184 -0.3317
vn -0.8031 0.5947 -0.0364
vn 0.5420 -0.8296 0.1339
vn -0.4439 -0.8955 0.0312
vn -0.1901 0.9816 0.0174
vn 0.2771 0.9608 -0.0138
vn -0.5991 0.5601 -0.5722
vn -0.7704 -0.4385 -0.4629
vn -0.1959 0.9460 0.2584
vn 0.2823 0.9322 0.2264
vn -0.7926 0.5951 0.1329
vn -0.3398 -0.5954 0.7280
vn 0.5557 -0.8229 -0.1185
vn -0.7717 -0.2613 0.5798
vn -0.0000 0.7197 -0.6943
vn 0.3518 0.7283 -0.5881
vn -0.0000 -0.9942 0.1075
vn -0.8090 -0.4546 -0.3727
vn 0.4546 0.8090 0.3727
vn -0.7717 -0.2613 -0.5798
vn -0.7926 0.1674 0.5863
vn 0.2665 -0.5900 -0.7621
vn 0.3518 0.7283 0.5881
vn -0.7704 -0.4640 -0.4373
vn -0.2700 0.8564 -0.4400
vn 0.5688 0.6647 0.4844
vn -0.8031 -0.0075 0.5958
vn -0.0000 -0.9020 0.4317
vn 0.2617 -0.3794 -0.8875
vn -0.7882 -0.4658 -0.4023
vn -0.4154 0.8996 -0.1351
vn 0.5872 0.6329 0.5046
vn -0.8043 -0.1496 0.5752
vn 0.2623 -0.1837 -0.9473
vn -0.5904 -0.7704 -0.2407
vn -0.7963 -0.1702 -0.5805
vn -0.4046 0.9101 0.0897
vn 0.5230 0.3824 0.7618
vn -0.8064 -0.2594 0.5315
vn -0.7789 -0.6192 0.0992
vn -0.0000 0.9344 0.3561
vn 0.2832 0.8829 0.3746
vn -0.5991 0.5601 0.5722
vn -0.5828 -0.7004 -0.4120
vn 0.2602 0.0116 -0.9655
vn -0.8177 0.4958 0.2926
vn -0.7918 -0.4588 -0.4031
vn 0.5233 0.5249 0.6713
vn -0.5895 -0.6004 -0.5404
vn 0.4445 -0.6642 -0.6010
vn -0.8186 -0.5527 0.1561
vn -0.8233 0.1581 -0.5451
vn -0.7934 0.6085 -0.0172
vn -0.8361 -0.4657 -0.2898
vn -0.0206 -0.7766 0.6297
vn 0.5917 -0.8055 0.0325
vn 0.3577 -0.6631 0.6575
vn -0.7530 0.6470 0.1198
vn 0.6069 -0.7889 -0.0966
vn -0.1903 -0.8084 -0.5570
vn -0.4610 -0.8248 -0.3274
vn -0.8288 -0.5432 0.1344
vn 0.5823 0.7888 -0.1967
vn 0.5705 0.8023 -0.1757
vn -0.0294 0.7787 -0.6267
vn 0.5196 0.8052 0.2859
vn -0.4751 0.8185 -0.3232
vn -0.5444 0.8050 -0.2358
vn -0.8387 -0.5073 0.1978
vn -0.8020 0.5963 0.0340
vn 0.4201 -0.8559 0.3016
vn -0.0471 -0.2274 0.9727
vn -0.4159 -0.9065 -0.0733
vn -0.5340 0.8455 0.0035
vn 0.5512 0.7618 -0.3404
vn -0.8289 0.4067 0.3841
vn -0.8050 -0.2612 -0.5326
vn 0.3969 0.0177 0.9177
vn -0.8039 0.5779 0.1408
vn -0.0018 -0.7606 0.6492
vn -0.0144 -0.7948 0.6066
vn -0.5970 0.3283 -0.7320
vn 0.0224 -0.1786 -0.9837
vn -0.6120 0.6478 -0.4536
vn -0.6069 0.0253 0.7944
vn -0.1897 0.8030 -0.5650
vn -0.4222 -0.7089 0.5649
vn -0.8039 0.1413 0.5778
vn -0.8289 -0.5588 0.0254
vn 0.1346 0.8937 0.4279
vn -0.4319 0.6546 0.6205
vn 0.5919 -0.1867 -0.7841
vn -0.4427 0.3098 -0.8415
vn -0.4222 0.1526 -0.8936
vn -0.8050 0.5899 0.0633
vn -0.8387 -0.4008 -0.3687
vn -0.8020 -0.2578 0.5388
vn 0.5690 0.6182 0.5423
vn -0.5879 0.2739 0.7612
vn 0.3395 -0.7512 -0.5661
vn -0.0430 -0.7935 -0.6070
vn -0.8233 0.4513 -0.3442
vn -0.8288 -0.5432 -0.1344
vn -0.5509 0.8335 0.0425
vn 0.5823 0.7888 0.1967
vn -0.6120 0.6477 0.4537
vn -0.0228 -0.9827 -0.1839
vn 0.2389 -0.2791 -0.9300
vn 0.3473 -0.9304 0.1169
vn -0.8186 -0.5527 -0.1561
vn -0.0003 0.8425 -0.5387
vn 0.5705 0.8023 0.1757
vn -0.7918 0.3968 -0.4643
vn -0.0054 -0.8584 0.5130
vn 0.3720 -0.8349 0.4056
vn -0.4159 -0.6739 -0.6106
vn -0.8432 -0.4218 0.3332
vn -0.6758 0.4330 -0.5965
vn 0.3745 -0.7889 0.4873
vn -0.3020 -0.8084 0.5052
vn -0.5225 -0.8248 0.2160
vn -0.3995 0.8185 0.4130
vn 0.4920 0.8052 -0.3312
vn -0.4753 0.8050 0.3551
vn -0.9818 0.1544 -0.1110
vn -0.8794 -0.4759 -0.0146
vn 0.5929 0.7999 0.0934
vn 0.5851 0.8090 -0.0566
vn -0.8988 0.4364 -0.0425
vn -0.3861 -0.0065 -0.9224
vn -0.1777 0.7999 0.5733
vn 0.5870 0.8090 0.0304
vn 0.5476 -0.8087 -0.2147
vn 0.4371 -0.8330 0.3391
vn 0.5362 -0.8087 0.2418
vn 0.5470 -0.8330 -0.0833
vn -0.8685 -0.4116 0.2762
vn -0.8836 -0.3875 -0.2626
vn -0.7597 0.5302 0.3766
vn -0.7366 0.5478 -0.3967
vn 0.3856 -0.0357 0.9220
vn 0.2152 0.4905 0.8445
vn 0.3580 -0.1876 -0.9147
vn 0.3205 0.3691 -0.8723
vn 0.6687 -0.2735 0.6914
vn 0.5814 -0.4098 -0.7029
vn 0.6377 0.3849 0.6673
vn 0.7264 0.2483 -0.6408
vn 0.0409 -0.4485 0.8928
vn 0.0545 0.8250 -0.5624
vn -0.2974 0.8137 -0.4994
vn -0.5123 0.8004 -0.3114
vn -0.1339 -0.1223 -0.9834
vn -0.2742 0.8137 0.5126
vn 0.3407 0.8250 0.4508
vn -0.4593 0.8004 0.3854
vn 0.1552 0.1384 0.9781
vn -0.3286 -0.8184 -0.4715
vn 0.1338 -0.8308 -0.5403
vn 0.2930 0.4383 -0.8497
vn -0.3688 -0.8184 0.4407
vn -0.1253 -0.8308 0.5423
vn 0.4803 -0.5325 0.6970
vn 0.4643 -0.5134 -0.7217
vn 0.6734 0.3908 0.6275
vn 0.6838 0.4371 -0.5843
vn 0.7273 -0.5710 0.3807
vn 0.7126 -0.5179 -0.4732
vn 0.8096 -0.0626 -0.5837
vn 0.8093 0.0055 -0.5874
vn 0.8191 -0.0278 0.5730
vn 0.8194 -0.0625 0.5698
vn 0.8334 -0.5503 -0.0518
vn 0.8066 0.5264 0.2688
vn 0.8222 -0.4663 0.3265
vn 0.8124 -0.4640 -0.3531
vn 0.8295 -0.2241 0.5116
vn 0.7974 0.5212 0.3041
vn 0.7946 -0.0453 -0.6054
vn 0.7883 -0.6106 -0.0763
vn 0.8020 0.5391 -0.2573
vn 0.7933 0.3876 0.4695
vn 0.8034 0.5828 -0.1225
vn 0.7837 -0.4345 0.4439
vn 0.8058 0.5894 -0.0572
vn 0.7882 -0.4542 -0.4153
vn 0.8058 0.5836 0.1004
vn 0.7727 -0.3549 -0.5262
vn 0.7916 0.2331 -0.5648
vn 0.7759 0.1499 0.6127
vn 0.7759 -0.3023 0.5537
vn 0.7916 0.2432 -0.5605
vn 0.7727 -0.5507 0.3156
vn 0.8058 0.5730 0.1493
vn 0.7882 -0.5907 0.1729
vn 0.8058 0.5273 0.2695
vn 0.7837 -0.4345 -0.4439
vn 0.8034 0.4630 0.3745
vn 0.7933 -0.4747 0.3812
vn 0.8020 -0.2308 0.5510
vn 0.7883 -0.5636 -0.2469
vn 0.7946 -0.3371 0.5050
vn 0.8295 -0.1789 -0.5291
vn 0.7974 0.5381 -0.2732
vn 0.8124 0.3085 -0.4948
vn 0.8222 -0.4663 -0.3266
vn 0.8066 0.2534 0.5340
vn 0.8334 -0.5527 0.0081
vn -0.7892 -0.2521 -0.5599
vn -0.7568 0.2386 -0.6085
vn -0.7902 0.0437 0.6112
vn -0.7171 -0.5310 0.4514
vn -0.6959 -0.5716 -0.4347
vn 0.5685 0.2470 0.7848
vn 0.3858 0.4795 0.7882
vn -0.5449 0.2061 0.8128
vn 0.5611 -0.1838 0.8071
vn -0.4581 -0.3521 0.8162
vn -0.8568 -0.2227 0.4650
vn 0.4025 0.4422 -0.8015
vn 0.5991 -0.0319 -0.8001
vn -0.4539 0.3761 -0.8078
vn 0.5493 0.2563 -0.7953
vn 0.5876 0.0402 -0.8081
vn -0.2026 -0.6111 -0.7652
vn -0.4271 -0.4592 -0.7790
vn 0.3804 -0.4269 -0.8204
vn -0.5678 -0.1213 -0.8142
vn -0.6433 -0.6159 -0.4549
vn -0.6084 0.6991 0.3755
vn -0.7562 -0.1032 0.6462
vn -0.9110 0.0414 -0.4103
vn -0.7489 0.1498 -0.6455
vn 0.5937 -0.1183 0.7959
vn 0.3849 0.4890 0.7828
vn -0.4401 -0.3637 0.8210
vn 0.5718 -0.1727 0.8020
vn -0.0285 0.6246 0.7805
vn -0.3460 0.5398 0.7674
vn 0.4282 0.3978 0.8114
vn -0.4583 0.3797 0.8036
vn 0.6043 0.0814 -0.7926
vn 0.2958 -0.5261 -0.7974
vn -0.5447 -0.1736 -0.8205
vn -0.9893 0.1430 0.0274
vn 0.1022 0.6107 -0.7853
vn 0.3480 -0.4554 -0.8195
vn -0.1972 0.6121 -0.7658
vn -0.3991 0.4551 -0.7960
vn -0.9020 0.1096 -0.4177
vn 0.5346 -0.2130 0.8178
vn -0.0384 0.6085 0.7926
vn -0.1415 0.6048 0.7837
vn -0.4014 0.4989 0.7681
vn 0.4104 0.4000 0.8195
vn -0.8786 0.0697 0.4725
vn -0.6367 0.3960 -0.6617
vn 0.5276 -0.3280 0.7836
vn -0.1624 -0.6027 0.7813
vn -0.2504 -0.5880 0.7691
vn -0.3534 -0.5315 0.7698
vn -0.3486 -0.5015 0.7918
vn -0.9539 0.2960 0.0506
vn 0.3048 -0.5137 -0.8020
vn 0.0690 0.6309 -0.7728
vn -0.2546 0.5832 -0.7714
vn -0.3302 0.5470 -0.7692
vn -0.3910 0.8807 0.2673
vn -0.9952 -0.0969 -0.0167
vn 0.2705 -0.5532 0.7879
vn 0.3436 0.4643 0.8163
vn 0.0155 -0.6299 0.7765
vn -0.3951 -0.5051 0.7673
vn -0.3508 -0.5047 0.7888
vn -0.0205 -0.6052 -0.7958
vn -0.4023 -0.4861 -0.7758
vn 0.4046 -0.4077 -0.8186
vn -0.3820 -0.8892 -0.2519
vn -0.9952 0.0967 0.0168
vn 0.3436 -0.4643 -0.8163
vn -0.8949 -0.1607 -0.4163
vn 0.5781 -0.0641 0.8135
vn -0.8965 0.1520 0.4162
vn -0.4535 0.7009 -0.5505
vn -0.3524 -0.8212 0.4488
vn 0.5784 0.0729 -0.8125
vn 0.0462 -0.6094 -0.7915
vn -0.8963 -0.1357 -0.4221
vn 0.5956 -0.0761 0.7997
vn -0.9553 0.2392 -0.1735
vn 0.5312 0.1935 0.8248
vn -0.3197 -0.8428 0.4330
vn -0.8389 0.2905 0.4603
vn 0.6033 -0.0816 -0.7933
vn -0.2361 -0.8886 -0.3933
vn -0.3199 0.8471 0.4243
vn -0.1976 0.9803 -0.0000
vn -0.3879 -0.4832 0.7849
vn -0.9937 -0.1113 0.0094
vn -0.0141 0.6346 -0.7727
vn 0.4177 -0.4049 -0.8134
vn -0.8809 -0.2116 -0.4232
vn 0.6017 -0.0238 0.7984
vn 0.1648 0.5947 -0.7869
vn 0.4175 -0.4049 -0.8135
vn 0.5746 0.1489 -0.8047
vn -0.1383 0.6112 -0.7793
vn -0.2487 0.8641 -0.4375
vn -0.8679 0.2551 0.4263
vn 0.5828 -0.0039 -0.8126
vn 0.1600 -0.5967 -0.7864
vn -0.1368 -0.6428 -0.7537
vn -0.8591 -0.2878 -0.4233
vn 0.6015 0.0287 0.7984
vn -0.1644 0.6385 0.7518
vn -0.9846 0.1732 -0.0240
vn 0.4759 0.3688 0.7984
vn -0.1367 -0.6198 0.7727
vn -0.2527 -0.5934 0.7642
vn -0.1829 -0.8721 0.4539
vn -0.3085 0.7754 0.5509
vn -0.8533 -0.3139 -0.4163
vn 0.5806 0.0374 0.8134
vn -0.3131 -0.7724 0.5526
vn -0.8222 -0.3830 -0.4210
vn 0.5770 0.0870 0.8121
vn -0.9548 0.2926 -0.0531
vn 0.4875 0.2952 0.8217
vn 0.0108 -0.9999 -0.0000
vn 0.5580 0.1171 -0.8215
vn -0.4726 0.3974 -0.7866
vn 0.5799 0.1696 -0.7968
vn -0.8258 0.3440 0.4470
vn 0.6115 -0.0904 -0.7861
vn -0.0907 -0.9197 -0.3821
vn 0.0109 -0.9999 -0.0000
vn -0.4730 0.3975 -0.7863
vn -0.7937 -0.4451 0.4145
vn -0.8068 -0.3887 -0.4450
vn 0.6082 0.1187 0.7849
vn -0.0267 0.8942 0.4469
vn 0.5711 -0.1264 0.8111
vn -0.7930 0.4306 -0.4310
vn -0.9299 0.3665 0.0308
vn -0.7802 -0.4341 0.4504
vn -0.8068 -0.3887 -0.4449
vn 0.6084 0.1187 0.7847
vn -0.1441 0.6399 0.7549
vn -0.0040 0.9244 0.3815
vn 0.0130 -0.8937 -0.4485
vn -0.3232 0.7062 0.6299
vn -0.0283 0.8930 -0.4492
vn -0.7840 -0.4624 -0.4142
vn -0.7678 -0.4507 0.4554
vn 0.5145 0.2791 -0.8108
vn 0.2502 -0.5767 -0.7777
vn -0.0027 -0.8874 -0.4610
vn -0.0225 0.9071 -0.4204
vn -0.7699 -0.4878 -0.4114
vn 0.0615 -0.9981 0.0094
vn -0.4820 0.3317 -0.8110
vn 0.5887 0.1394 0.7963
vn -0.9238 0.3828 -0.0076
vn -0.8951 0.4447 0.0313
vn 0.5334 0.2856 0.7962
vn -0.7629 -0.4959 -0.4148
vn 0.0392 -0.9019 0.4302
vn 0.5656 0.1489 0.8111
vn -0.4638 0.4100 0.7854
vn 0.1783 -0.9738 -0.1413
vn -0.0127 -0.8877 0.4602
vn 0.5829 0.1657 0.7955
vn -0.2680 0.7195 0.6407
vn -0.9069 0.4212 -0.0097
vn 0.5464 0.2621 0.7954
vn -0.7246 -0.5530 -0.4113
vn 0.1499 -0.9886 0.0098
vn 0.5552 0.2435 -0.7953
vn -0.5095 0.2880 -0.8108
vn 0.5424 0.2682 -0.7961
vn 0.0635 0.6157 -0.7854
vn -0.3301 0.5667 -0.7549
vn 0.5364 0.2337 -0.8110
vn 0.2142 -0.6007 -0.7703
vn -0.2679 0.7196 0.6407
vn -0.9069 0.4212 -0.0098
vn 0.5464 0.2622 0.7954
vn -0.7404 -0.5292 -0.4144
vn 0.1499 -0.9887 0.0099
vn -0.5092 0.2881 -0.8110
vn 0.2141 -0.6007 -0.7703
vn 0.5512 0.1971 0.8108
vn 0.5406 -0.2235 0.8110
vn -0.8522 0.5223 0.0305
vn -0.7065 0.5613 -0.4311
vn 0.2012 -0.9100 -0.3624
vn -0.7031 -0.5458 0.4559
vn 0.5745 0.1902 0.7961
vn 0.5404 -0.2235 0.8112
vn -0.8522 0.5223 0.0303
vn -0.7064 0.5614 -0.4312
vn -0.7168 -0.5597 -0.4158
vn 0.1149 -0.9004 0.4195
vn -0.8437 0.5365 0.0178
vn 0.1418 0.8811 -0.4512
vn -0.6735 -0.6141 -0.4113
vn -0.6782 -0.5762 0.4562
vn 0.5548 0.1859 -0.8109
vn 0.5789 0.1794 -0.7954
vn 0.5412 -0.2711 -0.7960
vn 0.5661 0.2161 0.7955
vn 0.1360 0.8841 -0.4471
vn -0.6735 -0.6141 -0.4115
vn 0.2337 -0.9723 0.0093
vn 0.5306 0.2921 -0.7957
vn -0.5322 0.2431 -0.8110
vn 0.5170 0.3143 -0.7962
vn 0.5552 0.1861 -0.8106
vn 0.5787 0.1795 -0.7955
vn 0.5317 0.2448 0.8108
vn -0.5305 0.3218 0.7842
vn 0.0502 -0.6185 0.7842
vn 0.5196 -0.2688 0.8110
vn -0.6596 0.6225 0.4213
vn -0.6553 0.6207 -0.4304
vn 0.3465 -0.9277 -0.1390
vn -0.1224 -0.7866 0.6052
vn 0.5312 0.2449 0.8111
vn 0.5194 -0.2689 0.8111
vn -0.6553 0.6207 -0.4305
vn 0.2863 -0.8912 -0.3519
vn -0.6524 -0.6051 0.4564
vn -0.1006 0.7864 -0.6095
vn 0.3050 0.8812 0.3613
vn -0.6170 -0.6708 -0.4115
vn 0.3190 -0.9477 0.0095
vn -0.5520 0.1948 -0.8108
vn -0.1007 0.7864 -0.6095
vn 0.3204 0.8887 0.3278
vn -0.6249 -0.6341 0.4554
vn 0.5080 0.2905 0.8109
vn 0.4939 -0.3137 0.8110
vn -0.5988 0.6748 -0.4314
vn -0.7488 0.6622 0.0304
vn -0.5050 -0.7167 -0.4809
vn 0.2636 -0.8472 0.4614
vn 0.5078 0.2905 0.8110
vn 0.4936 -0.3137 0.8111
vn -0.5988 0.6748 -0.4315
vn -0.4891 -0.7287 -0.4794
vn 0.2548 -0.8599 0.4423
vn 0.3264 0.8537 -0.4057
vn -0.4703 0.7458 0.4718
vn 0.4413 -0.8974 -0.0000
vn -0.6021 0.1470 -0.7848
vn 0.5789 0.0864 -0.8108
vn 0.2914 0.8485 -0.4417
vn -0.4435 0.7524 0.4870
vn -0.6020 0.1470 -0.7848
vn 0.5787 0.0864 -0.8109
vn 0.3999 -0.8238 0.4018
vn 0.4525 -0.8358 -0.3110
vn 0.2982 0.8498 -0.4347
vn 0.4454 -0.8410 0.3071
vn 0.5132 -0.8517 -0.1061
vn 0.2949 0.8523 -0.4319
vn 0.6251 -0.6558 -0.4232
vn -0.6473 -0.1743 0.7420
vn -0.4871 0.3591 0.7961
vn 0.4311 0.8461 -0.3135
vn 0.7271 -0.0912 -0.6805
vn -0.4846 0.3530 -0.8003
vn 0.6229 -0.6582 0.4229
vn 0.5162 0.8511 0.0955
vn 0.5362 -0.7315 -0.4213
vn 0.1093 -0.6524 0.7500
vn -0.4581 0.3830 0.8022
vn 0.4488 0.8423 -0.2985
vn 0.4334 0.6188 -0.6551
vn -0.4592 0.3884 -0.7989
vn 0.5374 -0.7306 0.4212
vn 0.5326 0.8456 0.0360
vn -0.6193 0.6802 0.3922
vn -0.0696 0.7399 -0.6691
vn -0.7075 0.6902 0.1520
vn -0.3615 0.7509 -0.5527
vn -0.7399 0.6549 -0.1536
vn -0.8340 -0.5399 -0.1137
vn -0.8136 -0.5616 0.1507
vn -0.2522 0.7324 0.6324
vn 0.2198 0.7648 0.6057
vn -0.6803 0.3935 0.6184
vn -0.8254 0.3992 -0.3992
vn -0.8234 0.0539 0.5650
vn -0.0000 0.9448 0.3275
vn -0.0000 0.0073 1.0000
vn -0.8343 0.1180 -0.5386
vn -0.8250 0.4228 0.3750
vn 0.1540 0.3406 0.9275
vn -0.8335 -0.1580 -0.5294
vn -0.8126 -0.2507 0.5262
vn 0.1980 0.6612 0.7236
vn -0.5489 0.5615 0.6192
vn -0.8258 0.3754 -0.4208
vn -0.8414 -0.5404 0.0080
vn 0.5394 0.8420 -0.0064
vn -0.5663 0.7560 0.3283
vn 0.1287 0.4095 -0.9032
vn -0.0278 -0.6900 -0.7233
vn 0.5202 -0.1979 -0.8308
vn 0.5406 -0.6042 -0.5854
vn -0.1764 0.1235 -0.9765
vn -0.0000 -0.9955 0.0949
vn 0.0999 -0.5317 -0.8410
vn -0.4089 -0.3015 -0.8613
vn 0.3429 -0.8818 0.3239
vn -0.8421 -0.4178 -0.3410
vn 0.3830 0.8628 0.3299
vn -0.6068 0.7887 0.0989
vn -0.2318 0.7819 0.5788
vn 0.0030 0.7826 0.6225
vn 0.1771 0.7992 0.5744
vn 0.3906 0.7530 0.5295
vn 0.6401 0.7537 0.1488
vn -0.0113 0.8839 -0.4676
vn -0.4084 -0.7609 0.5041
vn -0.5965 -0.7741 0.2121
vn -0.0804 -0.7014 -0.7082
vn -0.6014 -0.7898 0.1205
vn -0.8143 0.3731 -0.4446
vn 0.3885 -0.7922 0.4706
vn -0.6101 -0.7919 -0.0265
vn -0.5948 -0.7824 0.1843
vn -0.4090 -0.7957 0.4468
vn -0.2324 -0.7990 0.5546
vn -0.2827 -0.7850 -0.5513
vn -0.1134 -0.7936 -0.5977
vn 0.0729 -0.7906 -0.6079
vn -0.8268 0.3873 -0.4078
vn -0.8160 -0.2556 -0.5185
vn -0.0000 0.6210 -0.7838
vn -0.0000 0.9391 0.3436
vn -0.6194 0.7756 -0.1216
vn -0.4501 0.7854 -0.4250
vn -0.2092 0.7964 -0.5674
vn 0.0080 0.7858 -0.6184
vn 0.4089 0.7281 -0.5502
vn -0.0374 0.7925 -0.6088
vn 0.2928 -0.7950 -0.5313
vn 0.4654 -0.7452 0.4777
vn -0.8343 -0.4841 -0.2639
vn -0.8170 0.1243 -0.5630
vn -0.0779 -0.6225 0.7788
vn 0.4482 -0.4663 0.7627
vn 0.4463 -0.7681 -0.4591
vn 0.5561 -0.7638 -0.3278
vn -0.8342 -0.5375 -0.1234
vn -0.8236 -0.2649 -0.5016
vn -0.1787 -0.9741 0.1385
vn 0.3541 -0.0243 0.9349
vn -0.8340 -0.5399 0.1137
vn -0.8135 0.4710 -0.3410
vn 0.4094 -0.4859 0.7722
vn -0.0258 -0.6901 0.7233
vn -0.4088 -0.7016 0.5837
vn -0.6903 0.1390 0.7100
vn -0.7509 0.5540 -0.3594
vn 0.1811 0.9830 -0.0310
vn -0.5488 0.7671 -0.3323
vn 0.1711 0.9293 -0.3273
vn -0.5458 0.6320 -0.5502
vn 0.2198 0.7648 -0.6057
vn -0.2480 0.7343 -0.6319
vn 0.8171 -0.5690 -0.0929
vn 0.8218 0.5696 0.0124
vn 0.6733 0.4253 0.6048
vn 0.6212 -0.4235 -0.6594
vn 0.7720 0.5814 -0.2571
vn 0.7802 -0.6032 0.1658
vn 0.5187 0.3505 0.7798
vn 0.5819 -0.6046 0.5439
vn 0.3695 -0.3913 -0.8429
vn 0.5909 0.5677 -0.5732
vn 0.3083 0.3767 0.8735
vn 0.3927 0.5619 -0.7281
vn 0.1356 -0.3917 -0.9101
vn 0.3832 -0.5371 0.7514
vn 0.0106 0.3542 0.9351
vn 0.7767 0.4063 -0.4813
vn -0.2055 -0.4051 -0.8909
vn 0.1436 -0.5291 0.8363
vn 0.6599 0.3947 -0.6393
vn -0.2585 -0.5246 0.8112
vn -0.3057 0.3962 0.8658
vn 0.3318 0.4806 -0.8118
vn -0.5988 -0.2349 -0.7657
vn -0.5589 0.3129 0.7679
vn -0.6976 -0.4664 0.5439
vn 0.6357 0.7400 -0.2199
vn -0.6864 0.4388 -0.5800
vn 0.6092 -0.7631 0.2156
vn -0.3148 -0.8051 -0.5028
vn 0.2480 -0.0583 -0.9670
vn -0.6122 0.7631 0.2069
vn 0.2279 0.0525 0.9723
vn -0.6004 -0.7677 -0.2239
vn -0.8861 0.3711 -0.2778
vn 0.6243 -0.7690 -0.1374
vn -0.0579 -0.0000 -0.9983
vn -0.5191 0.7881 0.3307
vn -0.8433 -0.4300 0.3223
vn -0.1126 0.0572 0.9920
vn -0.4948 -0.7736 -0.3958
vn 0.6337 0.7735 0.0057
vn -0.9762 -0.1992 -0.0860
vn -0.9114 0.4079 0.0545
vn 0.5746 -0.7646 -0.2919
vn -0.3930 -0.8957 -0.2081
vn 0.5180 0.7932 -0.3202
vn -0.9213 -0.3884 -0.0199
vn -0.4639 -0.0000 0.8859
vn -0.3720 -0.7917 -0.4846
vn 0.5676 0.7724 0.2851
vn -0.4899 -0.0000 -0.8718
vn -0.3365 0.7957 0.5037
vn -0.8705 -0.4428 0.2147
vn -0.8741 0.3487 0.3381
vn 0.4008 -0.7848 -0.4726
vn 0.5025 0.8015 -0.3242
vn -0.8734 0.3593 -0.3287
vn 0.4131 -0.7850 0.4617
vn -0.8769 -0.3459 -0.3337
vn 0.3978 0.7887 0.4688
vn -0.0777 -0.9716 0.2237
vn 0.0057 -0.8854 -0.4647
vn 0.1067 0.5968 0.7952
vn -0.6427 0.0380 0.7652
vn -0.4961 -0.3814 0.7800
vn 0.3137 0.4778 -0.8205
vn -0.4616 -0.3941 -0.7948
vn 0.2495 -0.7665 0.5918
vn 0.6439 -0.6203 -0.4480
vn -0.5464 0.3210 0.7736
vn -0.6025 0.1713 0.7796
vn -0.4789 -0.4189 0.7715
vn -0.2325 -0.5483 0.8033
vn -0.1913 0.5551 -0.8095
vn -0.4482 -0.4161 -0.7912
vn -0.4599 0.4189 -0.7830
vn -0.1485 -0.8929 -0.4250
vn 0.2589 0.5449 0.7975
vn -0.3101 -0.9506 0.0150
vn 0.5559 0.2320 -0.7982
vn -0.6132 0.1508 -0.7754
vn -0.2885 0.5056 -0.8131
vn -0.0648 -0.9071 -0.4159
vn 0.2083 0.5446 0.8124
vn -0.2489 -0.9684 0.0150
vn 0.5411 0.2690 -0.7968
vn 0.7705 -0.4788 -0.4207
vn -0.1599 -0.9871 0.0066
vn 0.5089 0.2851 -0.8123
vn 0.0363 -0.9073 -0.4188
vn 0.1460 0.5766 0.8038
vn -0.5864 -0.2858 0.7579
vn 0.7909 -0.4275 0.4378
vn 0.2148 -0.8697 -0.4443
vn -0.0222 0.5765 0.8168
vn 0.9849 -0.1733 -0.0000
vn -0.1163 0.5861 -0.8018
vn -0.5091 -0.3248 -0.7971
vn -0.5803 -0.2335 -0.7802
vn 0.8567 -0.3008 -0.4190
vn 0.2448 -0.8873 -0.3908
vn 0.9705 -0.2401 0.0232
vn -0.6508 0.0586 -0.7570
vn -0.5133 -0.3478 -0.7846
vn 0.3877 -0.8263 0.4086
vn 0.4865 -0.7480 -0.4515
vn -0.2022 0.5164 0.8321
vn 0.0373 0.5431 0.8389
vn -0.6259 0.0515 0.7782
vn -0.6017 -0.1784 0.7785
vn 0.8434 -0.2744 0.4619
vn 0.0679 -0.9974 0.0236
vn 0.8430 -0.2772 -0.4609
vn 0.7932 -0.3103 0.5240
vn -0.6063 0.1318 -0.7843
vn 0.4326 0.4446 -0.7844
vn -0.6267 -0.0725 -0.7759
vn -0.5856 -0.0033 0.8106
vn -0.6368 -0.0173 0.7708
vn 0.8702 -0.2716 -0.4110
vn 0.1989 -0.9800 0.0094
vn 0.8697 -0.1847 -0.4577
vn 0.8906 -0.1395 0.4329
vn 0.3791 0.4455 -0.8111
vn -0.5832 -0.0545 0.8105
vn -0.6360 -0.0621 0.7692
vn 0.8905 -0.1944 -0.4113
vn 1.0000 -0.0020 0.0075
vn -0.1514 0.5840 0.7975
vn 0.8771 -0.1133 -0.4667
vn 0.9996 0.0281 0.0008
vn -0.3831 -0.4674 -0.7967
vn -0.5663 -0.2560 -0.7834
vn 0.4244 -0.7842 -0.4527
vn -0.3455 -0.4703 -0.8120
vn 0.3961 -0.9175 0.0362
vn 0.9062 0.0112 -0.4227
vn 0.2503 0.5272 -0.8120
vn 0.9052 0.1413 0.4008
vn 0.5772 -0.6840 -0.4462
vn -0.2639 0.5145 0.8159
vn 0.8462 0.3932 0.3595
vn 0.8256 0.3988 -0.3991
vn 0.8995 0.0954 0.4264
vn 0.9004 0.1495 -0.4086
vn 0.6106 -0.6445 0.4602
vn 0.5540 -0.7038 -0.4447
vn -0.2476 0.5686 0.7845
vn -0.5683 -0.2924 0.7691
vn -0.2708 0.5178 0.8115
vn 0.8817 0.1887 -0.4324
vn 0.6450 -0.6431 -0.4128
vn 0.9475 0.3189 0.0230
vn -0.3178 0.5085 -0.8003
vn -0.2457 -0.5693 -0.7845
vn 0.6420 -0.6167 0.4556
vn 0.8800 0.3214 -0.3498
vn 0.7145 -0.5759 -0.3973
vn 0.9161 0.4002 0.0233
vn -0.1955 -0.5885 -0.7845
vn -0.3025 0.4773 0.8250
vn 0.8799 0.3288 0.3429
vn 0.8465 0.5155 -0.1329
vn 0.7298 -0.4755 0.4913
vn 0.7973 0.5869 -0.1407
vn 0.8291 -0.5249 -0.1925
vn 0.7973 0.5864 0.1429
vn 0.8291 -0.5261 0.1891
vn 0.8403 -0.4754 0.2605
vn 0.8233 -0.4541 0.3406
vn 0.8343 -0.3426 -0.4320
vn 0.8135 -0.0345 0.5806
vn 0.8358 -0.4964 -0.2346
vn 0.8249 0.1673 -0.5400
vn 0.8117 -0.0823 0.5782
vn 0.8232 0.2866 0.4901
vn 0.8503 -0.0903 0.5185
vn 0.8421 -0.0350 0.5382
vn 0.8208 0.4800 0.3096
vn 0.8403 0.0826 0.5357
vn 0.8228 -0.1548 -0.5468
vn 0.8175 0.4374 0.3746
vn 0.8343 -0.5193 0.1852
vn 0.8130 0.5579 -0.1667
vn 0.8342 -0.4409 0.3312
vn -0.7958 0.4954 -0.3484
vn -0.8202 -0.3383 -0.4614
vn -0.8007 -0.5416 -0.2562
vn -0.0244 0.3652 0.9306
vn 0.4581 0.3782 0.8044
vn 0.4557 -0.6192 0.6395
vn -0.6135 -0.1005 0.7832
vn 0.3637 0.6898 0.6261
vn -0.8086 0.4822 0.3372
vn -0.7973 0.5752 -0.1829
vn -0.8202 -0.0623 -0.5687
vn -0.6081 -0.4582 0.6482
vn 0.4581 -0.0746 0.8858
vn -0.8202 -0.5236 -0.2304
vn -0.8051 -0.5928 0.0193
vn -0.0244 0.7815 0.6234
vn 0.4582 0.7297 0.5076
vn -0.0244 -0.1491 0.9885
vn 0.5432 -0.7717 0.3309
vn -0.6201 0.3011 0.7244
vn 0.3864 0.8961 0.2184
vn -0.8202 0.2304 -0.5236
vn -0.5766 -0.7973 0.1782
vn 0.4581 -0.5075 0.7298
vn -0.8202 -0.5687 0.0623
vn -0.8068 -0.3162 -0.4990
vn -0.0244 0.9885 0.1491
vn 0.4581 0.8858 0.0746
vn -0.8051 -0.5804 0.1223
vn -0.8104 -0.4478 -0.3779
vn -0.8035 -0.0799 0.5899
vn -0.8007 0.1613 0.5770
vn -0.0244 -0.6234 0.7815
vn 0.3546 -0.8935 -0.2754
vn -0.5766 0.5530 0.6014
vn 0.4220 0.6479 0.6342
vn -0.8007 0.3446 0.4901
vn -0.8202 0.4614 -0.3383
vn -0.6245 -0.7767 -0.0824
vn 0.4581 -0.8044 0.3782
vn -0.0244 0.9306 -0.3652
vn 0.4389 0.7938 0.4211
vn -0.0244 -0.9306 0.3652
vn 0.4509 -0.6458 -0.6162
vn -0.6142 0.7864 0.0653
vn 0.1767 0.6063 -0.7754
vn -0.8035 0.1804 0.5674
vn -0.8202 0.5687 -0.0623
vn -0.5766 -0.5530 -0.6014
vn 0.4581 -0.8858 -0.0746
vn -0.8202 -0.2304 0.5237
vn -0.0244 0.6234 -0.7815
vn 0.4581 0.5075 -0.7298
vn -0.0244 -0.9885 -0.1491
vn 0.5359 -0.3385 -0.7735
vn -0.0151 0.9906 0.1359
vn 0.2516 0.1518 -0.9559
vn -0.8104 0.5211 0.2679
vn -0.6113 -0.3343 -0.7173
vn 0.4935 -0.7048 -0.5096
vn -0.8202 0.0623 0.5687
vn -0.0150 0.9912 -0.1313
vn 0.4581 0.0746 -0.8858
vn -0.8068 0.4377 0.3968
vn -0.0244 -0.7815 -0.6234
vn 0.4975 -0.5508 -0.6702
vn -0.6130 0.4787 -0.6285
vn 0.2222 0.7585 -0.6126
vn -0.8202 0.3383 0.4614
vn -0.5766 0.2443 -0.7796
vn 0.4581 -0.3782 -0.8044
vn -0.0244 -0.3652 -0.9306
vn 0.8007 0.0889 -0.5925
vn 0.8202 -0.5199 -0.2387
vn 0.8074 0.3489 -0.4758
vn 0.7958 -0.2217 -0.5636
vn 0.8202 -0.5696 0.0532
vn 0.8036 -0.5923 -0.0577
vn 0.8202 -0.3309 -0.4667
vn 0.7973 0.5962 -0.0939
vn 0.7946 0.6027 0.0728
vn 0.8054 0.2419 0.5411
vn 0.7973 -0.3794 -0.4694
vn 0.8202 -0.4667 0.3309
vn 0.8202 -0.0533 -0.5696
vn 0.8202 -0.2387 0.5199
vn 0.8202 0.2387 -0.5199
vn 0.7973 0.3794 0.4694
vn 0.8068 -0.3701 -0.4605
vn 0.8202 0.0532 0.5696
vn 0.8104 -0.4728 -0.3461
vn 0.8011 -0.3728 0.4683
vn 0.8202 0.4667 -0.3309
vn 0.7973 -0.2168 0.5633
vn 0.8202 0.5696 -0.0532
vn 0.8202 0.5199 0.2387
vn -0.5680 0.7081 0.4195
vn -1.0000 0.0002 -0.0019
vn -0.6881 -0.5555 -0.4668
vn -0.0007 0.0827 -0.9966
vn -0.6535 0.6218 0.4317
vn 0.6870 -0.5857 -0.4301
vn 0.6544 0.6868 0.3161
vn 0.3357 0.9400 0.0608
vn -0.0011 0.1995 -0.9799
vn 0.6874 -0.5634 -0.4584
vn 1.0000 -0.0003 -0.0004
vn -1.0000 0.0012 -0.0015
vn -1.0000 0.0010 -0.0016
vn -0.3350 -0.6254 -0.7047
vn -0.6543 0.6787 0.3335
vn 0.5089 -0.7456 0.4302
vn 0.5091 -0.7457 0.4298
vn 0.3907 -0.8818 0.2641
vn -0.9999 -0.0108 -0.0033
vn -0.6781 0.2669 -0.6848
vn -1.0000 -0.0072 -0.0038
vn -0.6488 -0.4124 0.6395
vn -0.0158 -0.4227 -0.9061
vn 0.0150 -0.9999 0.0060
vn 0.6490 -0.4679 0.5999
vn 0.6772 0.2738 -0.6830
vt 0.984334 0.975880
vt 0.973695 0.975880
vt 0.975850 0.975801
vt 0.984484 0.478971
vt 0.973944 0.480405
vt 0.973695 0.478971
vt 0.931700 0.964607
vt 0.931993 0.973610
vt 0.931700 0.975745
vt 0.931993 0.964959
vt 0.932186 0.964607
vt 0.932186 0.975745
vt 0.403369 0.997392
vt 0.403241 0.997790
vt 0.403241 0.996311
vt 0.994504 0.864080
vt 0.984674 0.864080
vt 0.984908 0.863733
vt 0.993615 0.861559
vt 0.994504 0.862740
vt 0.984674 0.862740
vt 0.276997 0.542189
vt 0.277139 0.550873
vt 0.276997 0.564413
vt 0.465415 0.687343
vt 0.465415 0.665119
vt 0.465760 0.675570
vt 0.103862 0.987242
vt 0.104263 0.988185
vt 0.103862 0.995928
vt 0.317161 0.964607
vt 0.317439 0.968610
vt 0.317161 0.976386
vt 0.321100 0.987242
vt 0.321313 0.989217
vt 0.321100 0.995023
vt 0.805538 0.992094
vt 0.805171 0.993051
vt 0.805171 0.987242
vt 0.377488 0.997886
vt 0.377488 0.996311
vt 0.377589 0.997413
vt 0.996562 0.767676
vt 0.997869 0.767889
vt 0.995002 0.767889
vt 0.998263 0.587565
vt 0.996065 0.587871
vt 0.995002 0.587565
vt 0.199505 0.611406
vt 0.199791 0.625911
vt 0.199505 0.629160
vt 0.558336 0.987242
vt 0.558607 0.990096
vt 0.558336 0.993976
vt 0.483472 0.621591
vt 0.483472 0.603837
vt 0.483870 0.610558
vt 0.968292 0.962335
vt 0.965647 0.961214
vt 0.968613 0.961165
vt 0.966720 0.962334
vt 0.970096 0.962614
vt 0.375713 0.997884
vt 0.374918 0.996311
vt 0.375713 0.996311
vt 0.256281 0.998136
vt 0.255486 0.996311
vt 0.256281 0.996311
vt 0.374918 0.997884
vt 0.998743 0.352918
vt 0.996578 0.355431
vt 0.995002 0.352918
vt 0.998744 0.400016
vt 0.995002 0.400016
vt 0.997682 0.398331
vt 0.961883 0.962424
vt 0.964903 0.962614
vt 0.997019 0.255832
vt 0.995002 0.252614
vt 0.998956 0.252614
vt 0.997691 0.345764
vt 0.995002 0.344092
vt 0.998800 0.344092
vt 0.997823 0.534419
vt 0.995002 0.532483
vt 0.998320 0.532483
vt 0.971522 0.961748
vt 0.998423 0.479588
vt 0.995887 0.482420
vt 0.995002 0.479588
vt 0.186520 0.998246
vt 0.186959 0.996311
vt 0.186959 0.998303
vt 0.174809 0.996924
vt 0.174337 0.998310
vt 0.174337 0.996311
vt 0.995002 0.890339
vt 0.995564 0.889807
vt 0.997475 0.890339
vt 0.963152 0.963191
vt 0.997720 0.390512
vt 0.998759 0.392155
vt 0.995002 0.392155
vt 0.961514 0.964053
vt 0.998734 0.413657
vt 0.995002 0.413657
vt 0.996260 0.412558
vt 0.998734 0.342481
vt 0.995002 0.342481
vt 0.996970 0.339310
vt 0.997707 0.402123
vt 0.995002 0.400458
vt 0.998734 0.400458
vt 0.247581 0.998149
vt 0.246786 0.996311
vt 0.247581 0.996311
vt 0.242089 0.998155
vt 0.241294 0.998155
vt 0.241294 0.996311
vt 0.242089 0.996311
vt 0.163218 0.998318
vt 0.162775 0.998318
vt 0.162775 0.996311
vt 0.217604 0.997157
vt 0.217139 0.998255
vt 0.217139 0.996311
vt 0.996081 0.687387
vt 0.995002 0.686879
vt 0.998072 0.686879
vt 0.246786 0.998149
vt 0.971854 0.963194
vt 0.255486 0.998136
vt 0.240499 0.998162
vt 0.239704 0.996311
vt 0.240499 0.996311
vt 0.997686 0.344092
vt 0.995002 0.342494
vt 0.998804 0.342494
vt 0.973484 0.964053
vt 0.996045 0.323513
vt 0.998861 0.324624
vt 0.995002 0.324624
vt 0.995002 0.324624
vt 0.998743 0.324624
vt 0.996788 0.327951
vt 0.998779 0.360777
vt 0.995002 0.360777
vt 0.997673 0.359157
vt 0.207049 0.996311
vt 0.207475 0.996384
vt 0.207049 0.998287
vt 0.998310 0.567703
vt 0.995002 0.567703
vt 0.996922 0.567236
vt 0.995002 0.799663
vt 0.997718 0.799663
vt 0.996884 0.800572
vt 0.996835 0.788738
vt 0.997718 0.790800
vt 0.995002 0.790800
vt 0.091090 0.996311
vt 0.091090 0.998401
vt 0.090532 0.998246
vt 0.997509 0.795986
vt 0.997761 0.796334
vt 0.995002 0.796334
vt 0.995002 0.810905
vt 0.996543 0.809609
vt 0.997670 0.810905
vt 0.995002 0.783598
vt 0.997669 0.783523
vt 0.997839 0.783598
vt 0.995972 0.873175
vt 0.997534 0.873362
vt 0.995002 0.873362
vt 0.997814 0.747236
vt 0.997814 0.750010
vt 0.995002 0.747610
vt 0.998699 0.442123
vt 0.996013 0.442408
vt 0.995002 0.442123
vt 0.256281 0.998149
vt 0.256281 0.996311
vt 0.256722 0.997196
vt 0.418968 0.997711
vt 0.418968 0.996311
vt 0.419181 0.997527
vt 0.995002 0.996194
vt 0.997211 0.996119
vt 0.997246 0.996194
vt 0.559023 0.996357
vt 0.558954 0.996593
vt 0.558954 0.996311
vt 0.216227 0.996311
vt 0.216298 0.996887
vt 0.216227 0.998285
vt 0.257859 0.998136
vt 0.257859 0.996311
vt 0.258246 0.997948
vt 0.021929 0.998372
vt 0.021578 0.998522
vt 0.021578 0.996311
vt 0.091626 0.998277
vt 0.091090 0.998401
vt 0.091090 0.996311
vt 0.082642 0.998443
vt 0.082091 0.998276
vt 0.082642 0.996311
vt 0.995002 0.982943
vt 0.997311 0.982943
vt 0.997118 0.983200
vt 0.995945 0.773287
vt 0.995002 0.771179
vt 0.997765 0.771179
vt 0.996655 0.795676
vt 0.997765 0.795986
vt 0.995002 0.795986
vt 0.995002 0.449052
vt 0.996700 0.448793
vt 0.998656 0.449052
vt 0.559216 0.996560
vt 0.559142 0.996481
vt 0.559216 0.996311
vt 0.999435 0.149981
vt 0.995002 0.149981
vt 0.995786 0.149796
vt 0.544497 0.996311
vt 0.544516 0.996869
vt 0.544497 0.997117
vt 0.995002 0.797038
vt 0.997776 0.797038
vt 0.997668 0.797052
vt 0.995002 0.816221
vt 0.995872 0.816012
vt 0.997703 0.816221
vt 0.997668 0.823512
vt 0.997314 0.823943
vt 0.995002 0.823512
vt 0.997354 0.975921
vt 0.997312 0.975975
vt 0.995002 0.975921
vt 0.251320 0.996311
vt 0.251320 0.998162
vt 0.250881 0.997384
vt 0.997313 0.974654
vt 0.996846 0.975542
vt 0.995002 0.974654
vt 0.113405 0.998355
vt 0.113315 0.998391
vt 0.113315 0.996311
vt 0.996556 0.773287
vt 0.997798 0.774668
vt 0.995002 0.774668
vt 0.997750 0.763246
vt 0.997750 0.765898
vt 0.995002 0.763760
vt 0.995002 0.513618
vt 0.997359 0.513340
vt 0.998484 0.513618
vt 0.558306 0.996311
vt 0.558399 0.996661
vt 0.558153 0.996661
vt 0.530770 0.996311
vt 0.530913 0.996644
vt 0.530770 0.997175
vt 0.995002 0.252614
vt 0.995798 0.252281
vt 0.999107 0.252614
vt 0.997901 0.250201
vt 0.995002 0.249300
vt 0.999107 0.249300
vt 0.999436 0.150611
vt 0.995002 0.150611
vt 0.998889 0.150555
vt 0.998889 0.314744
vt 0.995002 0.314744
vt 0.996072 0.313821
vt 0.403369 0.997724
vt 0.403369 0.996311
vt 0.404780 0.996612
vt 0.996746 0.704066
vt 0.998038 0.704708
vt 0.995002 0.704708
vt 0.241294 0.996311
vt 0.241294 0.998162
vt 0.240499 0.998162
vt 0.997709 0.804503
vt 0.995002 0.804503
vt 0.996655 0.803730
vt 0.240499 0.996311
vt 0.165329 0.996311
vt 0.166058 0.997984
vt 0.165329 0.998302
vt 0.998631 0.431914
vt 0.995002 0.431914
vt 0.997419 0.429926
vt 0.311090 0.997977
vt 0.311090 0.996311
vt 0.312248 0.996916
vt 0.267208 0.864434
vt 0.264129 0.864994
vt 0.264129 0.842620
vt 0.066597 0.780417
vt 0.066597 0.758043
vt 0.067547 0.771696
vt 0.496928 0.806773
vt 0.496928 0.793087
vt 0.497942 0.794409
vt 0.996909 0.849352
vt 0.997608 0.849787
vt 0.995002 0.849787
vt 0.997123 0.977079
vt 0.995002 0.976713
vt 0.997330 0.976713
vt 0.075546 0.996311
vt 0.075963 0.997755
vt 0.075546 0.998464
vt 0.995002 0.562219
vt 0.998325 0.562219
vt 0.997545 0.562787
vt 0.242965 0.996311
vt 0.243760 0.998154
vt 0.242965 0.998154
vt 0.239704 0.998162
vt 0.946158 0.964607
vt 0.947487 0.965352
vt 0.946309 0.966437
vt 0.243760 0.996311
vt 0.248376 0.998148
vt 0.247581 0.996311
vt 0.248376 0.996311
vt 0.998113 0.604995
vt 0.995002 0.604995
vt 0.998023 0.602789
vt 0.946158 0.975672
vt 0.124754 0.768411
vt 0.125710 0.758050
vt 0.125710 0.780282
vt 0.280038 0.856223
vt 0.276881 0.867082
vt 0.276881 0.844849
vt 0.179599 0.965734
vt 0.176700 0.976410
vt 0.176700 0.964607
vt 0.218827 0.996311
vt 0.219127 0.998250
vt 0.218696 0.998250
vt 0.995002 0.976293
vt 0.995154 0.975975
vt 0.997338 0.976293
vt 0.995002 0.778321
vt 0.995949 0.777822
vt 0.997827 0.778321
vt 0.996337 0.975921
vt 0.995002 0.975542
vt 0.997338 0.975542
vt 0.428758 0.996311
vt 0.428790 0.996886
vt 0.428758 0.997636
vt 0.994309 0.992264
vt 0.994309 0.987242
vt 0.994341 0.988951
vt 0.992336 0.987242
vt 0.992336 0.992266
vt 0.992110 0.990960
vt 0.546433 0.996624
vt 0.546356 0.997063
vt 0.546356 0.996311
vt 0.997445 0.790800
vt 0.997787 0.791085
vt 0.995002 0.791085
vt 0.251320 0.998162
vt 0.251320 0.996311
vt 0.251758 0.997096
vt 0.997461 0.882643
vt 0.995002 0.882643
vt 0.996684 0.881498
vt 0.996541 0.794139
vt 0.995002 0.792807
vt 0.997719 0.792807
vt 0.995877 0.814288
vt 0.997708 0.814495
vt 0.995002 0.814495
vt 0.995002 0.757097
vt 0.997758 0.757097
vt 0.997418 0.759792
vt 0.997692 0.457990
vt 0.998622 0.458287
vt 0.995002 0.458287
vt 0.998095 0.675831
vt 0.995002 0.675831
vt 0.996646 0.675310
vt 0.997231 0.658325
vt 0.998095 0.659250
vt 0.995002 0.659250
vt 0.378591 0.997817
vt 0.378591 0.996311
vt 0.379827 0.996587
vt 0.995002 0.427689
vt 0.996377 0.427526
vt 0.998727 0.427689
vt 0.996779 0.973313
vt 0.997358 0.973379
vt 0.995002 0.973379
vt 0.554646 0.996428
vt 0.554638 0.996894
vt 0.554638 0.996311
vt 0.553885 0.996375
vt 0.553861 0.996924
vt 0.553861 0.996311
vt 0.997554 0.856830
vt 0.995002 0.857285
vt 0.995002 0.856483
vt 0.995002 0.849353
vt 0.995322 0.848620
vt 0.997595 0.849353
vt 0.995002 0.538939
vt 0.998321 0.538939
vt 0.997008 0.540555
vt 0.076894 0.998392
vt 0.076833 0.996311
vt 0.078648 0.996311
vt 0.997838 0.768625
vt 0.995002 0.768625
vt 0.997526 0.767890
vt 0.995002 0.778731
vt 0.997811 0.778321
vt 0.997811 0.779123
vt 0.995002 0.786664
vt 0.997723 0.786664
vt 0.996940 0.788738
vt 0.995002 0.469140
vt 0.995299 0.468396
vt 0.998566 0.469140
vt 0.998353 0.529499
vt 0.995002 0.529499
vt 0.996025 0.527520
vt 0.998109 0.633546
vt 0.996273 0.635073
vt 0.995002 0.633546
vt 0.998109 0.643831
vt 0.995002 0.643831
vt 0.996277 0.642737
vt 0.102284 0.998321
vt 0.101568 0.996311
vt 0.103247 0.996311
vt 0.998321 0.549308
vt 0.996397 0.550470
vt 0.995002 0.549308
vt 0.998558 0.469808
vt 0.995002 0.470040
vt 0.995002 0.469237
vt 0.995002 0.550470
vt 0.998263 0.550470
vt 0.997771 0.552774
vt 0.062929 0.998423
vt 0.061884 0.996311
vt 0.063699 0.996311
vt 0.995002 0.846930
vt 0.997549 0.846930
vt 0.995665 0.848620
vt 0.997664 0.443105
vt 0.998622 0.444646
vt 0.995002 0.444646
vt 0.998622 0.435199
vt 0.997039 0.437174
vt 0.995002 0.435199
vt 0.995002 0.460389
vt 0.998548 0.459587
vt 0.998592 0.460389
vt 0.998058 0.683652
vt 0.995002 0.683652
vt 0.996345 0.682616
vt 0.998592 0.461138
vt 0.995002 0.461138
vt 0.998305 0.460389
vt 0.997936 0.718532
vt 0.995244 0.720588
vt 0.995002 0.718532
vt 0.088307 0.998381
vt 0.086817 0.997044
vt 0.088307 0.996311
vt 0.995002 0.570820
vt 0.996821 0.569721
vt 0.998263 0.570820
vt 0.998095 0.630772
vt 0.995002 0.631064
vt 0.995002 0.628862
vt 0.041860 0.998436
vt 0.040188 0.997003
vt 0.041860 0.996311
vt 0.997247 0.449052
vt 0.998606 0.450255
vt 0.995002 0.450255
vt 0.998161 0.592177
vt 0.998098 0.593989
vt 0.995002 0.592177
vt 0.998032 0.639988
vt 0.995002 0.640880
vt 0.995002 0.638037
vt 0.997558 0.835261
vt 0.995782 0.837198
vt 0.995002 0.835261
vt 0.120688 0.998296
vt 0.119078 0.996311
vt 0.120768 0.996311
vt 0.997365 0.883383
vt 0.997477 0.884178
vt 0.995002 0.884178
vt 0.190729 0.998230
vt 0.189616 0.996311
vt 0.191428 0.996311
vt 0.996428 0.440378
vt 0.998663 0.441442
vt 0.995002 0.441442
vt 0.995002 0.435199
vt 0.996579 0.433902
vt 0.998663 0.435199
vt 0.997897 0.750809
vt 0.995002 0.750809
vt 0.997364 0.750013
vt 0.236830 0.998131
vt 0.236188 0.996311
vt 0.237856 0.996311
vt 0.997603 0.508014
vt 0.998437 0.509285
vt 0.995002 0.509285
vt 0.998437 0.513340
vt 0.995002 0.513340
vt 0.996948 0.512114
vt 0.997958 0.287009
vt 0.998939 0.288532
vt 0.995002 0.288532
vt 0.998939 0.285485
vt 0.996268 0.287009
vt 0.995002 0.285485
vt 0.376571 0.996311
vt 0.376691 0.997307
vt 0.376571 0.997908
vt 0.998607 0.462691
vt 0.995002 0.462691
vt 0.997033 0.462422
vt 0.998607 0.462422
vt 0.995002 0.462422
vt 0.998038 0.462049
vt 0.998061 0.684543
vt 0.995002 0.684543
vt 0.996206 0.683652
vt 0.395874 0.997768
vt 0.395525 0.996311
vt 0.396869 0.996311
vt 0.996771 0.735221
vt 0.997966 0.735836
vt 0.995002 0.735836
vt 0.202481 0.996311
vt 0.202519 0.998220
vt 0.202481 0.998309
vt 0.995002 0.996304
vt 0.995054 0.996253
vt 0.997051 0.996304
vt 0.237901 0.996354
vt 0.237856 0.998211
vt 0.237856 0.996311
vt 0.502456 0.997343
vt 0.502456 0.996311
vt 0.502485 0.996378
vt 0.996725 0.854597
vt 0.995002 0.854023
vt 0.997581 0.854023
vt 0.515640 0.997276
vt 0.515640 0.996311
vt 0.515752 0.996477
vt 0.550317 0.996353
vt 0.550154 0.997013
vt 0.550154 0.996311
vt 0.995002 0.800660
vt 0.997681 0.800572
vt 0.997758 0.800660
vt 0.256722 0.996311
vt 0.257165 0.997279
vt 0.256722 0.998148
vt 0.247581 0.998148
vt 0.997682 0.818800
vt 0.995002 0.818800
vt 0.997374 0.818431
vt 0.997403 0.929506
vt 0.995002 0.929506
vt 0.997139 0.929052
vt 0.065493 0.998378
vt 0.065168 0.998496
vt 0.065168 0.996311
vt 0.098180 0.998379
vt 0.098052 0.998404
vt 0.098052 0.996311
vt 0.984628 0.977705
vt 0.984316 0.986935
vt 0.984316 0.976687
vt 0.114654 0.996311
vt 0.114921 0.998367
vt 0.114404 0.998367
vt 0.848869 0.987242
vt 0.848869 0.992837
vt 0.847057 0.988250
vt 0.984567 0.338350
vt 0.973695 0.338350
vt 0.979068 0.337319
vt 0.485932 0.572686
vt 0.485776 0.584521
vt 0.485776 0.562439
vt 0.779403 0.964607
vt 0.779481 0.965026
vt 0.779403 0.975898
vt 0.280038 0.866932
vt 0.280038 0.844849
vt 0.282086 0.855828
vt 0.995002 0.839898
vt 0.997653 0.839898
vt 0.997592 0.839909
vt 0.995002 0.940062
vt 0.995567 0.939816
vt 0.997375 0.940062
vt 0.164601 0.998302
vt 0.164601 0.996311
vt 0.165329 0.997984
vt 0.273283 0.998127
vt 0.272885 0.996993
vt 0.273283 0.996311
vt 0.377088 0.996783
vt 0.376691 0.997883
vt 0.376691 0.996311
vt 0.544914 0.997101
vt 0.544788 0.997032
vt 0.544914 0.996311
vt 0.910520 0.043232
vt 0.922923 0.042963
vt 0.924061 0.043232
vt 0.998203 0.596329
vt 0.997878 0.596985
vt 0.995002 0.596329
vt 0.852438 0.976687
vt 0.852926 0.979850
vt 0.852438 0.987144
vt 0.997214 0.991051
vt 0.997214 0.992731
vt 0.995002 0.991918
vt 0.998384 0.522827
vt 0.997506 0.524271
vt 0.995002 0.522827
vt 0.997629 0.808614
vt 0.995002 0.806482
vt 0.997629 0.806257
vt 0.996256 0.535273
vt 0.998353 0.536389
vt 0.995002 0.536389
vt 0.998352 0.529499
vt 0.997547 0.530993
vt 0.995002 0.529499
vt 0.997953 0.697952
vt 0.995757 0.700483
vt 0.995002 0.697952
vt 0.995002 0.638037
vt 0.996384 0.636678
vt 0.998109 0.638037
vt 0.850551 0.987135
vt 0.850551 0.976687
vt 0.851347 0.976778
vt 0.874549 0.987001
vt 0.872090 0.987001
vt 0.872875 0.976687
vt 0.984823 0.141004
vt 0.994985 0.142936
vt 0.984674 0.142936
vt 0.998073 0.645640
vt 0.995002 0.644051
vt 0.998073 0.643831
vt 0.998418 0.497736
vt 0.995002 0.497736
vt 0.997572 0.495708
vt 0.998276 0.554740
vt 0.995002 0.554740
vt 0.995431 0.552774
vt 0.998081 0.642721
vt 0.995002 0.642737
vt 0.995002 0.640881
vt 0.282152 0.998091
vt 0.282152 0.996311
vt 0.282373 0.996909
vt 0.516057 0.996311
vt 0.516226 0.997069
vt 0.516057 0.997269
vt 0.401031 0.997802
vt 0.400764 0.997073
vt 0.401031 0.996311
vt 0.995002 0.867744
vt 0.997036 0.865611
vt 0.997456 0.867744
vt 0.995002 0.725878
vt 0.997995 0.725240
vt 0.997997 0.725878
vt 0.991890 0.444994
vt 0.994794 0.445727
vt 0.984674 0.445727
vt 0.984674 0.351026
vt 0.994768 0.351741
vt 0.984674 0.354369
vt 0.725148 0.987118
vt 0.723140 0.986282
vt 0.725148 0.976687
vt 0.997919 0.730366
vt 0.995002 0.731963
vt 0.995002 0.729941
vt 0.997777 0.427526
vt 0.995002 0.426123
vt 0.998678 0.426123
vt 0.998678 0.426123
vt 0.995002 0.426123
vt 0.996165 0.424697
vt 0.281346 0.996311
vt 0.282055 0.997713
vt 0.281346 0.998072
vt 0.280636 0.998072
vt 0.280636 0.996311
vt 0.281346 0.997713
vt 0.382585 0.997852
vt 0.382585 0.996311
vt 0.382780 0.996799
vt 0.997936 0.735221
vt 0.995002 0.735221
vt 0.996606 0.733929
vt 0.983374 0.976687
vt 0.983374 0.987075
vt 0.982582 0.976764
vt 0.984674 0.308552
vt 0.994882 0.310208
vt 0.984674 0.310949
vt 0.994740 0.337186
vt 0.994873 0.339034
vt 0.984674 0.339034
vt 0.997761 0.742637
vt 0.997880 0.744293
vt 0.995002 0.744293
vt 0.997492 0.645698
vt 0.998061 0.647678
vt 0.995002 0.647678
vt 0.998219 0.575076
vt 0.995002 0.575076
vt 0.995700 0.573341
vt 0.997880 0.739341
vt 0.995002 0.741057
vt 0.995002 0.739332
vt 0.398617 0.996311
vt 0.399095 0.997755
vt 0.398617 0.997801
vt 0.555275 0.996311
vt 0.555486 0.996691
vt 0.555275 0.996848
vt 0.556812 0.996311
vt 0.556848 0.996744
vt 0.556812 0.996791
vt 0.997775 0.776169
vt 0.996176 0.777822
vt 0.995002 0.776169
vt 0.995748 0.257294
vt 0.999029 0.258584
vt 0.995002 0.258584
vt 0.387305 0.991189
vt 0.386506 0.994547
vt 0.386506 0.987242
vt 0.984674 0.488932
vt 0.994693 0.488932
vt 0.987603 0.490694
vt 0.856034 0.986212
vt 0.852926 0.986996
vt 0.852926 0.976687
vt 0.994983 0.144812
vt 0.984674 0.144812
vt 0.994214 0.142936
vt 0.998111 0.631570
vt 0.995891 0.633231
vt 0.995002 0.631570
vt 0.090435 0.996311
vt 0.090435 0.998440
vt 0.090175 0.997779
vt 0.550058 0.996496
vt 0.549945 0.997021
vt 0.549945 0.996311
vt 0.081440 0.998439
vt 0.081440 0.996311
vt 0.082091 0.997201
vt 0.292451 0.998064
vt 0.292451 0.996311
vt 0.292681 0.997390
vt 0.418264 0.996364
vt 0.418001 0.997711
vt 0.418001 0.996311
vt 0.152799 0.995724
vt 0.152799 0.987242
vt 0.152844 0.988355
vt 0.379946 0.994613
vt 0.379946 0.987242
vt 0.380223 0.988402
vt 0.407085 0.997630
vt 0.406707 0.997766
vt 0.406707 0.996311
vt 0.559495 0.996540
vt 0.559495 0.996311
vt 0.559551 0.996331
vt 0.995056 0.493036
vt 0.998528 0.493259
vt 0.995002 0.493259
vt 0.307083 0.703959
vt 0.305155 0.706856
vt 0.305155 0.682551
vt 0.340606 0.847325
vt 0.340606 0.823020
vt 0.344288 0.827568
vt 0.685172 0.987242
vt 0.685317 0.987609
vt 0.685172 0.993459
vt 0.997297 0.987641
vt 0.995002 0.987641
vt 0.995560 0.987409
vt 0.558650 0.996364
vt 0.558580 0.996626
vt 0.558580 0.996311
vt 0.528545 0.996914
vt 0.528569 0.996311
vt 0.528569 0.997185
vt 0.559939 0.996371
vt 0.559965 0.996311
vt 0.559965 0.996454
vt 0.559054 0.996451
vt 0.559024 0.996580
vt 0.559024 0.996311
vt 0.997297 0.977978
vt 0.995002 0.977978
vt 0.996854 0.977079
vt 0.220918 0.998217
vt 0.220141 0.996311
vt 0.221150 0.996311
vt 0.097445 0.996311
vt 0.097445 0.998369
vt 0.096559 0.996792
vt 0.492396 0.997382
vt 0.492396 0.996311
vt 0.492580 0.996603
vt 0.538354 0.975434
vt 0.537903 0.976096
vt 0.537903 0.964607
vt 0.973866 0.361640
vt 0.984532 0.362669
vt 0.973695 0.362669
vt 0.973695 0.681526
vt 0.973793 0.680551
vt 0.984465 0.681526
vt 0.995520 0.915059
vt 0.997415 0.915891
vt 0.995002 0.915891
vt 0.285069 0.845537
vt 0.282086 0.866880
vt 0.282086 0.844849
vt 0.133225 0.608986
vt 0.133023 0.619780
vt 0.133023 0.598230
vt 0.973810 0.680085
vt 0.984491 0.680551
vt 0.973695 0.680551
vt 0.973695 0.478807
vt 0.973855 0.478417
vt 0.984538 0.478807
vt 0.156178 0.967828
vt 0.154927 0.976511
vt 0.154927 0.964607
vt 0.411643 0.847196
vt 0.413153 0.865656
vt 0.410091 0.865656
vt 0.447863 0.785116
vt 0.447863 0.767300
vt 0.448951 0.770580
vt 0.211828 0.864839
vt 0.211828 0.846314
vt 0.214854 0.863871
vt 0.949098 0.939059
vt 0.936666 0.939059
vt 0.936717 0.938266
vt 0.949098 0.939059
vt 0.949047 0.939853
vt 0.318808 0.995036
vt 0.318017 0.994955
vt 0.318808 0.987242
vt 0.179599 0.976511
vt 0.179599 0.964607
vt 0.180394 0.972360
vt 0.984674 0.956000
vt 0.993944 0.956000
vt 0.993876 0.956792
vt 0.154927 0.964913
vt 0.153763 0.976516
vt 0.153763 0.964607
vt 0.984674 0.956000
vt 0.984742 0.955207
vt 0.993944 0.956000
vt 0.334337 0.964607
vt 0.335132 0.976268
vt 0.334337 0.976268
vt 0.578931 0.966588
vt 0.581632 0.964607
vt 0.581632 0.975915
vt 0.998999 0.242795
vt 0.995002 0.241599
vt 0.999132 0.241599
vt 0.999571 0.101437
vt 0.995002 0.101437
vt 0.995467 0.100687
vt 0.926295 0.987242
vt 0.926919 0.987487
vt 0.926295 0.992544
vt 0.897080 0.992544
vt 0.893753 0.992153
vt 0.897080 0.987242
vt 0.958292 0.987242
vt 0.959941 0.987751
vt 0.958292 0.992337
vt 0.995327 0.023157
vt 0.999876 0.023586
vt 0.995002 0.023586
vt 0.973421 0.964756
vt 0.973101 0.975669
vt 0.973101 0.964606
vt 0.994556 0.859185
vt 0.984674 0.859185
vt 0.994374 0.858735
vt 0.984432 0.321062
vt 0.984612 0.321511
vt 0.973695 0.321511
vt 0.873361 0.987242
vt 0.873382 0.987371
vt 0.873361 0.992813
vt 0.538597 0.964607
vt 0.538597 0.976096
vt 0.538354 0.970529
vt 0.358713 0.987554
vt 0.358754 0.987242
vt 0.358754 0.994753
vt 0.358624 0.987242
vt 0.358713 0.988111
vt 0.358624 0.994753
vt 0.242926 0.987242
vt 0.243311 0.994432
vt 0.242926 0.995344
vt 0.260536 0.995283
vt 0.260517 0.995345
vt 0.260517 0.987242
vt 0.578127 0.987242
vt 0.578160 0.993670
vt 0.578127 0.993886
vt 0.456069 0.996311
vt 0.456144 0.997299
vt 0.456069 0.997504
vt 0.634754 0.993316
vt 0.634577 0.993669
vt 0.634577 0.987242
vt 0.722857 0.993319
vt 0.721916 0.992540
vt 0.722857 0.987242
vt 0.503444 0.997297
vt 0.504167 0.996311
vt 0.504345 0.997297
vt 0.973695 0.353280
vt 0.973826 0.352818
vt 0.984573 0.353280
vt 0.974745 0.352253
vt 0.984574 0.352818
vt 0.973695 0.352818
vt 0.277136 0.573663
vt 0.276948 0.582934
vt 0.276948 0.564413
vt 0.994965 0.318102
vt 0.984674 0.318102
vt 0.985711 0.317513
vt 0.698841 0.953771
vt 0.698438 0.964607
vt 0.698438 0.952323
vt 0.354106 0.681505
vt 0.354513 0.671669
vt 0.354513 0.693781
vt 0.899810 0.992685
vt 0.899810 0.987242
vt 0.899892 0.987753
vt 0.767341 0.987242
vt 0.767694 0.992702
vt 0.767341 0.993169
vt 0.554467 0.996639
vt 0.554194 0.996898
vt 0.554194 0.996311
vt 0.547515 0.996335
vt 0.547890 0.996311
vt 0.547890 0.997037
vt 0.984674 0.308007
vt 0.984906 0.306991
vt 0.994954 0.308007
vt 0.994773 0.478444
vt 0.984674 0.478444
vt 0.993832 0.478028
vt 0.993841 0.976300
vt 0.984674 0.976300
vt 0.985385 0.975943
vt 0.995002 0.705657
vt 0.997950 0.705567
vt 0.998062 0.705657
vt 0.984674 0.985058
vt 0.992712 0.984879
vt 0.993811 0.985058
vt 0.984803 0.985088
vt 0.993812 0.985058
vt 0.414731 0.994489
vt 0.414433 0.987242
vt 0.415687 0.987242
vt 0.999425 0.139830
vt 0.995002 0.139830
vt 0.998856 0.138712
vt 0.247944 0.976261
vt 0.247551 0.976443
vt 0.247551 0.964607
vt 0.333542 0.964607
vt 0.334337 0.964607
vt 0.334337 0.976268
vt 0.911697 0.964607
vt 0.911828 0.975061
vt 0.911697 0.975775
vt 0.994748 0.996135
vt 0.994341 0.996285
vt 0.994341 0.992224
vt 0.983734 0.992245
vt 0.983734 0.987242
vt 0.985673 0.988299
vt 0.995002 0.151209
vt 0.999227 0.150611
vt 0.999398 0.151209
vt 0.997203 0.984954
vt 0.997305 0.985142
vt 0.995002 0.985142
vt 0.999115 0.250201
vt 0.995191 0.250460
vt 0.995002 0.250201
vt 0.999114 0.242795
vt 0.999183 0.242886
vt 0.995002 0.242886
vt 0.999269 0.169206
vt 0.995002 0.169206
vt 0.999067 0.168228
vt 0.995002 0.813273
vt 0.997248 0.812764
vt 0.997700 0.813273
vt 0.723140 0.978837
vt 0.721509 0.987142
vt 0.721509 0.976687
vt 0.911362 0.819206
vt 0.923319 0.821517
vt 0.910520 0.821517
vt 0.961514 0.602737
vt 0.961580 0.601944
vt 0.973695 0.602737
vt 0.973695 0.601944
vt 0.961514 0.601944
vt 0.961543 0.601148
vt 0.153920 0.986466
vt 0.150650 0.987160
vt 0.150650 0.976687
vt 0.910520 0.677894
vt 0.910520 0.671266
vt 0.923169 0.675940
vt 0.910520 0.062775
vt 0.923873 0.062775
vt 0.923588 0.066105
vt 0.569853 0.987160
vt 0.569853 0.976687
vt 0.571647 0.986137
vt 0.998418 0.521700
vt 0.996609 0.522696
vt 0.995002 0.521700
vt 0.922451 0.837218
vt 0.923273 0.839469
vt 0.910520 0.839469
vt 0.725148 0.986392
vt 0.728287 0.976687
vt 0.728287 0.987042
vt 0.517718 0.890179
vt 0.523864 0.879005
vt 0.523864 0.892438
vt 0.923821 0.128443
vt 0.910773 0.131638
vt 0.910520 0.128443
vt 0.870407 0.976687
vt 0.872090 0.977650
vt 0.870407 0.987042
vt 0.998183 0.601511
vt 0.995002 0.601511
vt 0.996492 0.600565
vt 0.249346 0.864433
vt 0.247293 0.867209
vt 0.247293 0.845714
vt 0.007108 0.789376
vt 0.007108 0.769279
vt 0.009046 0.771543
vt 0.002168 0.862349
vt 0.000114 0.864586
vt 0.000114 0.845755
vt 0.102731 0.758069
vt 0.104009 0.759158
vt 0.102731 0.776007
vt 0.445188 0.864267
vt 0.445188 0.847545
vt 0.447855 0.861765
vt 0.144021 0.643333
vt 0.143502 0.642920
vt 0.144021 0.626435
vt 0.936251 0.922784
vt 0.924061 0.922992
vt 0.924061 0.914993
vt 0.497189 0.779034
vt 0.497189 0.762541
vt 0.497942 0.763109
vt 0.485772 0.475568
vt 0.485822 0.475595
vt 0.485772 0.491511
vt 0.829740 0.853408
vt 0.822621 0.863986
vt 0.822621 0.848071
vt 0.910520 0.889580
vt 0.923270 0.889580
vt 0.923265 0.889887
vt 0.531276 0.859575
vt 0.525678 0.862643
vt 0.525678 0.848120
vt 0.563642 0.939948
vt 0.565126 0.940222
vt 0.563642 0.952323
vt 0.763325 0.862328
vt 0.760560 0.864043
vt 0.760560 0.848071
vt 0.882157 0.493173
vt 0.886455 0.495449
vt 0.882157 0.507053
vt 0.067667 0.795942
vt 0.066376 0.809762
vt 0.066376 0.795108
vt 0.285387 0.756893
vt 0.285943 0.772855
vt 0.285387 0.773270
vt 0.481984 0.822282
vt 0.481984 0.801229
vt 0.488532 0.809172
vt 0.234067 0.861965
vt 0.227753 0.867530
vt 0.227753 0.846478
vt 0.466578 0.715534
vt 0.467070 0.715180
vt 0.467070 0.731904
vt 0.181102 0.987242
vt 0.181102 0.995584
vt 0.180831 0.992616
vt 0.923827 0.152334
vt 0.910520 0.152334
vt 0.919798 0.150508
vt 0.345899 0.879349
vt 0.345899 0.892656
vt 0.340571 0.879775
vt 0.254829 0.880354
vt 0.254829 0.866414
vt 0.257978 0.867540
vt 0.995002 0.675831
vt 0.998031 0.677416
vt 0.995002 0.677624
vt 0.986359 0.552615
vt 0.994681 0.553191
vt 0.984674 0.553191
vt 0.277140 0.998092
vt 0.277140 0.996311
vt 0.277668 0.996498
vt 0.986776 0.467500
vt 0.984674 0.465023
vt 0.994681 0.465023
vt 0.022757 0.996154
vt 0.022757 0.987242
vt 0.025067 0.995197
vt 0.997338 0.942615
vt 0.995005 0.943516
vt 0.995002 0.942615
vt 0.999166 0.189538
vt 0.995002 0.189538
vt 0.995865 0.187966
vt 0.914259 0.190457
vt 0.923789 0.192290
vt 0.910520 0.192290
vt 0.910520 0.083705
vt 0.910520 0.078493
vt 0.923747 0.082650
vt 0.277012 0.867082
vt 0.280038 0.879887
vt 0.277012 0.880946
vt 0.528440 0.996814
vt 0.528008 0.997170
vt 0.528008 0.996311
vt 0.994784 0.459168
vt 0.984674 0.459168
vt 0.994103 0.458646
vt 0.110519 0.964607
vt 0.112261 0.966553
vt 0.110519 0.976512
vt 0.326893 0.864680
vt 0.329201 0.876360
vt 0.326893 0.878647
vt 0.995002 0.243675
vt 0.999141 0.243675
vt 0.995155 0.244455
vt 0.995002 0.248854
vt 0.999117 0.248502
vt 0.999117 0.249300
vt 0.992256 0.930552
vt 0.994130 0.931213
vt 0.984674 0.931213
vt 0.995002 0.814025
vt 0.995266 0.813273
vt 0.997684 0.814025
vt 0.997526 0.873362
vt 0.997534 0.873434
vt 0.995002 0.873434
vt 0.995187 0.826363
vt 0.997646 0.826938
vt 0.995002 0.826938
vt 0.575735 0.993789
vt 0.575735 0.987242
vt 0.578127 0.990585
vt 0.995002 0.261624
vt 0.996853 0.260084
vt 0.999001 0.261624
vt 0.997678 0.799026
vt 0.997757 0.799205
vt 0.995002 0.799205
vt 0.998115 0.645640
vt 0.998159 0.645698
vt 0.995002 0.645698
vt 0.997693 0.657385
vt 0.998116 0.657974
vt 0.995002 0.657974
vt 0.998053 0.561406
vt 0.998313 0.562219
vt 0.995002 0.562219
vt 0.999379 0.148222
vt 0.996466 0.149796
vt 0.995002 0.148222
vt 0.547033 0.987242
vt 0.547033 0.993870
vt 0.543984 0.990731
vt 0.490009 0.997126
vt 0.489892 0.997399
vt 0.489892 0.996311
vt 0.994276 0.907287
vt 0.984674 0.907287
vt 0.984833 0.907036
vt 0.011502 0.987242
vt 0.012738 0.996176
vt 0.011502 0.996248
vt 0.545584 0.997045
vt 0.545957 0.996311
vt 0.546164 0.997045
vt 0.540218 0.996386
vt 0.540368 0.996311
vt 0.540368 0.997133
vt 0.025206 0.996153
vt 0.025067 0.996248
vt 0.025067 0.987242
vt 0.984858 0.892873
vt 0.994295 0.893313
vt 0.984674 0.893313
vt 0.104219 0.998382
vt 0.104219 0.996311
vt 0.104595 0.996605
vt 0.421996 0.996311
vt 0.422275 0.996464
vt 0.421996 0.997671
vt 0.253118 0.998114
vt 0.251758 0.998114
vt 0.252776 0.996311
vt 0.994295 0.892873
vt 0.984674 0.892873
vt 0.984881 0.892331
vt 0.994378 0.873233
vt 0.984674 0.873233
vt 0.992512 0.871634
vt 0.994102 0.937028
vt 0.984674 0.937028
vt 0.984688 0.936956
vt 0.532770 0.997157
vt 0.532702 0.997130
vt 0.532770 0.996311
vt 0.994089 0.932296
vt 0.984674 0.932296
vt 0.994056 0.931213
vt 0.254537 0.998123
vt 0.254404 0.996311
vt 0.255486 0.996311
vt 0.519459 0.997255
vt 0.519388 0.997154
vt 0.519459 0.996311
vt 0.994118 0.933011
vt 0.984674 0.933011
vt 0.984676 0.932887
vt 0.993896 0.970255
vt 0.984983 0.970330
vt 0.984674 0.970255
vt 0.057234 0.996159
vt 0.057234 0.987242
vt 0.057288 0.996140
vt 0.993894 0.973556
vt 0.984674 0.973556
vt 0.984979 0.973527
vt 0.615599 0.991898
vt 0.614711 0.993741
vt 0.614711 0.987242
vt 0.980152 0.800651
vt 0.973695 0.799918
vt 0.984423 0.799918
vt 0.660072 0.877373
vt 0.657120 0.873487
vt 0.660072 0.863173
vt 0.067829 0.811932
vt 0.066376 0.823962
vt 0.066376 0.809762
vt 0.634754 0.987242
vt 0.635455 0.988938
vt 0.634754 0.993626
vt 0.999228 0.212341
vt 0.995002 0.212341
vt 0.995909 0.212260
vt 0.822501 0.988152
vt 0.822417 0.993017
vt 0.822417 0.987242
vt 0.524817 0.996311
vt 0.524898 0.996311
vt 0.524886 0.997222
vt 0.214264 0.703572
vt 0.215516 0.700376
vt 0.213678 0.714836
vt 0.998322 0.566930
vt 0.997340 0.567236
vt 0.995002 0.566930
vt 0.995002 0.938018
vt 0.997092 0.937270
vt 0.997360 0.938018
vt 0.776310 0.975886
vt 0.775515 0.975886
vt 0.775515 0.964607
vt 0.776310 0.964607
vt 0.332022 0.989323
vt 0.330358 0.994853
vt 0.330358 0.987242
vt 0.995002 0.870040
vt 0.997480 0.870040
vt 0.997211 0.871528
vt 0.997999 0.710366
vt 0.997233 0.711445
vt 0.995002 0.710366
vt 0.735575 0.993237
vt 0.735575 0.987242
vt 0.737251 0.990752
vt 0.923233 0.841836
vt 0.910520 0.841836
vt 0.917725 0.839469
vt 0.911775 0.551479
vt 0.923364 0.556705
vt 0.910520 0.556705
vt 0.910520 0.551479
vt 0.922252 0.546251
vt 0.923365 0.551479
vt 0.005139 0.996311
vt 0.006254 0.998501
vt 0.004745 0.998501
vt 0.822501 0.992916
vt 0.822501 0.987242
vt 0.824381 0.988430
vt 0.915641 0.876787
vt 0.923181 0.879230
vt 0.910520 0.879230
vt 0.922099 0.628650
vt 0.923301 0.633771
vt 0.910520 0.633771
vt 0.910520 0.623548
vt 0.923305 0.623548
vt 0.922239 0.628650
vt 0.500688 0.996311
vt 0.500769 0.997337
vt 0.500688 0.997347
vt 0.397279 0.997345
vt 0.397344 0.996311
vt 0.397344 0.997824
vt 0.993907 0.932296
vt 0.994096 0.932887
vt 0.984674 0.932887
vt 0.851019 0.864457
vt 0.847842 0.864457
vt 0.850135 0.848061
vt 0.984674 0.408881
vt 0.994646 0.408295
vt 0.994854 0.408881
vt 0.754576 0.848370
vt 0.751652 0.864227
vt 0.751652 0.847807
vt 0.481715 0.626847
vt 0.481910 0.616282
vt 0.481910 0.632406
vt 0.973695 0.976465
vt 0.974099 0.975880
vt 0.984262 0.976465
vt 0.984674 0.318631
vt 0.985318 0.318102
vt 0.994965 0.318631
vt 0.985272 0.557346
vt 0.994677 0.557926
vt 0.984674 0.557926
vt 0.984316 0.986338
vt 0.983864 0.987055
vt 0.983864 0.976687
vt 0.983374 0.976687
vt 0.983864 0.986819
vt 0.983374 0.987055
vt 0.412905 0.747021
vt 0.412393 0.747207
vt 0.412393 0.724914
vt 0.991703 0.992259
vt 0.991703 0.987242
vt 0.992110 0.992228
vt 0.557667 0.996717
vt 0.557602 0.996720
vt 0.557602 0.996311
vt 0.459773 0.997463
vt 0.459227 0.996608
vt 0.459773 0.996311
vt 0.502456 0.996311
vt 0.502456 0.997326
vt 0.502053 0.996391
vt 0.994129 0.992259
vt 0.994129 0.987242
vt 0.994309 0.987382
vt 0.999882 0.018808
vt 0.995002 0.018808
vt 0.999804 0.018404
vt 0.556766 0.996432
vt 0.556589 0.996803
vt 0.556589 0.996311
vt 0.559427 0.996540
vt 0.559484 0.996311
vt 0.559495 0.996540
vt 0.560305 0.996365
vt 0.560342 0.996311
vt 0.560353 0.996365
vt 0.560272 0.996311
vt 0.560301 0.996350
vt 0.560272 0.996379
vt 0.995188 0.045841
vt 0.999821 0.046059
vt 0.995002 0.046059
vt 0.540887 0.996311
vt 0.541097 0.996419
vt 0.540887 0.997126
vt 0.522956 0.996311
vt 0.523208 0.996448
vt 0.522956 0.997222
vt 0.999640 0.096698
vt 0.995002 0.096698
vt 0.995313 0.096084
vt 0.999372 0.152224
vt 0.995002 0.152224
vt 0.999029 0.151209
vt 0.869349 0.987079
vt 0.869349 0.976687
vt 0.870407 0.986913
vt 0.500689 0.996933
vt 0.500411 0.997339
vt 0.500411 0.996311
vt 0.523208 0.997193
vt 0.523208 0.996311
vt 0.523984 0.996801
vt 0.544227 0.997106
vt 0.543907 0.997106
vt 0.543978 0.996311
vt 0.528545 0.997181
vt 0.528440 0.997137
vt 0.528545 0.996311
vt 0.500192 0.997327
vt 0.499526 0.997251
vt 0.500192 0.996311
vt 0.766350 0.987242
vt 0.767113 0.993136
vt 0.766350 0.993174
vt 0.513248 0.997262
vt 0.512484 0.997262
vt 0.512885 0.996311
vt 0.285231 0.996311
vt 0.285231 0.998037
vt 0.284193 0.997074
vt 0.412565 0.997727
vt 0.411849 0.997007
vt 0.412565 0.996311
vt 0.767120 0.987242
vt 0.767341 0.993085
vt 0.767120 0.993185
vt 0.792202 0.987242
vt 0.792716 0.987515
vt 0.792202 0.993089
vt 0.984674 0.459698
vt 0.984915 0.459168
vt 0.994783 0.459698
vt 0.430634 0.996741
vt 0.430959 0.996311
vt 0.430959 0.997599
vt 0.214281 0.693620
vt 0.214989 0.683828
vt 0.066530 0.645776
vt 0.066318 0.642546
vt 0.066530 0.631268
vt 0.973421 0.975646
vt 0.973421 0.964607
vt 0.973644 0.971964
vt 0.364511 0.987242
vt 0.364262 0.994598
vt 0.362420 0.987242
vt 0.987882 0.713179
vt 0.994625 0.713614
vt 0.984674 0.713614
vt 0.998744 0.423836
vt 0.995002 0.423836
vt 0.995097 0.423280
vt 0.554467 0.996311
vt 0.554563 0.996868
vt 0.554467 0.996900
vt 0.066318 0.614785
vt 0.066530 0.624514
vt 0.066318 0.631268
vt 0.207482 0.987242
vt 0.208025 0.987470
vt 0.207482 0.995481
vt 0.143205 0.630940
vt 0.143205 0.614457
vt 0.143502 0.622691
vt 0.996097 0.159627
vt 0.999335 0.159947
vt 0.995002 0.159947
vt 0.559551 0.996311
vt 0.559617 0.996496
vt 0.559551 0.996524
vt 0.531697 0.996311
vt 0.531769 0.997162
vt 0.531697 0.997174
vt 0.522022 0.997034
vt 0.521958 0.997237
vt 0.521958 0.996311
vt 0.466216 0.997008
vt 0.465457 0.997420
vt 0.465457 0.996311
vt 0.468526 0.996311
vt 0.469030 0.997088
vt 0.468526 0.997420
vt 0.995002 0.886859
vt 0.995512 0.885975
vt 0.997471 0.886859
vt 0.997409 0.914199
vt 0.995002 0.914199
vt 0.997252 0.913182
vt 0.999635 0.067939
vt 0.997718 0.070076
vt 0.995002 0.067939
vt 0.998039 0.693520
vt 0.997705 0.694485
vt 0.995002 0.693520
vt 0.995335 0.694485
vt 0.998039 0.695449
vt 0.995002 0.695449
vt 0.998458 0.522827
vt 0.995002 0.522827
vt 0.995014 0.522696
vt 0.995002 0.313385
vt 0.998217 0.312143
vt 0.998875 0.313385
vt 0.999705 0.057858
vt 0.996037 0.059101
vt 0.995002 0.057858
vt 0.998491 0.018808
vt 0.999705 0.022666
vt 0.995002 0.022666
vt 0.911148 0.039350
vt 0.910520 0.035354
vt 0.923890 0.035354
vt 0.995002 0.241598
vt 0.996994 0.239661
vt 0.999112 0.241598
vt 0.995002 0.791218
vt 0.997769 0.791085
vt 0.997781 0.791218
vt 0.998108 0.651624
vt 0.995002 0.651624
vt 0.995508 0.650667
vt 0.995002 0.172893
vt 0.996410 0.171557
vt 0.999214 0.172893
vt 0.996952 0.106568
vt 0.995002 0.103160
vt 0.999427 0.103160
vt 0.923821 0.078493
vt 0.910520 0.078493
vt 0.923267 0.074606
vt 0.292480 0.995168
vt 0.292480 0.987242
vt 0.293022 0.988681
vt 0.994625 0.710735
vt 0.994625 0.711530
vt 0.984674 0.711530
vt 0.984674 0.710735
vt 0.500192 0.996311
vt 0.500411 0.996417
vt 0.500192 0.997343
vt 0.517801 0.996311
vt 0.517801 0.997269
vt 0.517746 0.997261
vt 0.545007 0.996311
vt 0.545007 0.997102
vt 0.544971 0.996329
vt 0.547167 0.997044
vt 0.546834 0.997044
vt 0.546916 0.996311
vt 0.520899 0.997230
vt 0.520571 0.997230
vt 0.520629 0.996311
vt 0.521639 0.997232
vt 0.521393 0.997063
vt 0.521639 0.996311
vt 0.509698 0.997180
vt 0.509424 0.997296
vt 0.509424 0.996311
vt 0.510978 0.996311
vt 0.511629 0.996532
vt 0.510978 0.997270
vt 0.945791 0.992234
vt 0.945539 0.992451
vt 0.945539 0.987242
vt 0.995002 0.003334
vt 0.999866 0.003069
vt 1.000000 0.003334
vt 0.859586 0.992687
vt 0.859296 0.992840
vt 0.859296 0.987242
vt 0.897339 0.992695
vt 0.897104 0.987426
vt 0.897339 0.987242
vt 0.926919 0.987242
vt 0.927413 0.987331
vt 0.926919 0.992516
vt 0.984674 0.458646
vt 0.984719 0.458146
vt 0.994785 0.458646
vt 0.984720 0.457401
vt 0.994783 0.457968
vt 0.984674 0.457968
vt 0.995002 0.023157
vt 0.995219 0.022666
vt 0.999873 0.023157
vt 0.856034 0.976687
vt 0.856542 0.976861
vt 0.856034 0.987113
vt 0.994938 0.339530
vt 0.984674 0.339530
vt 0.994774 0.339034
vt 0.999543 0.092527
vt 0.999683 0.092778
vt 0.995002 0.092778
vt 0.521958 0.997227
vt 0.521671 0.997227
vt 0.521671 0.996311
vt 0.999550 0.099344
vt 0.999550 0.100687
vt 0.995002 0.100667
vt 0.493369 0.996311
vt 0.493817 0.996563
vt 0.493369 0.997362
vt 0.420359 0.996311
vt 0.420359 0.997655
vt 0.419347 0.997253
vt 0.416771 0.997694
vt 0.415879 0.996865
vt 0.416771 0.996311
vt 0.995002 0.059178
vt 0.995025 0.059101
vt 0.999761 0.059178
vt 0.997834 0.126187
vt 0.999334 0.130011
vt 0.995002 0.130011
vt 0.956353 0.952323
vt 0.959784 0.954583
vt 0.956353 0.964428
vt 0.995277 0.244455
vt 0.999155 0.244889
vt 0.995002 0.244889
vt 0.496346 0.996311
vt 0.496919 0.996417
vt 0.496346 0.997343
vt 0.502053 0.996326
vt 0.501974 0.997343
vt 0.501974 0.996311
vt 0.995002 0.303208
vt 0.998904 0.304419
vt 0.995002 0.304426
vt 0.995002 0.168147
vt 0.999053 0.167616
vt 0.999294 0.168147
vt 0.997482 0.876618
vt 0.995002 0.876624
vt 0.995002 0.875605
vt 0.995002 0.290417
vt 0.998874 0.289717
vt 0.998874 0.292359
vt 0.995002 0.833818
vt 0.997610 0.833395
vt 0.997610 0.834430
vt 0.995002 0.398331
vt 0.996267 0.396197
vt 0.998724 0.398331
vt 0.998891 0.266149
vt 0.995002 0.264244
vt 0.998891 0.262427
vt 0.995002 0.295181
vt 0.995066 0.294822
vt 0.998984 0.295181
vt 0.903105 0.988974
vt 0.901399 0.992572
vt 0.901399 0.987242
vt 0.891166 0.987242
vt 0.891166 0.992572
vt 0.887456 0.991349
vt 0.888152 0.192778
vt 0.892059 0.192778
vt 0.890109 0.206330
vt 0.887530 0.734150
vt 0.890328 0.745928
vt 0.887530 0.747842
vt 0.485569 0.997288
vt 0.485227 0.997412
vt 0.485227 0.996311
vt 0.495971 0.997346
vt 0.495818 0.996311
vt 0.496346 0.996311
vt 0.998343 0.558005
vt 0.995002 0.558005
vt 0.998215 0.557492
vt 0.505011 0.996311
vt 0.505143 0.996311
vt 0.505110 0.997331
vt 0.505011 0.997331
vt 0.504878 0.997331
vt 0.504912 0.996311
vt 0.995002 0.900843
vt 0.997433 0.900843
vt 0.996736 0.901888
vt 0.123757 0.996881
vt 0.124635 0.996311
vt 0.124635 0.998336
vt 0.409881 0.996311
vt 0.409881 0.997716
vt 0.408864 0.996708
vt 0.408864 0.997743
vt 0.408095 0.997073
vt 0.408864 0.996311
vt 0.424467 0.996990
vt 0.423410 0.997624
vt 0.423410 0.996311
vt 0.858600 0.987242
vt 0.859174 0.987330
vt 0.858600 0.992834
vt 0.436398 0.997544
vt 0.435900 0.997246
vt 0.436398 0.996311
vt 0.998120 0.152988
vt 0.999323 0.154188
vt 0.995002 0.154188
vt 0.995002 0.013602
vt 0.999626 0.012314
vt 0.999879 0.013602
vt 0.995002 0.012314
vt 0.996960 0.009060
vt 0.999802 0.012314
vt 0.217604 0.998218
vt 0.217967 0.996311
vt 0.218696 0.998218
vt 0.113315 0.996977
vt 0.112465 0.998353
vt 0.112465 0.996311
vt 0.418000 0.997695
vt 0.417316 0.996860
vt 0.418000 0.996311
vt 0.470079 0.997391
vt 0.469030 0.997391
vt 0.469895 0.996311
vt 0.905421 0.992343
vt 0.904402 0.992589
vt 0.904402 0.987242
vt 0.999556 0.103160
vt 0.995002 0.103160
vt 0.995214 0.102308
vt 0.462952 0.996311
vt 0.463304 0.996854
vt 0.462952 0.997452
vt 0.551439 0.996589
vt 0.551978 0.996311
vt 0.551978 0.996958
vt 0.997064 0.878992
vt 0.997502 0.879478
vt 0.995002 0.879478
vt 0.994226 0.910074
vt 0.984674 0.910074
vt 0.991855 0.909285
vt 0.758454 0.848071
vt 0.760560 0.854858
vt 0.758454 0.864176
vt 0.831459 0.860496
vt 0.834665 0.848071
vt 0.834665 0.864175
vt 0.540239 0.993968
vt 0.540239 0.987242
vt 0.542084 0.988689
vt 0.260846 0.998101
vt 0.260726 0.996311
vt 0.261785 0.996311
vt 0.995002 0.935344
vt 0.997347 0.935344
vt 0.996725 0.936401
vt 0.472460 0.987242
vt 0.473017 0.987636
vt 0.472460 0.994339
vt 0.984674 0.909285
vt 0.987270 0.907727
vt 0.994194 0.909285
vt 0.846177 0.864457
vt 0.846177 0.878574
vt 0.844193 0.873769
vt 0.546606 0.866132
vt 0.543202 0.878430
vt 0.543202 0.864314
vt 0.890292 0.541119
vt 0.890292 0.554811
vt 0.887093 0.554635
vt 0.885975 0.616683
vt 0.882157 0.617239
vt 0.882157 0.603350
vt 0.803760 0.988349
vt 0.805171 0.993016
vt 0.408092 0.997031
vt 0.407085 0.997732
vt 0.407085 0.996311
vt 0.412565 0.996311
vt 0.413120 0.996708
vt 0.412565 0.997732
vt 0.616548 0.993733
vt 0.615599 0.988037
vt 0.616548 0.987242
vt 0.080344 0.998422
vt 0.080698 0.996311
vt 0.081440 0.998422
vt 0.686221 0.987242
vt 0.687896 0.992320
vt 0.686221 0.993356
vt 0.172569 0.996311
vt 0.173650 0.996311
vt 0.173632 0.998280
vt 0.873884 0.992719
vt 0.873884 0.987242
vt 0.875612 0.988505
vt 0.543376 0.987242
vt 0.543984 0.993325
vt 0.543376 0.993994
vt 0.206397 0.995372
vt 0.203091 0.993129
vt 0.206397 0.987242
vt 0.497942 0.854711
vt 0.501743 0.855940
vt 0.497942 0.869034
vt 0.305726 0.854373
vt 0.301865 0.867173
vt 0.301865 0.852850
vt 0.859296 0.987242
vt 0.859296 0.992851
vt 0.859174 0.992717
vt 0.492395 0.997384
vt 0.492214 0.996318
vt 0.492395 0.996311
vt 0.449319 0.987242
vt 0.449319 0.994330
vt 0.446257 0.989630
vt 0.870162 0.358629
vt 0.870162 0.344388
vt 0.873865 0.357463
vt 0.406094 0.856316
vt 0.409808 0.854873
vt 0.409808 0.869114
vt 0.418264 0.996311
vt 0.418968 0.996878
vt 0.418264 0.997687
vt 0.995002 0.145639
vt 0.998292 0.143855
vt 0.999382 0.145639
vt 0.995002 0.143855
vt 0.995090 0.143805
vt 0.999470 0.143855
vt 0.108108 0.976479
vt 0.108108 0.964607
vt 0.110519 0.972718
vt 0.925434 0.241769
vt 0.936568 0.245888
vt 0.924061 0.245888
vt 0.711883 0.964353
vt 0.706509 0.964353
vt 0.708460 0.952323
vt 0.676570 0.987242
vt 0.674476 0.993407
vt 0.674269 0.987242
vt 0.988877 0.306011
vt 0.994967 0.306991
vt 0.984674 0.306991
vt 0.995002 0.250460
vt 0.999035 0.250460
vt 0.997629 0.252281
vt 0.167032 0.973324
vt 0.169603 0.964607
vt 0.169603 0.976432
vt 0.046844 0.964607
vt 0.051108 0.964607
vt 0.047228 0.976425
vt 0.960437 0.456298
vt 0.949134 0.451103
vt 0.961266 0.451103
vt 0.998227 0.586471
vt 0.995404 0.587564
vt 0.995002 0.586471
vt 0.998010 0.693520
vt 0.995002 0.692355
vt 0.998030 0.692355
vt 0.007817 0.987242
vt 0.009182 0.993588
vt 0.007817 0.996290
vt 0.995184 0.568570
vt 0.998080 0.569721
vt 0.995002 0.569721
vt 0.936374 0.992440
vt 0.935605 0.990222
vt 0.936374 0.987242
vt 0.998262 0.568570
vt 0.954289 0.990310
vt 0.954042 0.992419
vt 0.954042 0.987242
vt 0.124754 0.809022
vt 0.124754 0.795005
vt 0.125921 0.803978
vt 0.008699 0.998515
vt 0.008699 0.996311
vt 0.009868 0.997789
vt 0.301834 0.995011
vt 0.301834 0.987242
vt 0.303815 0.988206
vt 0.263023 0.996311
vt 0.262402 0.998091
vt 0.261785 0.996311
vt 0.077270 0.987242
vt 0.078971 0.995192
vt 0.077270 0.996005
vt 0.260536 0.987242
vt 0.261093 0.987566
vt 0.260536 0.995315
vt 0.455128 0.996311
vt 0.455773 0.996311
vt 0.455539 0.997479
vt 0.858438 0.976687
vt 0.860241 0.979177
vt 0.858438 0.987046
vt 0.949091 0.938266
vt 0.936666 0.938266
vt 0.938786 0.937204
vt 0.435930 0.878383
vt 0.435930 0.891972
vt 0.430767 0.879054
vt 0.886830 0.718113
vt 0.882157 0.720408
vt 0.882157 0.706600
vt 0.974493 0.681961
vt 0.984487 0.681526
vt 0.983678 0.483249
vt 0.984535 0.483614
vt 0.973695 0.483614
vt 0.973695 0.480806
vt 0.983720 0.480405
vt 0.984535 0.480806
vt 0.973695 0.682386
vt 0.983754 0.681961
vt 0.984487 0.682386
vt 0.060387 0.987242
vt 0.060607 0.996003
vt 0.060387 0.996115
vt 0.946158 0.973263
vt 0.944213 0.975645
vt 0.944213 0.964607
vt 0.947562 0.119572
vt 0.949134 0.121338
vt 0.936666 0.121338
vt 0.612707 0.867864
vt 0.607928 0.879380
vt 0.607928 0.865472
vt 0.633358 0.879004
vt 0.638703 0.879004
vt 0.635137 0.892523
vt 0.458773 0.997479
vt 0.458759 0.996311
vt 0.459006 0.996311
vt 0.996293 0.154450
vt 0.999318 0.155479
vt 0.995002 0.155479
vt 0.152844 0.995659
vt 0.152844 0.987242
vt 0.153454 0.989271
vt 0.631817 0.987242
vt 0.633205 0.990573
vt 0.631817 0.993660
vt 0.996552 0.538600
vt 0.998386 0.538939
vt 0.995002 0.538939
vt 0.322609 0.996311
vt 0.323158 0.997610
vt 0.322609 0.997962
vt 0.397446 0.996315
vt 0.398617 0.997768
vt 0.825769 0.987242
vt 0.825769 0.992933
vt 0.824381 0.992489
vt 0.765944 0.987242
vt 0.766031 0.992932
vt 0.765944 0.993218
vt 0.994015 0.948779
vt 0.984674 0.948779
vt 0.990646 0.948603
vt 0.293022 0.995118
vt 0.293022 0.987242
vt 0.294432 0.995093
vt 0.993962 0.957086
vt 0.984674 0.957086
vt 0.986091 0.956792
vt 0.556435 0.964607
vt 0.557665 0.973867
vt 0.556435 0.976018
vt 0.984674 0.713941
vt 0.985345 0.713614
vt 0.994627 0.713941
vt 0.972925 0.964476
vt 0.973583 0.964601
vt 0.961514 0.964601
vt 0.000835 0.966757
vt 0.000000 0.976675
vt 0.000000 0.964607
vt 0.998042 0.684543
vt 0.998042 0.685711
vt 0.995002 0.685248
vt 0.998042 0.686173
vt 0.995002 0.686878
vt 0.995002 0.685711
vt 0.997350 0.941922
vt 0.995719 0.942615
vt 0.995002 0.941922
vt 0.944200 0.846706
vt 0.949102 0.847792
vt 0.936666 0.847792
vt 0.991166 0.987242
vt 0.991619 0.988731
vt 0.991166 0.992263
vt 0.888152 0.124145
vt 0.892050 0.125907
vt 0.888152 0.137715
vt 0.921804 0.121732
vt 0.923650 0.128443
vt 0.910520 0.128443
vt 0.910520 0.709232
vt 0.923280 0.709232
vt 0.923057 0.713132
vt 0.922966 0.869870
vt 0.911290 0.876787
vt 0.910520 0.869870
vt 0.067117 0.998427
vt 0.065493 0.997021
vt 0.067117 0.996311
vt 0.998564 0.471463
vt 0.995002 0.471463
vt 0.996543 0.470836
vt 0.286295 0.998033
vt 0.285231 0.996785
vt 0.286295 0.996311
vt 0.299185 0.996311
vt 0.299832 0.997070
vt 0.299185 0.998033
vt 0.083250 0.997835
vt 0.082642 0.998435
vt 0.082642 0.996311
vt 0.037382 0.998464
vt 0.036214 0.998464
vt 0.036838 0.996311
vt 0.997366 0.932667
vt 0.995932 0.933455
vt 0.995002 0.932668
vt 0.007823 0.997120
vt 0.006997 0.998532
vt 0.006997 0.996311
vt 0.995002 0.940338
vt 0.995149 0.940062
vt 0.997373 0.940338
vt 0.436819 0.987242
vt 0.437543 0.990931
vt 0.436819 0.994466
vt 0.995002 0.404777
vt 0.995538 0.403771
vt 0.998761 0.404777
vt 0.376133 0.996311
vt 0.376571 0.996794
vt 0.376133 0.997898
vt 0.997739 0.546832
vt 0.998379 0.546954
vt 0.995002 0.546954
vt 0.994824 0.414143
vt 0.984674 0.414143
vt 0.985030 0.413060
vt 0.990811 0.553764
vt 0.994528 0.557346
vt 0.984674 0.557346
vt 0.382585 0.997460
vt 0.381815 0.997828
vt 0.381815 0.996311
vt 0.092425 0.997099
vt 0.091626 0.998388
vt 0.091626 0.996311
vt 0.110942 0.996311
vt 0.111391 0.998339
vt 0.110231 0.998339
vt 0.430048 0.996311
vt 0.429490 0.997566
vt 0.428830 0.996311
vt 0.428758 0.997429
vt 0.428461 0.997623
vt 0.428461 0.996311
vt 0.414585 0.996311
vt 0.414585 0.997685
vt 0.413488 0.996966
vt 0.397344 0.996311
vt 0.397446 0.997726
vt 0.397344 0.997821
vt 0.995002 0.933838
vt 0.996463 0.933455
vt 0.997386 0.933838
vt 0.995002 0.130749
vt 0.997335 0.130259
vt 0.999489 0.130749
vt 0.960621 0.964511
vt 0.960621 0.952323
vt 0.961298 0.956759
vt 0.377398 0.882194
vt 0.370964 0.892545
vt 0.370964 0.879171
vt 0.596077 0.865472
vt 0.602434 0.868654
vt 0.596077 0.879380
vt 0.557841 0.996311
vt 0.558126 0.996438
vt 0.557841 0.996666
vt 0.431215 0.997589
vt 0.431215 0.996311
vt 0.431402 0.996428
vt 0.466216 0.997450
vt 0.466216 0.996311
vt 0.466352 0.996343
vt 0.457752 0.996311
vt 0.458075 0.996419
vt 0.457752 0.997487
vt 0.555486 0.996657
vt 0.555602 0.996311
vt 0.555602 0.996844
vt 0.399454 0.996311
vt 0.399506 0.997693
vt 0.399454 0.997821
vt 0.995002 0.138712
vt 0.996452 0.138292
vt 0.999480 0.138712
vt 0.961514 0.445976
vt 0.949134 0.445976
vt 0.953604 0.445715
vt 0.923133 0.719948
vt 0.910520 0.716539
vt 0.923133 0.713133
vt 0.923213 0.830232
vt 0.910520 0.833325
vt 0.910520 0.829532
vt 0.215152 0.877109
vt 0.211828 0.878855
vt 0.211828 0.864839
vt 0.543202 0.892464
vt 0.536972 0.881751
vt 0.543202 0.878986
vt 0.888165 0.761383
vt 0.888165 0.747906
vt 0.892006 0.759675
vt 0.476088 0.997389
vt 0.475958 0.997434
vt 0.475958 0.996311
vt 0.994251 0.906241
vt 0.994251 0.907036
vt 0.984674 0.907036
vt 0.984674 0.883633
vt 0.984836 0.883255
vt 0.994405 0.883633
vt 0.213811 0.684055
vt 0.984674 0.906241
vt 0.993763 0.987184
vt 0.984674 0.987184
vt 0.985282 0.986946
vt 0.425560 0.997299
vt 0.424467 0.997620
vt 0.424467 0.996311
vt 0.400282 0.997155
vt 0.399506 0.997785
vt 0.399506 0.996311
vt 0.534912 0.997146
vt 0.534912 0.996311
vt 0.535037 0.996628
vt 0.090435 0.998445
vt 0.090435 0.996311
vt 0.090532 0.997616
vt 0.995002 0.679095
vt 0.996842 0.677938
vt 0.998059 0.679095
vt 0.032810 0.998484
vt 0.032810 0.996311
vt 0.033621 0.997032
vt 0.015136 0.996911
vt 0.014159 0.998513
vt 0.014159 0.996311
vt 0.003578 0.996653
vt 0.004745 0.996311
vt 0.004745 0.998520
vt 0.349323 0.987242
vt 0.351079 0.987903
vt 0.349323 0.994727
vt 0.492507 0.993962
vt 0.490387 0.994207
vt 0.490387 0.987242
vt 0.995480 0.536389
vt 0.998350 0.537495
vt 0.995002 0.537495
vt 0.373762 0.997867
vt 0.373762 0.996311
vt 0.374918 0.996650
vt 0.294432 0.995157
vt 0.294432 0.987242
vt 0.294850 0.990564
vt 0.148675 0.998305
vt 0.148675 0.996311
vt 0.149741 0.997781
vt 0.995801 0.799205
vt 0.997741 0.799663
vt 0.995002 0.799663
vt 0.257167 0.996311
vt 0.257859 0.997132
vt 0.257167 0.998127
vt 0.526697 0.988421
vt 0.526414 0.994117
vt 0.526414 0.987242
vt 0.527331 0.988406
vt 0.527459 0.987242
vt 0.527459 0.994117
vt 0.029029 0.987242
vt 0.029029 0.996226
vt 0.028606 0.995407
vt 0.215228 0.995370
vt 0.214980 0.995418
vt 0.214980 0.987242
vt 0.994824 0.430590
vt 0.984674 0.430590
vt 0.986719 0.429941
vt 0.421996 0.997638
vt 0.420779 0.997638
vt 0.421371 0.996311
vt 0.321100 0.987242
vt 0.321100 0.995023
vt 0.320482 0.991737
vt 0.998346 0.544851
vt 0.995002 0.544851
vt 0.995975 0.543754
vt 0.175869 0.995578
vt 0.175869 0.987242
vt 0.176981 0.988177
vt 0.673197 0.993431
vt 0.674269 0.987242
vt 0.674269 0.993469
vt 0.993657 0.981411
vt 0.993828 0.981490
vt 0.984674 0.981490
vt 0.994651 0.710735
vt 0.984674 0.710735
vt 0.993822 0.710419
vt 0.994651 0.562429
vt 0.984674 0.562429
vt 0.988461 0.561362
vt 0.997980 0.716784
vt 0.995002 0.716784
vt 0.995280 0.715458
vt 0.213678 0.682752
vt 0.422275 0.997666
vt 0.422275 0.996311
vt 0.422544 0.997610
vt 0.214684 0.682542
vt 0.214828 0.682512
vt 0.527331 0.992802
vt 0.527151 0.994115
vt 0.527151 0.987242
vt 0.445567 0.994071
vt 0.446155 0.987242
vt 0.446155 0.994469
vt 0.527151 0.987255
vt 0.526910 0.994115
vt 0.526910 0.987242
vt 0.532924 0.994106
vt 0.532924 0.987242
vt 0.533107 0.987254
vt 0.428169 0.996311
vt 0.428297 0.997628
vt 0.428169 0.997636
vt 0.997717 0.795676
vt 0.995002 0.794382
vt 0.997717 0.794357
vt 0.428790 0.997634
vt 0.428790 0.996311
vt 0.428830 0.997630
vt 0.449319 0.987242
vt 0.449564 0.987280
vt 0.449319 0.994469
vt 0.454631 0.988107
vt 0.454976 0.987242
vt 0.454976 0.994436
vt 0.120931 0.988141
vt 0.118232 0.995704
vt 0.118232 0.987242
vt 0.208252 0.990543
vt 0.208025 0.995497
vt 0.208025 0.987242
vt 0.999452 0.122159
vt 0.996907 0.124272
vt 0.995002 0.122159
vt 0.433746 0.997558
vt 0.433755 0.996311
vt 0.434157 0.997558
vt 0.997184 0.006821
vt 0.999961 0.007072
vt 0.995002 0.007072
vt 0.995002 0.725240
vt 0.995504 0.723929
vt 0.997965 0.725240
vt 0.410903 0.996311
vt 0.411052 0.997708
vt 0.409881 0.997708
vt 0.434489 0.997558
vt 0.434157 0.996384
vt 0.434489 0.996311
vt 0.286372 0.998042
vt 0.286372 0.996311
vt 0.287154 0.997094
vt 0.451430 0.996311
vt 0.451583 0.996311
vt 0.451559 0.997533
vt 0.683849 0.993469
vt 0.683849 0.987242
vt 0.684053 0.987770
vt 0.827986 0.992954
vt 0.827986 0.987242
vt 0.828073 0.987527
vt 0.995002 0.547099
vt 0.995549 0.546954
vt 0.998376 0.547099
vt 0.242926 0.987242
vt 0.240032 0.995217
vt 0.239866 0.987242
vt 0.995002 0.505970
vt 0.997779 0.504682
vt 0.998440 0.505970
vt 0.998415 0.267092
vt 0.999037 0.267505
vt 0.995002 0.267505
vt 0.986972 0.927236
vt 0.994000 0.930552
vt 0.984674 0.930552
vt 0.994131 0.927236
vt 0.984674 0.927236
vt 0.993969 0.926480
vt 0.984674 0.893952
vt 0.994109 0.893313
vt 0.994281 0.893952
vt 0.572791 0.986226
vt 0.571647 0.987189
vt 0.571647 0.976687
vt 0.637329 0.962551
vt 0.634944 0.964524
vt 0.634944 0.952323
vt 0.961335 0.368824
vt 0.949134 0.368824
vt 0.959729 0.364874
vt 0.984674 0.883255
vt 0.991070 0.880179
vt 0.994286 0.883255
vt 0.994413 0.878180
vt 0.994270 0.878735
vt 0.984674 0.878180
vt 0.973695 0.899758
vt 0.974646 0.898604
vt 0.984317 0.899758
vt 0.961412 0.289062
vt 0.949134 0.289062
vt 0.951105 0.286495
vt 0.240879 0.939948
vt 0.240879 0.952226
vt 0.236864 0.950572
vt 0.998063 0.706560
vt 0.995002 0.706560
vt 0.995184 0.706514
vt 0.995002 0.757097
vt 0.995062 0.756851
vt 0.997881 0.757097
vt 0.998937 0.310990
vt 0.995002 0.310990
vt 0.995879 0.310852
vt 0.333464 0.991600
vt 0.332674 0.994853
vt 0.332674 0.987242
vt 0.998350 0.538600
vt 0.995002 0.538600
vt 0.995479 0.537495
vt 0.995002 0.126187
vt 0.996459 0.124272
vt 0.999431 0.126187
vt 0.995592 0.473290
vt 0.998538 0.474339
vt 0.995002 0.474339
vt 0.998537 0.475387
vt 0.995002 0.475387
vt 0.995592 0.474339
vt 0.997462 0.904916
vt 0.995002 0.904916
vt 0.995086 0.904538
vt 0.999370 0.148222
vt 0.997667 0.146446
vt 0.322145 0.976222
vt 0.322145 0.964607
vt 0.325260 0.973159
vt 0.242591 0.964607
vt 0.247551 0.964607
vt 0.247210 0.976217
vt 0.924061 0.290784
vt 0.936556 0.290784
vt 0.934975 0.294759
vt 0.999614 0.096084
vt 0.995002 0.096084
vt 0.998297 0.094801
vt 0.999539 0.097725
vt 0.996405 0.099344
vt 0.995002 0.097725
vt 0.036214 0.998352
vt 0.035563 0.998491
vt 0.035563 0.996311
vt 0.995002 0.283296
vt 0.996482 0.281696
vt 0.998942 0.283296
vt 0.358624 0.991090
vt 0.357775 0.994745
vt 0.357775 0.987242
vt 0.334949 0.959753
vt 0.333913 0.964601
vt 0.333913 0.952323
vt 0.414672 0.964607
vt 0.419686 0.964607
vt 0.419350 0.975958
vt 0.923894 0.007857
vt 0.922045 0.011785
vt 0.910520 0.007857
vt 0.256935 0.952226
vt 0.256935 0.939948
vt 0.260949 0.941603
vt 0.995002 0.837996
vt 0.996727 0.837198
vt 0.997614 0.837996
vt 0.997949 0.476429
vt 0.998529 0.477471
vt 0.995002 0.477471
vt 0.995002 0.476429
vt 0.997949 0.475387
vt 0.998530 0.476429
vt 0.569526 0.992035
vt 0.569343 0.993927
vt 0.569343 0.987242
vt 0.910520 0.133309
vt 0.923799 0.133309
vt 0.918094 0.136792
vt 0.995002 0.883383
vt 0.996755 0.882643
vt 0.997480 0.883383
vt 0.068768 0.996311
vt 0.069558 0.996726
vt 0.068768 0.998457
vt 0.850909 0.992236
vt 0.850873 0.992905
vt 0.850873 0.987242
vt 0.222552 0.998225
vt 0.222552 0.996311
vt 0.223201 0.997418
vt 0.850780 0.992905
vt 0.850780 0.987242
vt 0.850873 0.988522
vt 0.318808 0.994980
vt 0.318808 0.987242
vt 0.320482 0.988828
vt 0.616548 0.993618
vt 0.616548 0.987242
vt 0.619709 0.991109
vt 0.321366 0.994979
vt 0.321313 0.995013
vt 0.321313 0.987242
vt 0.501060 0.996311
vt 0.501296 0.997304
vt 0.505525 0.997257
vt 0.505143 0.997316
vt 0.505143 0.996311
vt 0.242089 0.996311
vt 0.242965 0.996571
vt 0.242089 0.998151
vt 0.440267 0.997503
vt 0.440267 0.996311
vt 0.441253 0.996978
vt 0.506644 0.997299
vt 0.505978 0.997299
vt 0.506500 0.996311
vt 0.999798 0.039879
vt 0.995002 0.039879
vt 0.996417 0.038872
vt 0.380700 0.996311
vt 0.381020 0.997814
vt 0.379830 0.997814
vt 0.426316 0.997621
vt 0.427111 0.996311
vt 0.427111 0.997621
vt 0.426316 0.996311
vt 0.995002 0.802729
vt 0.997706 0.802729
vt 0.997623 0.803730
vt 0.998205 0.592178
vt 0.995002 0.592178
vt 0.995583 0.591176
vt 0.995002 0.478842
vt 0.996178 0.477471
vt 0.998508 0.478842
vt 0.995002 0.902634
vt 0.997434 0.902634
vt 0.995079 0.903629
vt 0.997357 0.735899
vt 0.997937 0.736894
vt 0.995002 0.736894
vt 0.995002 0.657385
vt 0.997121 0.656193
vt 0.998090 0.657385
vt 0.427216 0.997596
vt 0.427216 0.996311
vt 0.428169 0.996973
vt 0.995002 0.079131
vt 0.998488 0.078759
vt 0.999717 0.079131
vt 0.565144 0.989237
vt 0.566063 0.987242
vt 0.566063 0.993916
vt 0.472460 0.987691
vt 0.471880 0.994340
vt 0.471880 0.987242
vt 0.995002 0.406042
vt 0.998101 0.405094
vt 0.998754 0.406042
vt 0.998101 0.406042
vt 0.998754 0.406991
vt 0.995002 0.406991
vt 0.549395 0.987242
vt 0.550037 0.990939
vt 0.549395 0.993959
vt 0.995002 0.918247
vt 0.997409 0.918084
vt 0.997409 0.918977
vt 0.723662 0.987242
vt 0.723662 0.993307
vt 0.722857 0.989625
vt 0.731373 0.993202
vt 0.730761 0.993307
vt 0.730761 0.987242
vt 0.565144 0.987242
vt 0.565144 0.993844
vt 0.562669 0.992699
vt 0.518916 0.994177
vt 0.518916 0.987242
vt 0.519365 0.987590
vt 0.356113 0.994774
vt 0.356113 0.987242
vt 0.356787 0.987872
vt 0.991129 0.532821
vt 0.994533 0.536702
vt 0.984674 0.536702
vt 0.997414 0.915059
vt 0.995002 0.915059
vt 0.995704 0.914199
vt 0.557459 0.996726
vt 0.557415 0.996548
vt 0.557459 0.996311
vt 0.433122 0.997411
vt 0.432738 0.997566
vt 0.432738 0.996311
vt 0.560001 0.996452
vt 0.559965 0.996328
vt 0.560001 0.996311
vt 0.432532 0.997558
vt 0.432394 0.997583
vt 0.432394 0.996311
vt 0.558126 0.996311
vt 0.558153 0.996427
vt 0.558126 0.996674
vt 0.460681 0.996311
vt 0.460946 0.997227
vt 0.460681 0.997474
vt 0.984674 0.975943
vt 0.990863 0.973556
vt 0.993771 0.975943
vt 0.998764 0.403771
vt 0.995002 0.403771
vt 0.995664 0.402817
vt 0.995002 0.586471
vt 0.997370 0.585743
vt 0.998246 0.586471
vt 0.575735 0.993876
vt 0.575000 0.987549
vt 0.575735 0.987242
vt 0.966670 0.992202
vt 0.966670 0.987242
vt 0.970812 0.987364
vt 0.948984 0.414227
vt 0.936666 0.414227
vt 0.938780 0.409740
vt 0.936666 0.373846
vt 0.948984 0.373846
vt 0.946870 0.378333
vt 0.645636 0.975749
vt 0.640096 0.975749
vt 0.640386 0.964606
vt 0.282783 0.997397
vt 0.282373 0.998080
vt 0.282373 0.996311
vt 0.201528 0.995485
vt 0.201528 0.987242
vt 0.203091 0.989165
vt 0.997469 0.887770
vt 0.995002 0.887770
vt 0.996518 0.886859
vt 0.608311 0.987242
vt 0.610445 0.988481
vt 0.608311 0.993753
vt 0.333542 0.968411
vt 0.330757 0.976170
vt 0.330757 0.964607
vt 0.995002 0.779753
vt 0.996851 0.779123
vt 0.997815 0.779753
vt 0.995002 0.006821
vt 0.996899 0.006357
vt 0.999959 0.006821
vt 0.960039 0.964523
vt 0.960039 0.952323
vt 0.960621 0.957831
vt 0.873382 0.987242
vt 0.873884 0.989201
vt 0.873382 0.992781
vt 0.995002 0.451161
vt 0.995955 0.450255
vt 0.998617 0.451161
vt 0.995833 0.534419
vt 0.998377 0.535155
vt 0.995002 0.535155
vt 0.997649 0.833195
vt 0.995002 0.833195
vt 0.997433 0.832901
vt 0.996340 0.413657
vt 0.998771 0.413953
vt 0.995002 0.413953
vt 0.998370 0.544851
vt 0.998384 0.545068
vt 0.995002 0.545068
vt 0.995002 0.152879
vt 0.998320 0.152224
vt 0.999387 0.152879
vt 0.999770 0.057858
vt 0.995002 0.057858
vt 0.995135 0.057721
vt 0.995002 0.278748
vt 0.998887 0.278748
vt 0.998582 0.281696
vt 0.535198 0.996311
vt 0.535931 0.996311
vt 0.535865 0.997115
vt 0.542634 0.997122
vt 0.542634 0.996311
vt 0.542823 0.997097
vt 0.492773 0.996311
vt 0.493369 0.996805
vt 0.492773 0.997356
vt 0.507130 0.996638
vt 0.507601 0.996311
vt 0.507601 0.997293
vt 0.462733 0.997469
vt 0.462733 0.996311
vt 0.462946 0.996355
vt 0.426316 0.997469
vt 0.425997 0.997645
vt 0.425997 0.996311
vt 0.455021 0.996311
vt 0.455128 0.996348
vt 0.455021 0.997512
vt 0.459227 0.996368
vt 0.459006 0.997480
vt 0.459006 0.996311
vt 0.431820 0.996311
vt 0.432394 0.997301
vt 0.431820 0.997563
vt 0.463304 0.996311
vt 0.463520 0.996311
vt 0.463485 0.997455
vt 0.524529 0.996311
vt 0.524817 0.996872
vt 0.524529 0.997214
vt 0.995002 0.261624
vt 0.999038 0.261624
vt 0.998626 0.262427
vt 0.995002 0.312143
vt 0.998421 0.311069
vt 0.998887 0.312143
vt 0.998714 0.423921
vt 0.995216 0.424697
vt 0.995002 0.423921
vt 0.543813 0.996311
vt 0.543875 0.996318
vt 0.543813 0.997120
vt 0.420359 0.996311
vt 0.420779 0.996419
vt 0.420359 0.997682
vt 0.533612 0.996311
vt 0.534053 0.996420
vt 0.533612 0.997134
vt 0.532770 0.996311
vt 0.532963 0.997095
vt 0.532770 0.997150
vt 0.524898 0.997075
vt 0.525161 0.996311
vt 0.525161 0.997207
vt 0.522397 0.996311
vt 0.522956 0.996581
vt 0.522397 0.997207
vt 0.995002 0.243675
vt 0.997169 0.242886
vt 0.999147 0.243675
vt 0.075963 0.998440
vt 0.075963 0.996311
vt 0.076833 0.997452
vt 0.518895 0.990389
vt 0.518393 0.994183
vt 0.518393 0.987242
vt 0.995002 0.600565
vt 0.996008 0.599646
vt 0.998188 0.600565
vt 0.961514 0.733872
vt 0.973639 0.733872
vt 0.966864 0.735384
vt 0.893213 0.975368
vt 0.887626 0.975515
vt 0.887626 0.964607
vt 0.077764 0.964448
vt 0.077764 0.952323
vt 0.082273 0.954516
vt 0.415879 0.997046
vt 0.414585 0.997674
vt 0.414585 0.996311
vt 0.998097 0.672037
vt 0.995002 0.672037
vt 0.996782 0.671341
vt 0.996625 0.977978
vt 0.997309 0.978588
vt 0.995002 0.978588
vt 0.321780 0.996311
vt 0.321148 0.997926
vt 0.320349 0.996311
vt 0.995002 0.468396
vt 0.997120 0.467298
vt 0.998549 0.468396
vt 0.779481 0.975753
vt 0.779481 0.964607
vt 0.782349 0.973666
vt 0.936666 0.015034
vt 0.939027 0.010023
vt 0.948984 0.015034
vt 0.406707 0.997746
vt 0.405842 0.997446
vt 0.406707 0.996311
vt 0.487183 0.996848
vt 0.486441 0.997385
vt 0.486441 0.996311
vt 0.998071 0.687916
vt 0.995002 0.687916
vt 0.996327 0.687387
vt 0.995002 -0.000000
vt 0.999879 0.000144
vt 0.995002 0.003069
vt 0.558568 0.996624
vt 0.558438 0.996382
vt 0.558568 0.996311
vt 0.500769 0.996425
vt 0.501060 0.997336
vt 0.997717 0.801507
vt 0.995002 0.801507
vt 0.995659 0.800660
vt 0.492773 0.997263
vt 0.492678 0.997383
vt 0.492678 0.996311
vt 0.494983 0.996311
vt 0.494983 0.997339
vt 0.494199 0.996971
vt 0.543789 0.996311
vt 0.543813 0.997106
vt 0.543472 0.997106
vt 0.006997 0.997131
vt 0.006254 0.998537
vt 0.006254 0.996311
vt 0.375713 0.997902
vt 0.375713 0.996311
vt 0.376133 0.996463
vt 0.396869 0.997515
vt 0.397279 0.996311
vt 0.397279 0.997810
vt 0.555633 0.996707
vt 0.555602 0.996816
vt 0.557667 0.996311
vt 0.557767 0.996503
vt 0.557667 0.996708
vt 0.650355 0.987242
vt 0.650355 0.993580
vt 0.650239 0.993559
vt 0.516351 0.996311
vt 0.516600 0.997095
vt 0.516351 0.997264
vt 0.650652 0.993560
vt 0.650355 0.993511
vt 0.650652 0.987242
vt 0.671277 0.993387
vt 0.670754 0.993518
vt 0.670754 0.987242
vt 0.994693 0.436252
vt 0.994820 0.436776
vt 0.984674 0.436776
vt 0.691535 0.993409
vt 0.691535 0.987242
vt 0.691734 0.987276
vt 0.492678 0.997308
vt 0.492580 0.997385
vt 0.492580 0.996311
vt 0.377589 0.996311
vt 0.378591 0.997810
vt 0.377589 0.997830
vt 0.381020 0.996311
vt 0.381815 0.997501
vt 0.381020 0.997830
vt 0.274776 0.996311
vt 0.274776 0.998133
vt 0.274688 0.998045
vt 0.708261 0.993344
vt 0.708553 0.987242
vt 0.708553 0.993379
vt 0.575000 0.993803
vt 0.572772 0.988115
vt 0.575000 0.987242
vt 0.502535 0.987242
vt 0.503183 0.993771
vt 0.502535 0.994244
vt 0.374961 0.987242
vt 0.375491 0.994224
vt 0.374961 0.994671
vt 0.984674 0.434152
vt 0.988153 0.430590
vt 0.994673 0.434152
vt 0.988393 0.514972
vt 0.994573 0.518282
vt 0.984674 0.518282
vt 0.994558 0.435713
vt 0.994820 0.436252
vt 0.984674 0.436252
vt 0.997573 0.853282
vt 0.997278 0.854023
vt 0.995002 0.853282
vt 0.995002 0.797363
vt 0.997729 0.797363
vt 0.995283 0.798155
vt 0.505525 0.996311
vt 0.505978 0.996968
vt 0.505525 0.997311
vt 0.502805 0.996795
vt 0.503444 0.996311
vt 0.503444 0.997310
vt 0.517404 0.996311
vt 0.517404 0.997234
vt 0.516600 0.996481
vt 0.476876 0.996940
vt 0.476369 0.997413
vt 0.476369 0.996311
vt 0.536491 0.996311
vt 0.536593 0.997118
vt 0.535931 0.997118
vt 0.543472 0.997117
vt 0.543360 0.997120
vt 0.543360 0.996311
vt 0.994673 0.526033
vt 0.994729 0.526130
vt 0.984674 0.526130
vt 0.319615 0.996311
vt 0.319615 0.997964
vt 0.318881 0.997614
vt 0.510493 0.997282
vt 0.510493 0.996311
vt 0.510978 0.996965
vt 0.824445 0.975649
vt 0.820551 0.973877
vt 0.824445 0.964607
vt 0.536593 0.996311
vt 0.537135 0.996319
vt 0.536593 0.997124
vt 0.943679 0.964607
vt 0.944213 0.975636
vt 0.943679 0.975727
vt 0.984610 0.321062
vt 0.973695 0.321062
vt 0.973795 0.320491
vt 0.982783 0.255504
vt 0.984525 0.259330
vt 0.973695 0.259330
vt 0.910520 0.685457
vt 0.923270 0.687881
vt 0.910520 0.689735
vt 0.813366 0.848071
vt 0.813366 0.864183
vt 0.811411 0.854803
vt 0.847842 0.860574
vt 0.844774 0.864174
vt 0.844774 0.848061
vt 0.319615 0.996311
vt 0.320349 0.996661
vt 0.319615 0.997964
vt 0.464912 0.997420
vt 0.464098 0.997422
vt 0.464098 0.996311
vt 0.995002 0.591176
vt 0.997321 0.590550
vt 0.998238 0.591176
vt 0.454441 0.996311
vt 0.455021 0.996921
vt 0.454441 0.997489
vt 0.771937 0.975900
vt 0.771120 0.964809
vt 0.771937 0.964607
vt 0.453266 0.996311
vt 0.453898 0.996975
vt 0.453266 0.997489
vt 0.930813 0.964607
vt 0.931700 0.964838
vt 0.930813 0.975716
vt 0.578931 0.964606
vt 0.576054 0.975860
vt 0.575104 0.964606
vt 0.924061 0.298734
vt 0.936556 0.298734
vt 0.934975 0.302709
vt 0.922108 0.192290
vt 0.923498 0.199353
vt 0.910520 0.199353
vt 0.892050 0.153353
vt 0.888152 0.165161
vt 0.888152 0.151591
vt 0.253118 0.997478
vt 0.254404 0.996311
vt 0.254404 0.998114
vt 0.995002 0.767676
vt 0.996138 0.766800
vt 0.997837 0.767676
vt 0.828910 0.975700
vt 0.828910 0.964607
vt 0.831199 0.966279
vt 0.673438 0.975558
vt 0.678893 0.964607
vt 0.678893 0.975700
vt 0.389212 0.939948
vt 0.393635 0.950122
vt 0.389212 0.952183
vt 0.160670 0.996573
vt 0.161489 0.996311
vt 0.161489 0.998300
vt 0.997388 0.926489
vt 0.995002 0.926489
vt 0.995591 0.925636
vt 0.467421 0.997409
vt 0.467421 0.996311
vt 0.468236 0.996320
vt 0.995877 0.358494
vt 0.998828 0.359157
vt 0.995002 0.359157
vt 0.922756 0.619387
vt 0.923352 0.623548
vt 0.910520 0.623548
vt 0.789999 0.975708
vt 0.786764 0.964607
vt 0.790433 0.964607
vt 0.924061 0.828927
vt 0.934942 0.825015
vt 0.936480 0.828927
vt 0.851020 0.878574
vt 0.851020 0.892053
vt 0.844380 0.880965
vt 0.891992 0.245787
vt 0.888152 0.247497
vt 0.888152 0.234018
vt 0.435303 0.996311
vt 0.435303 0.997534
vt 0.434489 0.996425
vt 0.998097 0.672037
vt 0.997060 0.672685
vt 0.995002 0.672037
vt 0.439564 0.997518
vt 0.438749 0.997401
vt 0.439564 0.996311
vt 0.998671 0.442408
vt 0.995988 0.443105
vt 0.995002 0.442408
vt 0.998027 0.717085
vt 0.995002 0.717085
vt 0.995261 0.716784
vt 0.531769 0.996311
vt 0.532150 0.996424
vt 0.531769 0.997153
vt 0.997767 0.783598
vt 0.995387 0.785039
vt 0.995002 0.783598
vt 0.997612 0.389601
vt 0.998798 0.390512
vt 0.995002 0.390512
vt 0.935605 0.991000
vt 0.935068 0.992454
vt 0.935068 0.987242
vt 0.800953 0.969262
vt 0.798609 0.975753
vt 0.798609 0.964607
vt 0.936666 0.400767
vt 0.948984 0.400767
vt 0.946870 0.405254
vt 0.925894 0.232552
vt 0.936556 0.237160
vt 0.924061 0.237160
vt 0.997152 0.929506
vt 0.997404 0.929795
vt 0.995002 0.929795
vt 0.532150 0.996417
vt 0.532519 0.996311
vt 0.532519 0.997150
vt 0.079214 0.996311
vt 0.080139 0.998405
vt 0.078648 0.998405
vt 0.998476 0.498608
vt 0.995002 0.498608
vt 0.996307 0.497877
vt 0.984604 0.296340
vt 0.973695 0.296340
vt 0.981488 0.294804
vt 0.859643 0.975515
vt 0.859643 0.964607
vt 0.865230 0.975368
vt 0.091293 0.952323
vt 0.091293 0.964448
vt 0.086783 0.962255
vt 0.354518 0.964607
vt 0.354518 0.975963
vt 0.349506 0.964755
vt 0.995190 0.794357
vt 0.995002 0.794139
vt 0.997774 0.794139
vt 0.541907 0.997103
vt 0.541620 0.997121
vt 0.541620 0.996311
vt 0.995002 0.841343
vt 0.995411 0.839909
vt 0.997573 0.841343
vt 0.998630 0.448216
vt 0.995002 0.448216
vt 0.996214 0.447340
vt 0.999762 0.057721
vt 0.995002 0.057721
vt 0.996159 0.057299
vt 0.836900 0.964607
vt 0.839024 0.971439
vt 0.836900 0.975700
vt 0.420172 0.952183
vt 0.420172 0.939948
vt 0.424594 0.950122
vt 0.934695 0.474837
vt 0.936480 0.479378
vt 0.924061 0.479378
vt 0.080344 0.996311
vt 0.080344 0.998469
vt 0.080139 0.998291
vt 0.543054 0.996311
vt 0.543095 0.997118
vt 0.542823 0.997118
vt 0.139264 0.996311
vt 0.139264 0.998301
vt 0.137836 0.997868
vt 0.997000 0.560722
vt 0.998330 0.561406
vt 0.995002 0.561406
vt 0.976731 0.335955
vt 0.984551 0.337319
vt 0.973695 0.337319
vt 0.952990 0.964607
vt 0.958493 0.964751
vt 0.952990 0.975462
vt 0.961514 0.235914
vt 0.971418 0.231468
vt 0.973556 0.235914
vt 0.455594 0.964607
vt 0.460526 0.964753
vt 0.455594 0.975914
vt 0.160670 0.996311
vt 0.160670 0.998302
vt 0.159839 0.997683
vt 0.986044 0.878735
vt 0.994369 0.880179
vt 0.984674 0.880179
vt 0.368323 0.997915
vt 0.368323 0.996311
vt 0.368957 0.997358
vt 0.984674 0.917850
vt 0.993397 0.916907
vt 0.994177 0.917850
vt 0.393928 0.996311
vt 0.393121 0.997803
vt 0.393118 0.996311
vt 0.385862 0.996314
vt 0.385862 0.997806
vt 0.385054 0.997803
vt 0.385054 0.996311
vt 0.389815 0.996311
vt 0.389903 0.997804
vt 0.389095 0.997804
vt 0.386669 0.996311
vt 0.385950 0.997804
vt 0.385862 0.996311
vt 0.310371 0.996311
vt 0.311083 0.997622
vt 0.310371 0.998007
vt 0.387479 0.997804
vt 0.386669 0.997804
vt 0.386754 0.996311
vt 0.318153 0.997971
vt 0.318153 0.996311
vt 0.318881 0.996665
vt 0.086087 0.619404
vt 0.086893 0.619441
vt 0.087035 0.623030
vt 0.086240 0.623289
vt 0.291411 0.987242
vt 0.292480 0.990980
vt 0.291411 0.995180
vt 0.290347 0.987242
vt 0.291411 0.991753
vt 0.290347 0.995185
vt 0.125563 0.794962
vt 0.124754 0.795005
vt 0.124793 0.793774
vt 0.125611 0.793412
vt 0.135557 0.995691
vt 0.135557 0.987242
vt 0.137097 0.988268
vt 0.064458 0.996767
vt 0.065168 0.998477
vt 0.333464 0.987242
vt 0.334721 0.987600
vt 0.333464 0.994823
vt 0.833112 0.987242
vt 0.833112 0.992699
vt 0.828073 0.987373
vt 0.949134 0.197009
vt 0.958750 0.192188
vt 0.961305 0.197009
vt 0.949134 0.177723
vt 0.958750 0.172901
vt 0.961305 0.177723
vt 0.961304 0.093464
vt 0.949134 0.093464
vt 0.958525 0.088217
vt 0.060607 0.996016
vt 0.060607 0.987242
vt 0.062792 0.994574
vt 0.997620 0.835261
vt 0.995620 0.834430
vt 0.332508 0.987242
vt 0.332508 0.994893
vt 0.332022 0.987335
vt 0.810275 0.992780
vt 0.810131 0.987242
vt 0.815441 0.987242
vt 0.948926 0.768167
vt 0.936666 0.768167
vt 0.939279 0.763282
vt 0.948926 0.743741
vt 0.936666 0.743741
vt 0.939279 0.738856
vt 0.984506 0.084643
vt 0.984506 0.090667
vt 0.973695 0.090425
vt 0.995002 0.352918
vt 0.998219 0.352089
vt 0.998830 0.352918
vt 0.998219 0.351260
vt 0.998830 0.352089
vt 0.995002 0.352089
vt 0.672797 0.987242
vt 0.673197 0.991049
vt 0.672797 0.993504
vt 0.001403 0.976648
vt 0.001403 0.964607
vt 0.002629 0.970508
vt 0.003578 0.997914
vt 0.002765 0.998546
vt 0.002765 0.996311
vt 0.737251 0.987242
vt 0.738126 0.991213
vt 0.737251 0.993269
vt 0.995583 0.930645
vt 0.995002 0.929795
vt 0.997369 0.929795
vt 0.995002 0.880173
vt 0.996764 0.879478
vt 0.997489 0.880173
vt 0.231128 0.998190
vt 0.231368 0.996311
vt 0.231985 0.998190
vt 0.984547 0.027521
vt 0.973695 0.022302
vt 0.984547 0.022016
vt 0.961514 0.280372
vt 0.971417 0.275926
vt 0.973556 0.280372
vt 0.470387 0.975766
vt 0.475319 0.964607
vt 0.475319 0.975913
vt 0.282783 0.996311
vt 0.283788 0.996311
vt 0.282943 0.998050
vt 0.164491 0.996591
vt 0.164601 0.996311
vt 0.164601 0.998333
vt 0.274038 0.997594
vt 0.274688 0.996311
vt 0.274688 0.998109
vt 0.868110 0.987242
vt 0.868760 0.988525
vt 0.868110 0.992802
vt 0.999184 0.171557
vt 0.995002 0.171557
vt 0.998996 0.169206
vt 0.087200 0.627209
vt 0.763852 0.993119
vt 0.763852 0.987242
vt 0.765944 0.992028
vt 0.984278 0.810061
vt 0.973695 0.810061
vt 0.979131 0.807225
vt 0.201632 0.955252
vt 0.196315 0.964403
vt 0.196315 0.952323
vt 0.437745 0.952323
vt 0.437746 0.964403
vt 0.432850 0.961706
vt 0.125004 0.786977
vt 0.429847 0.987242
vt 0.432582 0.988171
vt 0.429847 0.994398
vt 0.125811 0.786963
vt 0.610445 0.993694
vt 0.610445 0.987242
vt 0.613502 0.987507
vt 0.490827 0.997120
vt 0.491854 0.996311
vt 0.491854 0.997347
vt 0.494199 0.997364
vt 0.493817 0.997050
vt 0.494199 0.996311
vt 0.995002 0.285486
vt 0.995002 0.283296
vt 0.998907 0.285174
vt 0.086394 0.627204
vt 0.739800 0.993212
vt 0.739800 0.987242
vt 0.741778 0.988181
vt 0.016509 0.982020
vt 0.013826 0.987215
vt 0.013826 0.976687
vt 0.973695 0.612982
vt 0.973832 0.607000
vt 0.984223 0.612982
vt 0.961514 0.453975
vt 0.970867 0.449143
vt 0.973505 0.453975
vt 0.124754 0.780626
vt 0.418239 0.993064
vt 0.415687 0.994417
vt 0.415687 0.987242
vt 0.326641 0.987242
vt 0.326641 0.994804
vt 0.323935 0.993356
vt 0.125549 0.780282
vt 0.980282 0.288304
vt 0.984509 0.292019
vt 0.973695 0.292019
vt 0.936666 0.787706
vt 0.948926 0.787706
vt 0.946314 0.792592
vt 0.939027 0.005011
vt 0.948984 0.010023
vt 0.936666 0.010023
vt 0.978191 0.321512
vt 0.984452 0.325014
vt 0.973695 0.325014
vt 0.949134 0.225940
vt 0.958750 0.221118
vt 0.961304 0.225940
vt 0.724614 0.964607
vt 0.730071 0.964607
vt 0.724903 0.975696
vt 0.995060 0.918977
vt 0.997412 0.919806
vt 0.995002 0.919806
vt 0.997341 0.944322
vt 0.995002 0.944094
vt 0.997341 0.943516
vt 0.976472 0.992282
vt 0.976472 0.987242
vt 0.977829 0.989161
vt 0.905421 0.987242
vt 0.906862 0.990517
vt 0.905421 0.992552
vt 0.929401 0.992375
vt 0.929401 0.987242
vt 0.931968 0.990395
vt 0.202481 0.996832
vt 0.201835 0.998281
vt 0.201835 0.996311
vt 0.976355 0.987242
vt 0.976471 0.990794
vt 0.976355 0.992376
vt 0.998358 0.560591
vt 0.998241 0.560722
vt 0.995002 0.560591
vt 0.739280 0.987242
vt 0.739280 0.993254
vt 0.738126 0.990394
vt 0.973505 0.921397
vt 0.961514 0.921397
vt 0.968829 0.917618
vt 0.973505 0.312298
vt 0.961514 0.312298
vt 0.970638 0.307046
vt 0.973505 0.410487
vt 0.964152 0.415319
vt 0.961514 0.410487
vt 0.875884 0.987242
vt 0.878569 0.989257
vt 0.875884 0.992647
vt 0.996801 0.939014
vt 0.997350 0.939816
vt 0.995002 0.939816
vt 0.903105 0.992648
vt 0.903105 0.987242
vt 0.903247 0.989585
vt 0.995002 0.400458
vt 0.998330 0.400016
vt 0.998803 0.400458
vt 0.708261 0.990915
vt 0.707282 0.993348
vt 0.707282 0.987242
vt 0.966283 0.214589
vt 0.973594 0.218403
vt 0.961514 0.218403
vt 0.190999 0.952323
vt 0.196315 0.955252
vt 0.190999 0.964403
vt 0.359425 0.964403
vt 0.359425 0.952323
vt 0.364320 0.955020
vt 0.998182 0.463603
vt 0.998580 0.464265
vt 0.995002 0.464265
vt 0.538131 0.997142
vt 0.537997 0.997106
vt 0.538131 0.996311
vt 0.530913 0.996311
vt 0.531659 0.996512
vt 0.530913 0.997142
vt 0.998294 0.524271
vt 0.998294 0.527520
vt 0.995002 0.525040
vt 0.995002 0.154450
vt 0.995248 0.154188
vt 0.999361 0.154450
vt 0.976355 0.988039
vt 0.975828 0.992366
vt 0.975828 0.987242
vt 0.973695 0.183053
vt 0.984509 0.183053
vt 0.974524 0.188109
vt 0.984506 0.132835
vt 0.984506 0.138859
vt 0.973695 0.138617
vt 0.998406 0.535273
vt 0.995002 0.535273
vt 0.995074 0.535155
vt 0.997446 0.327951
vt 0.998755 0.331018
vt 0.995002 0.331018
vt 0.994748 0.992316
vt 0.994838 0.992224
vt 0.994838 0.996237
vt 0.988399 0.992295
vt 0.987664 0.988349
vt 0.988399 0.987242
vt 0.717076 0.966115
vt 0.721898 0.964607
vt 0.721898 0.975731
vt 0.961304 0.088217
vt 0.949134 0.088217
vt 0.958525 0.082970
vt 0.998000 0.470040
vt 0.998556 0.470836
vt 0.995002 0.470836
vt 0.998057 0.688715
vt 0.995002 0.688457
vt 0.998057 0.687916
vt 0.544497 0.997110
vt 0.544322 0.997105
vt 0.544497 0.996311
vt 0.534689 0.997124
vt 0.534053 0.996431
vt 0.534689 0.996311
vt 0.087048 0.632429
vt 0.086237 0.632607
vt 0.995002 0.407786
vt 0.998755 0.407786
vt 0.998191 0.408582
vt 0.995002 0.568522
vt 0.995002 0.567703
vt 0.998289 0.567733
vt 0.515752 0.997263
vt 0.515752 0.996311
vt 0.516057 0.997072
vt 0.517906 0.997189
vt 0.517801 0.997263
vt 0.517801 0.996311
vt 0.086891 0.637810
vt 0.676570 0.993373
vt 0.676570 0.987242
vt 0.679485 0.988848
vt 0.997584 0.672685
vt 0.998087 0.673480
vt 0.995002 0.673480
vt 0.997509 0.809609
vt 0.995002 0.808837
vt 0.997704 0.808837
vt 0.450851 0.996311
vt 0.451430 0.997507
vt 0.450546 0.997507
vt 0.509698 0.997267
vt 0.509698 0.996311
vt 0.510493 0.996324
vt 0.999429 0.146446
vt 0.995002 0.146446
vt 0.999117 0.145639
vt 0.803760 0.987242
vt 0.803760 0.992941
vt 0.800714 0.990455
vt 0.264204 0.991385
vt 0.264511 0.987242
vt 0.265012 0.991405
vt 0.999157 0.159627
vt 0.995002 0.159627
vt 0.995308 0.155521
vt 0.086087 0.637749
vt 0.763852 0.991578
vt 0.761083 0.993089
vt 0.761083 0.987242
vt 0.489892 0.996797
vt 0.489351 0.997380
vt 0.489351 0.996311
vt 0.930115 0.975731
vt 0.930115 0.964607
vt 0.930813 0.964809
vt 0.539247 0.996311
vt 0.539994 0.996311
vt 0.539961 0.997107
vt 0.824445 0.964607
vt 0.825163 0.975594
vt 0.824445 0.975799
vt 0.515640 0.996987
vt 0.515219 0.997263
vt 0.515219 0.996311
vt 0.212730 0.995117
vt 0.212379 0.995476
vt 0.212379 0.987242
vt 0.511629 0.996311
vt 0.512419 0.996746
vt 0.511629 0.997263
vt 0.206822 0.995489
vt 0.206822 0.987242
vt 0.207482 0.987917
vt 0.349414 0.997930
vt 0.349414 0.996311
vt 0.350094 0.997516
vt 0.993999 0.903043
vt 0.984674 0.897314
vt 0.993999 0.897105
vt 0.994001 0.948574
vt 0.984674 0.948574
vt 0.985658 0.947602
vt 0.795548 0.967788
vt 0.790433 0.975617
vt 0.338020 0.996311
vt 0.338924 0.997914
vt 0.338020 0.997930
vt 0.992717 0.941178
vt 0.994026 0.942471
vt 0.984674 0.942471
vt 0.948895 0.900237
vt 0.936666 0.900237
vt 0.939729 0.895051
vt 0.015561 0.952177
vt 0.015561 0.939948
vt 0.020747 0.943011
vt 0.984108 0.509529
vt 0.984227 0.515940
vt 0.973695 0.515940
vt 0.949134 0.529760
vt 0.958267 0.524636
vt 0.961268 0.529760
vt 0.949134 0.560506
vt 0.958267 0.555381
vt 0.961268 0.560506
vt 0.984051 0.736248
vt 0.973695 0.729924
vt 0.984167 0.729924
vt 0.997938 0.736894
vt 0.997515 0.737694
vt 0.995002 0.736894
vt 0.137097 0.995641
vt 0.137097 0.987242
vt 0.139585 0.988802
vt 0.209897 0.995388
vt 0.209897 0.987242
vt 0.212100 0.994136
vt 0.997535 0.863911
vt 0.995002 0.863979
vt 0.995002 0.863179
vt 0.433468 0.987242
vt 0.433468 0.994480
vt 0.432582 0.987429
vt 0.637097 0.989133
vt 0.642817 0.987242
vt 0.642817 0.993351
vt 0.010374 0.939948
vt 0.010374 0.952177
vt 0.005187 0.949114
vt 0.936666 0.664736
vt 0.939927 0.659214
vt 0.948895 0.664736
vt 0.418239 0.994520
vt 0.418239 0.987242
vt 0.418732 0.987348
vt 0.411640 0.994431
vt 0.411640 0.987242
vt 0.414077 0.987302
vt 0.691734 0.987349
vt 0.696504 0.987242
vt 0.696504 0.993180
vt 0.961267 0.575878
vt 0.952135 0.581002
vt 0.949134 0.575878
vt 0.984050 0.717277
vt 0.973695 0.710953
vt 0.984167 0.710953
vt 0.995418 0.769425
vt 0.995002 0.768625
vt 0.997833 0.768625
vt 0.288069 0.995124
vt 0.288069 0.987242
vt 0.290347 0.993444
vt 0.321366 0.994843
vt 0.321366 0.987242
vt 0.323558 0.988720
vt 0.997646 0.826363
vt 0.995002 0.826363
vt 0.997418 0.825563
vt 0.649725 0.990092
vt 0.643880 0.993313
vt 0.643880 0.987242
vt 0.536315 0.952323
vt 0.536315 0.964388
vt 0.531127 0.961236
vt 0.160379 0.986878
vt 0.153920 0.987000
vt 0.153920 0.976687
vt 0.525940 0.952323
vt 0.525940 0.964388
vt 0.520752 0.961236
vt 0.961514 0.596023
vt 0.970396 0.590897
vt 0.973484 0.596023
vt 0.527459 0.987242
vt 0.532924 0.989679
vt 0.527459 0.993849
vt 0.543984 0.986940
vt 0.550161 0.976687
vt 0.550355 0.986940
vt 0.961514 0.529391
vt 0.970397 0.524266
vt 0.973485 0.529391
vt 0.518399 0.997245
vt 0.518399 0.996311
vt 0.518830 0.996572
vt 0.514444 0.996311
vt 0.515220 0.996779
vt 0.514444 0.997245
vt 0.569804 0.987242
vt 0.569804 0.993916
vt 0.569526 0.993186
vt 0.537500 0.996311
vt 0.537916 0.997111
vt 0.537135 0.997111
vt 0.526073 0.996311
vt 0.526073 0.997191
vt 0.525533 0.996558
vt 0.997440 0.906698
vt 0.997029 0.907504
vt 0.995002 0.906698
vt 0.039382 0.998480
vt 0.039382 0.996311
vt 0.040188 0.996453
vt 0.697853 0.991652
vt 0.696504 0.993351
vt 0.749339 0.993193
vt 0.749339 0.987242
vt 0.750879 0.989872
vt 0.998663 0.447340
vt 0.995002 0.447340
vt 0.995180 0.447073
vt 0.998241 0.540555
vt 0.998241 0.543754
vt 0.995002 0.541861
vt 0.699843 0.990423
vt 0.697853 0.993313
vt 0.697853 0.987242
vt 0.479249 0.964388
vt 0.479249 0.952323
vt 0.484436 0.955476
vt 0.244357 0.986998
vt 0.237897 0.986998
vt 0.238092 0.976687
vt 0.997938 0.714593
vt 0.995002 0.713775
vt 0.998011 0.713775
vt 0.998303 0.566123
vt 0.995404 0.566930
vt 0.995002 0.566123
vt 0.869874 0.992693
vt 0.869874 0.987242
vt 0.872392 0.990516
vt 0.086474 0.641919
vt 0.728287 0.987000
vt 0.728287 0.976687
vt 0.731928 0.982944
vt 0.263737 0.976687
vt 0.263543 0.986998
vt 0.257277 0.976687
vt 0.500000 0.952323
vt 0.500000 0.964388
vt 0.494812 0.961236
vt 0.451624 0.997492
vt 0.451624 0.996311
vt 0.452261 0.996978
vt 0.999774 0.047623
vt 0.995002 0.047623
vt 0.995512 0.046854
vt 0.995002 0.097682
vt 0.998961 0.096698
vt 0.999614 0.097682
vt 0.466982 0.997407
vt 0.466542 0.996311
vt 0.467421 0.996311
vt 0.995002 0.277837
vt 0.998989 0.277837
vt 0.998979 0.278748
vt 0.996169 0.083177
vt 0.999628 0.085161
vt 0.995002 0.085161
vt 0.708553 0.993266
vt 0.708553 0.987242
vt 0.711006 0.989344
vt 0.041495 0.939948
vt 0.041495 0.952177
vt 0.036308 0.949114
vt 0.936666 0.686822
vt 0.939927 0.681301
vt 0.948895 0.686822
vt 0.538925 0.996311
vt 0.539247 0.997128
vt 0.538925 0.997129
vt 0.541174 0.997132
vt 0.541097 0.997125
vt 0.541174 0.996311
vt 0.868110 0.992715
vt 0.865638 0.990756
vt 0.999111 0.166016
vt 0.999298 0.166821
vt 0.995002 0.166821
vt 0.982583 0.980911
vt 0.979103 0.986942
vt 0.979103 0.976687
vt 0.970197 0.338462
vt 0.973485 0.343919
vt 0.961514 0.343919
vt 0.973485 0.503764
vt 0.964602 0.508889
vt 0.961514 0.503764
vt 0.457605 0.997461
vt 0.456726 0.997461
vt 0.457184 0.996311
vt 0.995002 0.230000
vt 0.999156 0.228775
vt 0.999165 0.230000
vt 0.433746 0.997549
vt 0.433139 0.996870
vt 0.433746 0.996311
vt 0.999629 0.086956
vt 0.995870 0.088745
vt 0.995002 0.086956
vt 0.735575 0.987242
vt 0.735575 0.993185
vt 0.732815 0.989471
vt 0.961269 0.445976
vt 0.952139 0.451103
vt 0.949134 0.445976
vt 0.984165 0.774196
vt 0.973695 0.768065
vt 0.984165 0.767871
vt 0.264204 0.995232
vt 0.805538 0.987242
vt 0.808212 0.990046
vt 0.805538 0.992928
vt 0.265012 0.995280
vt 0.781408 0.993047
vt 0.778684 0.989959
vt 0.781408 0.987242
vt 0.476200 0.987242
vt 0.476920 0.993002
vt 0.476200 0.994311
vt 0.711883 0.952323
vt 0.713220 0.959264
vt 0.711883 0.964552
vt 0.984227 0.496705
vt 0.973695 0.496705
vt 0.984109 0.490294
vt 0.936666 0.858742
vt 0.948895 0.858742
vt 0.945832 0.863929
vt 0.939507 0.588296
vt 0.948926 0.593608
vt 0.936666 0.593608
vt 0.995294 0.494086
vt 0.995002 0.493258
vt 0.998202 0.493259
vt 0.996373 0.317634
vt 0.995002 0.314744
vt 0.998790 0.314744
vt 0.998790 0.395224
vt 0.998833 0.395289
vt 0.995002 0.395289
vt 0.998493 0.494086
vt 0.516672 0.987242
vt 0.517362 0.988567
vt 0.516672 0.994211
vt 0.973648 0.736573
vt 0.961514 0.736573
vt 0.966782 0.735384
vt 0.973695 0.691981
vt 0.973812 0.685656
vt 0.984167 0.691981
vt 0.949134 0.478518
vt 0.958267 0.473394
vt 0.961268 0.478518
vt 0.958525 0.098712
vt 0.961304 0.103959
vt 0.949134 0.103959
vt 0.063699 0.998475
vt 0.063699 0.996311
vt 0.064458 0.998149
vt 0.053750 0.998475
vt 0.052872 0.996347
vt 0.053750 0.996311
vt 0.725962 0.987242
vt 0.725962 0.993226
vt 0.723662 0.990227
vt 0.995261 0.973312
vt 0.995002 0.972475
vt 0.997320 0.972475
vt 0.998781 0.402123
vt 0.997213 0.402817
vt 0.995002 0.402123
vt 0.961514 0.601149
vt 0.970396 0.596023
vt 0.973484 0.601149
vt 0.973484 0.376662
vt 0.961514 0.376662
vt 0.970197 0.371205
vt 0.526910 0.993563
vt 0.526697 0.994117
vt 0.526697 0.987242
vt 0.635455 0.987242
vt 0.637097 0.990703
vt 0.635455 0.993566
vt 0.997391 0.925636
vt 0.995002 0.925636
vt 0.997061 0.924798
vt 0.995002 0.493036
vt 0.997315 0.492437
vt 0.998511 0.493036
vt 0.008699 0.998464
vt 0.007823 0.998529
vt 0.007823 0.996311
vt 0.996991 0.465181
vt 0.998550 0.466383
vt 0.995002 0.466383
vt 0.016733 0.998507
vt 0.016733 0.996311
vt 0.017570 0.996453
vt 0.995002 0.585743
vt 0.996321 0.584663
vt 0.998232 0.585743
vt 0.238650 0.998167
vt 0.237995 0.996311
vt 0.238811 0.996311
vt 0.527913 0.997157
vt 0.527158 0.996311
vt 0.527975 0.996311
vt 0.998914 0.300335
vt 0.997700 0.301748
vt 0.995002 0.300335
vt 0.873361 0.987242
vt 0.873361 0.992768
vt 0.872392 0.988978
vt 0.253409 0.964607
vt 0.258210 0.967341
vt 0.253409 0.976218
vt 0.984122 0.806722
vt 0.973695 0.805761
vt 0.984122 0.800651
vt 0.973695 0.793171
vt 0.984165 0.799307
vt 0.973695 0.799500
vt 0.318153 0.997962
vt 0.317236 0.997748
vt 0.318153 0.996311
vt 0.462733 0.997445
vt 0.462031 0.996817
vt 0.462733 0.996311
vt 0.998956 0.289717
vt 0.995002 0.289717
vt 0.997808 0.288532
vt 0.919163 0.992555
vt 0.919163 0.987242
vt 0.919826 0.988657
vt 0.322145 0.964607
vt 0.322145 0.976145
vt 0.317473 0.967137
vt 0.287884 0.973717
vt 0.282601 0.976145
vt 0.282601 0.964607
vt 0.948895 0.708909
vt 0.945634 0.714431
vt 0.936666 0.708909
vt 0.310371 0.997402
vt 0.309822 0.998026
vt 0.309822 0.996311
vt 0.519797 0.996311
vt 0.520571 0.996616
vt 0.519797 0.997212
vt 0.998032 0.691164
vt 0.995256 0.692355
vt 0.995002 0.691164
vt 0.742343 0.987242
vt 0.742343 0.993270
vt 0.741778 0.990219
vt 0.973507 0.333309
vt 0.964641 0.338462
vt 0.961514 0.333309
vt 0.454754 0.986940
vt 0.460974 0.976687
vt 0.461169 0.986940
vt 0.425560 0.997148
vt 0.425997 0.996311
vt 0.425997 0.997649
vt 0.508171 0.996947
vt 0.507601 0.997288
vt 0.507601 0.996311
vt 0.519242 0.997256
vt 0.519242 0.996311
vt 0.519330 0.996342
vt 0.995093 0.697952
vt 0.995002 0.697038
vt 0.998035 0.697038
vt 0.732815 0.990312
vt 0.732559 0.993313
vt 0.732559 0.987242
vt 0.551879 0.964388
vt 0.551879 0.952323
vt 0.557066 0.955475
vt 0.166838 0.986878
vt 0.160379 0.986999
vt 0.160379 0.976687
vt 0.998026 0.705567
vt 0.995002 0.705567
vt 0.997924 0.704708
vt 0.998005 0.714949
vt 0.995002 0.715458
vt 0.995002 0.714593
vt 0.530678 0.997178
vt 0.530678 0.996311
vt 0.530770 0.996329
vt 0.995111 0.706514
vt 0.995002 0.705658
vt 0.998022 0.705658
vt 0.997913 0.701881
vt 0.998035 0.702737
vt 0.995002 0.702737
vt 0.423258 0.996311
vt 0.423410 0.997633
vt 0.422544 0.997633
vt 0.184398 0.997085
vt 0.184942 0.996311
vt 0.184942 0.998299
vt 0.385054 0.997814
vt 0.384390 0.996861
vt 0.385054 0.996311
vt 0.377088 0.996311
vt 0.377488 0.996784
vt 0.377088 0.997874
vt 0.995077 0.753195
vt 0.995002 0.752333
vt 0.997865 0.752333
vt 0.998105 0.677624
vt 0.997847 0.677938
vt 0.995002 0.677624
vt 0.997989 0.723929
vt 0.995002 0.723929
vt 0.997790 0.723067
vt 0.995002 0.733653
vt 0.997989 0.733617
vt 0.998013 0.733653
vt 0.517404 0.997257
vt 0.517404 0.996311
vt 0.517746 0.996516
vt 0.530062 0.996311
vt 0.529876 0.997171
vt 0.529812 0.996311
vt 0.526463 0.997107
vt 0.526073 0.997191
vt 0.526073 0.996311
vt 0.508918 0.996311
vt 0.509424 0.997272
vt 0.508608 0.997272
vt 0.485876 0.996311
vt 0.486441 0.996540
vt 0.485876 0.997397
vt 0.994746 0.475997
vt 0.994746 0.477024
vt 0.984674 0.476640
vt 0.553073 0.996311
vt 0.553290 0.996806
vt 0.553073 0.996930
vt 0.553457 0.996311
vt 0.553861 0.996551
vt 0.553457 0.996909
vt 0.556034 0.996673
vt 0.556510 0.996311
vt 0.556510 0.996791
vt 0.994822 0.437250
vt 0.984674 0.437250
vt 0.994747 0.436776
vt 0.557477 0.996392
vt 0.557602 0.996311
vt 0.557602 0.996717
vt 0.527975 0.996311
vt 0.528008 0.997129
vt 0.527975 0.997196
vt 0.540511 0.996350
vt 0.540368 0.997130
vt 0.544642 0.997107
vt 0.544642 0.996311
vt 0.544704 0.996381
vt 0.984674 0.299402
vt 0.984763 0.298611
vt 0.994987 0.299402
vt 0.547515 0.997023
vt 0.547167 0.997040
vt 0.547167 0.996311
vt 0.560117 0.996311
vt 0.560143 0.996337
vt 0.560117 0.996405
vt 0.984674 0.300197
vt 0.994957 0.299402
vt 0.994986 0.300197
vt 0.464912 0.996311
vt 0.465457 0.996875
vt 0.464912 0.997431
vt 0.176981 0.987242
vt 0.177685 0.987590
vt 0.176981 0.995598
vt 0.997437 0.904538
vt 0.995002 0.904538
vt 0.995656 0.903629
vt 0.221396 0.987242
vt 0.221396 0.995281
vt 0.218978 0.994990
vt 0.545516 0.996316
vt 0.545584 0.996311
vt 0.545584 0.997092
vt 0.175836 0.987490
vt 0.174803 0.995598
vt 0.174803 0.987242
vt 0.214916 0.995438
vt 0.214916 0.987242
vt 0.214980 0.987265
vt 0.159151 0.996311
vt 0.159839 0.997809
vt 0.159151 0.998311
vt 0.209897 0.995424
vt 0.208252 0.995313
vt 0.209897 0.987242
vt 0.199299 0.987242
vt 0.199785 0.995344
vt 0.199299 0.995541
vt 0.108256 0.995749
vt 0.107197 0.995822
vt 0.107197 0.987242
vt 0.994068 0.916907
vt 0.984674 0.916907
vt 0.986281 0.913749
vt 0.912125 0.312829
vt 0.923563 0.315988
vt 0.910520 0.315988
vt 0.174583 0.995645
vt 0.174583 0.987242
vt 0.174803 0.995538
vt 0.915042 0.584186
vt 0.923563 0.585191
vt 0.910520 0.585191
vt 0.541463 0.997113
vt 0.541175 0.996311
vt 0.541620 0.996311
vt 0.545516 0.997075
vt 0.545007 0.996950
vt 0.545516 0.996311
vt 0.213157 0.987242
vt 0.213952 0.995377
vt 0.213157 0.995438
vt 0.213952 0.987242
vt 0.214743 0.987319
vt 0.213952 0.995416
vt 0.109326 0.995814
vt 0.110121 0.987242
vt 0.110121 0.995815
vt 0.108536 0.995815
vt 0.108531 0.987242
vt 0.109326 0.987242
vt 0.498855 0.996311
vt 0.498855 0.997321
vt 0.498034 0.996989
vt 0.492214 0.996311
vt 0.492214 0.997376
vt 0.491854 0.997074
vt 0.212100 0.987242
vt 0.212379 0.995366
vt 0.212100 0.995481
vt 0.206397 0.995509
vt 0.206397 0.987242
vt 0.206822 0.987338
vt 0.120931 0.987242
vt 0.121220 0.995727
vt 0.120931 0.995815
vt 0.009182 0.996231
vt 0.009182 0.987242
vt 0.011216 0.995255
vt 0.997211 0.863179
vt 0.995002 0.862724
vt 0.997556 0.862724
vt 0.919007 0.689735
vt 0.923471 0.689951
vt 0.910520 0.689951
vt 0.997762 0.797128
vt 0.997545 0.797363
vt 0.995002 0.797128
vt 0.923471 0.612661
vt 0.910520 0.612661
vt 0.921574 0.610623
vt 0.557226 0.996311
vt 0.557311 0.996739
vt 0.557226 0.996757
vt 0.532519 0.997159
vt 0.532519 0.996311
vt 0.532610 0.996322
vt 0.554093 0.996921
vt 0.554093 0.996311
vt 0.554148 0.996335
vt 0.532702 0.996311
vt 0.532702 0.997159
vt 0.532682 0.997152
vt 0.556765 0.996311
vt 0.556785 0.996794
vt 0.556765 0.996802
vt 0.547890 0.996311
vt 0.548387 0.996352
vt 0.547890 0.997030
vt 0.556589 0.996384
vt 0.556510 0.996810
vt 0.555037 0.996851
vt 0.554841 0.996311
vt 0.555275 0.996311
vt 0.537916 0.996311
vt 0.537975 0.996430
vt 0.537916 0.997147
vt 0.557015 0.996311
vt 0.557211 0.996755
vt 0.556848 0.996755
vt 0.553290 0.996311
vt 0.553457 0.996474
vt 0.553290 0.996929
vt 0.994379 0.883633
vt 0.994102 0.884184
vt 0.984674 0.514310
vt 0.985296 0.513793
vt 0.994726 0.514310
vt 0.984674 0.488932
vt 0.984717 0.488460
vt 0.994758 0.488932
vt 0.533612 0.997139
vt 0.533270 0.997016
vt 0.532963 0.996311
vt 0.533196 0.997059
vt 0.532963 0.997145
vt 0.542391 0.997109
vt 0.541907 0.997109
vt 0.542148 0.996311
vt 0.534689 0.996311
vt 0.534912 0.996414
vt 0.534689 0.997144
vt 0.560004 0.996444
vt 0.560004 0.996311
vt 0.560060 0.996376
vt 0.560116 0.996418
vt 0.560061 0.996350
vt 0.560116 0.996311
vt 0.984674 0.884719
vt 0.984855 0.884184
vt 0.994374 0.884719
vt 0.984674 0.913749
vt 0.994056 0.913289
vt 0.994208 0.913749
vt 0.984877 0.435187
vt 0.994821 0.435713
vt 0.984674 0.435713
vt 0.984674 0.562946
vt 0.984734 0.562429
vt 0.994678 0.562946
vt 0.994021 0.563917
vt 0.984674 0.563446
vt 0.994678 0.563446
vt 0.102203 0.974391
vt 0.099512 0.976474
vt 0.099512 0.964607
vt 0.554022 0.996311
vt 0.554093 0.996896
vt 0.554022 0.996920
vt 0.025674 0.996230
vt 0.025206 0.987631
vt 0.025674 0.987242
vt 0.994701 0.544464
vt 0.984674 0.544464
vt 0.993275 0.544028
vt 0.984674 0.512759
vt 0.994701 0.513790
vt 0.984674 0.513793
vt 0.402122 0.996858
vt 0.401958 0.997803
vt 0.401958 0.996311
vt 0.995002 0.595650
vt 0.998200 0.595533
vt 0.998200 0.596329
vt 0.827194 0.987242
vt 0.827985 0.989763
vt 0.827194 0.992935
vt 0.998864 0.358494
vt 0.995002 0.358494
vt 0.996686 0.358477
vt 0.064769 0.992054
vt 0.069013 0.987242
vt 0.069013 0.995905
vt 0.375830 0.987242
vt 0.378680 0.993039
vt 0.375830 0.994493
vt 0.999291 0.166016
vt 0.446257 0.994334
vt 0.446155 0.994482
vt 0.446155 0.987242
vt 0.389050 0.996311
vt 0.389095 0.997804
vt 0.388286 0.997804
vt 0.314404 0.997988
vt 0.314404 0.996311
vt 0.315124 0.997620
vt 0.464399 0.993270
vt 0.463352 0.994335
vt 0.463352 0.987242
vt 0.387523 0.996311
vt 0.388286 0.997804
vt 0.387479 0.997804
vt 0.689906 0.987242
vt 0.691330 0.992914
vt 0.689906 0.993360
vt 0.745731 0.987242
vt 0.749339 0.992601
vt 0.745731 0.993090
vt 0.949134 0.618095
vt 0.961249 0.618095
vt 0.957724 0.623508
vt 0.949134 0.645163
vt 0.961249 0.645163
vt 0.957724 0.650577
vt 0.816751 0.976687
vt 0.816601 0.986839
vt 0.809991 0.976687
vt 0.389903 0.996335
vt 0.390712 0.996311
vt 0.390712 0.997804
vt 0.392309 0.996311
vt 0.393118 0.997779
vt 0.392309 0.997803
vt 0.893377 0.987242
vt 0.893753 0.988686
vt 0.893377 0.992697
vt 0.315124 0.996311
vt 0.315843 0.996679
vt 0.315124 0.997988
vt 0.518393 0.987242
vt 0.518393 0.994174
vt 0.517362 0.993093
vt 0.314404 0.997989
vt 0.313687 0.996681
vt 0.314404 0.996311
vt 0.312969 0.997989
vt 0.312969 0.996311
vt 0.313687 0.997619
vt 0.759121 0.987242
vt 0.759121 0.993183
vt 0.757703 0.992720
vt 0.619709 0.993613
vt 0.619709 0.987242
vt 0.622894 0.991919
vt 0.902838 0.952323
vt 0.908190 0.960881
vt 0.902838 0.964338
vt 0.924245 0.952323
vt 0.929596 0.960881
vt 0.924245 0.964338
vt 0.984674 0.087647
vt 0.984674 0.080978
vt 0.994766 0.087498
vt 0.901055 0.987242
vt 0.901399 0.991190
vt 0.901055 0.992642
vt 0.487183 0.996381
vt 0.487989 0.996311
vt 0.487989 0.997382
vt 0.995002 0.295819
vt 0.998106 0.295181
vt 0.998965 0.295819
vt 0.995002 0.267092
vt 0.995736 0.266514
vt 0.999030 0.267092
vt 0.430634 0.996869
vt 0.430048 0.997597
vt 0.430048 0.996311
vt 0.998347 0.560591
vt 0.995002 0.560591
vt 0.995382 0.560175
vt 0.997948 0.728485
vt 0.995332 0.729941
vt 0.995002 0.728485
vt 0.996146 0.302712
vt 0.995002 0.301748
vt 0.998930 0.301748
vt 0.808212 0.989522
vt 0.810131 0.987242
vt 0.810131 0.992950
vt 0.336610 0.949132
vt 0.331776 0.952168
vt 0.331776 0.939948
vt 0.936666 0.251713
vt 0.948943 0.251713
vt 0.945517 0.257133
vt 0.383585 0.996311
vt 0.383585 0.997809
vt 0.382780 0.997746
vt 0.996402 0.458287
vt 0.998609 0.458821
vt 0.995002 0.458821
vt 0.384390 0.996374
vt 0.383585 0.997809
vt 0.383585 0.996311
vt 0.995002 0.448793
vt 0.997260 0.448216
vt 0.998643 0.448793
vt 0.997883 0.633231
vt 0.998171 0.633546
vt 0.995002 0.633546
vt 0.997821 0.755392
vt 0.997506 0.756851
vt 0.995002 0.755392
vt 0.998800 0.389601
vt 0.995002 0.389601
vt 0.996150 0.388641
vt 0.759238 0.993136
vt 0.759238 0.987242
vt 0.761083 0.989816
vt 0.945721 0.637507
vt 0.936666 0.632560
vt 0.948926 0.632560
vt 0.558283 0.952130
vt 0.558283 0.939948
vt 0.563642 0.948766
vt 0.520899 0.996311
vt 0.521393 0.996580
vt 0.520899 0.997221
vt 0.522397 0.997221
vt 0.522022 0.997017
vt 0.522397 0.996311
vt 0.517906 0.996311
vt 0.518399 0.996604
vt 0.517906 0.997243
vt 0.995002 0.993930
vt 0.995351 0.993474
vt 0.997273 0.993930
vt 0.995002 0.976686
vt 0.997059 0.976293
vt 0.997333 0.976686
vt 0.519242 0.996311
vt 0.519242 0.997243
vt 0.518830 0.996998
vt 0.220141 0.996311
vt 0.220141 0.998219
vt 0.219127 0.998143
vt 0.231087 0.998237
vt 0.231087 0.996311
vt 0.231128 0.996329
vt 0.827194 0.987242
vt 0.827194 0.992929
vt 0.825769 0.992470
vt 0.892616 0.987242
vt 0.892616 0.992660
vt 0.891166 0.989678
vt 0.355294 0.985277
vt 0.360707 0.976687
vt 0.360707 0.987017
vt 0.997837 0.765898
vt 0.996703 0.766800
vt 0.995002 0.765898
vt 0.952823 0.382381
vt 0.961249 0.388046
vt 0.949134 0.388046
vt 0.259167 0.998109
vt 0.258246 0.996361
vt 0.259167 0.996311
vt 0.273463 0.996311
vt 0.273537 0.998107
vt 0.273463 0.998140
vt 0.995002 0.799026
vt 0.996610 0.798155
vt 0.997722 0.799025
vt 0.633205 0.993658
vt 0.633205 0.987242
vt 0.634577 0.989591
vt 0.693060 0.952323
vt 0.698438 0.960864
vt 0.693060 0.964363
vt 0.984674 0.107656
vt 0.984674 0.100986
vt 0.994766 0.107506
vt 0.394727 0.997803
vt 0.393928 0.997803
vt 0.393989 0.996311
vt 0.395464 0.997803
vt 0.394727 0.996311
vt 0.395525 0.996311
vt 0.354432 0.767120
vt 0.354158 0.758666
vt 0.355562 0.763080
vt 0.995002 0.046063
vt 0.999776 0.046059
vt 0.999776 0.046854
vt 0.995002 0.006018
vt 0.995147 0.005917
vt 0.999985 0.006018
vt 0.146166 0.995701
vt 0.146166 0.987242
vt 0.146882 0.990770
vt 0.355160 0.778130
vt 0.629059 0.863209
vt 0.625926 0.849446
vt 0.629059 0.848120
vt 0.660072 0.861913
vt 0.657083 0.863174
vt 0.657083 0.848118
vt 0.999776 0.051598
vt 0.999447 0.052055
vt 0.995002 0.051598
vt 0.516351 0.996606
vt 0.516226 0.997271
vt 0.516226 0.996311
vt 0.551239 0.996988
vt 0.551239 0.996311
vt 0.551336 0.996673
vt 0.800953 0.975847
vt 0.800953 0.964607
vt 0.801381 0.972277
vt 0.998270 0.469140
vt 0.998598 0.469237
vt 0.995002 0.469237
vt 0.323935 0.989426
vt 0.323558 0.994924
vt 0.323558 0.987242
vt 0.019856 0.997038
vt 0.019493 0.998528
vt 0.019493 0.996311
vt 0.552553 0.996946
vt 0.552341 0.996311
vt 0.552904 0.996311
vt 0.542391 0.996311
vt 0.542557 0.996960
vt 0.542391 0.997124
vt 0.497236 0.997328
vt 0.497236 0.996311
vt 0.498034 0.997251
vt 0.435303 0.996311
vt 0.435900 0.996841
vt 0.435303 0.997544
vt 0.392309 0.997804
vt 0.391511 0.997804
vt 0.391611 0.996311
vt 0.391410 0.997804
vt 0.390711 0.996311
vt 0.391511 0.996311
vt 0.544597 0.996311
vt 0.544642 0.997108
vt 0.544597 0.997112
vt 0.559848 0.996311
vt 0.559894 0.996452
vt 0.559848 0.996474
vt 0.457605 0.996311
vt 0.457752 0.997485
vt 0.457605 0.997497
vt 0.554780 0.996404
vt 0.554646 0.996876
vt 0.554646 0.996311
vt 0.176700 0.975380
vt 0.176498 0.976549
vt 0.176498 0.964607
vt 0.553073 0.996874
vt 0.553020 0.996950
vt 0.553020 0.996311
vt 0.995002 0.938018
vt 0.997342 0.938018
vt 0.995519 0.939014
vt 0.698841 0.964508
vt 0.698841 0.952323
vt 0.701134 0.964042
vt 0.104219 0.998388
vt 0.103923 0.996526
vt 0.104219 0.996311
vt 0.458075 0.996392
vt 0.458709 0.996311
vt 0.458709 0.997468
vt 0.230931 0.996311
vt 0.230931 0.998197
vt 0.229994 0.997371
vt 0.458759 0.997490
vt 0.458709 0.997494
vt 0.458709 0.996311
vt 0.453898 0.997491
vt 0.453898 0.996311
vt 0.454441 0.996530
vt 0.484100 0.997415
vt 0.484100 0.996311
vt 0.484519 0.997159
vt 0.994743 0.500464
vt 0.984674 0.500464
vt 0.984871 0.499913
vt 0.974597 0.684570
vt 0.984470 0.685099
vt 0.973695 0.685099
vt 0.519330 0.996311
vt 0.519388 0.997251
vt 0.519330 0.997257
vt 0.560143 0.996311
vt 0.560159 0.996367
vt 0.560143 0.996403
vt 0.519797 0.997253
vt 0.519757 0.996314
vt 0.519797 0.996311
vt 0.489352 0.997395
vt 0.488879 0.997124
vt 0.489352 0.996311
vt 0.280032 0.996311
vt 0.280636 0.997211
vt 0.280032 0.998079
vt 0.973695 0.294804
vt 0.983733 0.294287
vt 0.984656 0.294804
vt 0.983754 0.304123
vt 0.984656 0.304571
vt 0.973695 0.304571
vt 0.468236 0.997433
vt 0.468236 0.996311
vt 0.468504 0.996649
vt 0.330795 0.952323
vt 0.333913 0.952323
vt 0.333397 0.964497
vt 0.540887 0.996577
vt 0.540511 0.997118
vt 0.540511 0.996311
vt 0.949115 0.937204
vt 0.936666 0.937204
vt 0.936702 0.936546
vt 0.526462 0.996311
vt 0.527158 0.996719
vt 0.526462 0.997171
vt 0.359545 0.996311
vt 0.359935 0.996495
vt 0.359545 0.997939
vt 0.399095 0.997741
vt 0.399454 0.996311
vt 0.399454 0.997807
vt 0.607856 0.863391
vt 0.604740 0.848240
vt 0.607856 0.848120
vt 0.994679 0.553764
vt 0.984674 0.553764
vt 0.985549 0.553191
vt 0.087462 0.625595
vt 0.087229 0.634860
vt 0.087229 0.619392
vt 0.984810 0.960153
vt 0.993941 0.960701
vt 0.984674 0.960701
vt 0.214234 0.780240
vt 0.215047 0.784052
vt 0.214592 0.783978
vt 0.215570 0.771633
vt 0.530062 0.996311
vt 0.530678 0.996555
vt 0.530062 0.997153
vt 0.213938 0.783872
vt 0.214374 0.771415
vt 0.213938 0.762781
vt 0.550276 0.863170
vt 0.552865 0.848120
vt 0.553254 0.863170
vt 0.103714 0.784954
vt 0.102731 0.791062
vt 0.102731 0.776007
vt 0.533196 0.997130
vt 0.533270 0.996311
vt 0.533270 0.997153
vt 0.995002 0.445218
vt 0.998671 0.445141
vt 0.998684 0.445218
vt 0.758199 0.960928
vt 0.758036 0.964606
vt 0.758036 0.952323
vt 0.328928 0.997939
vt 0.328903 0.997983
vt 0.328903 0.996311
vt 0.998125 0.671341
vt 0.995002 0.671341
vt 0.996652 0.671071
vt 0.961417 0.952174
vt 0.949134 0.952174
vt 0.952185 0.951508
vt 0.461308 0.997468
vt 0.460946 0.997061
vt 0.461308 0.996311
vt 0.413488 0.997725
vt 0.413121 0.997243
vt 0.413488 0.996311
vt 0.535198 0.996311
vt 0.535198 0.997144
vt 0.535037 0.996348
vt 0.419347 0.996311
vt 0.419347 0.997705
vt 0.419181 0.997692
vt 0.554022 0.996918
vt 0.553885 0.996394
vt 0.554022 0.996311
vt 0.417316 0.997703
vt 0.416774 0.997703
vt 0.416852 0.996311
vt 0.998301 0.554740
vt 0.997794 0.556125
vt 0.995002 0.554740
vt 0.995002 0.584663
vt 0.995239 0.583901
vt 0.998261 0.584663
vt 0.999043 0.260084
vt 0.995002 0.260084
vt 0.998162 0.259288
vt 0.456069 0.997285
vt 0.455833 0.997499
vt 0.455833 0.996311
vt 0.995002 0.446013
vt 0.995002 0.445218
vt 0.998647 0.445218
vt 0.072249 0.996069
vt 0.071454 0.996069
vt 0.071454 0.987242
vt 0.072249 0.987242
vt 0.542634 0.997120
vt 0.542557 0.997128
vt 0.542557 0.996311
vt 0.286295 0.996311
vt 0.286372 0.998075
vt 0.286295 0.998080
vt 0.539994 0.997074
vt 0.540218 0.996311
vt 0.540218 0.997133
vt 0.998647 0.446013
vt 0.544597 0.997104
vt 0.544516 0.997112
vt 0.544516 0.996311
vt 0.995002 0.446242
vt 0.998639 0.446013
vt 0.998672 0.446242
vt 0.082101 0.995840
vt 0.081714 0.996069
vt 0.081714 0.987242
vt 0.998318 0.568522
vt 0.998300 0.568570
vt 0.984674 0.957997
vt 0.993291 0.957086
vt 0.993930 0.957997
vt 0.039948 0.995908
vt 0.039948 0.987242
vt 0.045971 0.995634
vt 0.476369 0.997424
vt 0.476088 0.997324
vt 0.476369 0.996311
vt 0.054809 0.987242
vt 0.055169 0.995879
vt 0.054809 0.996148
vt 0.490068 0.997117
vt 0.490827 0.996311
vt 0.490827 0.997362
vt 0.510520 0.569438
vt 0.510691 0.575499
vt 0.510520 0.584403
vt 0.227725 0.667124
vt 0.227725 0.652158
vt 0.228146 0.661715
vt 0.994240 0.910474
vt 0.984674 0.910474
vt 0.989216 0.910074
vt 0.999562 0.102308
vt 0.995002 0.102308
vt 0.995684 0.101437
vt 0.403175 0.996311
vt 0.403241 0.997759
vt 0.402443 0.997759
vt 0.411052 0.997724
vt 0.411052 0.996311
vt 0.411849 0.996311
vt 0.499526 0.997327
vt 0.498855 0.996777
vt 0.499526 0.996311
vt 0.283788 0.996311
vt 0.284193 0.998076
vt 0.283788 0.998077
vt 0.502485 0.996311
vt 0.502805 0.996561
vt 0.502485 0.997327
vt 0.317236 0.997981
vt 0.316514 0.996793
vt 0.317236 0.996311
vt 0.273537 0.996311
vt 0.274038 0.996311
vt 0.273666 0.998117
vt 0.994669 0.448561
vt 0.994799 0.449045
vt 0.984674 0.449045
vt 0.994713 0.449501
vt 0.994800 0.449978
vt 0.984674 0.449978
vt 0.999043 0.255832
vt 0.999043 0.257294
vt 0.995002 0.255846
vt 0.315843 0.996311
vt 0.316514 0.997554
vt 0.315843 0.997988
vt 0.322254 0.997950
vt 0.321780 0.996311
vt 0.322609 0.996311
vt 0.995002 0.606597
vt 0.996753 0.605647
vt 0.998170 0.606597
vt 0.997982 0.727612
vt 0.996872 0.728485
vt 0.995002 0.727612
vt 0.513582 0.997245
vt 0.513307 0.996311
vt 0.514136 0.996311
vt 0.485226 0.996965
vt 0.484519 0.997397
vt 0.484519 0.996311
vt 0.096559 0.998375
vt 0.095699 0.997942
vt 0.096559 0.996311
vt 0.276167 0.998076
vt 0.277092 0.996311
vt 0.277140 0.998076
vt 0.275157 0.998076
vt 0.275157 0.996311
vt 0.276167 0.996746
vt 0.306893 0.952168
vt 0.306893 0.939948
vt 0.312000 0.948554
vt 0.402297 0.996311
vt 0.402441 0.997793
vt 0.402122 0.997793
vt 0.401570 0.996311
vt 0.401729 0.997795
vt 0.401570 0.997804
vt 0.401729 0.996311
vt 0.401958 0.996356
vt 0.401729 0.997800
vt 0.282152 0.997775
vt 0.282055 0.998097
vt 0.282055 0.996311
vt 0.485876 0.997411
vt 0.485569 0.996449
vt 0.485876 0.996311
vt 0.342563 0.976253
vt 0.342563 0.964607
vt 0.342718 0.974769
vt 0.022061 0.998092
vt 0.021929 0.998530
vt 0.021929 0.996311
vt 0.341985 0.970619
vt 0.342563 0.964607
vt 0.342563 0.976253
vt 0.850780 0.989431
vt 0.850415 0.992906
vt 0.850415 0.987242
vt 0.994208 0.918108
vt 0.984674 0.918108
vt 0.994002 0.917849
vt 0.994817 0.443516
vt 0.984674 0.443516
vt 0.993993 0.443028
vt 0.994798 0.434152
vt 0.994798 0.435187
vt 0.984674 0.434563
vt 0.984674 0.442525
vt 0.985985 0.442375
vt 0.994837 0.442525
vt 0.077270 0.996094
vt 0.077038 0.996094
vt 0.077197 0.987242
vt 0.504769 0.997315
vt 0.504421 0.996311
vt 0.504878 0.996311
vt 0.742343 0.993282
vt 0.742343 0.987242
vt 0.742630 0.989614
vt 0.428297 0.996311
vt 0.428461 0.996375
vt 0.428297 0.997631
vt 0.998681 0.444997
vt 0.995002 0.444997
vt 0.996414 0.444646
vt 0.997296 0.982306
vt 0.996068 0.982943
vt 0.995002 0.982306
vt 0.984674 0.701503
vt 0.993749 0.700638
vt 0.994640 0.701503
vt 0.559807 0.996482
vt 0.559758 0.996311
vt 0.559848 0.996311
vt 0.988592 0.985088
vt 0.993790 0.985498
vt 0.984674 0.985498
vt 0.214743 0.987242
vt 0.214916 0.995395
vt 0.214743 0.995435
vt 0.987602 0.987184
vt 0.993631 0.987218
vt 0.984674 0.987218
vt 0.330050 0.964607
vt 0.330757 0.969772
vt 0.330050 0.976277
vt 0.961331 0.963993
vt 0.961298 0.964495
vt 0.961298 0.952323
vt 0.990835 0.892027
vt 0.994316 0.892331
vt 0.984674 0.892331
vt 0.994632 0.702500
vt 0.984674 0.702500
vt 0.994265 0.701503
vt 0.687896 0.993411
vt 0.687896 0.987242
vt 0.688361 0.991067
vt 0.994767 0.481961
vt 0.984674 0.481961
vt 0.993517 0.481563
vt 0.984674 0.027626
vt 0.984674 0.020911
vt 0.994766 0.027476
vt 0.936666 0.582984
vt 0.940513 0.577657
vt 0.948926 0.582984
vt 0.984674 0.564332
vt 0.993761 0.563917
vt 0.994679 0.564332
vt 0.994206 0.712032
vt 0.994651 0.712206
vt 0.984674 0.712206
vt 0.731373 0.993324
vt 0.731373 0.987242
vt 0.731471 0.987710
vt 0.792757 0.987485
vt 0.792716 0.993100
vt 0.792716 0.987242
vt 0.792202 0.990487
vt 0.791806 0.993100
vt 0.791806 0.987242
vt 0.994651 0.552615
vt 0.984674 0.552615
vt 0.990634 0.551403
vt 0.999199 0.185978
vt 0.995002 0.185978
vt 0.998772 0.184848
vt 0.440267 0.997519
vt 0.439564 0.997516
vt 0.993799 0.702500
vt 0.994654 0.702930
vt 0.984674 0.702930
vt 0.990725 0.551403
vt 0.984674 0.550187
vt 0.994654 0.550187
vt 0.996032 0.247562
vt 0.999115 0.248502
vt 0.995002 0.248502
vt 0.998938 0.311069
vt 0.995002 0.311069
vt 0.995236 0.310990
vt 0.731928 0.976687
vt 0.735636 0.982919
vt 0.731928 0.986996
vt 0.995002 0.152988
vt 0.995701 0.152879
vt 0.999403 0.152988
vt 0.984674 0.506635
vt 0.994456 0.509353
vt 0.984674 0.512604
vt 0.961249 0.666817
vt 0.949134 0.666817
vt 0.952659 0.661404
vt 0.431752 0.996311
vt 0.431821 0.997576
vt 0.431402 0.997576
vt 0.949134 0.298957
vt 0.957483 0.293405
vt 0.961259 0.298957
vt 0.557311 0.996311
vt 0.557398 0.996721
vt 0.557311 0.996744
vt 0.212731 0.987242
vt 0.213157 0.987316
vt 0.212731 0.995459
vt 0.023465 0.964448
vt 0.023465 0.952323
vt 0.028157 0.959069
vt 0.957383 0.754864
vt 0.961234 0.760564
vt 0.949134 0.760564
vt 0.949134 0.926879
vt 0.957500 0.921353
vt 0.961234 0.926879
vt 0.999366 0.155521
vt 0.995002 0.155521
vt 0.998659 0.155479
vt 0.550088 0.996311
vt 0.550154 0.996319
vt 0.550088 0.997019
vt 0.550317 0.996311
vt 0.550341 0.996976
vt 0.550317 0.997019
vt 0.995002 0.751332
vt 0.995006 0.751266
vt 0.997923 0.751332
vt 0.995002 0.751359
vt 0.997843 0.751332
vt 0.997920 0.751359
vt 0.984597 0.269150
vt 0.973695 0.269150
vt 0.976251 0.266827
vt 0.995002 0.451190
vt 0.995187 0.451161
vt 0.998659 0.451190
vt 0.995002 0.446278
vt 0.998497 0.446242
vt 0.998681 0.446278
vt 0.998681 0.442123
vt 0.995002 0.442123
vt 0.998388 0.441442
vt 0.993722 0.150892
vt 0.984674 0.144812
vt 0.994767 0.144812
vt 0.892135 0.952323
vt 0.897487 0.960881
vt 0.892135 0.964338
vt 0.995002 0.338105
vt 0.995304 0.337110
vt 0.998855 0.338105
vt 0.974788 0.987242
vt 0.975828 0.987242
vt 0.975749 0.992348
vt 0.569987 0.987242
vt 0.569987 0.993916
vt 0.569804 0.992346
vt 0.984674 0.712933
vt 0.987985 0.712207
vt 0.994619 0.712933
vt 0.450663 0.964607
vt 0.450663 0.975878
vt 0.444904 0.967770
vt 0.731471 0.993271
vt 0.731525 0.987242
vt 0.732559 0.993271
vt 0.490009 0.996311
vt 0.490068 0.997107
vt 0.490009 0.997399
vt 0.888489 0.986775
vt 0.888489 0.976687
vt 0.895460 0.986702
vt 0.994619 0.377962
vt 0.984674 0.376272
vt 0.994619 0.371845
vt 0.140160 0.939948
vt 0.140160 0.952150
vt 0.134571 0.948347
vt 0.105058 0.995886
vt 0.104263 0.995886
vt 0.104263 0.987242
vt 0.105058 0.987242
vt 0.745731 0.987242
vt 0.745731 0.993212
vt 0.744330 0.992591
vt 0.997239 0.445023
vt 0.998690 0.445141
vt 0.995002 0.445141
vt 0.995002 0.508014
vt 0.995002 0.507335
vt 0.998467 0.507554
vt 0.507130 0.996794
vt 0.506673 0.997296
vt 0.506673 0.996311
vt 0.523984 0.996311
vt 0.524529 0.996813
vt 0.523984 0.997202
vt 0.506673 0.996342
vt 0.506645 0.997326
vt 0.506645 0.996311
vt 0.998618 0.451769
vt 0.995002 0.451769
vt 0.997784 0.451190
vt 0.995002 0.445023
vt 0.995079 0.444997
vt 0.998695 0.445023
vt 0.995002 0.631570
vt 0.996019 0.631064
vt 0.998170 0.631570
vt 0.466352 0.996311
vt 0.466542 0.997181
vt 0.466352 0.997447
vt 0.329201 0.849459
vt 0.326857 0.864680
vt 0.326857 0.847328
vt 0.345899 0.859478
vt 0.340606 0.864677
vt 0.340606 0.847325
vt 0.375830 0.990984
vt 0.375491 0.994662
vt 0.375491 0.987242
vt 0.512484 0.997298
vt 0.512419 0.996978
vt 0.512484 0.996311
vt 0.685317 0.993411
vt 0.685317 0.987242
vt 0.686221 0.993014
vt 0.559054 0.996399
vt 0.559105 0.996311
vt 0.559105 0.996567
vt 0.513248 0.997284
vt 0.513248 0.996311
vt 0.513307 0.997035
vt 0.998523 0.478842
vt 0.998530 0.479588
vt 0.995002 0.479588
vt 0.354158 0.775555
vt 0.144566 0.987242
vt 0.144566 0.995714
vt 0.143824 0.995649
vt 0.998456 0.494086
vt 0.998530 0.494156
vt 0.995002 0.494156
vt 0.014159 0.997199
vt 0.013870 0.998551
vt 0.013870 0.996311
vt 0.994640 0.713179
vt 0.984674 0.713179
vt 0.985574 0.712933
vt 0.011216 0.996311
vt 0.011216 0.987242
vt 0.011502 0.993198
vt 0.766031 0.988019
vt 0.766350 0.987242
vt 0.766350 0.993205
vt 0.869874 0.992772
vt 0.868760 0.992334
vt 0.455773 0.996311
vt 0.455833 0.996537
vt 0.455773 0.997508
vt 0.988459 0.944020
vt 0.993887 0.947602
vt 0.984674 0.947602
vt 0.985607 0.920717
vt 0.993887 0.926480
vt 0.984674 0.926480
vt 0.067509 0.939948
vt 0.067509 0.952150
vt 0.061921 0.948347
vt 0.949134 0.403322
vt 0.952823 0.397657
vt 0.961249 0.403322
vt 0.496926 0.643906
vt 0.496927 0.628818
vt 0.497149 0.638807
vt 0.973695 0.478971
vt 0.979448 0.478807
vt 0.984549 0.478971
vt 0.886295 0.987242
vt 0.887456 0.992607
vt 0.884212 0.992607
vt 0.984674 0.460117
vt 0.984804 0.459698
vt 0.994788 0.460117
vt 0.984779 0.456891
vt 0.994788 0.457401
vt 0.984674 0.457401
vt 0.984418 0.478417
vt 0.973695 0.477999
vt 0.984549 0.477999
vt 0.993839 0.550187
vt 0.984674 0.549708
vt 0.994695 0.549708
vt 0.984627 0.307502
vt 0.984414 0.308015
vt 0.973695 0.307502
vt 0.984674 0.514972
vt 0.985556 0.514310
vt 0.994710 0.514972
vt 0.974634 0.306924
vt 0.984627 0.307502
vt 0.973695 0.307502
vt 0.984674 0.420821
vt 0.985502 0.420295
vt 0.994847 0.420821
vt 0.995002 0.305425
vt 0.998123 0.305239
vt 0.998942 0.305425
vt 0.986678 0.981490
vt 0.993809 0.981884
vt 0.984674 0.981884
vt 0.543148 0.987358
vt 0.542084 0.993989
vt 0.542084 0.987242
vt 0.984843 0.428885
vt 0.994806 0.429941
vt 0.984674 0.429941
vt 0.460974 0.987242
vt 0.460974 0.994383
vt 0.460621 0.993949
vt 0.691535 0.991382
vt 0.691330 0.993415
vt 0.691330 0.987242
vt 0.995002 0.601584
vt 0.997922 0.601511
vt 0.998225 0.601584
vt 0.998461 0.423836
vt 0.998760 0.423921
vt 0.995002 0.423921
vt 0.995269 0.429926
vt 0.995002 0.429677
vt 0.998720 0.429677
vt 0.999147 0.245231
vt 0.995002 0.245231
vt 0.998704 0.244889
vt 0.778684 0.992152
vt 0.776681 0.993084
vt 0.776681 0.987242
vt 0.583378 0.863520
vt 0.583378 0.848120
vt 0.586899 0.852115
vt 0.028606 0.991687
vt 0.025674 0.996105
vt 0.025674 0.987242
vt 0.923776 0.190457
vt 0.910520 0.190457
vt 0.922211 0.188118
vt 0.026425 0.966014
vt 0.024125 0.976543
vt 0.024125 0.964607
vt 0.167032 0.976300
vt 0.166371 0.976529
vt 0.166371 0.964607
vt 0.975820 0.269150
vt 0.984473 0.273932
vt 0.973695 0.273932
vt 0.961150 0.240405
vt 0.957795 0.248290
vt 0.949134 0.240405
vt 0.424700 0.964607
vt 0.428400 0.973775
vt 0.424700 0.976001
vt 0.923200 0.939440
vt 0.910520 0.939440
vt 0.911227 0.938423
vt 0.923199 0.939552
vt 0.910520 0.939552
vt 0.921914 0.939440
vt 0.549196 0.993989
vt 0.549196 0.987242
vt 0.549395 0.987549
vt 0.984674 0.858735
vt 0.991099 0.858259
vt 0.994572 0.858735
vt 0.998507 0.497736
vt 0.995696 0.497877
vt 0.995002 0.497736
vt 0.994778 0.481563
vt 0.984674 0.481563
vt 0.990878 0.481378
vt 0.517470 0.848120
vt 0.517718 0.862721
vt 0.514740 0.862721
vt 0.276948 0.586834
vt 0.277130 0.582934
vt 0.277130 0.597536
vt 0.994765 0.478998
vt 0.984674 0.478998
vt 0.984787 0.478444
vt 0.984801 0.464464
vt 0.994778 0.465023
vt 0.984674 0.465023
vt 0.984674 0.481378
vt 0.993779 0.480924
vt 0.994765 0.481378
vt 0.993756 0.525045
vt 0.994711 0.525560
vt 0.984674 0.525560
vt 0.622894 0.993746
vt 0.622894 0.987242
vt 0.623087 0.990692
vt 0.994838 0.992224
vt 0.994995 0.994169
vt 0.994838 0.996203
vt 0.453836 0.987242
vt 0.453836 0.994380
vt 0.452126 0.993776
vt 0.999091 0.996253
vt 0.998864 0.996286
vt 0.997051 0.996253
vt 0.614711 0.993785
vt 0.614495 0.992219
vt 0.614711 0.987242
vt 0.984628 0.986882
vt 0.984628 0.976687
vt 0.984659 0.986380
vt 0.994341 0.987242
vt 0.994971 0.990449
vt 0.994341 0.992224
vt 0.236157 0.998195
vt 0.235735 0.997375
vt 0.236157 0.996311
vt 0.999051 0.259288
vt 0.995002 0.259288
vt 0.998148 0.258584
vt 0.318017 0.995077
vt 0.317863 0.991856
vt 0.318017 0.987242
vt 0.986843 0.948603
vt 0.984674 0.948574
vt 0.994043 0.948574
vt 0.973602 0.947128
vt 0.961514 0.947128
vt 0.963043 0.945915
vt 0.973695 0.314431
vt 0.980960 0.308015
vt 0.984324 0.314431
vt 0.543148 0.994013
vt 0.543148 0.987242
vt 0.543376 0.993992
vt 0.005713 0.952323
vt 0.005713 0.964411
vt -0.000000 0.955957
vt 0.579791 0.986890
vt 0.572791 0.986890
vt 0.579726 0.976687
vt 0.936398 0.767645
vt 0.927930 0.773332
vt 0.924061 0.767645
vt 0.005726 0.995471
vt 0.000000 0.996105
vt 0.000000 0.987242
vt 0.961233 0.943458
vt 0.952868 0.948984
vt 0.949134 0.943458
vt 0.994766 0.080977
vt 0.984674 0.074457
vt 0.994766 0.074308
vt 0.449786 0.435605
vt 0.451326 0.430847
vt 0.450577 0.437672
vt 0.132071 0.995736
vt 0.131275 0.995736
vt 0.131275 0.987242
vt 0.132071 0.987242
vt 0.450279 0.444541
vt 0.562513 0.862973
vt 0.562513 0.848120
vt 0.565641 0.862755
vt 0.449309 0.447693
vt 0.378680 0.994564
vt 0.378680 0.987242
vt 0.379946 0.989699
vt 0.547127 0.858602
vt 0.550276 0.848120
vt 0.550276 0.863097
vt 0.194015 0.788057
vt 0.192926 0.792964
vt 0.192926 0.777987
vt 0.140172 0.993290
vt 0.139734 0.995736
vt 0.139734 0.987242
vt 0.549196 0.994002
vt 0.549021 0.989721
vt 0.549196 0.987242
vt 0.995002 0.396197
vt 0.998589 0.395289
vt 0.998791 0.396197
vt 0.899892 0.987242
vt 0.900165 0.988889
vt 0.899892 0.992667
vt 0.907791 0.987242
vt 0.907791 0.992576
vt 0.906862 0.987280
vt 0.414077 0.987242
vt 0.414433 0.992607
vt 0.414077 0.994535
vt 0.476920 0.987242
vt 0.476948 0.987575
vt 0.476920 0.994335
vt 0.051777 0.772546
vt 0.051777 0.757645
vt 0.052290 0.764919
vt 0.984674 0.304653
vt 0.973695 0.304653
vt 0.977581 0.304571
vt 0.143447 0.634866
vt 0.143205 0.645842
vt 0.878656 0.992770
vt 0.878570 0.990301
vt 0.878656 0.987242
vt 0.143081 0.987242
vt 0.143824 0.987308
vt 0.143081 0.995714
vt 0.175836 0.995641
vt 0.175836 0.987242
vt 0.175869 0.990139
vt 0.897415 0.987242
vt 0.899810 0.992566
vt 0.897339 0.992566
vt 0.789405 0.987242
vt 0.791806 0.991775
vt 0.789405 0.993003
vt 0.997447 0.902612
vt 0.995002 0.902634
vt 0.995002 0.901888
vt 0.381205 0.994564
vt 0.381205 0.987242
vt 0.381928 0.992119
vt 0.918969 0.992579
vt 0.918969 0.987242
vt 0.919163 0.990147
vt 0.859586 0.987249
vt 0.864910 0.987242
vt 0.864910 0.992579
vt 0.995002 0.918084
vt 0.995012 0.917934
vt 0.997447 0.918084
vt 0.995002 0.531671
vt 0.995195 0.530993
vt 0.998392 0.531671
vt 0.544216 0.975823
vt 0.538597 0.972755
vt 0.544216 0.964607
vt 0.985031 0.317513
vt 0.984674 0.311452
vt 0.994693 0.311452
vt 0.712767 0.986915
vt 0.714122 0.976687
vt 0.719169 0.986915
vt 0.550725 0.996311
vt 0.550842 0.997001
vt 0.550563 0.997001
vt 0.108531 0.995856
vt 0.108256 0.995807
vt 0.108531 0.987242
vt 0.984674 0.512759
vt 0.993286 0.512604
vt 0.994747 0.512759
vt 0.984955 0.477024
vt 0.994747 0.478028
vt 0.984674 0.478028
vt 0.447011 0.986944
vt 0.447011 0.976687
vt 0.453598 0.985766
vt 0.984674 0.532821
vt 0.984674 0.526130
vt 0.994397 0.527660
vt 0.464098 0.997435
vt 0.463520 0.996716
vt 0.464098 0.996311
vt 0.995002 0.755392
vt 0.996857 0.754917
vt 0.997875 0.755392
vt 0.994647 0.565369
vt 0.984674 0.565369
vt 0.991880 0.564599
vt 0.994538 0.426035
vt 0.984674 0.427510
vt 0.984674 0.420821
vt 0.869349 0.986799
vt 0.862659 0.986799
vt 0.867639 0.976687
vt 0.362420 0.994564
vt 0.358754 0.990830
vt 0.501743 0.869122
vt 0.501743 0.854711
vt 0.503679 0.862060
vt 0.476225 0.867134
vt 0.476225 0.852723
vt 0.481233 0.861615
vt 0.936402 0.676642
vt 0.927929 0.682330
vt 0.924061 0.676642
vt 0.984746 0.201747
vt 0.994700 0.208625
vt 0.984674 0.208625
vt 0.758454 0.848247
vt 0.758454 0.862742
vt 0.756400 0.855494
vt 0.372613 0.780613
vt 0.372613 0.766118
vt 0.373239 0.768288
vt 0.927217 0.931270
vt 0.936402 0.935848
vt 0.924061 0.935848
vt 0.936501 0.134754
vt 0.924061 0.134754
vt 0.928001 0.129003
vt 0.958191 0.986774
vt 0.951221 0.986774
vt 0.951326 0.976687
vt 0.910520 0.645844
vt 0.912862 0.642834
vt 0.923385 0.645844
vt 0.914241 0.837218
vt 0.910520 0.837071
vt 0.923385 0.837071
vt 0.984930 0.863241
vt 0.994505 0.863733
vt 0.984674 0.863733
vt 0.984674 0.863241
vt 0.985373 0.862740
vt 0.994505 0.863241
vt 0.995002 0.298611
vt 0.984674 0.298611
vt 0.984779 0.298048
vt 0.974173 0.806722
vt 0.984399 0.807225
vt 0.973695 0.807225
vt 0.755350 0.433925
vt 0.754945 0.838885
vt 0.754945 0.424082
vt 0.993777 0.711530
vt 0.994639 0.712032
vt 0.984674 0.712032
vt 0.969697 0.964607
vt 0.970101 0.974798
vt 0.969697 0.975711
vt 0.509805 0.428360
vt 0.510005 0.622317
vt 0.509805 0.634105
vt 0.999287 0.166821
vt 0.999287 0.167616
vt 0.995002 0.167616
vt 0.132071 0.995748
vt 0.132071 0.987242
vt 0.132630 0.991767
vt 0.995002 0.110472
vt 0.999561 0.110472
vt 0.995211 0.110735
vt 0.559321 0.996311
vt 0.559427 0.996419
vt 0.559321 0.996551
vt 0.998964 0.302854
vt 0.995002 0.302854
vt 0.995195 0.302712
vt 0.348483 0.987242
vt 0.349323 0.991114
vt 0.348483 0.994775
vt 0.999051 0.266514
vt 0.995002 0.266514
vt 0.996882 0.266149
vt 0.334721 0.987242
vt 0.335558 0.990606
vt 0.334721 0.994842
vt 0.405621 0.997780
vt 0.405621 0.996311
vt 0.405842 0.997530
vt 0.995002 0.785229
vt 0.995635 0.785039
vt 0.997826 0.785229
vt 0.433468 0.987242
vt 0.434119 0.989393
vt 0.433468 0.994489
vt 0.965904 0.992379
vt 0.965904 0.987242
vt 0.966670 0.989661
vt 0.995661 0.097682
vt 0.999619 0.097725
vt 0.721509 0.984244
vt 0.719169 0.987110
vt 0.719169 0.976687
vt 0.982196 0.896322
vt 0.973695 0.890572
vt 0.984118 0.890572
vt 0.721916 0.987242
vt 0.721916 0.993305
vt 0.720350 0.992727
vt 0.247466 0.991809
vt 0.243311 0.995153
vt 0.243311 0.987242
vt 0.914528 0.920873
vt 0.922960 0.926723
vt 0.910520 0.926723
vt 0.681514 0.993417
vt 0.681514 0.987242
vt 0.683244 0.992645
vt 0.683849 0.993470
vt 0.683244 0.992883
vt 0.016656 0.994725
vt 0.022757 0.987242
vt 0.022757 0.995970
vt 0.984674 0.565369
vt 0.994329 0.565369
vt 0.984681 0.572489
vt 0.973505 0.083272
vt 0.961514 0.083272
vt 0.965720 0.077562
vt 0.936501 0.123253
vt 0.924061 0.123253
vt 0.928001 0.117502
vt 0.303815 0.987242
vt 0.307558 0.991546
vt 0.303815 0.994921
vt 0.981121 0.296340
vt 0.984581 0.298296
vt 0.973695 0.298296
vt 0.995002 0.994630
vt 0.995413 0.993930
vt 0.997250 0.994630
vt 0.995002 0.531671
vt 0.998385 0.531893
vt 0.995002 0.532483
vt 0.994688 0.544028
vt 0.984674 0.544028
vt 0.991372 0.543320
vt 0.454754 0.977259
vt 0.453598 0.987205
vt 0.453598 0.976687
vt 0.981252 0.490294
vt 0.973695 0.483614
vt 0.984214 0.483614
vt 0.893213 0.975427
vt 0.895935 0.964607
vt 0.900519 0.975427
vt 0.998960 0.294822
vt 0.995002 0.294822
vt 0.997393 0.293972
vt 0.186959 0.996311
vt 0.187861 0.996740
vt 0.186959 0.998277
vt 0.999932 0.013696
vt 0.995002 0.013696
vt 0.999790 0.013602
vt 0.993180 0.457968
vt 0.994802 0.458146
vt 0.984674 0.458146
vt 0.999725 0.059178
vt 0.999725 0.059973
vt 0.995002 0.059973
vt 0.456144 0.997478
vt 0.456144 0.996311
vt 0.456726 0.996936
vt 0.453160 0.997473
vt 0.452261 0.996311
vt 0.453266 0.996311
vt 0.373752 0.996311
vt 0.373762 0.996474
vt 0.373752 0.997943
vt 0.755350 0.848247
vt 0.755350 0.424083
vt 0.758454 0.424523
vt 0.488426 0.621781
vt 0.488426 0.430902
vt 0.488937 0.431370
vt 0.359599 0.724470
vt 0.359142 0.773799
vt 0.359142 0.668578
vt 0.228146 0.439326
vt 0.227813 0.629737
vt 0.227813 0.430884
vt 0.450743 0.584329
vt 0.998174 0.609379
vt 0.995002 0.609379
vt 0.995002 0.608584
vt 0.466847 0.430939
vt 0.467642 0.430939
vt 0.467642 0.603874
vt 0.995002 0.277837
vt 0.995770 0.277492
vt 0.999022 0.277837
vt 0.466847 0.603874
vt 0.449309 0.790194
vt 0.751529 0.847807
vt 0.754576 0.424083
vt 0.754576 0.847807
vt 0.139585 0.987242
vt 0.139734 0.994743
vt 0.139585 0.995751
vt 0.356787 0.987242
vt 0.357775 0.988465
vt 0.356787 0.994744
vt 0.007068 0.564724
vt 0.007068 0.431287
vt 0.008270 0.432299
vt 0.508465 0.538460
vt 0.509787 0.428360
vt 0.509787 0.780644
vt 0.723138 0.611513
vt 0.720115 0.847794
vt 0.720115 0.424083
vt 0.086087 0.433333
vt 0.083148 0.618359
vt 0.083148 0.430903
vt 0.213845 0.998272
vt 0.213845 0.996311
vt 0.214357 0.997801
vt 0.237901 0.998206
vt 0.237901 0.996311
vt 0.237995 0.996634
vt 0.550341 0.996311
vt 0.550563 0.996561
vt 0.550341 0.997007
vt 0.548850 0.996841
vt 0.548387 0.997026
vt 0.548387 0.996311
vt 0.332515 0.987242
vt 0.332674 0.988717
vt 0.332515 0.994887
vt 0.400282 0.997794
vt 0.400282 0.996311
vt 0.400764 0.996824
vt 0.998889 0.342481
vt 0.995717 0.342494
vt 0.995002 0.342481
vt 0.483885 0.434813
vt 0.483472 0.603837
vt 0.483472 0.430902
vt 0.684053 0.987242
vt 0.685172 0.993039
vt 0.684053 0.993414
vt 0.082936 0.644075
vt 0.081782 0.644323
vt 0.081782 0.618359
vt 0.051803 0.430940
vt 0.052511 0.532575
vt 0.051803 0.600026
vt 0.359142 0.430847
vt 0.360175 0.456568
vt 0.359142 0.668578
vt 0.447863 0.767300
vt 0.447863 0.430847
vt 0.449309 0.619619
vt 0.998748 0.313385
vt 0.998914 0.313821
vt 0.995002 0.313821
vt 0.999705 0.024023
vt 0.995002 0.023586
vt 0.999867 0.023586
vt 0.999843 0.024386
vt 0.995002 0.024386
vt 0.995948 0.024023
vt 0.199785 0.634017
vt 0.199505 0.644069
vt 0.199505 0.629160
vt 0.991619 0.992275
vt 0.991619 0.987242
vt 0.991703 0.987434
vt 0.749493 0.863027
vt 0.749493 0.848118
vt 0.751529 0.858424
vt 0.504345 0.996325
vt 0.504421 0.996311
vt 0.504421 0.997335
vt 0.998758 0.407786
vt 0.995002 0.407786
vt 0.995252 0.406991
vt 0.495769 0.997334
vt 0.494983 0.996311
vt 0.495816 0.996311
vt 0.216222 0.998290
vt 0.216222 0.996311
vt 0.216227 0.996686
vt 0.236157 0.996311
vt 0.236188 0.997164
vt 0.236157 0.998214
vt 0.559685 0.996486
vt 0.559617 0.996521
vt 0.559617 0.996311
vt 0.984124 0.976465
vt 0.984200 0.976481
vt 0.973695 0.976481
vt 0.558851 0.996588
vt 0.558664 0.996599
vt 0.558664 0.996311
vt 0.558852 0.996311
vt 0.558926 0.996337
vt 0.558852 0.996599
vt 0.852438 0.981694
vt 0.851347 0.987116
vt 0.851347 0.976687
vt 0.947715 0.992366
vt 0.947715 0.987242
vt 0.949408 0.988492
vt 0.221498 0.987242
vt 0.221498 0.995395
vt 0.221396 0.993231
vt 0.759121 0.987242
vt 0.759238 0.988541
vt 0.759121 0.993231
vt 0.995002 0.089030
vt 0.998626 0.088745
vt 0.999694 0.089030
vt 0.998035 0.675310
vt 0.995002 0.675310
vt 0.996993 0.673480
vt 0.065796 0.431248
vt 0.066200 0.563657
vt 0.065796 0.564686
vt 0.482410 0.488833
vt 0.481714 0.616282
vt 0.481714 0.430902
vt 0.143261 0.591216
vt 0.143261 0.430901
vt 0.143502 0.446146
vt 0.718097 0.611499
vt 0.720115 0.424083
vt 0.720115 0.847777
vt 0.284079 0.682512
vt 0.285943 0.706556
vt 0.284079 0.708948
vt 0.171338 0.682416
vt 0.172679 0.730260
vt 0.171338 0.756661
vt 0.465414 0.600542
vt 0.465414 0.430940
vt 0.466555 0.526305
vt 0.998597 0.459588
vt 0.995002 0.459588
vt 0.998383 0.458821
vt 0.009455 -0.000000
vt 0.009455 0.431286
vt 0.008660 0.431248
vt 0.997260 0.992731
vt 0.995745 0.993474
vt 0.995002 0.992731
vt 0.016733 0.996855
vt 0.015136 0.998478
vt 0.015136 0.996311
vt 0.995002 0.560175
vt 0.996147 0.559550
vt 0.998337 0.560175
vt 0.008660 0.428357
vt 0.007068 0.431287
vt 0.007068 -0.000000
vt 0.065795 0.431248
vt 0.065796 0.000000
vt 0.066590 0.431247
vt 0.000000 0.431248
vt -0.000000 0.000000
vt 0.007068 0.007220
vt 0.987055 0.849067
vt 0.984674 0.842006
vt 0.994281 0.842006
vt 0.995581 0.304426
vt 0.998917 0.305239
vt 0.995002 0.305239
vt 0.998916 0.168147
vt 0.999317 0.168228
vt 0.995002 0.168228
vt 0.987034 0.408295
vt 0.984674 0.408247
vt 0.994888 0.408247
vt 0.988930 0.377962
vt 0.994888 0.378672
vt 0.984674 0.378672
vt 0.875884 0.992758
vt 0.875612 0.992773
vt 0.875612 0.987242
vt 0.994682 0.564598
vt 0.984674 0.564598
vt 0.990189 0.564331
vt 0.994850 0.396806
vt 0.984674 0.396806
vt 0.984894 0.395788
vt 0.483192 0.512319
vt 0.482410 0.612025
vt 0.482410 0.430902
vt 0.562669 0.993570
vt 0.562636 0.993977
vt 0.562636 0.987242
vt 0.307558 0.995097
vt 0.307558 0.987242
vt 0.307594 0.993807
vt 0.433122 0.996311
vt 0.433139 0.996444
vt 0.433122 0.997582
vt 0.340580 0.994408
vt 0.339520 0.994821
vt 0.339520 0.987242
vt 0.757291 0.993243
vt 0.757291 0.987242
vt 0.757703 0.990749
vt 0.614298 0.987242
vt 0.614495 0.988830
vt 0.614298 0.993806
vt 0.359322 0.996364
vt 0.359545 0.996311
vt 0.359545 0.997948
vt 0.531883 0.708229
vt 0.531883 0.424095
vt 0.532167 0.708168
vt 0.332515 0.670027
vt 0.332515 0.430847
vt 0.333054 0.467260
vt 0.997529 0.873609
vt 0.995002 0.873609
vt 0.995563 0.873434
vt 0.188897 0.996311
vt 0.189616 0.997569
vt 0.188897 0.998285
vt 0.488937 0.430902
vt 0.489829 0.621288
vt 0.488937 0.621773
vt 0.483283 0.582956
vt 0.483283 0.524928
vt 0.483468 0.538840
vt 0.466639 0.597713
vt 0.466639 0.517021
vt 0.466847 0.531598
vt 0.466557 0.481763
vt 0.466557 0.430939
vt 0.466646 0.436647
vt 0.466646 0.430939
vt 0.466847 0.444684
vt 0.466646 0.517021
vt 0.009065 0.650093
vt 0.009455 0.699545
vt 0.009065 0.740202
vt 0.081779 0.526194
vt 0.082077 0.593796
vt 0.081779 0.616615
vt 0.228146 0.633746
vt 0.228146 0.430884
vt 0.229031 0.534005
vt 0.649725 0.993570
vt 0.649725 0.987242
vt 0.650238 0.990076
vt 0.999503 0.130259
vt 0.995002 0.130259
vt 0.999223 0.130012
vt 0.865638 0.992803
vt 0.864910 0.992110
vt 0.865638 0.987242
vt 0.999922 0.006203
vt 0.999975 0.006357
vt 0.995002 0.006357
vt 0.900165 0.987242
vt 0.901055 0.992135
vt 0.900165 0.992630
vt 0.540239 0.992481
vt 0.538981 0.994000
vt 0.538981 0.987242
vt 0.371269 0.987242
vt 0.371027 0.994364
vt 0.364511 0.987242
vt 0.973504 0.197461
vt 0.961514 0.197461
vt 0.965720 0.191752
vt 0.910520 0.938423
vt 0.914528 0.932573
vt 0.922960 0.938423
vt 0.643084 0.991645
vt 0.642817 0.993599
vt 0.642817 0.987242
vt 0.608259 0.987242
vt 0.608311 0.992222
vt 0.608259 0.993858
vt 0.510005 0.794466
vt 0.510006 0.428360
vt 0.510508 0.434957
vt 0.445746 0.748663
vt 0.445746 0.430847
vt 0.446453 0.701011
vt 0.497942 0.430685
vt 0.504969 -0.000000
vt 0.504973 0.430685
vt 0.474749 0.006794
vt 0.481714 -0.000000
vt 0.481714 0.430763
vt 0.984674 0.868236
vt 0.994473 0.868236
vt 0.994403 0.868326
vt 0.984674 0.842006
vt 0.984674 0.834979
vt 0.994285 0.842000
vt 0.984674 0.449978
vt 0.994474 0.449978
vt 0.987798 0.456891
vt 0.973416 0.906314
vt 0.961514 0.906314
vt 0.969290 0.900660
vt 0.096580 0.995970
vt 0.095576 0.987649
vt 0.096580 0.987242
vt 0.538981 0.993820
vt 0.533107 0.993221
vt 0.504973 0.000000
vt 0.510508 0.424060
vt 0.504973 0.428360
vt 0.454631 0.994418
vt 0.453836 0.994417
vt 0.453836 0.987288
vt 0.765630 0.424035
vt 0.758454 0.424036
vt 0.758454 -0.000000
vt 0.454631 0.987242
vt 0.999413 0.150555
vt 0.995002 0.150555
vt 0.998678 0.149981
vt 0.455891 0.987242
vt 0.455891 0.994368
vt 0.454976 0.994191
vt 0.998637 0.446278
vt 0.998637 0.447073
vt 0.995002 0.447073
vt 0.667199 0.848112
vt 0.674270 0.424084
vt 0.674327 0.848112
vt 0.969284 0.911966
vt 0.973415 0.917617
vt 0.961514 0.917617
vt 0.716293 0.424083
vt 0.709267 0.000113
vt 0.716293 0.000000
vt 0.984674 0.813899
vt 0.994287 0.820914
vt 0.984674 0.820926
vt 0.586791 0.976725
vt 0.579790 0.986888
vt 0.579790 0.976687
vt 0.007863 0.698161
vt 0.007068 0.564724
vt 0.007863 0.564724
vt 0.410091 0.820335
vt 0.416449 0.845508
vt 0.410091 0.847196
vt 0.737822 0.848116
vt 0.737822 0.424083
vt 0.744403 0.822074
vt 0.660072 0.848117
vt 0.660129 0.424084
vt 0.667199 0.848117
vt 0.660072 0.424092
vt 0.652954 0.423975
vt 0.660072 -0.000000
vt 0.355023 0.736244
vt 0.354513 0.736248
vt 0.465448 0.600542
vt 0.465760 0.600542
vt 0.465760 0.665119
vt 0.475405 0.994321
vt 0.476200 0.987288
vt 0.476200 0.994320
vt 0.559024 0.996488
vt 0.559023 0.996587
vt 0.559023 0.996311
vt 0.475405 0.987242
vt 0.461388 0.987242
vt 0.461770 0.994357
vt 0.460974 0.994357
vt 0.272427 0.847808
vt 0.273158 0.847492
vt 0.276315 0.853778
vt 0.688197 0.848110
vt 0.681163 0.848110
vt 0.688141 0.424084
vt 0.995002 0.752059
vt 0.995204 0.751359
vt 0.997883 0.752059
vt 0.355213 0.670243
vt 0.355941 0.670286
vt 0.355213 0.758414
vt 0.332685 0.755505
vt 0.332685 0.670027
vt 0.333054 0.708674
vt 0.031093 0.455667
vt 0.030731 0.583273
vt 0.030731 0.430940
vt 0.134088 0.622934
vt 0.134088 0.430902
vt 0.135274 0.431410
vt 0.554563 0.996311
vt 0.554605 0.996737
vt 0.554563 0.996899
vt 0.997350 0.797052
vt 0.997770 0.797128
vt 0.624466 0.000000
vt 0.624466 0.424094
vt 0.617348 0.423976
vt 0.994327 0.643683
vt 0.994327 0.650802
vt 0.984674 0.650793
vt 0.997442 0.814025
vt 0.997706 0.814288
vt 0.995002 0.814288
vt 0.030801 0.583273
vt 0.031093 0.585710
vt 0.030801 0.609823
vt 0.485772 0.457023
vt 0.485380 0.616088
vt 0.485380 0.430902
vt 0.486384 0.619391
vt 0.486384 0.430902
vt 0.487395 0.431194
vt 0.994443 0.397777
vt 0.984674 0.396806
vt 0.994850 0.396806
vt 0.008270 0.431287
vt 0.009065 0.431292
vt 0.008270 0.564727
vt 0.489829 0.745833
vt 0.489034 0.745833
vt 0.489034 0.621773
vt 0.467075 0.603876
vt 0.467642 0.670616
vt 0.467075 0.734002
vt 0.450942 0.684613
vt 0.489829 0.621773
vt 0.997351 0.976713
vt 0.995002 0.976713
vt 0.997186 0.976686
vt 0.185355 0.430882
vt 0.185420 0.431995
vt 0.185355 0.497301
vt 0.066244 0.431248
vt 0.066590 0.560217
vt 0.066244 0.561623
vt 0.157072 0.487662
vt 0.157072 0.430884
vt 0.157127 0.433129
vt 0.082077 0.510937
vt 0.081853 0.526194
vt 0.081853 0.430903
vt 0.483192 0.524928
vt 0.483192 0.430902
vt 0.483467 0.504858
vt 0.009455 0.517650
vt 0.009095 0.544784
vt 0.009095 0.431286
vt 0.133034 0.540875
vt 0.133034 0.430902
vt 0.133225 0.528557
vt 0.276997 0.475766
vt 0.276952 0.478940
vt 0.276952 0.461803
vt 0.360175 0.430847
vt 0.360970 0.672237
vt 0.360175 0.672237
vt 0.445746 0.480748
vt 0.444782 0.722136
vt 0.444782 0.430847
vt 0.133700 0.589726
vt 0.133225 0.622554
vt 0.133225 0.430902
vt 0.360970 0.430847
vt 0.269963 0.483109
vt 0.269910 0.486283
vt 0.269910 0.430884
vt 0.897104 0.990004
vt 0.897080 0.992707
vt 0.897080 0.987242
vt 0.485839 0.435153
vt 0.485772 0.475568
vt 0.485772 0.430902
vt 0.466557 0.481763
vt 0.466622 0.490007
vt 0.466557 0.496815
vt 0.317439 0.964607
vt 0.317473 0.967010
vt 0.317439 0.976388
vt 0.444726 0.489958
vt 0.444726 0.430847
vt 0.444782 0.486572
vt 0.496889 0.430902
vt 0.496945 0.449595
vt 0.496889 0.453505
vt 0.199489 0.450281
vt 0.199791 0.430884
vt 0.199791 0.611406
vt 0.650671 0.992162
vt 0.650652 0.993568
vt 0.876404 0.964607
vt 0.876452 0.971032
vt 0.876404 0.975792
vt 0.526388 0.994133
vt 0.526388 0.987242
vt 0.526414 0.989434
vt 0.955485 0.951455
vt 0.961477 0.951508
vt 0.949134 0.951508
vt 0.229379 0.656194
vt 0.229738 0.430884
vt 0.229780 0.656194
vt 0.998054 0.681079
vt 0.995007 0.681079
vt 0.995799 0.680284
vt 0.995002 0.929052
vt 0.995801 0.928338
vt 0.997393 0.929052
vt 0.555633 0.996796
vt 0.556022 0.996311
vt 0.556034 0.996796
vt 0.292681 0.996311
vt 0.293035 0.997387
vt 0.292681 0.998056
vt 0.549546 0.996463
vt 0.549276 0.997022
vt 0.549276 0.996311
vt 0.546164 0.997019
vt 0.546233 0.996311
vt 0.546233 0.997068
vt 0.232215 0.664636
vt 0.232215 0.430884
vt 0.232551 0.439326
vt 0.231892 0.430885
vt 0.232215 0.430884
vt 0.232215 0.664636
vt 0.496889 0.453505
vt 0.496947 0.462298
vt 0.496889 0.467685
vt 0.483209 0.582956
vt 0.483467 0.614129
vt 0.483209 0.616699
vt 0.143272 0.614457
vt 0.143272 0.591216
vt 0.143502 0.611884
vt 0.229379 0.430884
vt 0.229379 0.651653
vt 0.229031 0.453020
vt 0.484610 0.497877
vt 0.483885 0.607296
vt 0.483885 0.430902
vt 0.359599 0.668578
vt 0.360016 0.731477
vt 0.359599 0.769975
vt 0.508465 0.614421
vt 0.504973 0.826405
vt 0.504973 0.428360
vt 0.995002 0.679884
vt 0.009065 0.564727
vt 0.007987 0.695350
vt 0.007870 0.564727
vt 0.359142 0.667128
vt 0.356068 0.667128
vt 0.359088 0.430847
vt 0.487989 0.997374
vt 0.488551 0.996311
vt 0.488879 0.997374
vt 0.995789 0.679881
vt 0.995002 0.679095
vt 0.998077 0.679095
vt 0.345858 0.671755
vt 0.345858 0.721652
vt 0.344655 0.671756
vt 0.560288 0.424095
vt 0.560465 0.600630
vt 0.560288 0.604522
vt 0.375305 0.667128
vt 0.375048 0.667127
vt 0.375305 0.430847
vt 0.497308 0.430900
vt 0.497942 0.440732
vt 0.497308 0.628818
vt 0.234710 0.440716
vt 0.234097 0.667164
vt 0.234097 0.430884
vt 0.487902 0.618990
vt 0.488426 0.430902
vt 0.488426 0.619672
vt 0.082077 0.616886
vt 0.082077 0.430903
vt 0.083148 0.616879
vt 0.059321 0.616806
vt 0.065796 0.430940
vt 0.065795 0.617035
vt 0.467281 0.603874
vt 0.995797 0.679881
vt 0.009072 0.650093
vt 0.009072 0.544784
vt 0.009455 0.575962
vt 0.485934 0.562439
vt 0.485776 0.537158
vt 0.485934 0.523064
vt 0.355941 0.592297
vt 0.355023 0.670243
vt 0.355023 0.430847
vt 0.052309 0.663452
vt 0.051777 0.735227
vt 0.051777 0.610396
vt 0.776310 0.966723
vt 0.776340 0.964607
vt 0.776340 0.975914
vt 0.510553 0.432422
vt 0.510691 0.424095
vt 0.510691 0.569438
vt 0.146025 0.631850
vt 0.144020 0.631830
vt 0.146025 0.430901
vt 0.066211 0.614582
vt 0.065795 0.614582
vt 0.066118 0.564686
vt 0.187964 0.998304
vt 0.187861 0.998317
vt 0.187861 0.996311
vt 0.525533 0.996311
vt 0.525533 0.997201
vt 0.525161 0.997014
vt 0.996918 0.921588
vt 0.995002 0.921031
vt 0.997421 0.921031
vt 0.695121 0.603400
vt 0.688655 0.847387
vt 0.688655 0.424083
vt 0.326207 0.682535
vt 0.326207 0.430847
vt 0.332515 0.438544
vt 0.150001 0.645039
vt 0.143462 0.824234
vt 0.143462 0.644800
vt 0.157072 0.682535
vt 0.150001 0.682535
vt 0.154270 0.430883
vt 0.023638 0.610396
vt 0.023638 0.430940
vt 0.030727 0.610115
vt 0.185344 0.430882
vt 0.185344 0.000000
vt 0.192425 0.251567
vt 0.357754 0.715143
vt 0.357295 0.773247
vt 0.357295 0.667128
vt 0.133700 0.431415
vt 0.134088 0.430902
vt 0.134088 0.622946
vt 0.994258 0.851184
vt 0.994258 0.858259
vt 0.984674 0.853863
vt 0.569468 0.987232
vt 0.569468 0.976687
vt 0.569853 0.986716
vt 0.231370 0.662657
vt 0.231370 0.430884
vt 0.231892 0.434375
vt 0.459773 0.996311
vt 0.460681 0.996826
vt 0.459773 0.997443
vt 0.519365 0.987671
vt 0.520412 0.987242
vt 0.520412 0.994138
vt 0.497236 0.997355
vt 0.496919 0.997086
vt 0.497236 0.996311
vt 0.613830 0.987242
vt 0.614298 0.993777
vt 0.613502 0.993777
vt 0.231370 0.430884
vt 0.230954 0.659168
vt 0.230954 0.430884
vt 0.144020 0.434393
vt 0.143502 0.626436
vt 0.143502 0.430901
vt 0.921052 0.964607
vt 0.928127 0.964607
vt 0.923350 0.975418
vt 0.888298 0.662278
vt 0.882157 0.672515
vt 0.882157 0.658773
vt 0.888103 0.720408
vt 0.888103 0.734150
vt 0.882157 0.730623
vt 0.984674 0.371845
vt 0.994699 0.371372
vt 0.994901 0.371845
vt 0.984674 0.394239
vt 0.994586 0.389348
vt 0.994586 0.395788
vt 0.984674 0.444007
vt 0.994694 0.443516
vt 0.994812 0.444007
vt 0.994628 0.444007
vt 0.994812 0.444487
vt 0.984674 0.444487
vt 0.496960 0.430900
vt 0.497308 0.626435
vt 0.496960 0.626467
vt 0.994867 0.389000
vt 0.994901 0.389348
vt 0.984674 0.389348
vt 0.402443 0.996311
vt 0.402443 0.997808
vt 0.402441 0.997681
vt 0.233303 0.430886
vt 0.232551 0.666573
vt 0.232551 0.430884
vt 0.354081 0.671669
vt 0.354081 0.430847
vt 0.355023 0.435980
vt 0.233303 0.666576
vt 0.233303 0.430884
vt 0.234097 0.666572
vt 0.087462 0.436038
vt 0.086540 0.619392
vt 0.086540 0.430903
vt 0.581925 0.424094
vt 0.581925 0.605734
vt 0.581743 0.424095
vt 0.560116 0.996414
vt 0.560116 0.996311
vt 0.560117 0.996374
vt 0.529099 0.997149
vt 0.529099 0.996311
vt 0.529812 0.996549
vt 0.519459 0.997243
vt 0.519459 0.996311
vt 0.519757 0.997059
vt 0.543095 0.997117
vt 0.543095 0.996311
vt 0.543360 0.996355
vt 0.360970 0.722134
vt 0.360175 0.672237
vt 0.360175 0.722134
vt 0.447863 0.609372
vt 0.446453 0.756897
vt 0.446453 0.430847
vt 0.465760 0.600542
vt 0.466555 0.600542
vt 0.466555 0.731165
vt 0.465760 0.731165
vt 0.551099 0.996995
vt 0.551099 0.996311
vt 0.551232 0.996777
vt 0.552324 0.996963
vt 0.552000 0.996963
vt 0.552205 0.996311
vt 0.481233 0.750766
vt 0.481233 0.671585
vt 0.481663 0.724755
vt 0.133004 0.598230
vt 0.133004 0.540875
vt 0.133225 0.559719
vt 0.136110 0.678035
vt 0.135012 0.678036
vt 0.135012 0.624875
vt 0.095737 0.825945
vt 0.088846 0.826210
vt 0.088846 0.646764
vt 0.709173 0.668060
vt 0.702396 0.847378
vt 0.702396 0.424083
vt 0.461536 0.996866
vt 0.461308 0.997444
vt 0.081853 0.484063
vt 0.081779 0.430903
vt 0.081853 0.430903
vt 0.143261 0.484063
vt 0.143191 0.484063
vt 0.143191 0.430901
vt 0.066530 0.614783
vt 0.066244 0.614785
vt 0.412255 0.671752
vt 0.412905 0.671756
vt 0.412255 0.724914
vt 0.461800 0.996758
vt 0.462031 0.996967
vt 0.528569 0.997158
vt 0.529099 0.996511
vt 0.560353 0.996311
vt 0.560354 0.996331
vt 0.560353 0.996364
vt 0.999817 0.996311
vt 0.999917 0.996311
vt 0.999943 0.996311
vt 0.487203 0.994287
vt 0.486408 0.994244
vt 0.486408 0.987286
vt 0.500965 0.994237
vt 0.500965 0.987242
vt 0.501750 0.994104
vt 0.487203 0.987242
vt 0.505127 0.987242
vt 0.505550 0.994227
vt 0.504753 0.994227
vt 0.858065 0.179315
vt 0.851020 0.179315
vt 0.851012 -0.000000
vt 0.023539 0.789847
vt 0.016546 0.789574
vt 0.023539 0.610396
vt 0.858072 -0.000000
vt 0.227753 0.846478
vt 0.234708 0.667164
vt 0.234710 0.846478
vt 0.132984 0.825916
vt 0.126041 0.826185
vt 0.126041 0.646737
vt 0.110909 0.826211
vt 0.110909 0.646763
vt 0.117810 0.825944
vt 0.044685 0.610670
vt 0.037686 0.789847
vt 0.037686 0.610395
vt 0.469524 0.987242
vt 0.470309 0.987375
vt 0.469524 0.994335
vt 0.388890 0.682476
vt 0.388890 0.430847
vt 0.395836 0.682284
vt 0.319173 0.251532
vt 0.326171 0.000000
vt 0.326171 0.430847
vt 0.374940 0.682477
vt 0.367997 0.431040
vt 0.374940 0.430847
vt 0.485772 0.430902
vt 0.485772 0.000000
vt 0.489829 0.251500
vt 0.487577 0.994279
vt 0.487203 0.987242
vt 0.487999 0.987242
vt 0.479322 0.987242
vt 0.480107 0.987377
vt 0.479322 0.994289
vt 0.094417 0.430903
vt 0.094417 -0.000000
vt 0.101373 0.430791
vt 0.444399 0.000000
vt 0.444467 0.430847
vt 0.437521 0.430847
vt 0.291023 0.682321
vt 0.284079 0.682513
vt 0.284079 0.430883
vt 0.467945 0.987242
vt 0.468739 0.994291
vt 0.467945 0.994339
vt 0.051777 0.610115
vt 0.044685 0.610396
vt 0.044685 0.430940
vt 0.489170 0.987242
vt 0.489591 0.994279
vt 0.488795 0.994279
vt 0.483247 0.994289
vt 0.483247 0.987242
vt 0.484032 0.994154
vt 0.409738 0.000000
vt 0.402865 0.430847
vt 0.402782 0.000000
vt 0.458287 0.000000
vt 0.458360 0.430847
vt 0.451413 0.430847
vt 0.483247 0.994289
vt 0.482462 0.994156
vt 0.483247 0.987242
vt 0.501750 0.994237
vt 0.501750 0.987242
vt 0.502536 0.994104
vt 0.486408 0.994287
vt 0.485613 0.987286
vt 0.486408 0.987242
vt 0.505923 0.987242
vt 0.506346 0.994227
vt 0.505550 0.994227
vt 0.458360 0.610394
vt 0.465399 0.610670
vt 0.458360 0.789847
vt 0.467756 0.610395
vt 0.474749 0.610669
vt 0.467756 0.789847
vt 0.851012 0.179315
vt 0.858072 0.358629
vt 0.851012 0.358629
vt 0.857977 0.603350
vt 0.851022 0.782663
vt 0.851020 0.603350
vt 0.074822 0.825916
vt 0.067878 0.826186
vt 0.067878 0.646737
vt 0.030748 0.793756
vt 0.030748 0.614308
vt 0.037649 0.793489
vt 0.030727 0.610670
vt 0.023730 0.789847
vt 0.023730 0.610396
vt 0.471095 0.994334
vt 0.470309 0.994201
vt 0.471095 0.987242
vt 0.213678 0.682512
vt 0.213678 0.430883
vt 0.220623 0.682320
vt 0.333167 0.179315
vt 0.326171 0.430846
vt 0.326171 0.000000
vt 0.277136 0.430883
vt 0.284079 0.682320
vt 0.277136 0.682512
vt 0.481715 0.430902
vt 0.481714 0.000000
vt 0.485772 0.251500
vt 0.480892 0.994289
vt 0.480107 0.994154
vt 0.480892 0.987242
vt 0.476948 0.987242
vt 0.477743 0.994244
vt 0.476948 0.994292
vt 0.087462 0.430903
vt 0.087462 0.000000
vt 0.094417 0.430791
vt 0.451370 0.000000
vt 0.451413 0.430847
vt 0.444467 0.430847
vt 0.213678 0.682512
vt 0.206735 0.431075
vt 0.213678 0.430883
vt 0.474162 0.994325
vt 0.473814 0.987242
vt 0.474610 0.987242
vt 0.023638 0.610115
vt 0.016546 0.610396
vt 0.016546 0.430940
vt 0.504753 0.987242
vt 0.504753 0.994235
vt 0.503968 0.987375
vt 0.500965 0.987242
vt 0.500965 0.994240
vt 0.500171 0.994190
vt 0.110909 0.646763
vt 0.110909 0.826211
vt 0.104009 0.647030
vt 0.493885 0.000000
vt 0.493885 0.430901
vt 0.489829 0.179401
vt 0.136110 0.000112
vt 0.143055 0.000000
vt 0.143055 0.430902
vt 0.484032 0.987242
vt 0.484818 0.987375
vt 0.484032 0.994288
vt 0.503183 0.994236
vt 0.503183 0.987242
vt 0.503968 0.994102
vt 0.489977 0.987242
vt 0.490387 0.994276
vt 0.489591 0.994276
vt 0.007039 0.431525
vt 0.000000 0.610702
vt -0.000000 0.431248
vt 0.506785 0.994226
vt 0.506346 0.987242
vt 0.507142 0.987242
vt 0.066313 0.617308
vt 0.059321 0.796486
vt 0.059321 0.617035
vt 0.458360 0.610394
vt 0.458360 0.430940
vt 0.465414 0.431218
vt 0.851020 0.424036
vt 0.857978 0.424036
vt 0.851020 0.603350
vt 0.081764 0.826186
vt 0.074822 0.647007
vt 0.081764 0.646737
vt 0.102636 0.825944
vt 0.095737 0.826211
vt 0.095737 0.646764
vt 0.009455 0.610395
vt 0.016454 0.610670
vt 0.009455 0.789847
vt 0.468739 0.987242
vt 0.469524 0.987375
vt 0.468739 0.994335
vt 0.340125 0.000000
vt 0.347123 0.179314
vt 0.340126 0.430846
vt 0.276948 0.682319
vt 0.270002 0.682511
vt 0.270002 0.430884
vt 0.199791 0.430883
vt 0.206735 0.682319
vt 0.199791 0.682512
vt 0.473449 0.987242
vt 0.473814 0.994326
vt 0.473017 0.994326
vt 0.009455 0.610396
vt 0.009455 0.430940
vt 0.016546 0.610115
vt 0.480892 0.994289
vt 0.480892 0.987242
vt 0.481677 0.994153
vt 0.488422 0.994279
vt 0.488795 0.987242
vt 0.381934 0.000000
vt 0.388890 0.000000
vt 0.382015 0.430847
vt 0.129165 -0.000000
vt 0.136110 0.430790
vt 0.129165 0.430902
vt 0.482462 0.994289
vt 0.481677 0.994156
vt 0.482462 0.987242
vt 0.052328 0.614296
vt 0.059321 0.614569
vt 0.052328 0.793747
vt 0.485613 0.994288
vt 0.484818 0.987286
vt 0.485613 0.987242
vt 0.044685 0.610395
vt 0.051725 0.610672
vt 0.044685 0.789849
vt 0.081787 0.646764
vt 0.088846 0.826078
vt 0.081787 0.826078
vt 0.124754 0.825915
vt 0.117810 0.826185
vt 0.117810 0.646737
vt 0.481984 0.801229
vt 0.481984 0.621781
vt 0.488937 0.800960
vt 0.402782 0.682285
vt 0.395840 0.682477
vt 0.395840 0.430847
vt 0.305189 0.682513
vt 0.305189 0.430883
vt 0.312135 0.682321
vt 0.164163 0.251567
vt 0.157082 0.430883
vt 0.157082 0.000000
vt 0.466554 0.430940
vt 0.462457 0.251536
vt 0.466554 -0.000000
vt 0.312135 0.430883
vt 0.312135 0.000000
vt 0.319173 0.430883
vt 0.882251 0.013723
vt 0.882251 -0.000000
vt 0.888259 0.010236
vt 0.888152 0.165161
vt 0.882251 0.154862
vt 0.888152 0.151438
vt 0.961514 0.637499
vt 0.973384 0.644386
vt 0.961514 0.644445
vt 0.973383 0.720848
vt 0.961514 0.713960
vt 0.973383 0.713903
vt 0.234726 0.876222
vt 0.240627 0.886521
vt 0.234726 0.889945
vt 0.044685 0.431216
vt 0.037670 0.610392
vt 0.037670 0.430940
vt 0.463352 0.994351
vt 0.462567 0.994218
vt 0.463352 0.987242
vt 0.192425 0.610197
vt 0.185421 0.852843
vt 0.185420 0.430882
vt 0.241852 0.682417
vt 0.241852 0.430884
vt 0.248798 0.439770
vt 0.497942 0.251498
vt 0.493885 0.430900
vt 0.493885 0.000000
vt 0.471095 0.987242
vt 0.471880 0.987371
vt 0.471095 0.994332
vt 0.475057 0.987242
vt 0.475405 0.994323
vt 0.474609 0.994323
vt 0.000000 0.610701
vt 0.006999 0.610975
vt 0.000000 0.790152
vt 0.374943 0.000000
vt 0.381934 0.179314
vt 0.374943 0.430846
vt 0.150001 -0.000000
vt 0.150001 0.430901
vt 0.143055 0.000111
vt 0.171338 0.682416
vt 0.178266 0.430884
vt 0.178284 0.682416
vt 0.269910 0.430884
vt 0.267253 0.682498
vt 0.262931 0.430884
vt 0.375305 0.430847
vt 0.381856 0.674831
vt 0.375305 0.682499
vt 0.474749 0.179404
vt 0.470652 0.430940
vt 0.470652 0.000000
vt 0.298060 0.430883
vt 0.291023 0.430883
vt 0.291023 0.000000
vt 0.973384 0.616661
vt 0.973384 0.623607
vt 0.961514 0.616721
vt 0.961514 0.609715
vt 0.961668 0.602737
vt 0.973384 0.609715
vt 0.882251 0.165161
vt 0.888152 0.175460
vt 0.882251 0.178884
vt 0.888152 0.116888
vt 0.882251 0.106589
vt 0.888152 0.103165
vt 0.888165 0.758144
vt 0.882157 0.761629
vt 0.882157 0.747906
vt 0.467517 0.994341
vt 0.467149 0.987242
vt 0.467945 0.987242
vt 0.474749 0.610113
vt 0.467642 0.610395
vt 0.467642 0.430940
vt 0.631817 0.987404
vt 0.631019 0.993693
vt 0.631019 0.987242
vt 0.643500 0.987242
vt 0.643880 0.993569
vt 0.643084 0.993569
vt 0.340606 0.671755
vt 0.340606 0.430847
vt 0.347055 0.671582
vt 0.474749 0.852723
vt 0.474749 0.430763
vt 0.481233 0.611903
vt 0.206524 0.430884
vt 0.199474 0.430884
vt 0.199531 0.000000
vt 0.458360 0.000000
vt 0.462457 0.179404
vt 0.458360 0.430940
vt 0.262873 0.000001
vt 0.269910 -0.000000
vt 0.360126 0.785297
vt 0.357754 0.778659
vt 0.358518 0.778434
vt 0.290978 0.430883
vt 0.283985 -0.000000
vt 0.291023 -0.000000
vt 0.009455 -0.000000
vt 0.016503 0.000114
vt 0.009455 0.430940
vt 0.402782 -0.000000
vt 0.402782 0.430847
vt 0.395836 0.430847
vt 0.359342 0.785434
vt 0.108330 -0.000000
vt 0.108330 0.430903
vt 0.101373 0.000111
vt 0.961549 0.623607
vt 0.973384 0.630553
vt 0.961514 0.630553
vt 0.882251 0.041168
vt 0.882251 0.027445
vt 0.888259 0.037682
vt 0.882251 0.220053
vt 0.888152 0.230351
vt 0.882251 0.233775
vt 0.882251 0.123993
vt 0.888152 0.134292
vt 0.882251 0.137716
vt 0.961514 0.658336
vt 0.973384 0.665224
vt 0.961514 0.665282
vt 0.037649 0.430940
vt 0.030601 0.430826
vt 0.037649 0.000000
vt 0.157082 0.251568
vt 0.150001 0.430884
vt 0.150001 -0.000000
vt 0.058759 0.430940
vt 0.058759 -0.000000
vt 0.065796 0.000114
vt 0.497139 0.786083
vt 0.497146 0.779034
vt 0.497942 0.779080
vt 0.312135 0.000000
vt 0.312135 0.430883
vt 0.305098 0.000000
vt 0.220623 0.430883
vt 0.213574 0.430883
vt 0.213632 -0.000000
vt 0.122220 0.430791
vt 0.115275 0.430903
vt 0.115275 -0.000000
vt 0.497934 0.786039
vt 0.080505 0.430903
vt 0.080505 0.000000
vt 0.087462 0.430791
vt 0.882251 0.027445
vt 0.882251 0.013723
vt 0.888260 0.023960
vt 0.961514 0.679174
vt 0.973384 0.686061
vt 0.961514 0.686120
vt 0.882251 0.192607
vt 0.888152 0.202906
vt 0.882251 0.206330
vt 0.882251 0.068613
vt 0.882251 0.054890
vt 0.888259 0.065127
vt 0.882251 0.206330
vt 0.888152 0.216628
vt 0.477743 0.987242
vt 0.478538 0.994246
vt 0.477743 0.994292
vt 0.023552 -0.000000
vt 0.030601 0.000114
vt 0.023552 0.430940
vt 0.185344 0.430884
vt 0.178294 0.430884
vt 0.178353 -0.000000
vt 0.234639 0.430884
vt 0.227673 0.000000
vt 0.234710 0.000000
vt 0.395836 0.000000
vt 0.395836 0.430848
vt 0.388890 0.430847
vt 0.478537 0.987288
vt 0.340125 0.000000
vt 0.333227 0.430848
vt 0.333167 0.000000
vt 0.276948 0.430883
vt 0.276948 -0.000000
vt 0.283985 0.430883
vt 0.466554 0.000000
vt 0.470652 0.179403
vt 0.466554 0.430940
vt 0.961514 0.693066
vt 0.973383 0.699952
vt 0.961514 0.700012
vt 0.961549 0.644445
vt 0.973384 0.651391
vt 0.961514 0.651391
vt 0.882251 0.254604
vt 0.888152 0.264902
vt 0.882251 0.268326
vt 0.883525 0.344493
vt 0.889426 0.354792
vt 0.883525 0.358216
vt 0.961549 0.630553
vt 0.973384 0.637499
vt 0.961514 0.637499
vt 0.360126 0.806352
vt 0.358518 0.813216
vt 0.357754 0.812990
vt 0.234710 0.430883
vt 0.234768 0.000000
vt 0.241760 0.430883
vt 0.220623 0.430883
vt 0.220682 -0.000000
vt 0.227673 0.430883
vt 0.305098 0.430883
vt 0.298060 0.000000
vt 0.305098 0.000000
vt 0.416638 -0.000000
vt 0.416684 0.430847
vt 0.409738 0.430847
vt 0.359342 0.806216
vt 0.347123 -0.000000
vt 0.354081 -0.000000
vt 0.347181 0.430847
vt 0.051722 0.430940
vt 0.051722 0.000000
vt 0.058759 0.000115
vt 0.164163 0.430883
vt 0.164163 -0.000000
vt 0.171244 0.251567
vt 0.888164 0.778747
vt 0.882157 0.782234
vt 0.882157 0.768511
vt 0.961514 0.672228
vt 0.961514 0.665282
vt 0.973383 0.672169
vt 0.221647 0.876222
vt 0.227548 0.886520
vt 0.221647 0.889944
vt 0.961514 0.616661
vt 0.961514 0.609715
vt 0.973384 0.616602
vt 0.882251 0.178884
vt 0.888152 0.189184
vt 0.882251 0.192607
vt 0.514136 0.996311
vt 0.514444 0.996516
vt 0.514136 0.997270
vt 0.410267 0.430847
vt 0.416603 0.431014
vt 0.410267 0.671752
vt 0.340606 0.666536
vt 0.340237 0.666535
vt 0.340606 0.430847
vt 0.481233 0.430763
vt 0.481696 0.666452
vt 0.481233 0.671585
vt 0.538665 0.997107
vt 0.538131 0.996311
vt 0.538925 0.996311
vt 0.059321 0.612069
vt 0.052511 0.614296
vt 0.052511 0.430940
vt 0.305147 0.673534
vt 0.298060 0.852850
vt 0.298060 0.430883
vt 0.674327 0.424084
vt 0.680685 0.664904
vt 0.674327 0.846051
vt 0.887557 0.536918
vt 0.882157 0.541119
vt 0.882157 0.527305
vt 0.887004 0.617239
vt 0.887004 0.631053
vt 0.882157 0.622515
vt 0.349506 0.975886
vt 0.342718 0.973295
vt 0.349506 0.964607
vt 0.410267 0.666537
vt 0.409916 0.666537
vt 0.410112 0.430847
vt 0.230954 0.659166
vt 0.230504 0.659166
vt 0.230607 0.430884
vt 0.532610 0.996431
vt 0.532682 0.996311
vt 0.532682 0.997158
vt 0.546834 0.997043
vt 0.546433 0.996839
vt 0.546834 0.996311
vt 0.546234 0.996311
vt 0.546356 0.996842
vt 0.546234 0.997062
vt 0.544278 0.997117
vt 0.544278 0.996311
vt 0.544322 0.996403
vt 0.559105 0.996511
vt 0.559142 0.996311
vt 0.559142 0.996563
vt 0.559756 0.996423
vt 0.559712 0.996514
vt 0.559712 0.996311
vt 0.554780 0.996311
vt 0.554841 0.996333
vt 0.554780 0.996874
vt 0.551232 0.996993
vt 0.551232 0.996311
vt 0.551239 0.996431
vt 0.550842 0.996993
vt 0.550842 0.996311
vt 0.551098 0.996325
vt 0.136110 0.517144
vt 0.135274 0.624875
vt 0.135274 0.430902
vt 0.230142 0.657332
vt 0.229780 0.657331
vt 0.230142 0.430884
vt 0.548850 0.996311
vt 0.549203 0.996947
vt 0.548850 0.997027
vt 0.484610 0.430902
vt 0.485380 0.525510
vt 0.484610 0.608198
vt 0.461437 0.997404
vt 0.461507 0.997353
vt 0.143170 0.682471
vt 0.136110 0.682471
vt 0.136124 0.430902
vt 0.234725 0.682551
vt 0.234725 0.430883
vt 0.241760 0.431080
vt 0.164163 0.431080
vt 0.157128 0.682551
vt 0.157128 0.430883
vt 0.826497 0.964261
vt 0.819460 0.964261
vt 0.819519 0.952323
vt 0.816545 0.866978
vt 0.822621 0.870529
vt 0.816545 0.880806
vt 0.882157 0.437863
vt 0.882157 0.424036
vt 0.888125 0.427524
vt 0.402782 0.882973
vt 0.402782 0.869146
vt 0.408750 0.872634
vt 0.800425 0.964226
vt 0.793387 0.964261
vt 0.793387 0.952323
vt 0.772274 0.964261
vt 0.765237 0.964261
vt 0.765297 0.952323
vt 0.095369 0.866570
vt 0.101445 0.870121
vt 0.095369 0.880398
vt 0.298060 0.881012
vt 0.298060 0.867184
vt 0.304029 0.870673
vt 0.819460 0.964261
vt 0.812423 0.964261
vt 0.812482 0.952323
vt 0.497711 0.882949
vt 0.497711 0.869122
vt 0.503679 0.872610
vt 0.248751 0.430884
vt 0.241760 -0.000000
vt 0.248798 -0.000000
vt 0.360936 0.792300
vt 0.199474 0.430883
vt 0.192425 0.430884
vt 0.192425 -0.000000
vt 0.791331 0.880806
vt 0.785255 0.877254
vt 0.791331 0.866978
vt 0.882157 0.465519
vt 0.882157 0.451691
vt 0.888125 0.455180
vt 0.276948 0.000000
vt 0.276948 0.430884
vt 0.269910 0.000001
vt 0.497942 0.793087
vt 0.213574 0.430884
vt 0.206524 0.430884
vt 0.206583 0.000000
vt 0.804427 0.866978
vt 0.810503 0.870529
vt 0.804427 0.880806
vt 0.416603 0.883488
vt 0.416603 0.869661
vt 0.422571 0.873149
vt 0.129165 0.430903
vt 0.122220 0.000111
vt 0.129165 0.000000
vt 0.360141 0.792346
vt 0.073548 0.430903
vt 0.073548 0.000000
vt 0.080505 0.430791
vt 0.961514 0.686120
vt 0.973383 0.693006
vt 0.961514 0.693066
vt 0.882251 0.233775
vt 0.888152 0.244074
vt 0.882251 0.247498
vt 0.437521 0.430847
vt 0.430576 0.430847
vt 0.437475 -0.000000
vt 0.478538 0.994291
vt 0.478538 0.987242
vt 0.479322 0.994155
vt 0.367997 -0.000000
vt 0.361098 0.430847
vt 0.361039 -0.000000
vt 0.961549 0.651391
vt 0.973384 0.658336
vt 0.292159 0.876222
vt 0.298060 0.886520
vt 0.292159 0.889944
vt 0.051722 0.000114
vt 0.044685 0.430940
vt 0.044685 -0.000000
vt 0.360936 0.799349
vt 0.016503 0.000000
vt 0.023552 0.000114
vt 0.016503 0.430940
vt 0.776001 0.866978
vt 0.782077 0.870530
vt 0.776001 0.880806
vt 0.197118 0.885501
vt 0.197118 0.871674
vt 0.203086 0.875162
vt 0.262873 0.000000
vt 0.262852 0.430884
vt 0.255836 0.000000
vt 0.769925 0.866978
vt 0.776001 0.870530
vt 0.769925 0.880806
vt 0.320238 0.883074
vt 0.320238 0.869246
vt 0.326207 0.872735
vt 0.115275 0.430791
vt 0.108330 0.430903
vt 0.108330 -0.000000
vt 0.360141 0.799304
vt 0.361039 0.000001
vt 0.354081 0.430847
vt 0.354081 0.000000
vt 0.888259 0.041168
vt 0.888259 0.054890
vt 0.882251 0.044654
vt 0.313272 0.876222
vt 0.319173 0.886521
vt 0.313272 0.889945
vt 0.430576 0.430847
vt 0.423630 0.430847
vt 0.430575 -0.000000
vt 0.961549 0.700012
vt 0.973383 0.706957
vt 0.961514 0.706957
vt 0.292035 0.886520
vt 0.286135 0.889944
vt 0.286135 0.876222
vt 0.037649 0.430940
vt 0.037649 -0.000000
vt 0.044685 0.000114
vt 0.178294 0.430883
vt 0.171244 0.430884
vt 0.171244 -0.000000
vt 0.807462 0.964226
vt 0.800425 0.964261
vt 0.800425 0.952323
vt 0.360603 0.882952
vt 0.360603 0.869125
vt 0.366571 0.872613
vt 0.791988 0.866978
vt 0.798064 0.870530
vt 0.791988 0.880806
vt 0.888125 0.479346
vt 0.888125 0.493173
vt 0.882157 0.489685
vt 0.374943 0.000000
vt 0.374943 0.430848
vt 0.367997 0.430847
vt 0.066590 0.430903
vt 0.066590 0.000000
vt 0.073547 0.430792
vt 0.961514 0.672228
vt 0.973383 0.679114
vt 0.961514 0.679174
vt 0.215746 0.876222
vt 0.221647 0.886520
vt 0.215746 0.889944
vt 0.307371 0.876222
vt 0.313272 0.886520
vt 0.307371 0.889944
vt 0.423630 0.430847
vt 0.416684 0.430847
vt 0.423609 -0.000000
vt 0.255836 -0.000000
vt 0.255815 0.430884
vt 0.248798 -0.000000
vt 0.855456 0.964261
vt 0.848418 0.964261
vt 0.848477 0.952323
vt 0.882157 0.527305
vt 0.882157 0.513478
vt 0.888125 0.516967
vt 0.793387 0.964226
vt 0.786350 0.964261
vt 0.786350 0.952323
vt 0.888125 0.437863
vt 0.888125 0.451691
vt 0.882157 0.448202
vt 0.961514 0.706957
vt 0.973383 0.713845
vt 0.961514 0.713903
vt 0.851019 0.877508
vt 0.856920 0.887807
vt 0.851019 0.891231
vt 0.113596 0.870121
vt 0.107520 0.880398
vt 0.107520 0.866570
vt 0.877556 0.358216
vt 0.877556 0.344388
vt 0.883525 0.347877
vt 0.312135 0.682551
vt 0.312135 0.430883
vt 0.319170 0.431080
vt 0.185344 0.682453
vt 0.178284 0.682453
vt 0.178284 0.430884
vt 0.205793 0.885501
vt 0.205793 0.871674
vt 0.211761 0.875162
vt 0.837917 0.866978
vt 0.843993 0.870530
vt 0.837917 0.880806
vt 0.383649 0.874541
vt 0.389550 0.884840
vt 0.383649 0.888264
vt 0.779312 0.964261
vt 0.779371 0.952323
vt 0.786350 0.964261
vt 0.124860 0.881949
vt 0.124860 0.868121
vt 0.130829 0.871610
vt 0.199468 0.682453
vt 0.192437 0.430884
vt 0.199474 0.430884
vt 0.291023 0.682550
vt 0.291023 0.430883
vt 0.298057 0.431080
vt 0.489829 0.682470
vt 0.489829 0.430902
vt 0.496889 0.682470
vt 0.095369 0.870121
vt 0.089293 0.880398
vt 0.089293 0.866570
vt 0.798064 0.880807
vt 0.798064 0.866978
vt 0.804032 0.870467
vt 0.171244 0.431080
vt 0.164209 0.682551
vt 0.164209 0.430883
vt 0.262895 0.682453
vt 0.255836 0.682453
vt 0.255849 0.430884
vt 0.107520 0.880398
vt 0.101445 0.876846
vt 0.107520 0.866570
vt 0.389763 0.881137
vt 0.389763 0.867309
vt 0.395732 0.870797
vt 0.779312 0.964261
vt 0.772335 0.952323
vt 0.843457 0.964261
vt 0.836419 0.964261
vt 0.836478 0.952323
vt 0.450304 0.882921
vt 0.450304 0.869093
vt 0.456272 0.872582
vt 0.227673 0.682550
vt 0.220638 0.682354
vt 0.227673 0.430883
vt 0.248803 0.430884
vt 0.255836 0.673536
vt 0.248803 0.682453
vt 0.758199 0.964261
vt 0.758259 0.952323
vt 0.765237 0.964261
vt 0.227753 0.881359
vt 0.227753 0.867530
vt 0.233721 0.871019
vt 0.117810 0.881949
vt 0.117810 0.868121
vt 0.123779 0.871610
vt 0.286114 0.870483
vt 0.280038 0.880760
vt 0.280038 0.866932
vt 0.037649 0.433168
vt 0.031093 0.614308
vt 0.031093 0.430940
vt 0.086540 0.614270
vt 0.086087 0.619404
vt 0.086087 0.430903
vt 0.890601 0.800469
vt 0.885359 0.810215
vt 0.885359 0.796489
vt 0.886063 0.631053
vt 0.890777 0.636125
vt 0.886063 0.644779
vt 0.335132 0.975963
vt 0.335132 0.964607
vt 0.341985 0.973296
vt 0.487902 0.431379
vt 0.487395 0.619580
vt 0.487395 0.430902
vt 0.485934 0.430902
vt 0.486384 0.619105
vt 0.485934 0.619404
vt 0.133162 0.622554
vt 0.133700 0.689323
vt 0.133162 0.746523
vt 0.230142 0.430884
vt 0.230504 0.430884
vt 0.230504 0.657333
vt 0.549945 0.997009
vt 0.549583 0.997009
vt 0.549787 0.996311
vt 0.994701 0.536702
vt 0.994237 0.537221
vt 0.984674 0.536702
vt 0.984694 0.907287
vt 0.994262 0.907727
vt 0.984674 0.907727
vt 0.456687 0.987242
vt 0.456687 0.994368
vt 0.455891 0.994322
vt 0.460621 0.987242
vt 0.460621 0.994367
vt 0.459836 0.987377
vt 0.567504 0.424094
vt 0.560528 0.848120
vt 0.560471 0.424094
vt 0.560379 -0.000000
vt 0.567505 0.000119
vt 0.560379 0.424094
vt 0.269990 0.841111
vt 0.645828 0.000119
vt 0.638703 0.424094
vt 0.638703 -0.000000
vt 0.688189 -0.000000
vt 0.695215 0.423966
vt 0.688189 0.424083
vt 0.270753 0.840883
vt 0.437691 0.430847
vt 0.444724 0.430847
vt 0.437747 0.854872
vt 0.462150 0.987242
vt 0.462567 0.994356
vt 0.461770 0.994356
vt 0.829747 0.424035
vt 0.836866 0.848070
vt 0.829747 0.848071
vt 0.751529 0.848117
vt 0.744403 0.848118
vt 0.744403 0.424083
vt 0.510691 0.848121
vt 0.510691 0.424095
vt 0.517718 0.424096
vt 0.459837 0.987242
vt 0.459837 0.994367
vt 0.459052 0.987377
vt 0.451326 0.854872
vt 0.458303 0.430847
vt 0.458360 0.854872
vt 0.984674 0.729577
vt 0.994288 0.736595
vt 0.984674 0.736604
vt 0.973417 0.861091
vt 0.965641 0.866744
vt 0.961514 0.861091
vt 0.994328 0.600966
vt 0.994328 0.608086
vt 0.984674 0.608077
vt 0.973504 0.140367
vt 0.961514 0.140367
vt 0.965720 0.134657
vt 0.268346 0.834177
vt 0.772749 0.424034
vt 0.765630 0.424036
vt 0.765630 0.000000
vt 0.517634 0.000119
vt 0.510508 0.424095
vt 0.510508 0.000000
vt 0.652954 0.424096
vt 0.645927 0.848119
vt 0.645927 0.424093
vt 0.269131 0.834038
vt 0.667105 0.423968
vt 0.660072 0.424084
vt 0.660072 0.000000
vt 0.994288 0.715524
vt 0.994288 0.722550
vt 0.984674 0.715534
vt 0.456687 0.987242
vt 0.457482 0.994324
vt 0.456687 0.994366
vt 0.695121 0.848118
vt 0.695124 0.424083
vt 0.702241 0.848118
vt 0.553254 -0.000000
vt 0.560379 0.000119
vt 0.553254 0.424095
vt 0.695215 0.000116
vt 0.702241 -0.000000
vt 0.702241 0.424083
vt 0.354931 0.785514
vt 0.354119 0.792592
vt 0.354135 0.785558
vt 0.667105 0.424083
vt 0.667105 0.000000
vt 0.674137 0.423968
vt 0.984674 0.820926
vt 0.994287 0.827945
vt 0.984674 0.827953
vt 0.973417 0.815870
vt 0.965641 0.821523
vt 0.961514 0.815870
vt 0.965736 0.071829
vt 0.973504 0.077562
vt 0.961514 0.077562
vt 0.973505 0.060388
vt 0.969282 0.066120
vt 0.961514 0.060388
vt 0.961514 0.106110
vt 0.973504 0.106110
vt 0.969299 0.111819
vt 0.267519 0.827099
vt 0.517634 0.424095
vt 0.517634 -0.000000
vt 0.524752 0.000121
vt 0.645828 0.423974
vt 0.652954 0.000000
vt 0.652954 0.424093
vt 0.674137 -0.000000
vt 0.681163 0.423966
vt 0.674137 0.424084
vt 0.268314 0.827052
vt 0.333092 0.430848
vt 0.340125 0.430848
vt 0.333148 0.854872
vt 0.984674 0.834979
vt 0.984678 0.827953
vt 0.994286 0.834979
vt 0.961514 0.911966
vt 0.969290 0.906314
vt 0.973416 0.911966
vt 0.354119 0.778434
vt 0.829747 0.424036
vt 0.829746 -0.000000
vt 0.836866 0.424035
vt 0.539003 -0.000000
vt 0.546129 0.000119
vt 0.539003 0.424095
vt 0.681163 0.000116
vt 0.688189 -0.000000
vt 0.688189 0.424083
vt 0.458267 0.987242
vt 0.458267 0.994367
vt 0.457482 0.987377
vt 0.638795 0.848119
vt 0.645771 0.424094
vt 0.645828 0.848119
vt 0.961514 0.776278
vt 0.973417 0.776278
vt 0.965658 0.781953
vt 0.961514 0.889355
vt 0.969290 0.883702
vt 0.973417 0.889355
vt 0.965738 0.037460
vt 0.973505 0.043191
vt 0.961514 0.043191
vt 0.973504 0.214589
vt 0.961514 0.214589
vt 0.965720 0.208880
vt 0.994327 0.693518
vt 0.994327 0.700638
vt 0.984674 0.700629
vt 0.973504 0.203171
vt 0.961514 0.203171
vt 0.965720 0.197461
vt 0.268315 0.820019
vt 0.786995 0.848069
vt 0.779876 0.848071
vt 0.779876 0.424036
vt 0.267519 0.819972
vt 0.836866 0.848071
vt 0.836923 0.424036
vt 0.843993 0.848071
vt 0.423630 0.430849
vt 0.416603 0.854872
vt 0.416603 0.430847
vt 0.517718 0.424095
vt 0.524752 0.424095
vt 0.517775 0.848120
vt 0.969275 0.736573
vt 0.973418 0.742249
vt 0.961514 0.742249
vt 0.973418 0.770625
vt 0.965641 0.776278
vt 0.961514 0.770625
vt 0.201943 0.865925
vt 0.197732 0.871674
vt 0.197118 0.871167
vt 0.779876 0.000000
vt 0.786995 0.424034
vt 0.779876 0.424036
vt 0.786995 0.424037
vt 0.794121 0.424036
vt 0.794121 0.848071
vt 0.751429 0.424083
vt 0.744403 0.000115
vt 0.751429 -0.000000
vt 0.201274 0.865492
vt 0.381856 0.854872
vt 0.388833 0.430847
vt 0.388890 0.854872
vt 0.984674 0.757684
vt 0.994288 0.764702
vt 0.984674 0.764711
vt 0.961514 0.895007
vt 0.969290 0.889355
vt 0.973417 0.895007
vt 0.984674 0.572489
vt 0.994329 0.572489
vt 0.984681 0.579608
vt 0.973505 0.071829
vt 0.961514 0.071829
vt 0.965719 0.066120
vt 0.994321 0.615205
vt 0.994328 0.622324
vt 0.984674 0.622324
vt 0.973504 0.186042
vt 0.961514 0.186042
vt 0.965720 0.180333
vt 0.354032 0.430847
vt 0.354081 0.854873
vt 0.347055 0.854873
vt 0.269131 0.813032
vt 0.524844 0.424095
vt 0.531878 0.424095
vt 0.524900 0.848120
vt 0.984680 0.750658
vt 0.994288 0.757684
vt 0.961514 0.787606
vt 0.969291 0.781954
vt 0.973417 0.787606
vt 0.205458 0.859725
vt 0.624466 0.423975
vt 0.631585 -0.000000
vt 0.631585 0.424094
vt 0.794122 0.424035
vt 0.786995 0.424036
vt 0.786995 -0.000000
vt 0.437691 0.854873
vt 0.430663 0.854873
vt 0.437664 0.430847
vt 0.204743 0.859373
vt 0.596077 0.848120
vt 0.603054 0.424094
vt 0.603111 0.848120
vt 0.984674 0.764711
vt 0.994287 0.771730
vt 0.984674 0.771738
vt 0.961514 0.804565
vt 0.969291 0.798912
vt 0.973417 0.804565
vt 0.730258 0.424083
vt 0.737377 0.848117
vt 0.730258 0.848118
vt 0.268347 0.812894
vt 0.595992 0.000119
vt 0.588867 0.424094
vt 0.588867 0.000000
vt 0.965737 0.048923
vt 0.973505 0.054656
vt 0.961514 0.054656
vt 0.973505 0.100400
vt 0.961514 0.100400
vt 0.965720 0.094691
vt 0.973504 0.054656
vt 0.969282 0.060388
vt 0.961514 0.054656
vt 0.973504 0.106110
vt 0.961514 0.106110
vt 0.965720 0.100400
vt 0.638703 0.424096
vt 0.631677 0.848120
vt 0.631677 0.424094
vt 0.270754 0.806188
vt 0.660072 0.848118
vt 0.653038 0.848118
vt 0.660015 0.424092
vt 0.984674 0.729577
vt 0.984674 0.722550
vt 0.994288 0.729568
vt 0.961514 0.827176
vt 0.969291 0.821523
vt 0.973417 0.827176
vt 0.208229 0.853160
vt 0.808368 0.848070
vt 0.801249 0.848071
vt 0.801249 0.424036
vt 0.588867 0.000119
vt 0.581742 0.424094
vt 0.581742 -0.000000
vt 0.744403 0.000000
vt 0.737377 0.000115
vt 0.207479 0.852894
vt 0.326207 0.854872
vt 0.319173 0.854872
vt 0.326150 0.430847
vt 0.969274 0.764950
vt 0.973417 0.770625
vt 0.961514 0.770625
vt 0.961514 0.883702
vt 0.969290 0.878049
vt 0.973417 0.883702
vt 0.638703 0.424094
vt 0.631585 0.423976
vt 0.638703 0.000000
vt 0.269991 0.805960
vt 0.531877 0.000119
vt 0.524752 0.424095
vt 0.524752 -0.000000
vt 0.994328 0.593847
vt 0.984674 0.593847
vt 0.994321 0.586728
vt 0.973505 0.094691
vt 0.961514 0.094691
vt 0.965720 0.088981
vt 0.994328 0.615205
vt 0.984674 0.615205
vt 0.994322 0.608086
vt 0.973504 0.146076
vt 0.961514 0.146076
vt 0.965720 0.140367
vt 0.504943 0.430685
vt 0.504968 0.854711
vt 0.497942 0.854711
vt 0.273159 0.799579
vt 0.560288 0.848120
vt 0.553254 0.848120
vt 0.560231 0.424095
vt 0.969273 0.747924
vt 0.973417 0.753599
vt 0.961514 0.753599
vt 0.961514 0.900660
vt 0.969290 0.895007
vt 0.973417 0.900660
vt 0.210220 0.846317
vt 0.723138 0.424083
vt 0.730258 0.424083
vt 0.553254 0.000119
vt 0.546129 0.424095
vt 0.546129 -0.000000
vt 0.737377 0.424083
vt 0.730351 0.000116
vt 0.737377 -0.000000
vt 0.209443 0.846140
vt 0.581742 0.848120
vt 0.574708 0.848120
vt 0.581686 0.424094
vt 0.984674 0.806872
vt 0.984674 0.799846
vt 0.994287 0.806865
vt 0.961514 0.793259
vt 0.969291 0.787606
vt 0.973418 0.793259
vt 0.794122 0.424036
vt 0.801241 0.848071
vt 0.794122 0.848071
vt 0.272428 0.799263
vt 0.815494 0.424036
vt 0.815494 0.848071
vt 0.808368 0.424037
vt 0.994327 0.679280
vt 0.984674 0.679280
vt 0.994321 0.672160
vt 0.973504 0.208880
vt 0.961514 0.208880
vt 0.965720 0.203171
vt 0.994327 0.672160
vt 0.984674 0.672160
vt 0.994322 0.665041
vt 0.973504 0.123238
vt 0.961514 0.123238
vt 0.965719 0.117529
vt 0.723319 0.424083
vt 0.716293 0.000116
vt 0.723319 0.000000
vt 0.275627 0.792895
vt 0.276316 0.793293
vt 0.430663 0.854872
vt 0.423630 0.854872
vt 0.430607 0.430847
vt 0.984674 0.785792
vt 0.984674 0.778765
vt 0.994287 0.785784
vt 0.973417 0.849786
vt 0.965641 0.855439
vt 0.961514 0.849786
vt 0.210611 0.839204
vt 0.581742 0.424094
vt 0.574623 0.423976
vt 0.581742 0.000000
vt 0.211402 0.839290
vt 0.822620 0.424035
vt 0.822620 0.000000
vt 0.829746 0.424035
vt 0.709267 0.000000
vt 0.709267 0.424083
vt 0.702241 0.000116
vt 0.595992 0.848120
vt 0.588959 0.848120
vt 0.595936 0.424094
vt 0.969274 0.753599
vt 0.973417 0.759274
vt 0.961514 0.759274
vt 0.961514 0.849786
vt 0.969291 0.844134
vt 0.973417 0.849786
vt 0.617348 -0.000000
vt 0.617348 0.424094
vt 0.610229 0.423975
vt 0.779876 0.424037
vt 0.779876 0.848072
vt 0.772749 0.424037
vt 0.969282 0.048923
vt 0.961514 0.043191
vt 0.973505 0.043191
vt 0.973504 0.134657
vt 0.961514 0.134657
vt 0.965720 0.128948
vt 0.984674 0.622324
vt 0.994328 0.622324
vt 0.984681 0.629444
vt 0.973504 0.180333
vt 0.961514 0.180333
vt 0.965720 0.174623
vt 0.458267 0.994367
vt 0.458267 0.987242
vt 0.459052 0.994232
vt 0.709173 0.424083
vt 0.716293 0.848117
vt 0.709173 0.848118
vt 0.197118 0.792895
vt 0.201418 0.798578
vt 0.200756 0.799020
vt 0.772749 0.424036
vt 0.772749 0.848072
vt 0.765623 0.424037
vt 0.367947 0.430847
vt 0.367997 0.854873
vt 0.360970 0.854873
vt 0.539200 0.848120
vt 0.532167 0.848120
vt 0.539143 0.424095
vt 0.984674 0.743631
vt 0.984674 0.736604
vt 0.994288 0.743622
vt 0.973417 0.793259
vt 0.965641 0.798912
vt 0.961514 0.793259
vt 0.574574 0.424095
vt 0.574623 0.848120
vt 0.567596 0.848120
vt 0.210965 0.832179
vt 0.631585 0.848120
vt 0.624551 0.848120
vt 0.631529 0.424094
vt 0.994287 0.771738
vt 0.994287 0.778765
vt 0.984674 0.771747
vt 0.961514 0.878049
vt 0.969290 0.872397
vt 0.973417 0.878049
vt 0.994328 0.600966
vt 0.984674 0.600966
vt 0.994322 0.593847
vt 0.973505 0.088981
vt 0.961514 0.088981
vt 0.965720 0.083272
vt 0.610229 0.000000
vt 0.610229 0.424094
vt 0.603111 0.423976
vt 0.211761 0.832173
vt 0.822621 0.424035
vt 0.822621 0.848071
vt 0.815494 0.424036
vt 0.994328 0.636563
vt 0.984674 0.636563
vt 0.994322 0.629444
vt 0.973504 0.128948
vt 0.961514 0.128948
vt 0.965720 0.123238
vt 0.758454 0.000000
vt 0.758454 0.424083
vt 0.751429 0.000115
vt 0.204320 0.805084
vt 0.617348 0.424094
vt 0.624382 0.424094
vt 0.617404 0.848120
vt 0.994288 0.743631
vt 0.994288 0.750658
vt 0.984674 0.743640
vt 0.973417 0.804565
vt 0.965641 0.810217
vt 0.961514 0.804565
vt 0.553204 0.424095
vt 0.553254 0.848120
vt 0.546227 0.848120
vt 0.210501 0.825160
vt 0.588959 0.848120
vt 0.581925 0.848120
vt 0.588903 0.424094
vt 0.994287 0.785792
vt 0.994287 0.792819
vt 0.984674 0.785800
vt 0.961514 0.844134
vt 0.969290 0.838481
vt 0.973417 0.844134
vt 0.801242 0.424034
vt 0.794122 0.424036
vt 0.794122 0.000000
vt 0.205029 0.804722
vt 0.779876 -0.000000
vt 0.779876 0.424036
vt 0.772749 0.000001
vt 0.984674 0.579608
vt 0.994328 0.579608
vt 0.984681 0.586728
vt 0.973504 0.117529
vt 0.961514 0.117529
vt 0.965720 0.111819
vt 0.574623 -0.000000
vt 0.574623 0.424095
vt 0.567504 0.423976
vt 0.211292 0.825062
vt 0.539003 0.000119
vt 0.531877 0.424095
vt 0.531878 -0.000000
vt 0.994327 0.686399
vt 0.984674 0.686399
vt 0.994321 0.679280
vt 0.973504 0.163205
vt 0.961514 0.163205
vt 0.965720 0.157495
vt 0.850962 0.000000
vt 0.851012 0.424026
vt 0.843985 0.424026
vt 0.207156 0.811521
vt 0.617263 0.848120
vt 0.610229 0.848120
vt 0.617206 0.424094
vt 0.994287 0.792819
vt 0.994287 0.799846
vt 0.984674 0.792827
vt 0.961514 0.832828
vt 0.969290 0.827175
vt 0.973417 0.832828
vt 0.851019 0.424037
vt 0.843993 0.848061
vt 0.843993 0.424036
vt 0.209226 0.818243
vt 0.730351 0.423967
vt 0.723319 0.424083
vt 0.723319 -0.000000
vt 0.969274 0.759274
vt 0.973417 0.764950
vt 0.961514 0.764950
vt 0.961514 0.872397
vt 0.969290 0.866744
vt 0.973417 0.872397
vt 0.765574 0.848071
vt 0.758454 0.424036
vt 0.765574 0.424036
vt 0.207902 0.811243
vt 0.808368 0.424035
vt 0.808425 -0.000000
vt 0.815494 0.424035
vt 0.994327 0.693518
vt 0.984674 0.693518
vt 0.994321 0.686399
vt 0.973504 0.174623
vt 0.961514 0.174623
vt 0.965720 0.168914
vt 0.843985 0.424035
vt 0.836866 0.424036
vt 0.836866 0.000000
vt 0.210000 0.818054
vt 0.815494 0.000000
vt 0.822620 0.424035
vt 0.994327 0.657922
vt 0.984674 0.657922
vt 0.994321 0.650802
vt 0.973504 0.191752
vt 0.961514 0.191752
vt 0.965720 0.186042
vt 0.546177 0.424095
vt 0.546227 0.848120
vt 0.539200 0.848120
vt 0.610145 0.848120
vt 0.610088 0.424094
vt 0.994287 0.806872
vt 0.994287 0.813899
vt 0.984674 0.806881
vt 0.961514 0.861091
vt 0.969290 0.855439
vt 0.973417 0.861091
vt 0.409782 0.430847
vt 0.409808 0.854873
vt 0.402782 0.854873
vt 0.969274 0.742249
vt 0.973417 0.747924
vt 0.961514 0.747924
vt 0.961514 0.815870
vt 0.969291 0.810217
vt 0.973417 0.815870
vt 0.603111 -0.000000
vt 0.603111 0.424094
vt 0.595992 0.423976
vt 0.801242 0.424036
vt 0.801242 -0.000000
vt 0.808368 0.424035
vt 0.994328 0.643683
vt 0.984674 0.643683
vt 0.994321 0.636563
vt 0.973504 0.157495
vt 0.961514 0.157495
vt 0.965720 0.151786
vt 0.822621 0.424036
vt 0.829740 0.848070
vt 0.822621 0.848071
vt 0.994328 0.665041
vt 0.984674 0.665041
vt 0.994321 0.657922
vt 0.973504 0.168914
vt 0.961514 0.168914
vt 0.965720 0.163205
vt 0.961514 0.838481
vt 0.969290 0.832828
vt 0.973417 0.838481
vt 0.961514 0.146076
vt 0.973504 0.146076
vt 0.969299 0.151786
vt 0.057234 0.987242
vt 0.057234 0.996059
vt 0.055169 0.995839
vt 0.045971 0.987242
vt 0.048828 0.988298
vt 0.045971 0.996059
vt 0.034232 0.995582
vt 0.031143 0.996084
vt 0.031143 0.987242
vt 0.402782 0.869145
vt 0.405645 0.855910
vt 0.481921 0.878511
vt 0.481921 0.864386
vt 0.484964 0.865118
vt 0.633358 0.892507
vt 0.628194 0.892507
vt 0.629212 0.879004
vt 0.011945 0.998468
vt 0.009868 0.998468
vt 0.010802 0.996311
vt 0.163046 0.987242
vt 0.166250 0.987242
vt 0.163372 0.995506
vt 0.997443 0.870040
vt 0.995002 0.870040
vt 0.996937 0.867744
vt 0.071263 0.995991
vt 0.069013 0.987242
vt 0.071454 0.987242
vt 0.029029 0.996136
vt 0.029029 0.987242
vt 0.031143 0.988103
vt 0.998237 0.576416
vt 0.996184 0.577737
vt 0.995002 0.576416
vt 0.996363 0.731964
vt 0.997936 0.733617
vt 0.995002 0.733617
vt 0.997936 0.711445
vt 0.995693 0.713775
vt 0.995002 0.711445
vt 0.882157 0.631053
vt 0.886063 0.631053
vt 0.885564 0.644913
vt 0.856920 0.877508
vt 0.862084 0.877508
vt 0.861042 0.891203
vt 0.180831 0.995469
vt 0.177685 0.995469
vt 0.178830 0.987242
vt 0.324238 0.855842
vt 0.321246 0.869174
vt 0.321246 0.854872
vt 0.923649 0.183054
vt 0.910520 0.183054
vt 0.911535 0.177991
vt 0.372733 0.867272
vt 0.368070 0.879171
vt 0.368070 0.865055
vt 0.846177 0.864458
vt 0.851019 0.866512
vt 0.846177 0.878574
vt 0.923518 0.266314
vt 0.922610 0.271436
vt 0.910520 0.266314
vt 0.995002 0.704066
vt 0.996699 0.702737
vt 0.998004 0.704066
vt 0.019856 0.998032
vt 0.021578 0.996311
vt 0.021578 0.998455
vt 0.216222 0.998197
vt 0.214359 0.998197
vt 0.214683 0.996311
vt 0.982356 0.285737
vt 0.984569 0.288304
vt 0.973695 0.288304
vt 0.984569 0.354220
vt 0.973695 0.354220
vt 0.984412 0.353777
vt 0.997122 0.930645
vt 0.997390 0.931031
vt 0.995002 0.931031
vt 0.996493 0.854597
vt 0.997512 0.856481
vt 0.995002 0.856481
vt 0.123552 0.987242
vt 0.123623 0.995709
vt 0.121220 0.995709
vt 0.995002 0.865611
vt 0.996803 0.863979
vt 0.997489 0.865611
vt 0.995002 0.873609
vt 0.997434 0.874231
vt 0.997253 0.599646
vt 0.995002 0.596985
vt 0.998102 0.596985
vt 0.995002 0.490510
vt 0.997204 0.489353
vt 0.998488 0.490510
vt 0.996993 0.984954
vt 0.995002 0.983200
vt 0.997235 0.983200
vt 0.033963 0.998428
vt 0.033621 0.996311
vt 0.035563 0.996311
vt 0.169735 0.987860
vt 0.167866 0.995563
vt 0.167866 0.987242
vt 0.143081 0.988236
vt 0.140172 0.995610
vt 0.140172 0.987242
vt 0.129471 0.998279
vt 0.127517 0.997093
vt 0.129471 0.996311
vt 0.992894 0.965492
vt 0.993850 0.967059
vt 0.984674 0.967059
vt 0.068768 0.997114
vt 0.067117 0.998420
vt 0.067117 0.996311
vt 0.261093 0.987242
vt 0.264204 0.987242
vt 0.263620 0.995171
vt 0.660072 0.877373
vt 0.659024 0.891024
vt 0.656998 0.877373
vt 0.886342 0.603350
vt 0.889086 0.617162
vt 0.885975 0.617162
vt 0.887004 0.617239
vt 0.890910 0.617239
vt 0.888897 0.630909
vt 0.995002 0.940338
vt 0.997307 0.940338
vt 0.996650 0.941922
vt 0.260517 0.995192
vt 0.257417 0.994932
vt 0.260517 0.987242
vt 0.103862 0.987928
vt 0.101570 0.995895
vt 0.101570 0.987242
vt 0.024057 0.998435
vt 0.022061 0.998435
vt 0.022957 0.996311
vt 0.993850 0.951886
vt 0.984674 0.951886
vt 0.993481 0.948779
vt 0.867156 0.878482
vt 0.862084 0.891199
vt 0.862084 0.877508
vt 0.517718 0.890632
vt 0.514594 0.890472
vt 0.517718 0.876942
vt 0.998446 0.492437
vt 0.995002 0.492437
vt 0.997592 0.490510
vt 0.998006 0.650667
vt 0.995002 0.648953
vt 0.998072 0.648953
vt 0.998446 0.494155
vt 0.995798 0.495708
vt 0.995002 0.494155
vt 0.984674 0.944020
vt 0.985668 0.942471
vt 0.994013 0.944020
vt 0.998302 0.557492
vt 0.995002 0.557492
vt 0.997071 0.556124
vt 0.998302 0.545068
vt 0.995599 0.546832
vt 0.890999 0.582487
vt 0.887140 0.582487
vt 0.887562 0.568831
vt 0.137795 0.862017
vt 0.134814 0.875351
vt 0.134814 0.861130
vt 0.481254 0.891965
vt 0.481254 0.878511
vt 0.484964 0.879735
vt 0.880457 0.889553
vt 0.885360 0.877508
vt 0.885360 0.891176
vt 0.886456 0.493385
vt 0.891317 0.495233
vt 0.886456 0.507053
vt 0.910520 0.719948
vt 0.923274 0.719948
vt 0.910724 0.723802
vt 0.922094 0.556705
vt 0.923274 0.563565
vt 0.910520 0.563565
vt 0.051864 0.995346
vt 0.048828 0.996024
vt 0.048828 0.987242
vt 0.517722 0.863607
vt 0.514740 0.876942
vt 0.514740 0.862721
vt 0.451326 0.854872
vt 0.456272 0.856356
vt 0.451326 0.869093
vt 0.998102 0.636678
vt 0.995002 0.636678
vt 0.995038 0.635073
vt 0.992883 0.957997
vt 0.993862 0.960153
vt 0.984674 0.960153
vt 0.353540 0.877806
vt 0.350948 0.891448
vt 0.348375 0.877806
vt 0.060387 0.987242
vt 0.057545 0.995980
vt 0.057288 0.987242
vt 0.785255 0.880515
vt 0.782175 0.880864
vt 0.782175 0.866978
vt 0.997212 0.986282
vt 0.995002 0.987409
vt 0.995002 0.985431
vt 0.996507 0.860663
vt 0.995002 0.859094
vt 0.997511 0.859094
vt 0.140936 0.996311
vt 0.142791 0.996311
vt 0.141142 0.998279
vt 0.997511 0.862432
vt 0.995002 0.862432
vt 0.996291 0.861036
vt 0.019110 0.998451
vt 0.017569 0.996311
vt 0.019493 0.996311
vt 0.996778 0.816013
vt 0.995002 0.814495
vt 0.997638 0.814495
vt 0.923649 0.183054
vt 0.922634 0.188118
vt 0.910520 0.183054
vt 0.911698 0.156329
vt 0.923649 0.161455
vt 0.910520 0.161455
vt 0.984409 0.353280
vt 0.984569 0.353777
vt 0.973695 0.353777
vt 0.984674 0.300197
vt 0.994730 0.305397
vt 0.984674 0.306011
vt 0.994736 0.444487
vt 0.994810 0.444994
vt 0.984674 0.444994
vt 0.984722 0.427510
vt 0.994847 0.427982
vt 0.984674 0.427982
vt 0.948943 0.230032
vt 0.936666 0.230032
vt 0.940093 0.224612
vt 0.447011 0.986969
vt 0.440859 0.986969
vt 0.445599 0.976687
vt 0.984072 0.883862
vt 0.984072 0.890572
vt 0.973695 0.890423
vt 0.936666 0.057192
vt 0.940252 0.051521
vt 0.948944 0.057192
vt 0.948944 0.148728
vt 0.936666 0.148728
vt 0.940093 0.143308
vt 0.994745 0.499406
vt 0.984674 0.499406
vt 0.994697 0.498896
vt 0.994571 0.420295
vt 0.984674 0.415227
vt 0.994571 0.414143
vt 0.994617 0.499406
vt 0.994745 0.499913
vt 0.984674 0.499913
vt 0.936426 0.553542
vt 0.924061 0.553542
vt 0.927757 0.547942
vt 0.144317 0.976687
vt 0.150650 0.977868
vt 0.144317 0.987007
vt 0.924061 0.406982
vt 0.927869 0.401212
vt 0.936426 0.406982
vt 0.983947 0.948148
vt 0.984015 0.955061
vt 0.973695 0.955061
vt 0.936426 0.587139
vt 0.924061 0.587139
vt 0.927757 0.581539
vt 0.993523 0.408247
vt 0.984674 0.401891
vt 0.994577 0.401891
vt 0.984674 0.495159
vt 0.994651 0.494645
vt 0.994750 0.495159
vt 0.994566 0.498433
vt 0.994750 0.498895
vt 0.984674 0.498895
vt 0.882157 0.479346
vt 0.882157 0.465519
vt 0.888125 0.469007
vt 0.984674 0.488460
vt 0.985714 0.481961
vt 0.994459 0.488460
vt 0.882157 0.568831
vt 0.887140 0.574238
vt 0.882157 0.582658
vt 0.994654 0.560923
vt 0.994683 0.561362
vt 0.984674 0.561362
vt 0.984674 0.428455
vt 0.994689 0.427982
vt 0.994846 0.428455
vt 0.985000 0.428885
vt 0.984674 0.428455
vt 0.994846 0.428455
vt 0.984014 0.975801
vt 0.973695 0.975699
vt 0.984014 0.968887
vt 0.936425 0.603938
vt 0.924061 0.603938
vt 0.927757 0.598338
vt 0.984015 0.948148
vt 0.973695 0.948148
vt 0.983947 0.941235
vt 0.566537 0.967287
vt 0.560681 0.975785
vt 0.560681 0.964607
vt 0.936426 0.559141
vt 0.924061 0.559141
vt 0.927757 0.553542
vt 0.575104 0.975785
vt 0.569542 0.972922
vt 0.575104 0.964607
vt 0.984072 0.857025
vt 0.973695 0.856877
vt 0.984072 0.850316
vt 0.994605 0.562946
vt 0.994678 0.563446
vt 0.984674 0.563446
vt 0.984674 0.526033
vt 0.994606 0.525560
vt 0.994711 0.526033
vt 0.936666 0.181250
vt 0.948943 0.181250
vt 0.945516 0.186671
vt 0.945358 0.079876
vt 0.936666 0.074205
vt 0.948943 0.074205
vt 0.939927 0.642648
vt 0.948895 0.648170
vt 0.936666 0.648170
vt 0.994726 0.308007
vt 0.994974 0.308552
vt 0.984674 0.308552
vt 0.994242 0.310949
vt 0.994974 0.311452
vt 0.984674 0.311452
vt 0.583378 0.877700
vt 0.583378 0.863520
vt 0.586208 0.873910
vt 0.057713 0.805840
vt 0.056470 0.807927
vt 0.056470 0.793747
vt 0.882157 0.747906
vt 0.882157 0.734150
vt 0.887530 0.737001
vt 0.923301 0.532614
vt 0.910520 0.532614
vt 0.922286 0.525487
vt 0.983772 0.685099
vt 0.984464 0.685656
vt 0.973695 0.685656
vt 0.106590 0.976526
vt 0.106590 0.964607
vt 0.108108 0.974629
vt 0.984674 0.443028
vt 0.994754 0.442525
vt 0.994817 0.443028
vt 0.994800 0.449045
vt 0.994801 0.449501
vt 0.984674 0.449501
vt 0.994737 0.448058
vt 0.994801 0.448561
vt 0.984674 0.448561
vt 0.656982 0.867021
vt 0.651099 0.879501
vt 0.651099 0.865471
vt 0.000114 0.878615
vt 0.000114 0.864586
vt 0.002304 0.866899
vt 0.333974 0.864677
vt 0.333974 0.878794
vt 0.329309 0.876577
vt 0.837836 0.866978
vt 0.837836 0.880860
vt 0.834665 0.880406
vt 0.257978 0.880300
vt 0.257978 0.866414
vt 0.263051 0.879336
vt 0.435930 0.866321
vt 0.431087 0.878383
vt 0.431087 0.864267
vt 0.936506 0.372364
vt 0.924061 0.372364
vt 0.935761 0.368151
vt 0.948967 0.040589
vt 0.948967 0.045850
vt 0.936666 0.043958
vt 0.984708 0.504478
vt 0.994738 0.504933
vt 0.984674 0.504933
vt 0.986843 0.445727
vt 0.994713 0.448058
vt 0.984674 0.448058
vt 0.227684 0.530448
vt 0.227813 0.540522
vt 0.227684 0.552739
vt 0.973695 0.799919
vt 0.983750 0.799500
vt 0.984448 0.799919
vt 0.959784 0.952323
vt 0.960039 0.963073
vt 0.959784 0.964542
vt 0.005726 0.987242
vt 0.007817 0.988319
vt 0.005726 0.996256
vt 0.985511 0.976300
vt 0.993688 0.979392
vt 0.984674 0.979392
vt 0.997354 0.936401
vt 0.995460 0.937270
vt 0.995002 0.936401
vt 0.508608 0.996311
vt 0.508608 0.997293
vt 0.508171 0.996998
vt 0.071518 0.998395
vt 0.069558 0.996738
vt 0.071518 0.996311
vt 0.995002 0.974654
vt 0.995372 0.974279
vt 0.997339 0.974654
vt 0.162317 0.998317
vt 0.162317 0.996311
vt 0.162775 0.996367
vt 0.996352 0.944954
vt 0.995002 0.944322
vt 0.997339 0.944322
vt 0.171433 0.998161
vt 0.171869 0.996311
vt 0.171869 0.998312
vt 0.910520 0.165277
vt 0.923650 0.165277
vt 0.911681 0.170347
vt 0.185652 0.878235
vt 0.190816 0.878235
vt 0.189739 0.891856
vt 0.910520 0.271436
vt 0.923495 0.272304
vt 0.910520 0.276600
vt 0.372733 0.879171
vt 0.372733 0.865055
vt 0.377398 0.867272
vt 0.923296 0.637633
vt 0.923296 0.642834
vt 0.910520 0.642488
vt 0.922585 0.261138
vt 0.923524 0.266314
vt 0.910520 0.266314
vt 0.922811 0.532613
vt 0.923301 0.539556
vt 0.910520 0.539556
vt 0.995835 0.609380
vt 0.998189 0.609778
vt 0.995002 0.609778
vt 0.962729 0.964053
vt 0.973595 0.964476
vt 0.961514 0.964476
vt 0.998189 0.604995
vt 0.997080 0.605647
vt 0.995002 0.604995
vt 0.229471 0.996311
vt 0.229994 0.997073
vt 0.229471 0.998225
vt 0.936426 0.581539
vt 0.924061 0.581539
vt 0.927757 0.575940
vt 0.984015 0.920497
vt 0.973695 0.920497
vt 0.983947 0.913584
vt 0.948943 0.251713
vt 0.936666 0.251713
vt 0.940093 0.246292
vt 0.940251 0.102560
vt 0.948943 0.108231
vt 0.936666 0.108231
vt 0.936666 0.889864
vt 0.948895 0.889864
vt 0.945832 0.895051
vt 0.984225 0.560828
vt 0.973695 0.560634
vt 0.984225 0.554415
vt 0.936666 0.797477
vt 0.948926 0.797477
vt 0.946314 0.802361
vt 0.973695 0.102715
vt 0.984506 0.102958
vt 0.973695 0.108739
vt 0.936666 0.360386
vt 0.948984 0.360386
vt 0.946870 0.364873
vt 0.587170 0.975753
vt 0.587170 0.964607
vt 0.592707 0.975609
vt 0.924061 0.251034
vt 0.936556 0.251034
vt 0.934975 0.255009
vt 0.202917 0.976222
vt 0.202917 0.964607
vt 0.207875 0.976076
vt 0.924061 0.441600
vt 0.927869 0.435830
vt 0.936426 0.441600
vt 0.948944 0.045850
vt 0.945358 0.051521
vt 0.936666 0.045850
vt 0.936425 0.626336
vt 0.924061 0.626336
vt 0.927757 0.620736
vt 0.948944 0.137887
vt 0.936666 0.137887
vt 0.940093 0.132467
vt 0.000835 0.964607
vt 0.001403 0.964642
vt 0.000835 0.976687
vt 0.911823 0.705158
vt 0.923274 0.709232
vt 0.910520 0.709232
vt 0.924061 0.322584
vt 0.936556 0.322584
vt 0.934975 0.326559
vt 0.329310 0.892364
vt 0.329310 0.878794
vt 0.333955 0.881133
vt 0.212832 0.964607
vt 0.212832 0.976222
vt 0.207875 0.964752
vt 0.936666 0.346926
vt 0.948984 0.346926
vt 0.946870 0.351412
vt 0.924061 0.318609
vt 0.936556 0.318609
vt 0.934975 0.322584
vt 0.892023 0.515240
vt 0.888125 0.527049
vt 0.888125 0.513478
vt 0.629017 0.964607
vt 0.628727 0.975749
vt 0.623477 0.964607
vt 0.936666 0.768167
vt 0.946314 0.773052
vt 0.936666 0.405254
vt 0.948984 0.405254
vt 0.946870 0.409740
vt 0.217792 0.964607
vt 0.217450 0.976217
vt 0.212832 0.964607
vt 0.973695 0.090667
vt 0.984506 0.090909
vt 0.973695 0.096691
vt 0.936666 0.874303
vt 0.948895 0.874303
vt 0.945832 0.879489
vt 0.936666 0.758397
vt 0.948926 0.758397
vt 0.946314 0.763282
vt 0.614859 0.975753
vt 0.614859 0.964607
vt 0.620397 0.975609
vt 0.939927 0.648170
vt 0.948895 0.653692
vt 0.936666 0.653692
vt 0.948944 0.143308
vt 0.936666 0.143308
vt 0.940093 0.137887
vt 0.015561 0.939948
vt 0.015561 0.952177
vt 0.010374 0.949114
vt 0.973695 0.138859
vt 0.984506 0.139101
vt 0.973695 0.144883
vt 0.940252 0.057192
vt 0.948944 0.062863
vt 0.936666 0.062863
vt 0.936426 0.517518
vt 0.924061 0.517518
vt 0.927757 0.511918
vt 0.948943 0.262553
vt 0.936666 0.262553
vt 0.940093 0.257133
vt 0.939927 0.697866
vt 0.948895 0.703387
vt 0.936666 0.703387
vt 0.927869 0.378133
vt 0.936426 0.383903
vt 0.924061 0.383903
vt 0.475264 0.880962
vt 0.475264 0.867134
vt 0.481233 0.870622
vt 0.924061 0.592739
vt 0.936426 0.592739
vt 0.932730 0.598338
vt 0.940251 0.113901
vt 0.948943 0.119572
vt 0.936666 0.119572
vt 0.927869 0.418521
vt 0.936426 0.424291
vt 0.924061 0.424291
vt 0.320556 0.939948
vt 0.318388 0.952204
vt 0.316278 0.939948
vt 0.910520 0.650934
vt 0.923274 0.650934
vt 0.921885 0.656008
vt 0.936556 0.262959
vt 0.924061 0.262959
vt 0.925642 0.258984
vt 0.948984 0.418714
vt 0.936666 0.418714
vt 0.938780 0.414227
vt 0.925895 0.218727
vt 0.936556 0.223335
vt 0.924061 0.223335
vt 0.948926 0.777937
vt 0.936666 0.777937
vt 0.939279 0.773052
vt 0.640096 0.964607
vt 0.639806 0.975749
vt 0.634556 0.964607
vt 0.936666 0.858742
vt 0.939730 0.853555
vt 0.973695 0.114763
vt 0.984506 0.115005
vt 0.973695 0.120787
vt 0.948944 0.164989
vt 0.936666 0.164989
vt 0.940093 0.159569
vt 0.973695 0.522352
vt 0.984227 0.522352
vt 0.973813 0.528764
vt 0.936425 0.609537
vt 0.924061 0.609537
vt 0.927757 0.603938
vt 0.984073 0.836897
vt 0.973695 0.836748
vt 0.984073 0.830187
vt 0.984015 0.934323
vt 0.973695 0.934323
vt 0.983947 0.927410
vt 0.019187 0.952323
vt 0.023465 0.952323
vt 0.023072 0.964471
vt 0.936556 0.310659
vt 0.924061 0.310659
vt 0.925642 0.306684
vt 0.535922 0.881325
vt 0.531276 0.892557
vt 0.531276 0.878986
vt 0.948984 0.396280
vt 0.936666 0.396280
vt 0.938780 0.391793
vt 0.202917 0.976076
vt 0.197959 0.976222
vt 0.197959 0.964607
vt 0.936666 0.753511
vt 0.948926 0.753511
vt 0.946314 0.758396
vt 0.656716 0.975749
vt 0.651176 0.975749
vt 0.651466 0.964607
vt 0.020747 0.952177
vt 0.020747 0.939948
vt 0.025934 0.943011
vt 0.984506 0.150906
vt 0.984506 0.156930
vt 0.973695 0.156688
vt 0.948943 0.197511
vt 0.936666 0.197511
vt 0.940093 0.192091
vt 0.984225 0.535177
vt 0.984225 0.541589
vt 0.973695 0.541395
vt 0.936426 0.511918
vt 0.924061 0.511918
vt 0.927757 0.506319
vt 0.936666 0.085547
vt 0.940252 0.079876
vt 0.948943 0.085547
vt 0.924061 0.395442
vt 0.927869 0.389673
vt 0.936426 0.395442
vt 0.936556 0.258984
vt 0.924061 0.258984
vt 0.925643 0.255009
vt 0.888152 0.103165
vt 0.892051 0.104928
vt 0.888152 0.116736
vt 0.948984 0.427687
vt 0.936666 0.427687
vt 0.938780 0.423200
vt 0.924061 0.214118
vt 0.925895 0.209510
vt 0.936556 0.214118
vt 0.948926 0.733971
vt 0.936666 0.733971
vt 0.939279 0.729086
vt 0.936666 0.025057
vt 0.939027 0.020045
vt 0.948984 0.025057
vt 0.948895 0.884677
vt 0.936666 0.884677
vt 0.939729 0.879489
vt 0.984506 0.096691
vt 0.984506 0.102715
vt 0.973695 0.102473
vt 0.948944 0.175830
vt 0.936666 0.175830
vt 0.940093 0.170410
vt 0.984108 0.503117
vt 0.984227 0.509529
vt 0.973695 0.509529
vt 0.924061 0.489520
vt 0.936426 0.489520
vt 0.932730 0.495119
vt 0.984073 0.823478
vt 0.984073 0.830187
vt 0.973695 0.830039
vt 0.983947 0.920497
vt 0.984015 0.927410
vt 0.973695 0.927410
vt 0.924061 0.465754
vt 0.924787 0.461538
vt 0.936496 0.465754
vt 0.910520 0.869870
vt 0.922195 0.862952
vt 0.936556 0.278859
vt 0.924061 0.278859
vt 0.925642 0.274884
vt 0.948984 0.391793
vt 0.936666 0.391793
vt 0.938780 0.387306
vt 0.924061 0.227944
vt 0.925894 0.223335
vt 0.936556 0.227944
vt 0.948926 0.807246
vt 0.936666 0.807246
vt 0.939278 0.802361
vt 0.936666 0.005011
vt 0.939027 0.000000
vt 0.948984 0.005011
vt 0.936666 0.910612
vt 0.948895 0.910612
vt 0.945832 0.915799
vt 0.936666 0.598921
vt 0.939507 0.593609
vt 0.948926 0.598921
vt 0.936666 0.230032
vt 0.948943 0.230032
vt 0.945517 0.235452
vt 0.984225 0.560828
vt 0.984225 0.567240
vt 0.973695 0.567046
vt 0.932730 0.631935
vt 0.936666 0.113901
vt 0.940251 0.108231
vt 0.948943 0.113901
vt 0.983947 0.899758
vt 0.984015 0.906671
vt 0.973695 0.906671
vt 0.888152 0.178884
vt 0.892050 0.180646
vt 0.888152 0.192455
vt 0.924061 0.314634
vt 0.936556 0.314634
vt 0.934975 0.318609
vt 0.935761 0.363938
vt 0.936506 0.368151
vt 0.924061 0.368151
vt 0.936666 0.038697
vt 0.948967 0.035329
vt 0.948967 0.040589
vt 0.948984 0.360386
vt 0.936666 0.360386
vt 0.938780 0.355899
vt 0.222752 0.964607
vt 0.227712 0.964607
vt 0.227370 0.976217
vt 0.948926 0.748626
vt 0.936666 0.748626
vt 0.939279 0.743741
vt 0.651176 0.975749
vt 0.645636 0.975749
vt 0.645926 0.964607
vt 0.936666 0.926172
vt 0.948895 0.926172
vt 0.945832 0.931359
vt 0.984506 0.078619
vt 0.984506 0.084643
vt 0.973695 0.084401
vt 0.948944 0.170410
vt 0.936666 0.170410
vt 0.940093 0.164989
vt 0.984225 0.541589
vt 0.984225 0.548002
vt 0.973695 0.547807
vt 0.936426 0.592739
vt 0.924061 0.592739
vt 0.927757 0.587139
vt 0.984072 0.863735
vt 0.984072 0.870444
vt 0.973695 0.870296
vt 0.936426 0.424291
vt 0.932617 0.430060
vt 0.924061 0.424291
vt 0.936556 0.274884
vt 0.924061 0.274884
vt 0.925642 0.270909
vt 0.948984 0.382820
vt 0.936666 0.382820
vt 0.938780 0.378333
vt 0.924061 0.218727
vt 0.925894 0.214118
vt 0.936556 0.218727
vt 0.948926 0.738856
vt 0.936666 0.738856
vt 0.939279 0.733971
vt 0.587170 0.975609
vt 0.581632 0.975753
vt 0.581632 0.964607
vt 0.948895 0.920986
vt 0.936666 0.920986
vt 0.939729 0.915799
vt 0.984374 0.066573
vt 0.984509 0.072595
vt 0.973695 0.072595
vt 0.936666 0.202931
vt 0.948944 0.202931
vt 0.945517 0.208351
vt 0.948895 0.692344
vt 0.945634 0.697866
vt 0.936666 0.692344
vt 0.924061 0.528717
vt 0.936426 0.528717
vt 0.932730 0.534317
vt 0.936666 0.096889
vt 0.940252 0.091218
vt 0.948943 0.096889
vt 0.983947 0.906671
vt 0.984015 0.913584
vt 0.973695 0.913584
vt 0.910520 0.701083
vt 0.911823 0.697008
vt 0.923274 0.701083
vt 0.924061 0.302709
vt 0.936556 0.302709
vt 0.934975 0.306684
vt 0.562513 0.881325
vt 0.557867 0.892557
vt 0.557867 0.878986
vt 0.948984 0.373846
vt 0.936666 0.373846
vt 0.938780 0.369360
vt 0.237631 0.964607
vt 0.242591 0.964607
vt 0.242250 0.976217
vt 0.948926 0.787706
vt 0.936666 0.787706
vt 0.939278 0.782822
vt 0.609321 0.975609
vt 0.603783 0.975753
vt 0.603783 0.964607
vt 0.936666 0.863929
vt 0.948895 0.863929
vt 0.945832 0.869116
vt 0.984506 0.120787
vt 0.984506 0.126811
vt 0.973695 0.126569
vt 0.948944 0.154149
vt 0.936666 0.154149
vt 0.940093 0.148728
vt 0.984108 0.496705
vt 0.984227 0.503117
vt 0.973695 0.503117
vt 0.924061 0.489520
vt 0.927757 0.483920
vt 0.984072 0.843606
vt 0.984072 0.850316
vt 0.973695 0.850168
vt 0.984015 0.955061
vt 0.984015 0.961974
vt 0.973695 0.961873
vt 0.936556 0.290784
vt 0.925642 0.286809
vt 0.888152 0.089442
vt 0.892051 0.091204
vt 0.888152 0.103013
vt 0.948984 0.355899
vt 0.936666 0.355899
vt 0.938780 0.351412
vt 0.227712 0.964607
vt 0.232671 0.964607
vt 0.232330 0.976217
vt 0.984506 0.144883
vt 0.973695 0.150664
vt 0.973695 0.145124
vt 0.603783 0.975609
vt 0.598245 0.975753
vt 0.598245 0.964607
vt 0.031121 0.952177
vt 0.031121 0.939948
vt 0.036308 0.943011
vt 0.984506 0.150906
vt 0.948943 0.202931
vt 0.940093 0.197511
vt 0.984225 0.528764
vt 0.984225 0.535176
vt 0.973695 0.534982
vt 0.924061 0.495119
vt 0.936426 0.495119
vt 0.932730 0.500719
vt 0.984072 0.870444
vt 0.984072 0.877153
vt 0.973695 0.877005
vt 0.924061 0.378133
vt 0.927869 0.372364
vt 0.936426 0.378133
vt 0.924061 0.456996
vt 0.924787 0.452780
vt 0.936496 0.456996
vt 0.910520 0.856035
vt 0.922966 0.856035
vt 0.911290 0.862952
vt 0.936556 0.266934
vt 0.924061 0.266934
vt 0.925642 0.262959
vt 0.948984 0.387306
vt 0.936666 0.387306
vt 0.938780 0.382820
vt 0.232671 0.964607
vt 0.237631 0.964607
vt 0.237290 0.976217
vt 0.948926 0.724201
vt 0.936666 0.724201
vt 0.939279 0.719316
vt 0.614859 0.975609
vt 0.609321 0.975753
vt 0.609321 0.964607
vt 0.948895 0.936546
vt 0.936666 0.936546
vt 0.939729 0.931359
vt 0.984506 0.072595
vt 0.984506 0.078619
vt 0.973695 0.078377
vt 0.936666 0.208351
vt 0.948943 0.208351
vt 0.945517 0.213772
vt 0.984108 0.515940
vt 0.984227 0.522352
vt 0.973695 0.522352
vt 0.936426 0.575940
vt 0.924061 0.575940
vt 0.927757 0.570340
vt 0.983978 0.810061
vt 0.984073 0.816769
vt 0.973695 0.816769
vt 0.422571 0.883488
vt 0.422571 0.869660
vt 0.428540 0.873149
vt 0.924061 0.412751
vt 0.927869 0.406982
vt 0.936426 0.412751
vt 0.888152 0.137868
vt 0.892050 0.139630
vt 0.888152 0.151438
vt 0.936556 0.286809
vt 0.924061 0.286809
vt 0.925642 0.282834
vt 0.312000 0.939948
vt 0.316278 0.939948
vt 0.314109 0.952204
vt 0.936666 0.033437
vt 0.948967 0.030068
vt 0.948967 0.035329
vt 0.948984 0.432174
vt 0.936666 0.432174
vt 0.938780 0.427687
vt 0.924061 0.232552
vt 0.925894 0.227944
vt 0.936556 0.232552
vt 0.948926 0.782822
vt 0.936666 0.782822
vt 0.939278 0.777937
vt 0.936666 0.030068
vt 0.939027 0.025057
vt 0.948984 0.030068
vt 0.948895 0.926172
vt 0.936666 0.926172
vt 0.939729 0.920985
vt 0.984374 0.060550
vt 0.984509 0.066573
vt 0.973695 0.066573
vt 0.948943 0.192091
vt 0.936666 0.192091
vt 0.940093 0.186671
vt 0.948895 0.675779
vt 0.945634 0.681301
vt 0.936666 0.675779
vt 0.924061 0.564741
vt 0.936426 0.564741
vt 0.932729 0.570340
vt 0.984072 0.857025
vt 0.984072 0.863734
vt 0.973695 0.863586
vt 0.924061 0.418521
vt 0.927869 0.412752
vt 0.936426 0.418521
vt 0.925642 0.294759
vt 0.948984 0.369360
vt 0.936666 0.369360
vt 0.938780 0.364873
vt 0.217792 0.964607
vt 0.222752 0.964607
vt 0.222411 0.976217
vt 0.948926 0.729086
vt 0.936666 0.729086
vt 0.939279 0.724201
vt 0.662256 0.975749
vt 0.657005 0.964607
vt 0.948895 0.874303
vt 0.936666 0.874303
vt 0.939729 0.869116
vt 0.984506 0.126811
vt 0.984506 0.132835
vt 0.973695 0.132593
vt 0.948944 0.181250
vt 0.936666 0.181250
vt 0.940093 0.175830
vt 0.948895 0.653692
vt 0.945634 0.659214
vt 0.936666 0.653692
vt 0.936426 0.528717
vt 0.924061 0.528717
vt 0.927757 0.523118
vt 0.948944 0.068534
vt 0.945358 0.074205
vt 0.936666 0.068534
vt 0.924061 0.401212
vt 0.927869 0.395442
vt 0.936426 0.401212
vt 0.910520 0.705158
vt 0.911823 0.701083
vt 0.923274 0.705158
vt 0.924061 0.266934
vt 0.936556 0.266934
vt 0.934975 0.270909
vt 0.555233 0.881325
vt 0.550587 0.892557
vt 0.550587 0.878986
vt 0.948984 0.423200
vt 0.936666 0.423200
vt 0.938780 0.418714
vt 0.197959 0.976076
vt 0.193002 0.976222
vt 0.193002 0.964607
vt 0.948926 0.797477
vt 0.936666 0.797477
vt 0.939279 0.792591
vt 0.936666 0.020045
vt 0.939027 0.015034
vt 0.948984 0.020045
vt 0.936666 0.905425
vt 0.948895 0.905425
vt 0.945832 0.910612
vt 0.984506 0.156930
vt 0.984506 0.162954
vt 0.973695 0.162712
vt 0.948943 0.240872
vt 0.936666 0.240872
vt 0.940093 0.235452
vt 0.948895 0.670258
vt 0.945634 0.675779
vt 0.936666 0.670258
vt 0.936425 0.615137
vt 0.924061 0.615137
vt 0.927757 0.609538
vt 0.948943 0.096889
vt 0.945358 0.102560
vt 0.936666 0.096889
vt 0.006913 0.987006
vt 0.000000 0.987006
vt 0.000102 0.976687
vt 0.924061 0.314634
vt 0.925642 0.310659
vt 0.888152 0.165314
vt 0.892050 0.167076
vt 0.888152 0.178884
vt 0.948984 0.346926
vt 0.936666 0.346926
vt 0.938780 0.342439
vt 0.924061 0.241769
vt 0.925894 0.237161
vt 0.936556 0.241769
vt 0.936666 0.807246
vt 0.948926 0.807246
vt 0.946314 0.812131
vt 0.634556 0.975749
vt 0.629017 0.975749
vt 0.629306 0.964607
vt 0.005187 0.939948
vt 0.005187 0.952177
vt 0.000000 0.949114
vt 0.936666 0.604232
vt 0.939507 0.598921
vt 0.948926 0.604232
vt 0.936666 0.219192
vt 0.948943 0.219192
vt 0.945517 0.224612
vt 0.939927 0.686823
vt 0.936425 0.637535
vt 0.924061 0.637535
vt 0.927757 0.631935
vt 0.983978 0.816769
vt 0.984074 0.823478
vt 0.973695 0.823478
vt 0.013826 0.987006
vt 0.006913 0.987006
vt 0.007015 0.976687
vt 0.924061 0.452780
vt 0.924787 0.448564
vt 0.936496 0.452780
vt 0.936556 0.282834
vt 0.924061 0.282834
vt 0.925642 0.278859
vt 0.948984 0.400767
vt 0.936666 0.400767
vt 0.938780 0.396280
vt 0.193002 0.976076
vt 0.188044 0.976222
vt 0.188044 0.964607
vt 0.948926 0.753511
vt 0.936666 0.753511
vt 0.939279 0.748626
vt 0.598245 0.975609
vt 0.592707 0.975753
vt 0.592707 0.964607
vt 0.939729 0.884677
vt 0.948926 0.582984
vt 0.946085 0.588297
vt 0.936666 0.582984
vt 0.936666 0.127047
vt 0.948944 0.127047
vt 0.945516 0.132467
vt 0.984225 0.548002
vt 0.984225 0.554415
vt 0.973695 0.554221
vt 0.936426 0.523118
vt 0.924061 0.523118
vt 0.927757 0.517518
vt 0.984072 0.836897
vt 0.984072 0.843606
vt 0.973695 0.843458
vt 0.932617 0.389673
vt 0.936666 0.714431
vt 0.948926 0.714431
vt 0.946314 0.719316
vt 0.025934 0.952177
vt 0.025934 0.939948
vt 0.031121 0.943012
vt 0.984506 0.108739
vt 0.984506 0.114763
vt 0.973695 0.114521
vt 0.948943 0.219192
vt 0.936666 0.219192
vt 0.940093 0.213772
vt 0.948895 0.703387
vt 0.945634 0.708909
vt 0.936666 0.703387
vt 0.924061 0.559141
vt 0.936426 0.559141
vt 0.932730 0.564741
vt 0.936666 0.091218
vt 0.940252 0.085547
vt 0.948943 0.091218
vt 0.984015 0.961974
vt 0.984015 0.968887
vt 0.973695 0.968785
vt 0.948895 0.905425
vt 0.936666 0.905425
vt 0.939729 0.900237
vt 0.948944 0.159569
vt 0.936666 0.159569
vt 0.940093 0.154149
vt 0.939927 0.664736
vt 0.924061 0.500719
vt 0.936426 0.500719
vt 0.932730 0.506319
vt 0.936666 0.068534
vt 0.940252 0.062863
vt 0.948944 0.068534
vt 0.983947 0.934323
vt 0.984015 0.941235
vt 0.973695 0.941235
vt 0.948943 0.246293
vt 0.936666 0.246293
vt 0.940093 0.240872
vt 0.936425 0.620736
vt 0.924061 0.620736
vt 0.927757 0.615137
vt 0.984072 0.877153
vt 0.984072 0.883862
vt 0.973695 0.883714
vt 0.402604 0.874048
vt 0.402604 0.887876
vt 0.396636 0.884387
vt 0.936425 0.430060
vt 0.932617 0.435830
vt 0.924061 0.430060
vt 0.995002 0.212260
vt 0.996117 0.211897
vt 0.999219 0.212260
vt 0.999219 0.197980
vt 0.995002 0.197980
vt 0.995931 0.197495
vt 0.995002 0.658326
vt 0.996972 0.657974
vt 0.998125 0.658326
vt 0.999975 0.006018
vt 0.998944 0.006203
vt 0.995002 0.006018
vt 0.222016 0.998235
vt 0.222016 0.996311
vt 0.222552 0.997155
vt 0.995963 0.752059
vt 0.997903 0.752333
vt 0.995002 0.752333
vt 0.995002 0.303208
vt 0.997882 0.302854
vt 0.998948 0.303208
vt 0.999975 0.003930
vt 0.995002 0.003930
vt 0.996964 0.003334
vt 0.742730 0.991110
vt 0.742630 0.993286
vt 0.742630 0.987242
vt 0.023700 0.964607
vt 0.024125 0.975344
vt 0.023700 0.976665
vt 0.739280 0.987242
vt 0.739800 0.990019
vt 0.739280 0.993285
vt 0.996223 0.231662
vt 0.995002 0.231328
vt 0.999196 0.231328
vt 0.999196 0.231328
vt 0.995002 0.231328
vt 0.998835 0.230801
vt 0.996993 0.688715
vt 0.998034 0.689937
vt 0.995002 0.689937
vt 0.998034 0.681079
vt 0.996218 0.682616
vt 0.995002 0.681079
vt 0.997884 0.747236
vt 0.995002 0.747236
vt 0.996907 0.745812
vt 0.997885 0.744293
vt 0.996248 0.745812
vt 0.995002 0.744293
vt 0.210748 0.998275
vt 0.210748 0.996311
vt 0.211275 0.997283
vt 0.996924 0.733929
vt 0.995002 0.733653
vt 0.997994 0.733653
vt 0.997006 0.892681
vt 0.997475 0.893115
vt 0.995002 0.893115
vt 0.985401 0.708627
vt 0.984674 0.706072
vt 0.994545 0.706072
vt 0.996575 0.804503
vt 0.997659 0.806257
vt 0.995002 0.806257
vt 0.984674 0.960701
vt 0.993792 0.961390
vt 0.984674 0.964034
vt 0.995002 0.921588
vt 0.997358 0.921588
vt 0.995764 0.923199
vt 0.984951 0.951886
vt 0.993818 0.955207
vt 0.984674 0.955207
vt 0.984674 0.912407
vt 0.994101 0.910474
vt 0.994101 0.913289
vt 0.996344 0.753195
vt 0.997817 0.754917
vt 0.995002 0.754917
vt 0.985299 0.495159
vt 0.994611 0.498433
vt 0.984674 0.498433
vt 0.995002 0.917934
vt 0.997072 0.915891
vt 0.997353 0.917934
vt 0.985335 0.541053
vt 0.994611 0.543320
vt 0.984674 0.543320
vt 0.998469 0.482420
vt 0.996616 0.484144
vt 0.995002 0.482420
vt 0.997458 0.487795
vt 0.998469 0.489353
vt 0.995002 0.489353
vt 0.651099 0.865471
vt 0.651099 0.879412
vt 0.647925 0.878395
vt 0.888260 0.013964
vt 0.891591 0.027338
vt 0.888260 0.027445
vt 0.889216 0.866563
vt 0.885360 0.879300
vt 0.885360 0.865517
vt 0.997392 0.905703
vt 0.995002 0.906698
vt 0.995002 0.904916
vt 0.996790 0.816221
vt 0.997591 0.818431
vt 0.995002 0.818431
vt 0.605608 0.879413
vt 0.602434 0.878396
vt 0.605608 0.865472
vt 0.910520 0.043232
vt 0.923786 0.044291
vt 0.910520 0.048577
vt 0.994297 0.871634
vt 0.984674 0.871634
vt 0.985160 0.868326
vt 0.586676 0.890639
vt 0.583378 0.891185
vt 0.583378 0.877700
vt 0.910520 0.052183
vt 0.923847 0.054240
vt 0.910520 0.056178
vt 0.888259 0.041168
vt 0.888259 0.027700
vt 0.892302 0.041042
vt 0.996075 0.839898
vt 0.995002 0.837996
vt 0.997559 0.837996
vt 0.973695 0.483249
vt 0.975026 0.480806
vt 0.984431 0.483249
vt 0.996863 0.771179
vt 0.995002 0.769425
vt 0.997784 0.769425
vt 0.996565 0.876624
vt 0.997414 0.878992
vt 0.995002 0.878992
vt 0.984674 0.888012
vt 0.985257 0.884719
vt 0.994221 0.888012
vt 0.892260 0.042016
vt 0.888259 0.054890
vt 0.888259 0.041426
vt 0.891610 0.810215
vt 0.891610 0.823678
vt 0.888304 0.823174
vt 0.996800 0.851661
vt 0.995002 0.849787
vt 0.997533 0.849787
vt 0.973695 0.682386
vt 0.984392 0.682386
vt 0.975098 0.684570
vt 0.134651 0.878582
vt 0.134651 0.892011
vt 0.130949 0.890509
vt 0.923712 0.174169
vt 0.922388 0.177991
vt 0.910520 0.174169
vt 0.923009 0.895244
vt 0.910520 0.895244
vt 0.922575 0.889887
vt 0.514092 0.866173
vt 0.514092 0.880081
vt 0.509312 0.877688
vt 0.924061 0.053582
vt 0.936525 0.053896
vt 0.924061 0.058895
vt 0.993897 0.937028
vt 0.993897 0.941178
vt 0.984674 0.939758
vt 0.985497 0.504933
vt 0.994672 0.506635
vt 0.984674 0.506635
vt 0.984674 0.413060
vt 0.984825 0.408881
vt 0.994672 0.413060
vt 0.595711 0.865472
vt 0.595711 0.879452
vt 0.591717 0.866711
vt 0.890601 0.880347
vt 0.885360 0.892652
vt 0.254491 0.879761
vt 0.249711 0.877368
vt 0.254491 0.865853
vt 0.410091 0.876381
vt 0.416448 0.865655
vt 0.416448 0.879563
vt 0.923727 0.148539
vt 0.910520 0.150508
vt 0.910520 0.146464
vt 0.984674 0.401891
vt 0.994591 0.397777
vt 0.994693 0.401891
vt 0.130829 0.850198
vt 0.134651 0.851721
vt 0.130829 0.864531
vt 0.910520 0.633771
vt 0.923364 0.633771
vt 0.922340 0.637633
vt 0.936479 0.813146
vt 0.936479 0.817190
vt 0.924061 0.813905
vt 0.912486 0.477850
vt 0.923364 0.484682
vt 0.910520 0.484682
vt 0.923712 0.161455
vt 0.922388 0.165277
vt 0.910520 0.161455
vt 0.910520 0.848926
vt 0.922957 0.849810
vt 0.910520 0.856035
vt 0.913171 0.056178
vt 0.923712 0.062775
vt 0.910520 0.062775
vt 0.994075 0.478998
vt 0.994693 0.480924
vt 0.984674 0.480924
vt 0.994270 0.868236
vt 0.984674 0.868236
vt 0.985392 0.864080
vt 0.298060 0.867184
vt 0.301865 0.854068
vt 0.642916 0.878510
vt 0.638795 0.879406
vt 0.638795 0.865472
vt 0.889175 0.734022
vt 0.888103 0.720408
vt 0.892147 0.720408
vt 0.113596 0.880477
vt 0.113596 0.866570
vt 0.117075 0.868533
vt 0.910520 0.152334
vt 0.923709 0.152719
vt 0.910520 0.156328
vt 0.923712 0.170347
vt 0.922388 0.174169
vt 0.910520 0.170347
vt 0.924061 0.836134
vt 0.936476 0.832840
vt 0.936476 0.836835
vt 0.924061 0.903747
vt 0.936301 0.905937
vt 0.924061 0.910856
vt 0.922988 0.848926
vt 0.910520 0.848926
vt 0.922485 0.841836
vt 0.923365 0.477850
vt 0.910520 0.477850
vt 0.921397 0.471019
vt 0.961248 0.715540
vt 0.949134 0.715540
vt 0.952659 0.710126
vt 0.145748 0.952150
vt 0.145748 0.939948
vt 0.151337 0.943752
vt 0.755914 0.986740
vt 0.749155 0.986840
vt 0.749155 0.976687
vt 0.936501 0.117502
vt 0.924061 0.117502
vt 0.928001 0.111752
vt 0.936666 0.853555
vt 0.940588 0.847792
vt 0.948868 0.853555
vt 0.291472 0.986908
vt 0.284380 0.986950
vt 0.284380 0.976687
vt 0.961249 0.618095
vt 0.949134 0.618095
vt 0.952659 0.612681
vt 0.232100 0.952323
vt 0.237621 0.955678
vt 0.232100 0.964388
vt 0.056332 0.952150
vt 0.056332 0.939948
vt 0.061921 0.943752
vt 0.823511 0.986839
vt 0.816751 0.986839
vt 0.816901 0.976687
vt 0.936501 0.169257
vt 0.924061 0.169257
vt 0.928001 0.163507
vt 0.972132 0.986774
vt 0.965162 0.986774
vt 0.965267 0.976687
vt 0.936501 0.017550
vt 0.932494 0.023400
vt 0.924061 0.017550
vt 0.515564 0.952323
vt 0.515564 0.964388
vt 0.510376 0.961236
vt 0.984276 0.471928
vt 0.984276 0.477998
vt 0.973695 0.477758
vt 0.949134 0.720953
vt 0.961248 0.720953
vt 0.957724 0.726367
vt 0.237621 0.952323
vt 0.243141 0.955677
vt 0.237621 0.964388
vt 0.156925 0.939948
vt 0.156925 0.952150
vt 0.151337 0.948347
vt 0.949134 0.441769
vt 0.952823 0.436104
vt 0.961248 0.441769
vt 0.924061 0.140505
vt 0.936501 0.140505
vt 0.932562 0.146255
vt 0.994761 -0.000000
vt 0.994761 0.006970
vt 0.984674 0.006865
vt 0.910520 0.932573
vt 0.914528 0.926723
vt 0.922960 0.932573
vt 0.418165 0.952323
vt 0.418165 0.964403
vt 0.413270 0.961706
vt 0.949134 0.785696
vt 0.951578 0.780670
vt 0.961259 0.785696
vt 0.442933 0.964388
vt 0.442933 0.952323
vt 0.448121 0.955476
vt 0.984276 0.399082
vt 0.984276 0.405152
vt 0.973695 0.404911
vt 0.961249 0.607267
vt 0.949134 0.607267
vt 0.952659 0.601854
vt 0.270197 0.986998
vt 0.263737 0.986998
vt 0.263932 0.976687
vt 0.190456 0.939948
vt 0.190456 0.952150
vt 0.184868 0.948347
vt 0.789711 0.986839
vt 0.782951 0.986839
vt 0.783100 0.976687
vt 0.936501 0.094501
vt 0.924061 0.094501
vt 0.928001 0.088750
vt 0.909400 0.986702
vt 0.902430 0.986775
vt 0.902430 0.976687
vt 0.348202 0.986950
vt 0.341111 0.986950
vt 0.341171 0.976687
vt 0.973501 0.729531
vt 0.961514 0.727329
vt 0.973501 0.725189
vt 0.345140 0.939948
vt 0.350828 0.952053
vt 0.343719 0.952053
vt 0.046196 0.964448
vt 0.046196 0.952323
vt 0.050705 0.954516
vt 0.936666 0.618141
vt 0.938577 0.613505
vt 0.948944 0.618141
vt 0.418165 0.964403
vt 0.418165 0.952323
vt 0.423060 0.955020
vt 0.949134 0.775643
vt 0.951578 0.770617
vt 0.961259 0.775643
vt 0.557066 0.964388
vt 0.557066 0.952323
vt 0.562254 0.955475
vt 0.984140 0.374806
vt 0.984278 0.380875
vt 0.973695 0.380875
vt 0.949134 0.628922
vt 0.961249 0.628922
vt 0.957724 0.634336
vt 0.199138 0.976687
vt 0.205598 0.976687
vt 0.205403 0.986998
vt 0.162513 0.952150
vt 0.162513 0.939948
vt 0.168102 0.943752
vt 0.749155 0.986740
vt 0.742395 0.986840
vt 0.742395 0.976687
vt 0.924061 0.180758
vt 0.936501 0.180758
vt 0.932562 0.186508
vt 0.951221 0.986702
vt 0.944251 0.986775
vt 0.944251 0.976687
vt 0.924061 0.029250
vt 0.928069 0.023400
vt 0.936501 0.029250
vt 0.244893 0.952226
vt 0.244893 0.939948
vt 0.248907 0.941603
vt 0.037177 0.964448
vt 0.037177 0.952323
vt 0.041686 0.954516
vt 0.404643 0.975958
vt 0.404980 0.964607
vt 0.409657 0.975958
vt 0.379005 0.964403
vt 0.379005 0.952323
vt 0.383900 0.955020
vt 0.876452 0.975515
vt 0.876452 0.964607
vt 0.882039 0.975368
vt 0.536315 0.964388
vt 0.536315 0.952323
vt 0.541503 0.955475
vt 0.984276 0.429435
vt 0.973695 0.429194
vt 0.984276 0.423364
vt 0.961248 0.672231
vt 0.949134 0.672231
vt 0.952659 0.666817
vt 0.231438 0.986998
vt 0.231632 0.976687
vt 0.237897 0.986998
vt 0.106629 0.952150
vt 0.106629 0.939948
vt 0.112217 0.943752
vt 0.803231 0.986839
vt 0.803381 0.976687
vt 0.809991 0.986839
vt 0.936501 0.088750
vt 0.924061 0.088750
vt 0.928001 0.083000
vt 0.937280 0.986775
vt 0.937280 0.976687
vt 0.944251 0.986702
vt 0.312745 0.986950
vt 0.312806 0.976687
vt 0.319837 0.986950
vt 0.912369 0.015713
vt 0.923894 0.019641
vt 0.910520 0.019641
vt 0.293060 0.939948
vt 0.293060 0.952226
vt 0.289046 0.950572
vt 0.949897 0.456298
vt 0.961311 0.460572
vt 0.949134 0.460572
vt 0.706509 0.964353
vt 0.701134 0.964353
vt 0.703087 0.952323
vt 0.046196 0.952323
vt 0.046196 0.964448
vt 0.041686 0.962255
vt 0.369555 0.975963
vt 0.369555 0.964607
vt 0.374567 0.975815
vt 0.339845 0.952323
vt 0.339845 0.964403
vt 0.334949 0.961706
vt 0.958815 0.765590
vt 0.949134 0.760564
vt 0.961259 0.760564
vt 0.474061 0.952323
vt 0.474061 0.964388
vt 0.468873 0.961236
vt 0.984276 0.417294
vt 0.973695 0.417053
vt 0.984276 0.411223
vt 0.961248 0.710126
vt 0.949134 0.710126
vt 0.952659 0.704713
vt 0.224978 0.986998
vt 0.225172 0.976687
vt 0.231438 0.986998
vt 0.179279 0.952150
vt 0.179279 0.939948
vt 0.184868 0.943752
vt 0.843791 0.986839
vt 0.843941 0.976687
vt 0.850551 0.986839
vt 0.936501 0.180758
vt 0.924061 0.180758
vt 0.928000 0.175007
vt 0.958191 0.986774
vt 0.958297 0.976687
vt 0.965162 0.986774
vt 0.932494 0.017550
vt 0.924061 0.011700
vt 0.936501 0.011700
vt 0.277005 0.939948
vt 0.277005 0.952226
vt 0.272991 0.950572
vt 0.095802 0.952323
vt 0.095802 0.964448
vt 0.091293 0.962255
vt 0.384591 0.975963
vt 0.384591 0.964607
vt 0.389603 0.975815
vt 0.354530 0.952323
vt 0.354530 0.964403
vt 0.349635 0.961706
vt 0.958815 0.800775
vt 0.949134 0.795748
vt 0.961259 0.795748
vt 0.437746 0.961236
vt 0.984276 0.465857
vt 0.973695 0.465617
vt 0.984276 0.459787
vt 0.949134 0.596440
vt 0.961249 0.596440
vt 0.957724 0.601854
vt 0.179758 0.986998
vt 0.179953 0.976687
vt 0.186218 0.986998
vt 0.117806 0.952150
vt 0.117806 0.939948
vt 0.123394 0.943752
vt 0.957560 0.374489
vt 0.949134 0.368824
vt 0.961249 0.368824
vt 0.936501 0.077249
vt 0.924061 0.077249
vt 0.928001 0.071499
vt 0.944946 0.829419
vt 0.936666 0.823656
vt 0.948868 0.823656
vt 0.918953 0.915023
vt 0.910520 0.909173
vt 0.922961 0.909173
vt 0.019361 0.976479
vt 0.019361 0.964607
vt 0.023700 0.976337
vt 0.236864 0.939948
vt 0.236864 0.952226
vt 0.232850 0.950572
vt 0.333974 0.892723
vt 0.333974 0.879349
vt 0.338676 0.881822
vt 0.073254 0.952323
vt 0.073254 0.964448
vt 0.068744 0.962255
vt 0.399628 0.975958
vt 0.399965 0.964607
vt 0.404643 0.975958
vt 0.427955 0.952323
vt 0.427955 0.964403
vt 0.423060 0.961706
vt 0.842882 0.975515
vt 0.842882 0.964607
vt 0.848469 0.975368
vt 0.510376 0.952323
vt 0.510376 0.964388
vt 0.505188 0.961236
vt 0.984278 0.393013
vt 0.973695 0.393013
vt 0.984140 0.386944
vt 0.949134 0.715540
vt 0.961248 0.715540
vt 0.957724 0.720953
vt 0.166838 0.986998
vt 0.167032 0.976687
vt 0.173297 0.986998
vt 0.123394 0.952150
vt 0.123394 0.939948
vt 0.128983 0.943752
vt 0.837031 0.986839
vt 0.837181 0.976687
vt 0.843791 0.986839
vt 0.924061 0.123253
vt 0.932562 0.129003
vt 0.944946 0.835181
vt 0.936666 0.829419
vt 0.948868 0.829419
vt 0.334019 0.986950
vt 0.334080 0.976687
vt 0.341111 0.986950
vt 0.252921 0.939948
vt 0.252921 0.952226
vt 0.248907 0.950572
vt 0.912369 0.023569
vt 0.923894 0.027497
vt 0.910520 0.027497
vt 0.037177 0.952323
vt 0.037177 0.964448
vt 0.032667 0.962255
vt 0.364543 0.975963
vt 0.364543 0.964607
vt 0.369555 0.975815
vt 0.403480 0.952323
vt 0.403480 0.964403
vt 0.398585 0.961706
vt 0.958815 0.770617
vt 0.949134 0.765590
vt 0.961259 0.765590
vt 0.463685 0.952323
vt 0.463685 0.964388
vt 0.458497 0.961236
vt 0.984276 0.441575
vt 0.973695 0.441334
vt 0.984276 0.435505
vt 0.949134 0.688472
vt 0.961249 0.688472
vt 0.957724 0.693886
vt 0.250817 0.986998
vt 0.251012 0.976687
vt 0.257277 0.986998
vt 0.089863 0.952150
vt 0.089863 0.939948
vt 0.095452 0.943752
vt 0.830271 0.986839
vt 0.830421 0.976687
vt 0.837031 0.986839
vt 0.936501 0.198009
vt 0.924061 0.198009
vt 0.928000 0.192259
vt 0.874549 0.986775
vt 0.874549 0.976687
vt 0.881519 0.986702
vt 0.932494 0.040950
vt 0.924061 0.035100
vt 0.936501 0.035100
vt 0.949134 0.305917
vt 0.961322 0.305917
vt 0.949918 0.310187
vt 0.336610 0.952053
vt 0.338031 0.939948
vt 0.285033 0.939948
vt 0.285033 0.952226
vt 0.281019 0.950572
vt 0.064234 0.952323
vt 0.064234 0.964448
vt 0.059725 0.962255
vt 0.389603 0.975963
vt 0.389603 0.964607
vt 0.394616 0.975815
vt 0.393690 0.952323
vt 0.393690 0.964403
vt 0.388795 0.961706
vt 0.848469 0.975515
vt 0.848469 0.964607
vt 0.854056 0.975368
vt 0.505188 0.952323
vt 0.505188 0.964388
vt 0.500000 0.961235
vt 0.984276 0.423364
vt 0.973695 0.423123
vt 0.984276 0.417294
vt 0.949134 0.677645
vt 0.961249 0.677645
vt 0.957724 0.683058
vt 0.212058 0.986998
vt 0.212253 0.976687
vt 0.218518 0.986998
vt 0.140160 0.952150
vt 0.140160 0.939948
vt 0.145748 0.943752
vt 0.957560 0.424263
vt 0.949134 0.418598
vt 0.961249 0.418598
vt 0.936501 0.071499
vt 0.924061 0.071499
vt 0.928001 0.065749
vt 0.944946 0.840944
vt 0.936666 0.835181
vt 0.948868 0.835181
vt 0.270197 0.986950
vt 0.270197 0.976687
vt 0.277289 0.986908
vt 0.912369 0.011785
vt 0.923894 0.015713
vt 0.910520 0.015713
vt 0.424364 0.964607
vt 0.424700 0.975958
vt 0.420022 0.964607
vt 0.961322 0.314457
vt 0.949134 0.314457
vt 0.960537 0.310187
vt 0.495955 0.879058
vt 0.495955 0.892432
vt 0.489521 0.889409
vt 0.055215 0.954516
vt 0.050706 0.964448
vt 0.050706 0.952323
vt 0.419686 0.975958
vt 0.369215 0.961706
vt 0.374110 0.952323
vt 0.374110 0.964403
vt 0.854056 0.975515
vt 0.854056 0.964607
vt 0.859643 0.975368
vt 0.567441 0.955475
vt 0.562254 0.964388
vt 0.562254 0.952323
vt 0.984276 0.435505
vt 0.973695 0.435264
vt 0.984276 0.429435
vt 0.803080 0.976687
vt 0.803231 0.986839
vt 0.796621 0.976687
vt 0.218518 0.986998
vt 0.218713 0.976687
vt 0.224978 0.986998
vt 0.179279 0.943752
vt 0.173691 0.952150
vt 0.173691 0.939948
vt 0.796471 0.986839
vt 0.928000 0.198009
vt 0.936501 0.203760
vt 0.924061 0.203760
vt 0.994761 0.020911
vt 0.984674 0.020806
vt 0.994761 0.013941
vt 0.932494 0.035100
vt 0.924061 0.029250
vt 0.936501 0.029250
vt 0.289046 0.939948
vt 0.289046 0.952226
vt 0.285033 0.950572
vt 0.104821 0.952323
vt 0.104821 0.964448
vt 0.100312 0.962255
vt 0.354518 0.975963
vt 0.354518 0.964607
vt 0.359531 0.975815
vt 0.369215 0.952323
vt 0.369215 0.964403
vt 0.364320 0.961706
vt 0.870817 0.975515
vt 0.870817 0.964607
vt 0.876404 0.975368
vt 0.479248 0.952323
vt 0.479248 0.964388
vt 0.474061 0.961236
vt 0.984276 0.447646
vt 0.973695 0.447405
vt 0.984276 0.441575
vt 0.949134 0.672231
vt 0.961249 0.672231
vt 0.957724 0.677645
vt 0.205598 0.986998
vt 0.205792 0.976687
vt 0.212058 0.986998
vt 0.128983 0.952150
vt 0.128983 0.939948
vt 0.134571 0.943752
vt 0.957560 0.418598
vt 0.949134 0.412933
vt 0.961249 0.412933
vt 0.936501 0.083000
vt 0.924061 0.083000
vt 0.928001 0.077249
vt 0.944946 0.817894
vt 0.936666 0.812131
vt 0.948868 0.812131
vt 0.918953 0.920873
vt 0.910520 0.915023
vt 0.922961 0.915023
vt 0.912369 0.000000
vt 0.923894 0.003928
vt 0.910520 0.003928
vt 0.228836 0.939948
vt 0.228836 0.952226
vt 0.224822 0.950572
vt 0.949897 0.464847
vt 0.961311 0.469121
vt 0.949134 0.469121
vt 0.352249 0.939948
vt 0.357937 0.952053
vt 0.350828 0.952053
vt 0.100312 0.952323
vt 0.100312 0.964448
vt 0.095802 0.962255
vt 0.414672 0.964607
vt 0.414335 0.975958
vt 0.409657 0.964607
vt 0.379005 0.964403
vt 0.374110 0.961706
vt 0.951578 0.775643
vt 0.961259 0.780670
vt 0.949134 0.780670
vt 0.546691 0.952323
vt 0.546691 0.964388
vt 0.541503 0.961236
vt 0.984278 0.399082
vt 0.973695 0.399082
vt 0.984140 0.393013
vt 0.949134 0.655990
vt 0.961249 0.655990
vt 0.957724 0.661404
vt 0.186218 0.986998
vt 0.186413 0.976687
vt 0.192678 0.986998
vt 0.190456 0.952150
vt 0.190456 0.939948
vt 0.196045 0.943752
vt 0.755914 0.986840
vt 0.755914 0.976687
vt 0.762673 0.986740
vt 0.936501 0.100251
vt 0.924061 0.100251
vt 0.928001 0.094501
vt 0.916370 0.986775
vt 0.916370 0.976687
vt 0.923340 0.986702
vt 0.326928 0.986950
vt 0.326988 0.976687
vt 0.334019 0.986950
vt 0.232850 0.939948
vt 0.232850 0.952226
vt 0.228836 0.950572
vt 0.032667 0.952323
vt 0.032667 0.964448
vt 0.028157 0.962255
vt 0.938577 0.608868
vt 0.948944 0.613505
vt 0.936666 0.613505
vt 0.398585 0.952323
vt 0.398585 0.964403
vt 0.393690 0.961706
vt 0.906108 0.964607
vt 0.905821 0.975511
vt 0.900519 0.964607
vt 0.468873 0.952323
vt 0.468873 0.964388
vt 0.463685 0.961236
vt 0.973695 0.465857
vt 0.984276 0.466098
vt 0.973695 0.471928
vt 0.949134 0.699299
vt 0.961249 0.699299
vt 0.957724 0.704713
vt 0.226579 0.955677
vt 0.221059 0.964388
vt 0.221059 0.952323
vt 0.095452 0.952150
vt 0.095452 0.939948
vt 0.101040 0.943752
vt 0.776191 0.986840
vt 0.776191 0.976687
vt 0.782951 0.986740
vt 0.936501 0.106002
vt 0.924061 0.106002
vt 0.928001 0.100251
vt 0.944946 0.823656
vt 0.936666 0.817894
vt 0.948868 0.817894
vt 0.277289 0.986950
vt 0.277289 0.976687
vt 0.284380 0.986908
vt 0.912369 0.003928
vt 0.923894 0.007857
vt 0.910520 0.007857
vt 0.256935 0.939948
vt 0.252921 0.950572
vt 0.949897 0.469121
vt 0.961310 0.473394
vt 0.949134 0.473394
vt 0.468315 0.879289
vt 0.468315 0.892663
vt 0.461881 0.889639
vt 0.059725 0.952323
vt 0.059725 0.964448
vt 0.055215 0.962256
vt 0.374567 0.975963
vt 0.374567 0.964607
vt 0.379579 0.975815
vt 0.388795 0.952323
vt 0.388795 0.964403
vt 0.383900 0.961706
vt 0.865230 0.975515
vt 0.865230 0.964607
vt 0.870817 0.975368
vt 0.458497 0.952323
vt 0.458497 0.964388
vt 0.453309 0.961236
vt 0.973695 0.405152
vt 0.984276 0.405393
vt 0.973695 0.411223
vt 0.949134 0.623508
vt 0.961249 0.623508
vt 0.957724 0.628922
vt 0.205823 0.961033
vt 0.211344 0.952323
vt 0.211344 0.964388
vt 0.089863 0.939948
vt 0.089863 0.952150
vt 0.084275 0.948347
vt 0.823661 0.976687
vt 0.830271 0.986839
vt 0.936501 0.163507
vt 0.924061 0.163507
vt 0.928000 0.157756
vt 0.881519 0.986775
vt 0.881519 0.976687
vt 0.888489 0.986702
vt 0.932493 0.011700
vt 0.924061 0.005850
vt 0.936501 0.005850
vt 0.264963 0.939948
vt 0.264963 0.952226
vt 0.260949 0.950572
vt 0.109331 0.952323
vt 0.109331 0.964448
vt 0.104821 0.962255
vt 0.938576 0.622777
vt 0.948944 0.627413
vt 0.936666 0.627413
vt 0.349635 0.952323
vt 0.349635 0.964403
vt 0.344740 0.961706
vt 0.951578 0.800775
vt 0.961259 0.805801
vt 0.949134 0.805801
vt 0.520752 0.952323
vt 0.520752 0.964388
vt 0.515564 0.961235
vt 0.984278 0.374806
vt 0.973695 0.374806
vt 0.984140 0.368737
vt 0.949134 0.639749
vt 0.961249 0.639749
vt 0.957724 0.645163
vt 0.250817 0.976687
vt 0.250623 0.986998
vt 0.244357 0.976687
vt 0.112217 0.952150
vt 0.112217 0.939948
vt 0.117806 0.943752
vt 0.952823 0.403322
vt 0.961249 0.408987
vt 0.949134 0.408987
vt 0.936501 0.140505
vt 0.924061 0.140505
vt 0.928001 0.134754
vt 0.994761 0.013941
vt 0.984674 0.013836
vt 0.994761 0.006970
vt 0.305654 0.986950
vt 0.305715 0.976687
vt 0.312745 0.986950
vt 0.912369 0.027497
vt 0.923894 0.031426
vt 0.910520 0.031426
vt 0.244893 0.939948
vt 0.240879 0.950572
vt 0.961514 0.720848
vt 0.973501 0.723049
vt 0.961514 0.725189
vt 0.936666 0.450313
vt 0.948025 0.443252
vt 0.948854 0.450313
vt 0.077764 0.964448
vt 0.073254 0.962255
vt 0.394616 0.975963
vt 0.394616 0.964607
vt 0.399628 0.975815
vt 0.413270 0.952323
vt 0.413270 0.964403
vt 0.408375 0.961706
vt 0.951578 0.785696
vt 0.961259 0.790722
vt 0.949134 0.790722
vt 0.531127 0.952323
vt 0.531127 0.964388
vt 0.525940 0.961236
vt 0.973695 0.447646
vt 0.984276 0.447887
vt 0.973695 0.453716
vt 0.961249 0.655990
vt 0.949134 0.655990
vt 0.952659 0.650577
vt 0.199138 0.976687
vt 0.198943 0.986998
vt 0.192678 0.976687
vt 0.156925 0.952150
vt 0.156925 0.939948
vt 0.162513 0.943752
vt 0.762673 0.986840
vt 0.762673 0.976687
vt 0.769432 0.986740
vt 0.936501 0.152005
vt 0.924061 0.152005
vt 0.928001 0.146255
vt 0.909400 0.986775
vt 0.909400 0.976687
vt 0.916370 0.986702
vt 0.348202 0.986950
vt 0.348263 0.976687
vt 0.355294 0.986950
vt 0.268977 0.952226
vt 0.268977 0.939948
vt 0.272991 0.941603
vt 0.064234 0.964448
vt 0.064234 0.952323
vt 0.068744 0.954515
vt 0.379579 0.975963
vt 0.379579 0.964607
vt 0.384591 0.975815
vt 0.354530 0.964403
vt 0.354530 0.952323
vt 0.359425 0.955020
vt 0.911697 0.964607
vt 0.911410 0.975511
vt 0.906108 0.964607
vt 0.546691 0.964388
vt 0.546691 0.952323
vt 0.551879 0.955475
vt 0.984278 0.368737
vt 0.973695 0.368737
vt 0.984140 0.362669
vt 0.949134 0.634336
vt 0.961249 0.634336
vt 0.957724 0.639750
vt 0.248662 0.955678
vt 0.243141 0.964388
vt 0.243141 0.952323
vt 0.067509 0.952150
vt 0.067509 0.939948
vt 0.073098 0.943752
vt 0.735636 0.986840
vt 0.735636 0.976687
vt 0.742395 0.986740
vt 0.936501 0.209510
vt 0.924061 0.209510
vt 0.928000 0.203760
vt 0.972132 0.986774
vt 0.972237 0.976687
vt 0.979103 0.986774
vt 0.932494 0.046800
vt 0.924061 0.040950
vt 0.936501 0.040950
vt 0.912369 0.019641
vt 0.923894 0.023569
vt 0.910520 0.023569
vt 0.281019 0.939948
vt 0.281019 0.952226
vt 0.277005 0.950572
vt 0.949897 0.460572
vt 0.961311 0.464847
vt 0.949134 0.464847
vt 0.474749 0.892663
vt 0.468315 0.889639
vt 0.474749 0.879289
vt 0.118350 0.952323
vt 0.118350 0.964448
vt 0.113841 0.962255
vt 0.938577 0.618141
vt 0.948944 0.622777
vt 0.936666 0.622777
vt 0.344740 0.952323
vt 0.344740 0.964403
vt 0.339845 0.961706
vt 0.887626 0.964607
vt 0.887626 0.975515
vt 0.882039 0.964754
vt 0.484436 0.964388
vt 0.484436 0.952323
vt 0.489624 0.955476
vt 0.190999 0.955253
vt 0.185682 0.964403
vt 0.185682 0.952323
vt 0.961248 0.688472
vt 0.949134 0.688472
vt 0.952659 0.683058
vt 0.216865 0.955678
vt 0.211344 0.964388
vt 0.211344 0.952323
vt 0.084275 0.939948
vt 0.084275 0.952150
vt 0.078686 0.948347
vt 0.796470 0.976687
vt 0.796320 0.986839
vt 0.789711 0.976687
vt 0.936501 0.175007
vt 0.924061 0.175007
vt 0.928000 0.169257
vt 0.923340 0.986775
vt 0.923340 0.976687
vt 0.930310 0.986702
vt 0.928069 0.000000
vt 0.936501 0.005850
vt 0.924061 0.005850
vt 0.220808 0.939948
vt 0.220808 0.952226
vt 0.216794 0.950572
vt 0.113841 0.952323
vt 0.113841 0.964448
vt 0.109331 0.962255
vt 0.938577 0.604232
vt 0.948944 0.608868
vt 0.936666 0.608868
vt 0.408375 0.952323
vt 0.408375 0.964403
vt 0.403480 0.961706
vt 0.951578 0.805801
vt 0.961259 0.810828
vt 0.949134 0.810828
vt 0.494812 0.952323
vt 0.494812 0.964388
vt 0.489624 0.961236
vt 0.973695 0.453716
vt 0.984276 0.453957
vt 0.973695 0.459787
vt 0.961248 0.699299
vt 0.949134 0.699299
vt 0.952659 0.693886
vt 0.232100 0.955677
vt 0.226579 0.964388
vt 0.226579 0.952323
vt 0.101040 0.952150
vt 0.101040 0.939948
vt 0.106629 0.943752
vt 0.776191 0.976687
vt 0.769432 0.976787
vt 0.936501 0.192259
vt 0.924061 0.192259
vt 0.928000 0.186508
vt 0.930310 0.986775
vt 0.930310 0.976687
vt 0.937280 0.986702
vt 0.319837 0.986950
vt 0.319897 0.976687
vt 0.326928 0.986950
vt 0.912369 0.031426
vt 0.923894 0.035354
vt 0.224822 0.939948
vt 0.224822 0.952226
vt 0.220808 0.950572
vt 0.961514 0.729531
vt 0.973501 0.731732
vt 0.086783 0.952323
vt 0.086783 0.964448
vt 0.082273 0.962255
vt 0.359531 0.975963
vt 0.359531 0.964607
vt 0.364543 0.975815
vt 0.432850 0.952323
vt 0.432850 0.964403
vt 0.427955 0.961706
vt 0.951578 0.790722
vt 0.961259 0.795748
vt 0.949134 0.795748
vt 0.453309 0.952323
vt 0.453309 0.964388
vt 0.448121 0.961236
vt 0.984278 0.386944
vt 0.973695 0.386944
vt 0.984140 0.380875
vt 0.949134 0.607267
vt 0.961249 0.607267
vt 0.957724 0.612681
vt 0.179758 0.976687
vt 0.179563 0.986998
vt 0.173297 0.976687
vt 0.073098 0.952150
vt 0.073098 0.939948
vt 0.078686 0.943752
vt 0.952823 0.388046
vt 0.961249 0.393711
vt 0.949134 0.393711
vt 0.936501 0.157756
vt 0.924061 0.157756
vt 0.928001 0.152005
vt 0.895460 0.986775
vt 0.895460 0.976687
vt 0.902430 0.986702
vt 0.298563 0.986950
vt 0.298563 0.976687
vt 0.305654 0.986908
vt 0.268977 0.939948
vt 0.268977 0.952226
vt 0.264963 0.950572
vt 0.168102 0.952150
vt 0.168102 0.939948
vt 0.173691 0.943752
vt 0.936501 0.111752
vt 0.924061 0.111752
vt 0.928000 0.106002
vt 0.940588 0.840944
vt 0.948868 0.846706
vt 0.936666 0.846706
vt 0.291472 0.986950
vt 0.291472 0.976687
vt 0.298563 0.986908
vt 0.100783 0.995917
vt 0.099645 0.987242
vt 0.101570 0.987242
vt 0.051864 0.996021
vt 0.051864 0.987242
vt 0.054809 0.995481
vt 0.078971 0.995953
vt 0.078971 0.987242
vt 0.081714 0.994975
vt 0.131732 0.865198
vt 0.134651 0.864531
vt 0.748785 0.863027
vt 0.751529 0.876252
vt 0.748785 0.877225
vt 0.586899 0.879522
vt 0.586899 0.865472
vt 0.591716 0.878090
vt 0.996458 0.989410
vt 0.995002 0.987641
vt 0.997214 0.987641
vt 0.064769 0.996021
vt 0.062792 0.988028
vt 0.064769 0.987242
vt 0.998032 0.691164
vt 0.995002 0.691164
vt 0.996097 0.689937
vt 0.039382 0.998423
vt 0.037382 0.998423
vt 0.039116 0.996311
vt 0.997734 0.781959
vt 0.995002 0.781959
vt 0.995631 0.779778
vt 0.085010 0.994915
vt 0.087916 0.987242
vt 0.087916 0.995901
vt 0.996749 0.708521
vt 0.997969 0.710366
vt 0.995002 0.710366
vt 0.095576 0.987242
vt 0.095576 0.995901
vt 0.093035 0.995884
vt 0.886114 0.568266
vt 0.891123 0.554952
vt 0.891123 0.568650
vt 0.135557 0.987242
vt 0.135557 0.995626
vt 0.132630 0.987930
vt 0.549994 0.876418
vt 0.547127 0.877323
vt 0.547127 0.863097
vt 0.873865 0.358587
vt 0.873865 0.344388
vt 0.877556 0.357711
vt 0.891190 0.465519
vt 0.888125 0.452026
vt 0.891190 0.451879
vt 0.889081 0.782663
vt 0.889082 0.796488
vt 0.885359 0.783162
vt 0.923585 0.214514
vt 0.910520 0.214514
vt 0.911486 0.209582
vt 0.617263 0.879486
vt 0.612707 0.867590
vt 0.617263 0.865472
vt 0.578618 0.879485
vt 0.578618 0.865472
vt 0.583371 0.877515
vt 0.910520 0.656008
vt 0.923271 0.658249
vt 0.910520 0.661092
vt 0.996973 0.923199
vt 0.997356 0.924798
vt 0.995002 0.924798
vt 0.997969 0.718532
vt 0.995002 0.718532
vt 0.996489 0.717085
vt 0.084734 0.998371
vt 0.083250 0.996311
vt 0.084993 0.996311
vt 0.995002 0.978588
vt 0.997237 0.978588
vt 0.995796 0.980424
vt 0.090878 0.995931
vt 0.090878 0.987242
vt 0.093035 0.987829
vt 0.997326 0.935344
vt 0.995002 0.935344
vt 0.995628 0.933838
vt 0.996693 0.823954
vt 0.997609 0.825563
vt 0.995002 0.825563
vt 0.997109 0.720588
vt 0.997914 0.723067
vt 0.995002 0.723067
vt 0.998255 0.571900
vt 0.995002 0.571900
vt 0.996198 0.570820
vt 0.997411 0.899211
vt 0.997411 0.900843
vt 0.995002 0.900565
vt 0.997765 0.783523
vt 0.995002 0.783523
vt 0.996006 0.781959
vt 0.975897 0.349472
vt 0.984465 0.352253
vt 0.973695 0.352253
vt 0.888125 0.437679
vt 0.888125 0.424036
vt 0.891143 0.425899
vt 0.887557 0.540944
vt 0.887557 0.527305
vt 0.891319 0.540420
vt 0.201528 0.994932
vt 0.199785 0.995477
vt 0.199785 0.987242
vt 0.061884 0.998437
vt 0.060319 0.997497
vt 0.061884 0.996311
vt 0.282157 0.987242
vt 0.285093 0.987370
vt 0.282157 0.995127
vt 0.152408 0.998275
vt 0.150874 0.997533
vt 0.152408 0.996311
vt 0.985571 0.985498
vt 0.993737 0.986946
vt 0.984674 0.986946
vt 0.288069 0.987242
vt 0.285679 0.995122
vt 0.285093 0.987242
vt 0.132238 0.998297
vt 0.131481 0.996311
vt 0.133061 0.996311
vt 0.279193 0.995144
vt 0.279193 0.987242
vt 0.282157 0.994897
vt 0.107197 0.995168
vt 0.105058 0.995816
vt 0.105058 0.987242
vt 0.117275 0.996311
vt 0.116250 0.998296
vt 0.115424 0.996311
vt 0.891057 0.493173
vt 0.888125 0.492967
vt 0.891057 0.479534
vt 0.137795 0.889125
vt 0.134821 0.889055
vt 0.137795 0.875351
vt 0.886005 0.602373
vt 0.889760 0.589146
vt 0.889760 0.602920
vt 0.997964 0.706560
vt 0.997964 0.708521
vt 0.995002 0.707859
vt 0.997884 0.741057
vt 0.997884 0.742637
vt 0.995002 0.742531
vt 0.998237 0.573341
vt 0.995002 0.573341
vt 0.995739 0.571900
vt 0.993671 0.981884
vt 0.993671 0.984879
vt 0.984674 0.982975
vt 0.360301 0.890518
vt 0.355359 0.891446
vt 0.355359 0.877805
vt 0.888309 0.838394
vt 0.885360 0.851712
vt 0.885360 0.837878
vt 0.993870 0.965492
vt 0.984674 0.965492
vt 0.992964 0.964034
vt 0.998096 0.647678
vt 0.996945 0.648952
vt 0.995002 0.647678
vt 0.997940 0.726642
vt 0.995002 0.727612
vt 0.995002 0.725878
vt 0.813366 0.877507
vt 0.810508 0.878332
vt 0.810508 0.864183
vt 0.891871 0.465726
vt 0.888535 0.479346
vt 0.888125 0.465726
vt 0.085010 0.987866
vt 0.082101 0.995931
vt 0.082101 0.987242
vt 0.458360 0.865065
vt 0.461218 0.864240
vt 0.461218 0.878387
vt 0.891843 0.679377
vt 0.886831 0.692608
vt 0.886831 0.678983
vt 0.998239 0.576416
vt 0.995002 0.576416
vt 0.995654 0.575076
vt 0.923897 0.039350
vt 0.911684 0.042963
vt 0.910520 0.039350
vt 0.923447 0.484682
vt 0.923447 0.489710
vt 0.910520 0.485512
vt 0.910520 0.661092
vt 0.923253 0.665847
vt 0.910520 0.666179
vt 0.923210 0.833325
vt 0.923210 0.837072
vt 0.910520 0.833969
vt 0.911663 0.612661
vt 0.923226 0.619387
vt 0.910520 0.619387
vt 0.887093 0.554952
vt 0.882157 0.554037
vt 0.887093 0.541119
vt 0.985567 0.979392
vt 0.993739 0.981411
vt 0.984674 0.981411
vt 0.090878 0.995898
vt 0.087916 0.995898
vt 0.088185 0.987242
vt 0.888304 0.810537
vt 0.885360 0.824049
vt 0.885360 0.810215
vt 0.910520 0.605603
vt 0.923344 0.608109
vt 0.910520 0.610623
vt 0.922460 0.199353
vt 0.923586 0.204375
vt 0.910520 0.204375
vt 0.997326 0.931032
vt 0.995843 0.932668
vt 0.995002 0.931032
vt 0.997391 0.909708
vt 0.997047 0.911407
vt 0.995002 0.909708
vt 0.134901 0.998284
vt 0.133061 0.998284
vt 0.134749 0.996311
vt 0.121949 0.998290
vt 0.121949 0.996311
vt 0.123757 0.996341
vt 0.997788 0.774668
vt 0.995929 0.776169
vt 0.995002 0.774668
vt 0.997542 0.851661
vt 0.997542 0.853279
vt 0.995002 0.852137
vt 0.248662 0.964483
vt 0.248662 0.952323
vt 0.252259 0.962073
vt 0.552923 0.943314
vt 0.558283 0.939948
vt 0.320556 0.952130
vt 0.320556 0.939948
vt 0.326166 0.948607
vt 0.038406 0.986910
vt 0.045025 0.976687
vt 0.045025 0.987004
vt 0.607988 0.939948
vt 0.613345 0.948765
vt 0.607988 0.952127
vt 0.945298 0.437713
vt 0.948930 0.443252
vt 0.936666 0.443252
vt 0.367534 0.976687
vt 0.360810 0.986944
vt 0.360707 0.976687
vt 0.408466 0.976687
vt 0.401745 0.986943
vt 0.401644 0.976687
vt 0.936666 0.538900
vt 0.945299 0.533364
vt 0.948928 0.538900
vt 0.882251 0.068613
vt 0.888155 0.078909
vt 0.882251 0.082336
vt 0.994400 0.525045
vt 0.984674 0.525045
vt 0.993361 0.518282
vt 0.885964 0.658637
vt 0.885964 0.644913
vt 0.890892 0.653297
vt 0.867156 0.891145
vt 0.867156 0.877508
vt 0.873039 0.887681
vt 0.945186 0.121338
vt 0.948930 0.127047
vt 0.936666 0.127047
vt 0.948928 0.505680
vt 0.940295 0.511217
vt 0.936666 0.505680
vt 0.945188 0.279672
vt 0.948928 0.285378
vt 0.936666 0.285378
vt 0.948930 0.432174
vt 0.940300 0.437713
vt 0.936666 0.432174
vt 0.331776 0.948607
vt 0.326166 0.952130
vt 0.326166 0.939948
vt 0.677638 0.939948
vt 0.682996 0.948765
vt 0.677638 0.952127
vt 0.137697 0.976687
vt 0.144317 0.976687
vt 0.137845 0.987003
vt 0.973695 0.786846
vt 0.973695 0.780521
vt 0.984165 0.786653
vt 0.873039 0.877509
vt 0.878303 0.888423
vt 0.873039 0.891161
vt 0.910520 0.697008
vt 0.910520 0.689951
vt 0.923128 0.695187
vt 0.543202 0.878430
vt 0.549136 0.878430
vt 0.545651 0.891955
vt 0.626366 0.865472
vt 0.626366 0.879487
vt 0.621816 0.867588
vt 0.885360 0.824049
vt 0.888396 0.837454
vt 0.885360 0.837878
vt 0.195835 0.891837
vt 0.190816 0.891837
vt 0.193313 0.878235
vt 0.647888 0.877517
vt 0.643137 0.879486
vt 0.643137 0.865472
vt 0.924766 0.927131
vt 0.924061 0.922993
vt 0.936440 0.922992
vt 0.935681 0.647708
vt 0.924061 0.642622
vt 0.936447 0.642622
vt 0.096580 0.987242
vt 0.099645 0.987242
vt 0.097390 0.995864
vt 0.997338 0.928338
vt 0.995002 0.928338
vt 0.995516 0.926489
vt 0.910520 0.650934
vt 0.910520 0.645844
vt 0.923273 0.648085
vt 0.891843 0.693186
vt 0.886836 0.706417
vt 0.886836 0.692792
vt 0.461218 0.890424
vt 0.456435 0.891975
vt 0.456435 0.878387
vt 0.617263 0.867594
vt 0.621816 0.865472
vt 0.621816 0.879489
vt 0.910520 0.666179
vt 0.923252 0.670926
vt 0.910520 0.671266
vt 0.922564 0.281660
vt 0.910520 0.276600
vt 0.923473 0.276600
vt 0.763656 0.879441
vt 0.763656 0.865424
vt 0.769840 0.876560
vt 0.948928 0.511217
vt 0.940295 0.516753
vt 0.936666 0.511217
vt 0.945188 0.296790
vt 0.948928 0.302496
vt 0.936666 0.302496
vt 0.586557 0.939948
vt 0.591915 0.948765
vt 0.586557 0.952127
vt 0.117838 0.976687
vt 0.124458 0.976687
vt 0.117985 0.987003
vt 0.961268 0.478518
vt 0.952135 0.483642
vt 0.973695 0.748897
vt 0.973695 0.742572
vt 0.984165 0.748704
vt 0.949134 0.206653
vt 0.958750 0.201831
vt 0.961304 0.206653
vt 0.973695 0.255504
vt 0.973695 0.249566
vt 0.984450 0.255263
vt 0.402481 0.952183
vt 0.398058 0.942010
vt 0.402481 0.939948
vt 0.678893 0.964607
vt 0.684348 0.964748
vt 0.678893 0.975700
vt 0.924061 0.868112
vt 0.934944 0.864205
vt 0.936480 0.868112
vt 0.925845 0.483920
vt 0.924061 0.479378
vt 0.936480 0.479378
vt 0.374356 0.976754
vt 0.367534 0.986943
vt 0.064882 0.986910
vt 0.071501 0.976687
vt 0.071501 0.987004
vt 0.948928 0.500143
vt 0.940295 0.505680
vt 0.936666 0.500143
vt 0.581199 0.939948
vt 0.586557 0.948765
vt 0.581199 0.952127
vt 0.676715 0.952323
vt 0.680914 0.952460
vt 0.676715 0.964429
vt 0.936478 0.895476
vt 0.924061 0.895476
vt 0.934944 0.891566
vt 0.523863 0.879005
vt 0.528422 0.890220
vt 0.523864 0.892485
vt 0.267965 0.964607
vt 0.272842 0.964750
vt 0.267965 0.976169
vt 0.424594 0.939948
vt 0.429017 0.950122
vt 0.424594 0.952183
vt 0.936480 0.840747
vt 0.925599 0.844658
vt 0.924061 0.840747
vt 0.888152 0.208281
vt 0.891992 0.206572
vt 0.891992 0.220053
vt 0.667983 0.964607
vt 0.673438 0.964749
vt 0.667983 0.975700
vt 0.949134 0.240405
vt 0.958750 0.235583
vt 0.961304 0.240405
vt 0.433440 0.939948
vt 0.437862 0.950122
vt 0.433440 0.952183
vt 0.287884 0.964607
vt 0.292764 0.964607
vt 0.288222 0.976165
vt 0.973695 0.210135
vt 0.973828 0.204198
vt 0.984452 0.210135
vt 0.949134 0.586126
vt 0.958267 0.581002
vt 0.961267 0.586126
vt 0.949134 0.143970
vt 0.958750 0.139148
vt 0.961305 0.143970
vt 0.757354 0.964607
vt 0.762811 0.964607
vt 0.757642 0.975696
vt 0.973695 0.729924
vt 0.973812 0.723601
vt 0.984167 0.729924
vt 0.591915 0.939948
vt 0.597272 0.948765
vt 0.591915 0.952127
vt 0.949134 0.555381
vt 0.958267 0.550257
vt 0.961268 0.555381
vt 0.958525 0.051485
vt 0.961305 0.056733
vt 0.949134 0.056733
vt 0.131078 0.976687
vt 0.137697 0.976687
vt 0.131225 0.987003
vt 0.936666 0.555510
vt 0.945299 0.549974
vt 0.948928 0.555510
vt 0.634776 0.939948
vt 0.640134 0.948765
vt 0.634776 0.952127
vt 0.958071 0.281038
vt 0.961267 0.286495
vt 0.949134 0.286495
vt 0.945188 0.319615
vt 0.948928 0.325321
vt 0.936666 0.325321
vt 0.882251 0.089442
vt 0.888152 0.099742
vt 0.882251 0.103165
vt 0.936666 0.489070
vt 0.945299 0.483533
vt 0.948928 0.489070
vt 0.111218 0.976687
vt 0.117838 0.976687
vt 0.111366 0.987003
vt 0.945188 0.291084
vt 0.948928 0.296790
vt 0.936666 0.296790
vt 0.924061 0.899613
vt 0.924781 0.895476
vt 0.936451 0.899613
vt 0.948916 0.630702
vt 0.936666 0.632560
vt 0.936666 0.627413
vt 0.924061 0.856390
vt 0.934944 0.852483
vt 0.936480 0.856390
vt 0.455553 0.952183
vt 0.455553 0.939948
vt 0.459976 0.950121
vt 0.925845 0.461538
vt 0.924061 0.456996
vt 0.936480 0.456996
vt 0.949134 0.172901
vt 0.958750 0.168079
vt 0.961305 0.172901
vt 0.056332 0.949878
vt 0.051386 0.952183
vt 0.051386 0.939948
vt 0.949134 0.570754
vt 0.958267 0.565630
vt 0.961267 0.570754
vt 0.958525 0.072475
vt 0.961305 0.077722
vt 0.949134 0.077722
vt 0.618703 0.939948
vt 0.624061 0.948765
vt 0.618703 0.952127
vt 0.958071 0.275580
vt 0.961267 0.281038
vt 0.949134 0.281038
vt 0.936666 0.483533
vt 0.945299 0.477996
vt 0.948928 0.483533
vt 0.369152 0.948609
vt 0.363544 0.952127
vt 0.363544 0.939948
vt 0.945188 0.285378
vt 0.948928 0.291084
vt 0.936666 0.291084
vt 0.923204 0.829532
vt 0.910520 0.829532
vt 0.921945 0.825525
vt 0.924061 0.891566
vt 0.934944 0.887655
vt 0.936478 0.891566
vt 0.570069 0.890221
vt 0.565512 0.892481
vt 0.565512 0.879005
vt 0.446708 0.939948
vt 0.451130 0.950122
vt 0.446708 0.952183
vt 0.302523 0.976164
vt 0.307062 0.964606
vt 0.307402 0.976164
vt 0.949134 0.168079
vt 0.958750 0.163257
vt 0.961305 0.168079
vt 0.689803 0.975558
vt 0.695257 0.964607
vt 0.695257 0.975700
vt 0.961268 0.499015
vt 0.952135 0.504139
vt 0.949134 0.499015
vt 0.961305 0.072475
vt 0.949134 0.072475
vt 0.958524 0.067228
vt 0.682996 0.939948
vt 0.688353 0.948765
vt 0.682996 0.952127
vt 0.984165 0.755221
vt 0.973695 0.749090
vt 0.984165 0.748897
vt 0.936666 0.455849
vt 0.945299 0.450313
vt 0.948928 0.455849
vt 0.084739 0.976782
vt 0.078120 0.987004
vt 0.078120 0.976687
vt 0.948928 0.268259
vt 0.936666 0.268259
vt 0.945188 0.262553
vt 0.934942 0.821103
vt 0.936480 0.825015
vt 0.924061 0.825015
vt 0.888259 0.068613
vt 0.888259 0.055136
vt 0.892099 0.066905
vt 0.384789 0.939948
vt 0.389212 0.950122
vt 0.384790 0.952183
vt 0.936480 0.474837
vt 0.924061 0.474837
vt 0.934695 0.470295
vt 0.949134 0.201831
vt 0.958750 0.197009
vt 0.961304 0.201831
vt 0.046441 0.952183
vt 0.046441 0.939948
vt 0.051386 0.949878
vt 0.961268 0.488767
vt 0.952135 0.493891
vt 0.949134 0.488767
vt 0.961305 0.098712
vt 0.949134 0.098712
vt 0.958525 0.093464
vt 0.661565 0.939948
vt 0.666923 0.948765
vt 0.661565 0.952127
vt 0.961268 0.253748
vt 0.949134 0.253748
vt 0.958071 0.248290
vt 0.936666 0.477996
vt 0.945299 0.472460
vt 0.948928 0.477996
vt 0.374759 0.952127
vt 0.374759 0.939948
vt 0.380367 0.948608
vt 0.394822 0.976754
vt 0.388000 0.986943
vt 0.388000 0.976687
vt 0.961340 0.139148
vt 0.949134 0.137083
vt 0.961340 0.134950
vt 0.936452 0.046800
vt 0.935712 0.053582
vt 0.924061 0.046800
vt 0.924061 0.879834
vt 0.934944 0.875926
vt 0.936479 0.879834
vt 0.464399 0.950122
vt 0.459976 0.952183
vt 0.459976 0.939948
vt 0.936479 0.538859
vt 0.924061 0.538859
vt 0.934695 0.534317
vt 0.949134 0.235583
vt 0.958750 0.230762
vt 0.961304 0.235583
vt 0.751897 0.975696
vt 0.757065 0.964607
vt 0.757354 0.975696
vt 0.949134 0.565630
vt 0.958267 0.560506
vt 0.961268 0.565630
vt 0.961304 0.114454
vt 0.949134 0.114454
vt 0.958525 0.109207
vt 0.672280 0.939948
vt 0.677638 0.948765
vt 0.672280 0.952127
vt 0.984166 0.761546
vt 0.973696 0.755415
vt 0.984166 0.755222
vt 0.948928 0.489070
vt 0.940295 0.494607
vt 0.936666 0.489070
vt 0.071501 0.986909
vt 0.078120 0.976687
vt 0.078120 0.987004
vt 0.415288 0.976687
vt 0.408567 0.986943
vt 0.888152 0.268326
vt 0.888152 0.254845
vt 0.891992 0.266616
vt 0.934942 0.817190
vt 0.936480 0.821103
vt 0.924061 0.821103
vt 0.924779 0.910856
vt 0.936450 0.914993
vt 0.924061 0.914993
vt 0.948916 0.640798
vt 0.936666 0.642648
vt 0.936666 0.637507
vt 0.380367 0.939948
vt 0.384790 0.950122
vt 0.380367 0.952183
vt 0.936480 0.470295
vt 0.924061 0.470295
vt 0.934695 0.465754
vt 0.949134 0.148792
vt 0.958750 0.143970
vt 0.961305 0.148792
vt 0.730071 0.975696
vt 0.735239 0.964607
vt 0.735528 0.975696
vt 0.949134 0.488767
vt 0.958267 0.483643
vt 0.961268 0.488767
vt 0.961305 0.061980
vt 0.949134 0.061980
vt 0.958525 0.056733
vt 0.666923 0.939948
vt 0.672280 0.948765
vt 0.666923 0.952127
vt 0.984050 0.710953
vt 0.973695 0.704629
vt 0.984167 0.704629
vt 0.936666 0.533364
vt 0.945299 0.527827
vt 0.948928 0.533364
vt 0.045025 0.986910
vt 0.051644 0.976687
vt 0.051644 0.987004
vt 0.948928 0.308202
vt 0.936666 0.308202
vt 0.945188 0.302496
vt 0.934944 0.860298
vt 0.936480 0.864205
vt 0.924061 0.864205
vt 0.464399 0.939948
vt 0.468821 0.950122
vt 0.464399 0.952183
vt 0.272842 0.976166
vt 0.277381 0.964607
vt 0.277721 0.976166
vt 0.949134 0.221118
vt 0.958750 0.216297
vt 0.961304 0.221118
vt 0.746441 0.975696
vt 0.751608 0.964607
vt 0.751897 0.975696
vt 0.961268 0.509264
vt 0.952135 0.514388
vt 0.949134 0.509264
vt 0.984450 0.243627
vt 0.973695 0.237930
vt 0.984450 0.237689
vt 0.602630 0.952127
vt 0.597272 0.943310
vt 0.602630 0.939948
vt 0.961268 0.264664
vt 0.949134 0.264664
vt 0.958071 0.259206
vt 0.936666 0.461386
vt 0.945299 0.455849
vt 0.948928 0.461386
vt 0.104598 0.987003
vt 0.111071 0.976687
vt 0.111218 0.987003
vt 0.948928 0.273965
vt 0.936666 0.273965
vt 0.945188 0.268259
vt 0.923204 0.825525
vt 0.910520 0.825525
vt 0.921945 0.821517
vt 0.936478 0.879834
vt 0.925595 0.883744
vt 0.924061 0.879834
vt 0.489521 0.890275
vt 0.484964 0.892534
vt 0.484964 0.879058
vt 0.393635 0.939948
vt 0.398058 0.950122
vt 0.393635 0.952183
vt 0.307402 0.976164
vt 0.311942 0.964607
vt 0.312282 0.976164
vt 0.949134 0.182544
vt 0.958750 0.177723
vt 0.961305 0.182544
vt 0.041495 0.952183
vt 0.041495 0.939948
vt 0.046441 0.949878
vt 0.949134 0.550257
vt 0.958267 0.545133
vt 0.961268 0.550257
vt 0.961305 0.082970
vt 0.949134 0.082970
vt 0.958525 0.077722
vt 0.645492 0.939948
vt 0.650849 0.948765
vt 0.645492 0.952127
vt 0.961268 0.275580
vt 0.949134 0.275580
vt 0.958071 0.270122
vt 0.936666 0.549974
vt 0.945299 0.544437
vt 0.948928 0.549974
vt 0.025168 0.986910
vt 0.031787 0.976687
vt 0.031787 0.987004
vt 0.948928 0.319615
vt 0.936666 0.319615
vt 0.945188 0.313908
vt 0.934942 0.836835
vt 0.888259 0.013476
vt 0.888259 -0.000000
vt 0.892100 0.011768
vt 0.406904 0.939948
vt 0.411326 0.950122
vt 0.406904 0.952183
vt 0.258210 0.976027
vt 0.263088 0.964607
vt 0.263088 0.976170
vt 0.949134 0.153614
vt 0.958750 0.148792
vt 0.961305 0.153614
vt 0.684348 0.975558
vt 0.689803 0.964607
vt 0.689803 0.975700
vt 0.949134 0.575878
vt 0.958267 0.570754
vt 0.961267 0.575878
vt 0.984320 0.216071
vt 0.973695 0.210135
vt 0.984452 0.210135
vt 0.575841 0.943310
vt 0.581199 0.939948
vt 0.984050 0.698305
vt 0.973695 0.691981
vt 0.984167 0.691981
vt 0.936666 0.522290
vt 0.945299 0.516753
vt 0.948928 0.522290
vt 0.124458 0.987003
vt 0.130931 0.976687
vt 0.131078 0.987003
vt 0.381177 0.976754
vt 0.374355 0.986943
vt 0.374355 0.976687
vt 0.935729 0.903747
vt 0.924061 0.899613
vt 0.936451 0.899613
vt 0.936378 0.362591
vt 0.924061 0.363939
vt 0.924061 0.357116
vt 0.924061 0.872019
vt 0.934945 0.868112
vt 0.936479 0.872019
vt 0.420172 0.950122
vt 0.415749 0.952183
vt 0.415749 0.939948
vt 0.936479 0.547942
vt 0.924061 0.547942
vt 0.934695 0.543401
vt 0.949134 0.187366
vt 0.958750 0.182544
vt 0.961305 0.187366
vt 0.740984 0.975696
vt 0.746152 0.964607
vt 0.746441 0.975696
vt 0.949134 0.540009
vt 0.958267 0.534884
vt 0.961268 0.540009
vt 0.984450 0.225813
vt 0.973695 0.220115
vt 0.984450 0.219874
vt 0.618703 0.952127
vt 0.613345 0.943310
vt 0.618703 0.939948
vt 0.961268 0.270122
vt 0.949134 0.270122
vt 0.958071 0.264664
vt 0.936666 0.577657
vt 0.945299 0.572120
vt 0.948928 0.577657
vt 0.369152 0.952127
vt 0.369152 0.939948
vt 0.374759 0.948609
vt 0.240751 0.876222
vt 0.246652 0.886521
vt 0.240751 0.889945
vt 0.428933 0.976687
vt 0.422212 0.986943
vt 0.422111 0.976687
vt 0.888155 0.082336
vt 0.888155 0.068858
vt 0.891995 0.080626
vt 0.934942 0.828927
vt 0.936480 0.832840
vt 0.924061 0.832840
vt 0.936440 0.931270
vt 0.924061 0.931270
vt 0.935735 0.927131
vt 0.936447 0.642622
vt 0.924061 0.642622
vt 0.924828 0.637535
vt 0.442285 0.939948
vt 0.446708 0.950122
vt 0.442285 0.952183
vt 0.292764 0.976165
vt 0.297305 0.964607
vt 0.297643 0.976165
vt 0.949134 0.158436
vt 0.958750 0.153614
vt 0.961305 0.158436
vt 0.711622 0.975558
vt 0.717076 0.964607
vt 0.717076 0.975699
vt 0.949134 0.534884
vt 0.958267 0.529760
vt 0.961268 0.534884
vt 0.961305 0.067228
vt 0.949134 0.067228
vt 0.958525 0.061980
vt 0.565126 0.939948
vt 0.570483 0.948765
vt 0.565126 0.952127
vt 0.984165 0.780521
vt 0.973695 0.774389
vt 0.984165 0.774196
vt 0.936666 0.472460
vt 0.945299 0.466923
vt 0.948928 0.472460
vt 0.018549 0.986910
vt 0.025168 0.976687
vt 0.025168 0.987004
vt 0.948928 0.279672
vt 0.936666 0.279672
vt 0.945188 0.273965
vt 0.934945 0.856390
vt 0.936480 0.860298
vt 0.924061 0.860298
vt 0.451130 0.939948
vt 0.455553 0.950121
vt 0.451130 0.952183
vt 0.277721 0.976166
vt 0.282261 0.964607
vt 0.282601 0.976166
vt 0.949134 0.216297
vt 0.958750 0.211475
vt 0.961304 0.216296
vt 0.762810 0.975696
vt 0.767978 0.964606
vt 0.768267 0.975696
vt 0.949134 0.591250
vt 0.958267 0.586126
vt 0.961267 0.591250
vt 0.984319 0.204198
vt 0.973695 0.198262
vt 0.984452 0.198262
vt 0.656207 0.952127
vt 0.650849 0.943310
vt 0.656207 0.939948
vt 0.984050 0.742572
vt 0.973695 0.736248
vt 0.984167 0.736248
vt 0.936666 0.561047
vt 0.945299 0.555510
vt 0.948928 0.561047
vt 0.051644 0.986910
vt 0.058263 0.976687
vt 0.058263 0.987004
vt 0.948928 0.336733
vt 0.936666 0.336733
vt 0.945188 0.331027
vt 0.688859 0.964423
vt 0.692664 0.952323
vt 0.693060 0.964423
vt 0.936478 0.883744
vt 0.925595 0.887655
vt 0.924061 0.883744
vt 0.574623 0.890222
vt 0.570069 0.892483
vt 0.570069 0.879005
vt 0.437862 0.939948
vt 0.442285 0.950122
vt 0.437862 0.952183
vt 0.312282 0.976164
vt 0.316821 0.964607
vt 0.317161 0.976164
vt 0.949134 0.163257
vt 0.958750 0.158436
vt 0.961305 0.163257
vt 0.706167 0.975558
vt 0.711622 0.964607
vt 0.711622 0.975700
vt 0.958266 0.504139
vt 0.961268 0.509264
vt 0.984450 0.231751
vt 0.973695 0.226053
vt 0.984450 0.225813
vt 0.656207 0.939948
vt 0.661565 0.948765
vt 0.656207 0.952127
vt 0.984050 0.704629
vt 0.973695 0.698305
vt 0.984167 0.698305
vt 0.945299 0.494607
vt 0.097978 0.987003
vt 0.104451 0.976687
vt 0.104598 0.987003
vt 0.422111 0.976687
vt 0.415390 0.986942
vt 0.415289 0.976687
vt 0.934942 0.848571
vt 0.936480 0.852483
vt 0.924061 0.852483
vt 0.888164 0.781989
vt 0.888164 0.768510
vt 0.892005 0.780281
vt 0.402481 0.939948
vt 0.406904 0.950121
vt 0.402481 0.952183
vt 0.297643 0.976165
vt 0.302185 0.964607
vt 0.302523 0.976165
vt 0.949134 0.211475
vt 0.958750 0.206653
vt 0.961304 0.211475
vt 0.695257 0.975558
vt 0.700712 0.964607
vt 0.700712 0.975700
vt 0.958267 0.493891
vt 0.961268 0.499015
vt 0.961304 0.109207
vt 0.949134 0.109207
vt 0.958525 0.103959
vt 0.640134 0.939948
vt 0.645492 0.948765
vt 0.640134 0.952127
vt 0.984165 0.793171
vt 0.973695 0.787039
vt 0.984165 0.786846
vt 0.936666 0.572120
vt 0.945299 0.566583
vt 0.948928 0.572120
vt 0.097978 0.976687
vt 0.091506 0.987003
vt 0.091359 0.976687
vt 0.948928 0.342439
vt 0.936666 0.342439
vt 0.945188 0.336733
vt 0.961342 0.134950
vt 0.949134 0.132885
vt 0.961342 0.130753
vt 0.924061 0.875926
vt 0.934944 0.872019
vt 0.936479 0.875926
vt 0.411326 0.939948
vt 0.415749 0.950122
vt 0.411326 0.952183
vt 0.936478 0.543401
vt 0.924061 0.543401
vt 0.934695 0.538859
vt 0.949134 0.192188
vt 0.958750 0.187366
vt 0.961304 0.192188
vt 0.700712 0.975558
vt 0.706167 0.964606
vt 0.706167 0.975699
vt 0.949134 0.524636
vt 0.958267 0.519512
vt 0.961268 0.524636
vt 0.984450 0.237689
vt 0.973695 0.231992
vt 0.984450 0.231751
vt 0.629418 0.943310
vt 0.984165 0.767871
vt 0.973695 0.761740
vt 0.984165 0.761546
vt 0.936666 0.466923
vt 0.945299 0.461386
vt 0.948928 0.466923
vt 0.091359 0.976687
vt 0.084887 0.987003
vt 0.084739 0.976687
vt 0.388000 0.976754
vt 0.381177 0.986943
vt 0.381177 0.976687
vt 0.934942 0.844658
vt 0.936480 0.848571
vt 0.924061 0.848571
vt 0.429017 0.939948
vt 0.433440 0.950122
vt 0.429017 0.952183
vt 0.263088 0.976028
vt 0.267965 0.964607
vt 0.267965 0.976170
vt 0.949134 0.230762
vt 0.958750 0.225940
vt 0.961304 0.230762
vt 0.740696 0.964607
vt 0.740984 0.975696
vt 0.949134 0.519512
vt 0.958267 0.514388
vt 0.961268 0.519512
vt 0.984450 0.249565
vt 0.973695 0.243868
vt 0.984450 0.243627
vt 0.602630 0.939948
vt 0.607988 0.948765
vt 0.602630 0.952127
vt 0.961268 0.259206
vt 0.949134 0.259206
vt 0.958071 0.253748
vt 0.936666 0.566583
vt 0.945299 0.561047
vt 0.948928 0.566583
vt 0.064882 0.976782
vt 0.058263 0.987004
vt 0.058263 0.976687
vt 0.948928 0.331027
vt 0.936666 0.331027
vt 0.945188 0.325321
vt 0.949134 0.545133
vt 0.958267 0.540009
vt 0.961268 0.545133
vt 0.570483 0.939948
vt 0.575841 0.948765
vt 0.570483 0.952127
vt 0.984050 0.723601
vt 0.973695 0.717277
vt 0.984167 0.717277
vt 0.936666 0.527827
vt 0.945299 0.522290
vt 0.948928 0.527827
vt 0.038406 0.976781
vt 0.031787 0.987004
vt 0.031787 0.976687
vt 0.948928 0.313908
vt 0.936666 0.313908
vt 0.945188 0.308202
vt 0.624061 0.939948
vt 0.629418 0.948766
vt 0.624061 0.952127
vt 0.948928 0.538900
vt 0.940295 0.544437
vt 0.936666 0.538900
vt 0.357937 0.952127
vt 0.357937 0.939948
vt 0.363544 0.948609
vt 0.882251 0.137715
vt 0.888152 0.148015
vt 0.882251 0.151438
vt 0.394923 0.986943
vt 0.394822 0.976687
vt 0.997288 0.602789
vt 0.998165 0.601584
vt 0.998165 0.595533
vt 0.995002 0.595533
vt 0.996061 0.593989
vt 0.998008 0.700483
vt 0.997206 0.701881
vt 0.995002 0.700483
vt 0.997427 0.884198
vt 0.995002 0.885975
vt 0.995002 0.884178
vt 0.985350 0.859185
vt 0.994455 0.861558
vt 0.984674 0.861558
vt 0.984674 0.970255
vt 0.984674 0.967059
vt 0.993742 0.969570
vt 0.996473 0.873175
vt 0.995002 0.871528
vt 0.997471 0.871528
vt 0.984674 0.973526
vt 0.984674 0.970330
vt 0.993737 0.971081
vt 0.997210 0.994630
vt 0.996520 0.996119
vt 0.995002 0.994630
vt 0.984674 0.918108
vt 0.994061 0.918108
vt 0.993860 0.920717
vt 0.073559 0.998389
vt 0.071518 0.998389
vt 0.073109 0.996311
vt 0.993937 0.702930
vt 0.994518 0.706072
vt 0.984674 0.706072
vt 0.813494 0.866978
vt 0.816545 0.879891
vt 0.813494 0.880841
vt 0.891589 0.824049
vt 0.891589 0.837485
vt 0.888396 0.837391
vt 0.890583 0.719415
vt 0.886830 0.720408
vt 0.886830 0.706689
vt 0.012245 0.998474
vt 0.011945 0.996311
vt 0.013870 0.996311
vt 0.993903 0.849067
vt 0.994518 0.851184
vt 0.984674 0.851184
vt 0.997368 0.907516
vt 0.995002 0.909708
vt 0.995002 0.907504
vt 0.997289 0.580769
vt 0.995002 0.579323
vt 0.998228 0.579323
vt 0.307081 0.867184
vt 0.307081 0.881044
vt 0.304029 0.868131
vt 0.508653 0.881386
vt 0.503679 0.882948
vt 0.503679 0.869084
vt 0.997216 0.990329
vt 0.995002 0.991051
vt 0.995002 0.989410
vt 0.995002 0.956245
vt 0.997258 0.957619
vt 0.995002 0.958428
vt 0.994134 0.904350
vt 0.984674 0.906241
vt 0.984674 0.903043
vt 0.923781 0.146463
vt 0.910520 0.145418
vt 0.923781 0.143266
vt 0.888309 0.837878
vt 0.892152 0.838449
vt 0.888309 0.851313
vt 0.885964 0.657787
vt 0.882157 0.658773
vt 0.882157 0.644913
vt 0.997234 0.982306
vt 0.995002 0.982306
vt 0.996443 0.980424
vt 0.984288 0.898604
vt 0.973695 0.898604
vt 0.983068 0.896322
vt 0.997372 0.911407
vt 0.996886 0.913181
vt 0.995002 0.911407
vt 0.997638 0.812764
vt 0.995002 0.812764
vt 0.996237 0.810905
vt 0.888298 0.659079
vt 0.892182 0.659678
vt 0.888298 0.672515
vt 0.994153 0.897105
vt 0.984674 0.897105
vt 0.993603 0.893952
vt 0.910520 0.083705
vt 0.923840 0.083705
vt 0.923548 0.086891
vt 0.910520 0.052184
vt 0.922432 0.048577
vt 0.923867 0.052184
vt 0.923633 0.225691
vt 0.910520 0.225691
vt 0.922376 0.221968
vt 0.924061 0.346799
vt 0.924061 0.341544
vt 0.936466 0.345794
vt 0.886836 0.692792
vt 0.886836 0.706600
vt 0.882157 0.695090
vt 0.924061 0.331756
vt 0.924061 0.326559
vt 0.936482 0.331444
vt 0.997419 0.887772
vt 0.996645 0.889475
vt 0.995002 0.887772
vt 0.016509 0.976687
vt 0.018549 0.977985
vt 0.016509 0.987242
vt 0.985229 0.933011
vt 0.993917 0.936956
vt 0.984674 0.936956
vt 0.993780 0.713941
vt 0.994561 0.715524
vt 0.984674 0.715524
vt 0.994561 0.504478
vt 0.984674 0.504478
vt 0.994436 0.500464
vt 0.578548 0.879384
vt 0.574708 0.878206
vt 0.578548 0.865472
vt 0.910520 0.204375
vt 0.923573 0.206929
vt 0.910520 0.209582
vt 0.882157 0.692792
vt 0.882157 0.678983
vt 0.886831 0.690498
vt 0.910520 0.895244
vt 0.922917 0.901325
vt 0.910520 0.902209
vt 0.922916 0.902208
vt 0.922916 0.909173
vt 0.910520 0.903087
vt 0.923845 0.069992
vt 0.910520 0.069992
vt 0.911123 0.066105
vt 0.994581 0.494645
vt 0.984674 0.494645
vt 0.984753 0.490694
vt 0.360603 0.869125
vt 0.360603 0.854873
vt 0.364281 0.867679
vt 0.924061 0.936508
vt 0.936429 0.935848
vt 0.936429 0.939734
vt 0.922315 0.681701
vt 0.910520 0.677894
vt 0.923304 0.677894
vt 0.921411 0.539556
vt 0.923302 0.546251
vt 0.910520 0.546251
vt 0.923634 0.218240
vt 0.910520 0.218240
vt 0.922373 0.214514
vt 0.383649 0.885279
vt 0.377398 0.888350
vt 0.377398 0.874541
vt 0.924061 0.065749
vt 0.925267 0.058895
vt 0.936447 0.065749
vt 0.985254 0.708627
vt 0.994581 0.710419
vt 0.984674 0.710419
vt 0.984674 0.892027
vt 0.993536 0.888029
vt 0.994171 0.892027
vt 0.364281 0.854873
vt 0.367997 0.867965
vt 0.364281 0.869125
vt 0.882157 0.567977
vt 0.886114 0.554952
vt 0.886114 0.568831
vt 0.882157 0.602920
vt 0.882157 0.589041
vt 0.886005 0.589866
vt 0.885360 0.851712
vt 0.888764 0.863629
vt 0.885360 0.865517
vt 0.891875 0.450690
vt 0.888125 0.451691
vt 0.888125 0.438078
vt 0.923633 0.221968
vt 0.910520 0.221968
vt 0.922374 0.218240
vt 0.923300 0.681701
vt 0.911497 0.685457
vt 0.910520 0.681701
vt 0.913073 0.143266
vt 0.910520 0.136792
vt 0.923633 0.136792
vt 0.910520 0.889580
vt 0.911014 0.882637
vt 0.922946 0.889580
vt 0.924061 0.448564
vt 0.924061 0.441600
vt 0.936360 0.445073
vt 0.951002 0.952323
vt 0.956353 0.960881
vt 0.951002 0.964338
vt 0.949134 0.882669
vt 0.957500 0.877143
vt 0.961234 0.882669
vt 0.994668 0.054301
vt 0.984674 0.047632
vt 0.994767 0.047632
vt 0.936398 0.761957
vt 0.927930 0.767645
vt 0.924061 0.761957
vt 0.984745 0.208625
vt 0.994700 0.215503
vt 0.984674 0.215503
vt 0.924061 0.659282
vt 0.936398 0.659282
vt 0.927997 0.665068
vt 0.865378 0.952323
vt 0.870729 0.960881
vt 0.865378 0.964338
vt 0.531241 0.986940
vt 0.537418 0.976687
vt 0.537612 0.986940
vt 0.949134 0.921353
vt 0.957500 0.915827
vt 0.961234 0.921353
vt 0.713220 0.964338
vt 0.713220 0.952323
vt 0.718822 0.960719
vt 0.924061 0.716456
vt 0.932529 0.710769
vt 0.936398 0.716456
vt 0.961234 0.749165
vt 0.949134 0.749165
vt 0.957383 0.743465
vt 0.642780 0.976728
vt 0.635781 0.986888
vt 0.635781 0.976687
vt 0.961514 0.585772
vt 0.970396 0.580646
vt 0.973485 0.585772
vt 0.984087 0.583070
vt 0.973695 0.577087
vt 0.984223 0.577087
vt 0.940299 0.960881
vt 0.934947 0.964338
vt 0.934947 0.952323
vt 0.973484 0.371205
vt 0.961514 0.371205
vt 0.970197 0.365748
vt 0.949134 0.860564
vt 0.957500 0.855038
vt 0.961234 0.860564
vt 0.741230 0.964338
vt 0.741230 0.952323
vt 0.746832 0.960719
vt 0.924061 0.727831
vt 0.932529 0.722144
vt 0.936398 0.727831
vt 0.984746 0.167355
vt 0.994700 0.174233
vt 0.984674 0.174233
vt 0.628783 0.976728
vt 0.621784 0.986888
vt 0.621784 0.976687
vt 0.961514 0.381495
vt 0.970868 0.376662
vt 0.973505 0.381495
vt 0.984547 0.049541
vt 0.973695 0.044322
vt 0.984547 0.044036
vt 0.970396 0.529391
vt 0.973485 0.534517
vt 0.961514 0.534517
vt 0.984087 0.577087
vt 0.973695 0.571105
vt 0.984223 0.571105
vt 0.961514 0.010703
vt 0.970072 0.005351
vt 0.973529 0.010703
vt 0.505760 0.986822
vt 0.512130 0.976687
vt 0.512130 0.986942
vt 0.949134 0.855038
vt 0.957500 0.849512
vt 0.961234 0.855038
vt 0.994766 0.134334
vt 0.984674 0.127814
vt 0.994766 0.127664
vt 0.924061 0.733519
vt 0.932529 0.727831
vt 0.936398 0.733519
vt 0.984746 0.181112
vt 0.994700 0.187990
vt 0.984674 0.187990
vt 0.656777 0.976687
vt 0.649838 0.986888
vt 0.649779 0.976687
vt 0.923799 0.117861
vt 0.910520 0.117861
vt 0.922006 0.113990
vt 0.961514 0.940306
vt 0.961514 0.936046
vt 0.973451 0.938146
vt 0.306893 0.939948
vt 0.306893 0.952079
vt 0.299974 0.951286
vt 0.959727 0.360923
vt 0.961336 0.364874
vt 0.949134 0.364874
vt 0.971417 0.298155
vt 0.973555 0.302600
vt 0.961514 0.302600
vt 0.495043 0.964752
vt 0.490112 0.975913
vt 0.490112 0.964607
vt 0.961514 0.395990
vt 0.970868 0.391158
vt 0.973505 0.395990
vt 0.984547 0.055045
vt 0.973695 0.049827
vt 0.984547 0.049541
vt 0.961514 0.483261
vt 0.970396 0.478136
vt 0.973485 0.483261
vt 0.973505 0.317551
vt 0.961514 0.317551
vt 0.970638 0.312298
vt 0.940299 0.952323
vt 0.945650 0.960880
vt 0.940299 0.964338
vt 0.505760 0.976807
vt 0.499390 0.986942
vt 0.499390 0.976687
vt 0.949134 0.943458
vt 0.957500 0.937932
vt 0.961233 0.943458
vt 0.730026 0.964338
vt 0.730026 0.952323
vt 0.735628 0.960719
vt 0.924061 0.796083
vt 0.932530 0.790395
vt 0.936398 0.796083
vt 0.994699 0.284290
vt 0.984674 0.277516
vt 0.994699 0.277412
vt 0.593789 0.976728
vt 0.586791 0.986888
vt 0.586791 0.976687
vt 0.961334 0.428209
vt 0.949134 0.428209
vt 0.959729 0.424263
vt 0.973556 0.267034
vt 0.961514 0.267034
vt 0.971417 0.262588
vt 0.529573 0.964607
vt 0.534507 0.964607
vt 0.529910 0.975908
vt 0.961514 0.463639
vt 0.973504 0.463639
vt 0.964151 0.468471
vt 0.848418 0.961979
vt 0.843457 0.964364
vt 0.843457 0.952323
vt 0.973485 0.544768
vt 0.961514 0.544768
vt 0.970397 0.539643
vt 0.973695 0.636912
vt 0.973831 0.630930
vt 0.984223 0.636912
vt 0.886784 0.952323
vt 0.892135 0.960881
vt 0.886784 0.964338
vt 0.970196 0.349376
vt 0.973485 0.354833
vt 0.961514 0.354833
vt 0.949134 0.827406
vt 0.957500 0.821880
vt 0.961234 0.827406
vt 0.724424 0.960719
vt 0.718822 0.964338
vt 0.718822 0.952323
vt 0.924061 0.722144
vt 0.932529 0.716456
vt 0.936398 0.722144
vt 0.984674 0.201747
vt 0.984745 0.194868
vt 0.994700 0.201747
vt 0.642780 0.976687
vt 0.649779 0.976687
vt 0.642840 0.986888
vt 0.922007 0.090762
vt 0.923803 0.094633
vt 0.910520 0.094633
vt 0.949134 0.345121
vt 0.959727 0.341169
vt 0.961336 0.345121
vt 0.322404 0.963703
vt 0.318209 0.964445
vt 0.318209 0.952323
vt 0.960437 0.596440
vt 0.949134 0.591250
vt 0.961263 0.591250
vt 0.961514 0.240360
vt 0.971418 0.235914
vt 0.973556 0.240360
vt 0.460526 0.964607
vt 0.465457 0.964752
vt 0.460526 0.975913
vt 0.961514 0.424983
vt 0.970867 0.420151
vt 0.973505 0.424983
vt 0.826497 0.954709
vt 0.831458 0.952323
vt 0.831458 0.964365
vt 0.961514 0.539643
vt 0.970396 0.534517
vt 0.973485 0.539643
vt 0.973695 0.618965
vt 0.973831 0.612982
vt 0.984223 0.618965
vt 0.881432 0.952323
vt 0.886784 0.960881
vt 0.881432 0.964338
vt 0.461169 0.976687
vt 0.467540 0.976808
vt 0.461169 0.986942
vt 0.949134 0.849512
vt 0.957500 0.843985
vt 0.961234 0.849512
vt 0.984674 0.127665
vt 0.984674 0.120995
vt 0.994766 0.127516
vt 0.924061 0.750582
vt 0.932529 0.744895
vt 0.936398 0.750582
vt 0.994699 0.229261
vt 0.994699 0.236139
vt 0.984674 0.229365
vt 0.663776 0.986888
vt 0.656777 0.986888
vt 0.663716 0.976687
vt 0.961336 0.333271
vt 0.950741 0.337218
vt 0.949134 0.333271
vt 0.961514 0.253697
vt 0.973556 0.253697
vt 0.963652 0.258143
vt 0.450663 0.964607
vt 0.455594 0.964753
vt 0.450663 0.975914
vt 0.973504 0.478136
vt 0.961514 0.478136
vt 0.970867 0.473304
vt 0.984547 0.011006
vt 0.984547 0.016511
vt 0.973695 0.011292
vt 0.961514 0.560145
vt 0.970397 0.555019
vt 0.973485 0.560145
vt 0.973695 0.672816
vt 0.973695 0.666832
vt 0.984220 0.672576
vt 0.897487 0.955781
vt 0.902838 0.952323
vt 0.964802 0.360291
vt 0.961514 0.354833
vt 0.973485 0.354833
vt 0.949134 0.838459
vt 0.957500 0.832933
vt 0.961234 0.838459
vt 0.730026 0.960719
vt 0.724424 0.964338
vt 0.724424 0.952323
vt 0.924061 0.739207
vt 0.932529 0.733519
vt 0.936398 0.739207
vt 0.984674 0.243018
vt 0.984674 0.236139
vt 0.994699 0.242914
vt 0.705768 0.986888
vt 0.698770 0.986888
vt 0.705709 0.976687
vt 0.042581 0.964607
vt 0.046844 0.964607
vt 0.042973 0.976426
vt 0.961334 0.436104
vt 0.949134 0.436104
vt 0.959730 0.432155
vt 0.910520 0.074606
vt 0.921408 0.069992
vt 0.923798 0.074606
vt 0.961514 0.227022
vt 0.971418 0.222576
vt 0.973556 0.227022
vt 0.495043 0.964607
vt 0.499974 0.964753
vt 0.495043 0.975912
vt 0.961514 0.439479
vt 0.970867 0.434647
vt 0.973505 0.439479
vt 0.807462 0.954709
vt 0.812423 0.952323
vt 0.812423 0.964365
vt 0.961514 0.590898
vt 0.970396 0.585772
vt 0.973484 0.590898
vt 0.964381 0.328056
vt 0.961514 0.322804
vt 0.973505 0.322804
vt 0.961514 0.026757
vt 0.970072 0.021406
vt 0.973529 0.026757
vt 0.563098 0.976687
vt 0.569468 0.976687
vt 0.563291 0.986940
vt 0.949134 0.893722
vt 0.957500 0.888195
vt 0.961234 0.893722
vt 0.752434 0.955942
vt 0.758036 0.952323
vt 0.758036 0.964338
vt 0.924061 0.761957
vt 0.932529 0.756270
vt 0.936398 0.761957
vt 0.952985 0.743465
vt 0.949134 0.737766
vt 0.961234 0.737766
vt 0.684772 0.986888
vt 0.677774 0.986888
vt 0.684712 0.976687
vt 0.949134 0.341169
vt 0.959727 0.337218
vt 0.961336 0.341169
vt 0.922006 0.117861
vt 0.923798 0.121732
vt 0.910520 0.121732
vt 0.973556 0.275925
vt 0.961514 0.275925
vt 0.971417 0.271480
vt 0.499974 0.964607
vt 0.504907 0.964607
vt 0.500308 0.975908
vt 0.961514 0.429815
vt 0.970868 0.424983
vt 0.973505 0.429815
vt 0.958493 0.964607
vt 0.963996 0.964752
vt 0.958493 0.975462
vt 0.961514 0.514015
vt 0.970396 0.508889
vt 0.973485 0.514015
vt 0.970638 0.317551
vt 0.973505 0.322804
vt 0.961514 0.322804
vt 0.913542 0.964338
vt 0.908190 0.955781
vt 0.913542 0.952323
vt 0.550355 0.976687
vt 0.556726 0.976687
vt 0.550548 0.986940
vt 0.949134 0.821880
vt 0.957500 0.816354
vt 0.961234 0.821880
vt 0.984674 0.047632
vt 0.984772 0.040963
vt 0.994767 0.047632
vt 0.924061 0.688018
vt 0.932529 0.682330
vt 0.936398 0.688018
vt 0.984674 0.249897
vt 0.984674 0.243018
vt 0.994699 0.249793
vt 0.691771 0.986888
vt 0.691711 0.976687
vt 0.201632 0.952323
vt 0.205823 0.953083
vt 0.201632 0.964456
vt 0.209875 0.951284
vt 0.216794 0.939948
vt 0.216794 0.952081
vt 0.961335 0.412933
vt 0.949134 0.412933
vt 0.959730 0.408987
vt 0.961514 0.284817
vt 0.971417 0.280372
vt 0.973556 0.284817
vt 0.509840 0.964607
vt 0.505244 0.975908
vt 0.961514 0.400822
vt 0.970867 0.395990
vt 0.973505 0.400822
vt 0.865378 0.961978
vt 0.860417 0.964364
vt 0.860417 0.952323
vt 0.961514 0.555019
vt 0.970397 0.549894
vt 0.973485 0.555019
vt 0.973695 0.595034
vt 0.973831 0.589052
vt 0.984223 0.595034
vt 0.961514 0.021406
vt 0.970072 0.016055
vt 0.973529 0.021406
vt 0.512130 0.976687
vt 0.518500 0.976807
vt 0.512130 0.986942
vt 0.949134 0.888195
vt 0.957500 0.882669
vt 0.961234 0.888195
vt 0.984674 0.034294
vt 0.984773 0.027626
vt 0.994767 0.034294
vt 0.924061 0.756270
vt 0.932529 0.750582
vt 0.936398 0.756270
vt 0.984674 0.263654
vt 0.984674 0.256775
vt 0.994699 0.263549
vt 0.705768 0.976687
vt 0.712767 0.976687
vt 0.705828 0.986888
vt 0.922007 0.102375
vt 0.923801 0.106247
vt 0.910520 0.106247
vt 0.961336 0.321415
vt 0.950743 0.325368
vt 0.949134 0.321415
vt 0.330795 0.963706
vt 0.326600 0.964444
vt 0.326600 0.952323
vt 0.949134 0.315836
vt 0.961187 0.314457
vt 0.961187 0.321415
vt 0.973695 0.060264
vt 0.973695 0.055331
vt 0.984547 0.060550
vt 0.519707 0.964606
vt 0.524640 0.964606
vt 0.520040 0.975908
vt 0.970868 0.405655
vt 0.973505 0.410487
vt 0.970396 0.493512
vt 0.973485 0.498638
vt 0.961514 0.498638
vt 0.973695 0.607000
vt 0.973832 0.601017
vt 0.984223 0.607000
vt 0.984674 0.094168
vt 0.984674 0.087796
vt 0.994766 0.094317
vt 0.493020 0.976687
vt 0.499390 0.976807
vt 0.493020 0.986942
vt 0.957500 0.871617
vt 0.961234 0.877143
vt 0.949134 0.877143
vt 0.994766 0.087647
vt 0.670715 0.986888
vt 0.663836 0.986888
vt 0.670775 0.976687
vt 0.957383 0.726367
vt 0.961234 0.732066
vt 0.949134 0.732066
vt 0.663776 0.976687
vt 0.961335 0.382381
vt 0.949134 0.382381
vt 0.959730 0.378435
vt 0.961514 0.298155
vt 0.971417 0.293709
vt 0.973556 0.298155
vt 0.959476 0.119023
vt 0.961335 0.123593
vt 0.949134 0.123593
vt 0.961514 0.449143
vt 0.970867 0.444310
vt 0.973505 0.449143
vt 0.973695 0.033026
vt 0.973695 0.027521
vt 0.984547 0.032739
vt 0.961514 0.580646
vt 0.970397 0.575521
vt 0.973484 0.580646
vt 0.973695 0.624947
vt 0.973831 0.618965
vt 0.984223 0.624947
vt 0.913542 0.952323
vt 0.918893 0.960881
vt 0.913542 0.964338
vt 0.480280 0.976687
vt 0.486650 0.976807
vt 0.480280 0.986942
vt 0.949134 0.915827
vt 0.957500 0.910301
vt 0.961234 0.915827
vt 0.984674 0.067638
vt 0.984772 0.060970
vt 0.994767 0.067638
vt 0.924061 0.790396
vt 0.932529 0.784708
vt 0.936398 0.790396
vt 0.957383 0.732066
vt 0.961234 0.737766
vt 0.949134 0.737766
vt 0.628783 0.976687
vt 0.635781 0.976728
vt 0.628783 0.986888
vt 0.922008 0.098504
vt 0.923802 0.102375
vt 0.910520 0.102375
vt 0.949134 0.333271
vt 0.959727 0.329320
vt 0.961336 0.333271
vt 0.961514 0.925657
vt 0.961514 0.921397
vt 0.973454 0.923497
vt 0.202963 0.951288
vt 0.209875 0.939948
vt 0.209875 0.952082
vt 0.961514 0.293709
vt 0.971417 0.289263
vt 0.973556 0.293709
vt 0.509840 0.964607
vt 0.514773 0.964607
vt 0.510173 0.975908
vt 0.961514 0.386327
vt 0.970868 0.381494
vt 0.973505 0.386327
vt 0.973695 0.005503
vt 0.973840 -0.000000
vt 0.984550 0.005503
vt 0.970396 0.498638
vt 0.973485 0.503764
vt 0.973695 0.601017
vt 0.973831 0.595034
vt 0.984223 0.601017
vt 0.870729 0.952323
vt 0.876081 0.960881
vt 0.870729 0.964338
vt 0.524871 0.976687
vt 0.531241 0.976807
vt 0.524871 0.986942
vt 0.949134 0.871617
vt 0.957500 0.866090
vt 0.961234 0.871617
vt 0.994766 0.067638
vt 0.994766 0.074308
vt 0.984674 0.067788
vt 0.924061 0.699393
vt 0.932529 0.693705
vt 0.936398 0.699393
vt 0.994699 0.270533
vt 0.994699 0.277412
vt 0.984674 0.270638
vt 0.698770 0.986888
vt 0.691771 0.986888
vt 0.698710 0.976687
vt 0.961335 0.397657
vt 0.949134 0.397657
vt 0.959730 0.393711
vt 0.973556 0.289263
vt 0.961514 0.289263
vt 0.971417 0.284817
vt 0.480250 0.964606
vt 0.485181 0.964753
vt 0.480250 0.975913
vt 0.973504 0.473304
vt 0.961514 0.473304
vt 0.970868 0.468471
vt 0.860417 0.961979
vt 0.855456 0.964364
vt 0.855456 0.952323
vt 0.961514 0.565270
vt 0.970396 0.560145
vt 0.973485 0.565270
vt 0.973695 0.666832
vt 0.973695 0.660848
vt 0.984220 0.666592
vt 0.945650 0.952323
vt 0.951002 0.960881
vt 0.945650 0.964338
vt 0.970197 0.360291
vt 0.973485 0.365748
vt 0.961514 0.365748
vt 0.949134 0.910300
vt 0.957500 0.904774
vt 0.961234 0.910300
vt 0.984674 0.040963
vt 0.984773 0.034294
vt 0.994767 0.040963
vt 0.924061 0.744895
vt 0.932530 0.739207
vt 0.936398 0.744895
vt 0.957383 0.749165
vt 0.961234 0.754864
vt 0.949134 0.754864
vt 0.600788 0.976687
vt 0.607786 0.976728
vt 0.600788 0.986888
vt 0.922007 0.106247
vt 0.923800 0.110119
vt 0.910520 0.110119
vt 0.949134 0.349073
vt 0.959727 0.345121
vt 0.961336 0.349073
vt 0.326600 0.963707
vt 0.322404 0.964445
vt 0.322404 0.952323
vt 0.961188 0.305917
vt 0.949134 0.300342
vt 0.961188 0.298957
vt 0.961514 0.244805
vt 0.971418 0.240360
vt 0.973556 0.244805
vt 0.475319 0.964607
vt 0.480250 0.964752
vt 0.475319 0.975913
vt 0.961514 0.420151
vt 0.970867 0.415319
vt 0.973505 0.420151
vt 0.963996 0.964606
vt 0.969499 0.964751
vt 0.963996 0.975462
vt 0.961514 0.524266
vt 0.970397 0.519140
vt 0.973485 0.524266
vt 0.973695 0.654864
vt 0.973695 0.648880
vt 0.984220 0.654625
vt 0.961514 0.032109
vt 0.970072 0.026757
vt 0.973529 0.032109
vt 0.970197 0.343919
vt 0.973485 0.349376
vt 0.961514 0.349376
vt 0.961234 0.860564
vt 0.952868 0.866090
vt 0.949134 0.860564
vt 0.752434 0.960719
vt 0.746832 0.964338
vt 0.746832 0.952323
vt 0.924061 0.784708
vt 0.932529 0.779020
vt 0.936398 0.784708
vt 0.994699 0.215503
vt 0.994699 0.222382
vt 0.984674 0.215608
vt 0.607786 0.976687
vt 0.614785 0.976728
vt 0.607786 0.986888
vt 0.949134 0.374489
vt 0.961335 0.374489
vt 0.950739 0.378435
vt 0.961514 0.249251
vt 0.973556 0.249251
vt 0.963652 0.253697
vt 0.485181 0.964607
vt 0.490112 0.964753
vt 0.485181 0.975913
vt 0.973505 0.458807
vt 0.961514 0.458807
vt 0.970868 0.453975
vt 0.947487 0.964607
vt 0.952990 0.964752
vt 0.947487 0.975462
vt 0.973485 0.519140
vt 0.961514 0.519140
vt 0.970397 0.514015
vt 0.970638 0.328056
vt 0.973505 0.333309
vt 0.918893 0.952323
vt 0.924245 0.960881
vt 0.918893 0.964338
vt 0.556726 0.976687
vt 0.563098 0.976687
vt 0.556920 0.986940
vt 0.949134 0.904774
vt 0.957500 0.899248
vt 0.961234 0.904774
vt 0.984674 0.100986
vt 0.984674 0.094317
vt 0.994766 0.100837
vt 0.936398 0.699393
vt 0.927930 0.705081
vt 0.924061 0.699393
vt 0.984674 0.194868
vt 0.984746 0.187990
vt 0.994700 0.194868
vt 0.614785 0.976687
vt 0.621784 0.976728
vt 0.614785 0.986888
vt 0.922007 0.110119
vt 0.923800 0.113990
vt 0.910520 0.113990
vt 0.961336 0.353024
vt 0.950743 0.356976
vt 0.949134 0.353024
vt 0.961514 0.934176
vt 0.961514 0.929916
vt 0.973452 0.932016
vt 0.299974 0.939948
vt 0.299974 0.952080
vt 0.293060 0.951289
vt 0.961514 0.231468
vt 0.971418 0.227022
vt 0.973556 0.231468
vt 0.524640 0.964607
vt 0.529573 0.964607
vt 0.524974 0.975908
vt 0.961514 0.391158
vt 0.970867 0.386327
vt 0.973505 0.391158
vt 0.973695 0.038531
vt 0.973695 0.033026
vt 0.984547 0.038246
vt 0.961514 0.575521
vt 0.970396 0.570396
vt 0.973485 0.575521
vt 0.973695 0.589052
vt 0.973831 0.583070
vt 0.984223 0.589052
vt 0.876081 0.952323
vt 0.881432 0.960881
vt 0.876081 0.964338
vt 0.473910 0.976687
vt 0.480280 0.976807
vt 0.473910 0.986942
vt 0.949134 0.843985
vt 0.957500 0.838459
vt 0.961234 0.843985
vt 0.984674 0.114326
vt 0.984674 0.107656
vt 0.994766 0.114176
vt 0.924061 0.710769
vt 0.932529 0.705081
vt 0.936398 0.710769
vt 0.984674 0.270533
vt 0.984674 0.263654
vt 0.994699 0.270428
vt 0.932462 0.653495
vt 0.936398 0.659282
vt 0.924061 0.659282
vt 0.961334 0.445715
vt 0.949134 0.445715
vt 0.959730 0.441769
vt 0.973555 0.307046
vt 0.961514 0.307046
vt 0.971417 0.302600
vt 0.959476 0.123593
vt 0.961334 0.128162
vt 0.949134 0.128162
vt 0.961514 0.444310
vt 0.970868 0.439479
vt 0.973505 0.444310
vt 0.973695 0.011006
vt 0.973840 0.005503
vt 0.984550 0.011006
vt 0.961514 0.570396
vt 0.970396 0.565270
vt 0.973485 0.570396
vt 0.973695 0.642896
vt 0.973695 0.636912
vt 0.984220 0.642656
vt 0.929596 0.952323
vt 0.934947 0.960881
vt 0.929596 0.964338
vt 0.518500 0.976687
vt 0.524871 0.976807
vt 0.518500 0.986942
vt 0.961233 0.893722
vt 0.952868 0.899248
vt 0.949134 0.893722
vt 0.735628 0.955942
vt 0.741230 0.952323
vt 0.741230 0.964338
vt 0.924061 0.813146
vt 0.932530 0.807458
vt 0.936398 0.813146
vt 0.984674 0.256776
vt 0.994699 0.256671
vt 0.670775 0.976687
vt 0.677774 0.976687
vt 0.670835 0.986888
vt 0.922008 0.094633
vt 0.923802 0.098504
vt 0.910520 0.098504
vt 0.949134 0.329320
vt 0.959727 0.325368
vt 0.961336 0.329320
vt 0.961514 0.929916
vt 0.973454 0.927757
vt 0.202963 0.939948
vt 0.202963 0.952082
vt 0.196045 0.951289
vt 0.973556 0.244806
vt 0.963653 0.249251
vt 0.961514 0.244806
vt 0.514773 0.964607
vt 0.519707 0.964607
vt 0.515107 0.975908
vt 0.961514 0.405655
vt 0.970868 0.400822
vt 0.973505 0.405655
vt 0.836419 0.961978
vt 0.831458 0.964364
vt 0.831458 0.952323
vt 0.973485 0.544768
vt 0.964602 0.549894
vt 0.973695 0.648880
vt 0.973695 0.642896
vt 0.984220 0.648640
vt 0.961514 0.005351
vt 0.970072 0.000000
vt 0.973529 0.005351
vt 0.486650 0.976687
vt 0.493020 0.976807
vt 0.486650 0.986942
vt 0.949134 0.816354
vt 0.957500 0.810828
vt 0.961234 0.816354
vt 0.984674 0.141004
vt 0.984674 0.134334
vt 0.994766 0.140854
vt 0.924061 0.779020
vt 0.932529 0.773332
vt 0.936398 0.779020
vt 0.984674 0.229261
vt 0.984674 0.222382
vt 0.994699 0.229156
vt 0.927997 0.670855
vt 0.924061 0.665069
vt 0.936398 0.665069
vt 0.961334 0.432155
vt 0.949134 0.432155
vt 0.959730 0.428209
vt 0.961514 0.271480
vt 0.971417 0.267034
vt 0.973556 0.271480
vt 0.465457 0.964607
vt 0.470387 0.964754
vt 0.465457 0.975913
vt 0.961514 0.434647
vt 0.970868 0.429815
vt 0.973505 0.434647
vt 0.973695 0.044036
vt 0.973695 0.038531
vt 0.984547 0.043750
vt 0.961514 0.493512
vt 0.970397 0.488387
vt 0.973485 0.493512
vt 0.973695 0.660848
vt 0.973695 0.654864
vt 0.984220 0.660609
vt 0.961514 0.032109
vt 0.973529 0.032109
vt 0.964972 0.037460
vt 0.467540 0.976687
vt 0.473909 0.976807
vt 0.467540 0.986942
vt 0.961234 0.827406
vt 0.952868 0.832933
vt 0.949134 0.827406
vt 0.984674 0.120995
vt 0.984674 0.114325
vt 0.994766 0.120845
vt 0.924061 0.693705
vt 0.932529 0.688018
vt 0.936398 0.693705
vt 0.984674 0.181112
vt 0.984746 0.174233
vt 0.994700 0.181112
vt 0.932462 0.647708
vt 0.936398 0.653495
vt 0.924061 0.653495
vt 0.922010 0.086891
vt 0.923804 0.090762
vt 0.910520 0.090762
vt 0.949134 0.353024
vt 0.959728 0.349073
vt 0.961336 0.353024
vt 0.216865 0.952323
vt 0.221059 0.953079
vt 0.216865 0.964454
vt 0.961514 0.262588
vt 0.971417 0.258143
vt 0.973556 0.262588
vt 0.959476 0.114454
vt 0.961336 0.119023
vt 0.949134 0.119023
vt 0.973504 0.463639
vt 0.961514 0.463639
vt 0.970867 0.458807
vt 0.984547 0.016511
vt 0.984547 0.022016
vt 0.973695 0.016797
vt 0.961514 0.488387
vt 0.970397 0.483261
vt 0.973485 0.488387
vt 0.973695 0.630930
vt 0.973832 0.624947
vt 0.984223 0.630930
vt 0.973529 0.010703
vt 0.964972 0.016055
vt 0.961514 0.010703
vt 0.537612 0.976687
vt 0.543984 0.976687
vt 0.537806 0.986940
vt 0.961233 0.926879
vt 0.952868 0.932405
vt 0.949134 0.926879
vt 0.984674 0.060970
vt 0.984772 0.054301
vt 0.994767 0.060970
vt 0.924061 0.807458
vt 0.932529 0.801771
vt 0.936398 0.807458
vt 0.984674 0.298047
vt 0.984674 0.291169
vt 0.994699 0.297943
vt 0.932462 0.670855
vt 0.936398 0.676642
vt 0.924061 0.676642
vt 0.949134 0.360923
vt 0.959729 0.356976
vt 0.961336 0.360923
vt 0.949134 0.937932
vt 0.957500 0.932405
vt 0.961234 0.937932
vt 0.924061 0.801771
vt 0.932529 0.796083
vt 0.936398 0.801771
vt 0.984674 0.291169
vt 0.984674 0.284290
vt 0.994699 0.291064
vt 0.593789 0.976687
vt 0.600788 0.976728
vt 0.593789 0.986888
vt 0.216298 0.998244
vt 0.216298 0.996311
vt 0.217139 0.997588
vt 0.432532 0.997577
vt 0.432532 0.996311
vt 0.432738 0.996530
vt 0.405621 0.997749
vt 0.404780 0.996472
vt 0.405621 0.996311
vt 0.221150 0.996311
vt 0.222016 0.997301
vt 0.221150 0.998223
vt 0.558664 0.996366
vt 0.558659 0.996622
vt 0.558659 0.996311
vt 0.560001 0.996396
vt 0.560004 0.996311
vt 0.560004 0.996451
vt 0.461505 0.997384
vt 0.559311 0.996559
vt 0.559243 0.996559
vt 0.559264 0.996311
vt 0.349393 0.996311
vt 0.349414 0.997827
vt 0.349393 0.997963
vt 0.551336 0.996981
vt 0.551336 0.996311
vt 0.551439 0.996713
vt 0.190802 0.988743
vt 0.189103 0.995486
vt 0.189103 0.987242
vt 0.924061 0.341544
vt 0.925846 0.340146
vt 0.936666 0.341544
vt 0.146882 0.987242
vt 0.148361 0.988864
vt 0.146882 0.995659
vt 0.168849 0.952323
vt 0.168849 0.964249
vt 0.160432 0.964249
vt 0.923125 0.447168
vt 0.923125 0.459094
vt 0.910520 0.459093
vt 0.160432 0.952323
vt 0.318209 0.952323
vt 0.318209 0.964249
vt 0.309965 0.964249
vt 0.984605 0.304122
vt 0.973695 0.304122
vt 0.983889 0.302666
vt 0.853112 0.951874
vt 0.842815 0.939948
vt 0.853112 0.939948
vt 0.171327 0.965965
vt 0.169603 0.974904
vt 0.169603 0.964607
vt 0.171010 0.976473
vt 0.531898 0.951874
vt 0.542410 0.939948
vt 0.542410 0.951874
vt 0.531898 0.939948
vt 0.884004 0.951874
vt 0.873707 0.939948
vt 0.884004 0.939948
vt 0.309965 0.952323
vt 0.873707 0.951874
vt 0.049769 0.821414
vt 0.049279 0.812197
vt 0.051725 0.822199
vt 0.760436 0.951874
vt 0.750139 0.939948
vt 0.760436 0.939948
vt 0.750139 0.951874
vt 0.047293 0.806933
vt 0.834665 0.878866
vt 0.822740 0.878866
vt 0.822740 0.864175
vt 0.834665 0.864175
vt 0.049278 0.799851
vt 0.910520 0.735727
vt 0.922866 0.747653
vt 0.910520 0.747653
vt 0.922866 0.735727
vt 0.048950 0.794470
vt 0.539200 0.848120
vt 0.547124 0.854553
vt 0.539200 0.864314
vt 0.910520 0.261138
vt 0.921594 0.249323
vt 0.923210 0.261138
vt 0.806774 0.945911
vt 0.801625 0.939948
vt 0.806774 0.939948
vt 0.050502 0.794850
vt 0.049243 0.794542
vt 0.801625 0.951874
vt 0.811923 0.939948
vt 0.051725 0.789849
vt 0.329201 0.823315
vt 0.326311 0.811080
vt 0.328992 0.817928
vt 0.903247 0.992633
vt 0.903247 0.987242
vt 0.903535 0.992543
vt 0.923093 0.595397
vt 0.910520 0.585191
vt 0.923093 0.585191
vt 0.327762 0.805644
vt 0.922866 0.723802
vt 0.922866 0.735727
vt 0.910520 0.735727
vt 0.811923 0.951874
vt 0.327332 0.796424
vt 0.626778 0.879004
vt 0.638703 0.864313
vt 0.638703 0.879004
vt 0.910520 0.237507
vt 0.923210 0.237507
vt 0.921594 0.249323
vt 0.329201 0.795448
vt 0.770734 0.939948
vt 0.770734 0.951874
vt 0.760436 0.951874
vt 0.910520 0.723802
vt 0.173367 0.976473
vt 0.173050 0.965965
vt 0.174774 0.974904
vt 0.500359 0.951874
vt 0.489847 0.951874
vt 0.489847 0.939948
vt 0.626778 0.864313
vt 0.174774 0.964607
vt 0.904598 0.951874
vt 0.904598 0.939948
vt 0.914895 0.939948
vt 0.760436 0.939948
vt 0.152799 0.987242
vt 0.152799 0.995659
vt 0.151320 0.988864
vt 0.192502 0.993985
vt 0.190802 0.995486
vt 0.190802 0.987242
vt 0.301721 0.952323
vt 0.301721 0.964249
vt 0.914895 0.951874
vt 0.309965 0.952323
vt 0.135183 0.952323
vt 0.143600 0.964249
vt 0.135183 0.964249
vt 0.500359 0.939948
vt 0.936666 0.340146
vt 0.924061 0.340146
vt 0.934881 0.338748
vt 0.973695 0.299752
vt 0.974411 0.298296
vt 0.984605 0.299752
vt 0.150001 0.864003
vt 0.142206 0.854977
vt 0.150001 0.848247
vt 0.910520 0.411392
vt 0.923125 0.423317
vt 0.910520 0.423317
vt 0.143600 0.952323
vt 0.249628 0.996311
vt 0.250254 0.997783
vt 0.249628 0.998155
vt 0.652217 0.993468
vt 0.652217 0.987242
vt 0.653763 0.987653
vt 0.246030 0.996311
vt 0.246030 0.998155
vt 0.245273 0.996736
vt 0.152029 0.976532
vt 0.152896 0.964607
vt 0.152896 0.976532
vt 0.611189 0.964248
vt 0.619032 0.962602
vt 0.617206 0.964209
vt 0.619107 0.954339
vt 0.611189 0.952323
vt 0.137778 0.964607
vt 0.137778 0.976554
vt 0.137052 0.976510
vt 0.658396 0.987242
vt 0.658396 0.993468
vt 0.656852 0.993052
vt 0.248710 0.993123
vt 0.247466 0.995293
vt 0.247466 0.987242
vt 0.653084 0.962459
vt 0.645206 0.952323
vt 0.653071 0.954042
vt 0.645206 0.964248
vt 0.296110 0.997986
vt 0.296599 0.996455
vt 0.297648 0.997992
vt 0.297648 0.996311
vt 0.067335 0.976579
vt 0.067335 0.964607
vt 0.068390 0.976485
vt 0.139230 0.964607
vt 0.139955 0.964651
vt 0.139230 0.976554
vt 0.072609 0.964607
vt 0.073663 0.976485
vt 0.072609 0.976579
vt 0.096437 0.976532
vt 0.096437 0.964607
vt 0.097974 0.964607
vt 0.152029 0.964607
vt 0.284079 0.794576
vt 0.285957 0.794237
vt 0.285630 0.795088
vt 0.090007 0.976567
vt 0.090007 0.964607
vt 0.090915 0.964676
vt 0.284944 0.792895
vt 0.285639 0.795881
vt 0.145238 0.964639
vt 0.144446 0.976542
vt 0.144446 0.964607
vt 0.123992 0.976504
vt 0.122768 0.976536
vt 0.122768 0.964607
vt 0.973571 0.942176
vt 0.973292 0.944045
vt 0.961514 0.942176
vt 0.016322 0.976631
vt 0.016322 0.964607
vt 0.017841 0.976435
vt 0.973571 0.961164
vt 0.961514 0.961164
vt 0.961775 0.959410
vt 0.284339 0.809246
vt 0.285957 0.809108
vt 0.638795 0.855861
vt 0.647888 0.848119
vt 0.647888 0.865471
vt 0.115629 0.964653
vt 0.114506 0.976542
vt 0.114506 0.964607
vt 0.484964 0.879058
vt 0.484964 0.864386
vt 0.496889 0.864386
vt 0.286135 0.876222
vt 0.297917 0.861434
vt 0.298060 0.876222
vt 0.910520 0.375616
vt 0.923125 0.387541
vt 0.910520 0.387541
vt 0.910520 0.447168
vt 0.961059 0.020594
vt 0.961059 0.030891
vt 0.949134 0.030891
vt 0.284079 0.825459
vt 0.284397 0.812232
vt 0.285697 0.825597
vt 0.285957 0.810927
vt 0.801249 0.866978
vt 0.801249 0.848071
vt 0.810503 0.855593
vt 0.506298 0.866173
vt 0.506298 0.850417
vt 0.514092 0.859443
vt 0.586899 0.857731
vt 0.595992 0.848120
vt 0.595992 0.865472
vt 0.910520 0.435243
vt 0.923125 0.435243
vt 0.923125 0.447168
vt 0.923125 0.399466
vt 0.923125 0.411392
vt 0.910520 0.411392
vt 0.284406 0.811439
vt 0.285092 0.809246
vt 0.284079 0.810588
vt 0.961514 0.944045
vt 0.973571 0.944045
vt 0.961792 0.945915
vt 0.307247 0.861435
vt 0.319173 0.861435
vt 0.319029 0.876222
vt 0.144446 0.976509
vt 0.143653 0.976542
vt 0.143653 0.964607
vt 0.116751 0.976496
vt 0.115629 0.976542
vt 0.115629 0.964607
vt 0.298130 0.997845
vt 0.299186 0.996311
vt 0.299179 0.997992
vt 0.011757 0.964606
vt 0.011757 0.976630
vt 0.010233 0.976434
vt 0.973571 0.957656
vt 0.961514 0.957656
vt 0.014802 0.976631
vt 0.013282 0.976435
vt 0.014802 0.964607
vt 0.088189 0.964607
vt 0.089098 0.976497
vt 0.088189 0.976567
vt 0.121545 0.964638
vt 0.120321 0.976536
vt 0.120321 0.964607
vt 0.070500 0.964607
vt 0.071555 0.964700
vt 0.070500 0.976579
vt 0.246786 0.998155
vt 0.246030 0.997730
vt 0.246786 0.996311
vt 0.151161 0.976532
vt 0.150294 0.976532
vt 0.150294 0.964607
vt 0.151161 0.964607
vt 0.250254 0.998155
vt 0.250254 0.996311
vt 0.250881 0.996683
vt 0.162262 0.964607
vt 0.162262 0.976532
vt 0.161534 0.976532
vt 0.074718 0.964607
vt 0.074718 0.976579
vt 0.073663 0.976485
vt 0.140681 0.976554
vt 0.140681 0.964607
vt 0.141406 0.976510
vt 0.727562 0.987242
vt 0.727562 0.993259
vt 0.725962 0.993259
vt 0.619107 0.952323
vt 0.625124 0.952362
vt 0.626951 0.953969
vt 0.627026 0.962232
vt 0.619107 0.964248
vt 0.656852 0.993468
vt 0.655307 0.987659
vt 0.656852 0.987242
vt 0.249954 0.989411
vt 0.248710 0.995293
vt 0.248710 0.987242
vt 0.660961 0.954112
vt 0.660948 0.962529
vt 0.653084 0.964248
vt 0.653084 0.952323
vt 0.370327 0.997911
vt 0.370327 0.996311
vt 0.371012 0.997909
vt 0.289534 0.996559
vt 0.288951 0.998049
vt 0.288951 0.996311
vt 0.617809 0.964014
vt 0.618503 0.963475
vt 0.371012 0.996311
vt 0.371697 0.996311
vt 0.371017 0.997911
vt 0.289534 0.996559
vt 0.290118 0.996311
vt 0.290118 0.998049
vt 0.625727 0.952558
vt 0.626422 0.953097
vt 0.996460 0.880173
vt 0.995002 0.880504
vt 0.995627 0.880223
vt 0.997503 0.880504
vt 0.996045 0.880504
vt 0.996878 0.880555
vt 0.997503 0.880835
vt 0.995002 0.880835
vt 0.259167 0.998115
vt 0.259167 0.996311
vt 0.259946 0.997709
vt 0.363451 0.997911
vt 0.362572 0.997911
vt 0.362616 0.996311
vt 0.263023 0.996311
vt 0.263763 0.997730
vt 0.263023 0.998116
vt 0.263763 0.998116
vt 0.263763 0.996311
vt 0.264502 0.996697
vt 0.355238 0.996311
vt 0.354218 0.997911
vt 0.354218 0.996311
vt 0.344269 0.997911
vt 0.344196 0.996311
vt 0.345290 0.996311
vt 0.356259 0.997911
vt 0.355238 0.997911
vt 0.355238 0.996311
vt 0.345363 0.996311
vt 0.346384 0.997911
vt 0.345290 0.997911
vt 0.161462 0.987242
vt 0.161462 0.995587
vt 0.159878 0.995352
vt 0.181102 0.995505
vt 0.181102 0.987242
vt 0.182701 0.987315
vt 0.172966 0.995576
vt 0.171350 0.995576
vt 0.172532 0.987242
vt 0.172966 0.995576
vt 0.173401 0.987242
vt 0.174583 0.995576
vt 0.347136 0.997820
vt 0.347889 0.996311
vt 0.347889 0.997927
vt 0.618019 0.952647
vt 0.618881 0.953614
vt 0.617040 0.952326
vt 0.346384 0.996419
vt 0.347136 0.996311
vt 0.347136 0.997927
vt 0.626799 0.962957
vt 0.625938 0.963924
vt 0.624958 0.964245
vt 0.333610 0.997913
vt 0.332831 0.996311
vt 0.334135 0.996311
vt 0.651167 0.964244
vt 0.652451 0.963599
vt 0.332306 0.996311
vt 0.332831 0.997913
vt 0.331527 0.997913
vt 0.659045 0.952327
vt 0.660328 0.952972
vt 0.272886 0.996311
vt 0.272886 0.998092
vt 0.271720 0.997527
vt 0.307358 0.996311
vt 0.307358 0.997995
vt 0.306126 0.997597
vt 0.299832 0.996311
vt 0.301200 0.997555
vt 0.299832 0.997995
vt 0.233230 0.996311
vt 0.234475 0.997445
vt 0.233230 0.998160
vt 0.342139 0.996311
vt 0.342139 0.997915
vt 0.341110 0.996379
vt 0.238811 0.996828
vt 0.239704 0.996311
vt 0.239704 0.998160
vt 0.714150 0.992992
vt 0.712578 0.993308
vt 0.712578 0.987242
vt 0.752482 0.987242
vt 0.752073 0.993189
vt 0.750879 0.987242
vt 0.781408 0.987242
vt 0.783007 0.987242
vt 0.781408 0.993093
vt 0.783007 0.993093
vt 0.783007 0.987242
vt 0.784607 0.993093
vt 0.998963 0.270714
vt 0.998123 0.270931
vt 0.998396 0.269218
vt 0.997687 0.269376
vt 0.996592 0.270872
vt 0.996640 0.269218
vt 0.995002 0.270086
vt 0.278850 0.998057
vt 0.277668 0.997739
vt 0.278850 0.996311
vt 0.449671 0.821989
vt 0.451219 0.821181
vt 0.449397 0.823078
vt 0.449734 0.835895
vt 0.448134 0.835620
vt 0.451219 0.846084
vt 0.305155 0.817066
vt 0.305411 0.806160
vt 0.307063 0.804607
vt 0.305155 0.797920
vt 0.343989 0.823020
vt 0.344293 0.816073
vt 0.346137 0.814882
vt 0.345262 0.805821
vt 0.346811 0.804391
vt 0.343989 0.795603
vt 0.067667 0.795108
vt 0.066597 0.785940
vt 0.067667 0.780417
vt 0.356277 0.849463
vt 0.357480 0.856719
vt 0.354933 0.861735
vt 0.357189 0.844149
vt 0.910520 0.879230
vt 0.923210 0.879230
vt 0.910753 0.880934
vt 0.434896 0.986984
vt 0.428933 0.981836
vt 0.434896 0.981836
vt 0.355605 0.844358
vt 0.356889 0.844189
vt 0.434896 0.976687
vt 0.354933 0.839253
vt 0.263383 0.842620
vt 0.263054 0.837239
vt 0.265040 0.830157
vt 0.904113 0.992633
vt 0.903824 0.992543
vt 0.904113 0.987242
vt 0.923210 0.880934
vt 0.922977 0.882637
vt 0.910520 0.880934
vt 0.263054 0.824893
vt 0.509536 0.780644
vt 0.509536 0.795335
vt 0.508465 0.789812
vt 0.356203 0.829035
vt 0.357752 0.830465
vt 0.354930 0.839253
vt 0.357078 0.819974
vt 0.355234 0.818783
vt 0.354930 0.811836
vt 0.194201 0.987242
vt 0.195901 0.988743
vt 0.194201 0.995486
vt 0.458360 0.833362
vt 0.460345 0.820915
vt 0.461445 0.822898
vt 0.459959 0.833088
vt 0.459623 0.845904
vt 0.461445 0.847801
vt 0.459897 0.846994
vt 0.304902 0.996311
vt 0.304449 0.997997
vt 0.303678 0.996311
vt 0.998963 0.268373
vt 0.997373 0.269159
vt 0.997324 0.267505
vt 0.996278 0.267664
vt 0.995842 0.269218
vt 0.995569 0.267505
vt 0.995002 0.269001
vt 0.953710 0.990967
vt 0.953315 0.991481
vt 0.952801 0.991876
vt 0.995002 0.620616
vt 0.998043 0.619981
vt 0.998176 0.620616
vt 0.995002 0.622519
vt 0.998043 0.621885
vt 0.998176 0.622519
vt 0.995002 0.667131
vt 0.998108 0.667784
vt 0.995002 0.667788
vt 0.953710 0.988483
vt 0.954042 0.989725
vt 0.953958 0.990368
vt 0.995002 0.627593
vt 0.998043 0.626959
vt 0.998176 0.627593
vt 0.995002 0.659251
vt 0.998108 0.659903
vt 0.995002 0.659907
vt 0.952202 0.992124
vt 0.951559 0.992209
vt 0.995002 0.616809
vt 0.998043 0.616174
vt 0.998176 0.616809
vt 0.995002 0.665817
vt 0.998108 0.666470
vt 0.995002 0.666474
vt 0.995002 0.616174
vt 0.998043 0.615539
vt 0.998176 0.616174
vt 0.995002 0.668444
vt 0.998108 0.669097
vt 0.995002 0.669101
vt 0.998176 0.627593
vt 0.995135 0.628228
vt 0.995002 0.627593
vt 0.995002 0.660564
vt 0.998108 0.661216
vt 0.995002 0.661221
vt 0.953958 0.989082
vt 0.995002 0.626325
vt 0.998043 0.625691
vt 0.998176 0.626325
vt 0.995003 0.661220
vt 0.998109 0.661877
vt 0.995002 0.661877
vt 0.950917 0.992124
vt 0.949408 0.990967
vt 0.995002 0.628862
vt 0.998043 0.628228
vt 0.998176 0.628862
vt 0.995002 0.669757
vt 0.998109 0.670410
vt 0.995002 0.670414
vt 0.995002 0.625057
vt 0.998043 0.624422
vt 0.998176 0.625057
vt 0.998176 0.612350
vt 0.995002 0.612350
vt 0.998041 0.611707
vt 0.950318 0.991876
vt 0.995002 0.614905
vt 0.998043 0.614270
vt 0.998176 0.614905
vt 0.995003 0.663848
vt 0.998108 0.664504
vt 0.995002 0.664504
vt 0.431046 0.996311
vt 0.431131 0.996954
vt 0.431046 0.997597
vt 0.995002 0.623154
vt 0.998043 0.622519
vt 0.998176 0.623154
vt 0.951559 0.987242
vt 0.952801 0.987575
vt 0.949408 0.988484
vt 0.950317 0.987575
vt 0.998108 0.669758
vt 0.995002 0.669105
vt 0.998108 0.669101
vt 0.949803 0.991481
vt 0.995002 0.624422
vt 0.998043 0.623788
vt 0.998176 0.624422
vt 0.995002 0.610421
vt 0.998176 0.610421
vt 0.995137 0.611064
vt 0.995002 0.618712
vt 0.998043 0.618078
vt 0.998176 0.618712
vt 0.998108 0.671071
vt 0.995002 0.670419
vt 0.998108 0.670415
vt 0.995002 0.621250
vt 0.998043 0.620616
vt 0.998176 0.621250
vt 0.998176 0.611707
vt 0.995002 0.611707
vt 0.998041 0.611064
vt 0.952201 0.987326
vt 0.995002 0.617443
vt 0.998043 0.616808
vt 0.998176 0.617443
vt 0.998108 0.662534
vt 0.995002 0.661882
vt 0.998108 0.661877
vt 0.431215 0.997597
vt 0.431131 0.996954
vt 0.431215 0.996311
vt 0.998176 0.615539
vt 0.995002 0.615539
vt 0.995135 0.614905
vt 0.995002 0.889807
vt 0.996244 0.889475
vt 0.997486 0.889807
vt 0.998176 0.625691
vt 0.995002 0.625691
vt 0.995135 0.625057
vt 0.998108 0.665817
vt 0.995002 0.665165
vt 0.998108 0.665161
vt 0.995002 0.613635
vt 0.995137 0.612993
vt 0.998176 0.613635
vt 0.998176 0.623788
vt 0.995002 0.623788
vt 0.995135 0.623154
vt 0.998108 0.665161
vt 0.995002 0.665157
vt 0.950916 0.987327
vt 0.995002 0.614270
vt 0.998043 0.613636
vt 0.998176 0.614270
vt 0.430961 0.996311
vt 0.431046 0.996954
vt 0.430961 0.997597
vt 0.998176 0.621885
vt 0.995002 0.621885
vt 0.995135 0.621250
vt 0.995002 0.612993
vt 0.995137 0.612350
vt 0.998176 0.612993
vt 0.998176 0.626959
vt 0.995002 0.626959
vt 0.995135 0.626325
vt 0.998108 0.667131
vt 0.995002 0.666478
vt 0.998108 0.666474
vt 0.995003 0.663848
vt 0.995002 0.663191
vt 0.998108 0.663191
vt 0.998176 0.618078
vt 0.995002 0.618078
vt 0.995135 0.617443
vt 0.995003 0.668445
vt 0.995002 0.667788
vt 0.998108 0.667788
vt 0.949803 0.987970
vt 0.998176 0.619347
vt 0.995002 0.619346
vt 0.995135 0.618712
vt 0.995003 0.660564
vt 0.995002 0.659907
vt 0.998108 0.659907
vt 0.998176 0.619981
vt 0.995002 0.619981
vt 0.995135 0.619347
vt 0.995137 0.609778
vt 0.995003 0.663191
vt 0.995002 0.662534
vt 0.998108 0.662534
vt 0.482130 0.997404
vt 0.481473 0.997404
vt 0.481585 0.996311
vt 0.480817 0.997404
vt 0.480160 0.997404
vt 0.480705 0.996311
vt 0.444738 0.996311
vt 0.445126 0.996504
vt 0.444738 0.997533
vt 0.447836 0.997533
vt 0.447448 0.996504
vt 0.447836 0.996311
vt 0.482787 0.997404
vt 0.482130 0.997404
vt 0.482675 0.996311
vt 0.437573 0.997533
vt 0.436985 0.997240
vt 0.437573 0.996311
vt 0.438161 0.997533
vt 0.437573 0.997240
vt 0.438161 0.996311
vt 0.448997 0.996311
vt 0.449385 0.997340
vt 0.448997 0.997532
vt 0.447061 0.996311
vt 0.447448 0.996504
vt 0.447061 0.997533
vt 0.471385 0.996311
vt 0.472038 0.997343
vt 0.471385 0.997410
vt 0.442802 0.996311
vt 0.443190 0.996504
vt 0.442802 0.997533
vt 0.479503 0.997405
vt 0.478846 0.997405
vt 0.479391 0.996311
vt 0.478846 0.997405
vt 0.478189 0.997405
vt 0.478734 0.996311
vt 0.450159 0.996311
vt 0.450546 0.996504
vt 0.450159 0.997532
vt 0.443964 0.997533
vt 0.443577 0.996504
vt 0.443964 0.996311
vt 0.470079 0.996378
vt 0.470732 0.996311
vt 0.470732 0.997410
vt 0.441640 0.996311
vt 0.442028 0.997340
vt 0.441640 0.997533
vt 0.444351 0.996504
vt 0.443964 0.997533
vt 0.471385 0.997343
vt 0.470732 0.997410
vt 0.470732 0.996311
vt 0.436398 0.996604
vt 0.436985 0.996311
vt 0.436985 0.997533
vt 0.481361 0.997404
vt 0.480817 0.996311
vt 0.481473 0.996311
vt 0.446287 0.996311
vt 0.446674 0.996504
vt 0.446287 0.997533
vt 0.476876 0.996311
vt 0.477533 0.996311
vt 0.477421 0.997405
vt 0.442415 0.996311
vt 0.442802 0.997340
vt 0.442415 0.997533
vt 0.442028 0.997340
vt 0.479503 0.996311
vt 0.480160 0.996311
vt 0.479615 0.997404
vt 0.446674 0.996311
vt 0.447061 0.996504
vt 0.446674 0.997533
vt 0.445513 0.996311
vt 0.445900 0.997340
vt 0.445513 0.997533
vt 0.477533 0.996311
vt 0.478189 0.996311
vt 0.477645 0.997405
vt 0.474652 0.997343
vt 0.473999 0.997410
vt 0.473999 0.996311
vt 0.472038 0.996378
vt 0.472692 0.996311
vt 0.472692 0.997410
vt 0.444351 0.996311
vt 0.444738 0.997340
vt 0.444351 0.997533
vt 0.441640 0.997533
vt 0.441253 0.997340
vt 0.441640 0.996311
vt 0.482787 0.996311
vt 0.483444 0.996311
vt 0.482899 0.997404
vt 0.450159 0.997532
vt 0.449772 0.997340
vt 0.450159 0.996311
vt 0.448223 0.996311
vt 0.448610 0.997340
vt 0.448223 0.997533
vt 0.438161 0.996604
vt 0.438749 0.996311
vt 0.438749 0.997533
vt 0.475305 0.996378
vt 0.475958 0.996311
vt 0.475958 0.997410
vt 0.483443 0.996311
vt 0.484100 0.996311
vt 0.483988 0.997404
vt 0.445900 0.996311
vt 0.446287 0.997340
vt 0.445900 0.997533
vt 0.449385 0.996311
vt 0.449772 0.996504
vt 0.449385 0.997532
vt 0.472692 0.996311
vt 0.473345 0.996378
vt 0.472692 0.997410
vt 0.448997 0.997533
vt 0.448610 0.997340
vt 0.448997 0.996311
vt 0.443190 0.996311
vt 0.443577 0.997340
vt 0.443190 0.997533
vt 0.473345 0.996311
vt 0.473999 0.996378
vt 0.473345 0.997410
vt 0.474652 0.996378
vt 0.475305 0.996311
vt 0.475305 0.997410
vt 0.445126 0.996311
vt 0.445513 0.997340
vt 0.445126 0.997533
vt 0.448223 0.997533
vt 0.447836 0.997340
vt 0.373239 0.743700
vt 0.373239 0.766118
vt 0.372807 0.766118
vt 0.345858 0.721652
vt 0.345858 0.744069
vt 0.345425 0.744069
vt 0.345425 0.721652
vt 0.247293 0.749705
vt 0.247293 0.772123
vt 0.246860 0.772123
vt 0.372807 0.743700
vt 0.481666 0.750766
vt 0.481666 0.773183
vt 0.481233 0.773183
vt 0.134924 0.676120
vt 0.134492 0.653707
vt 0.134924 0.653698
vt 0.246860 0.749705
vt 0.285230 0.756893
vt 0.285230 0.779310
vt 0.284798 0.779310
vt 0.284798 0.756893
vt 0.154925 0.772205
vt 0.154925 0.749787
vt 0.155358 0.749787
vt 0.154925 0.727370
vt 0.155357 0.704953
vt 0.155358 0.727370
vt 0.246861 0.727288
vt 0.247293 0.749705
vt 0.246861 0.749705
vt 0.444782 0.722136
vt 0.445214 0.744554
vt 0.444782 0.744554
vt 0.154925 0.749787
vt 0.445214 0.722136
vt 0.246861 0.727288
vt 0.246861 0.704871
vt 0.247293 0.704871
vt 0.247293 0.727288
vt 0.247293 0.727288
vt 0.355023 0.736248
vt 0.355023 0.758666
vt 0.354590 0.758666
vt 0.354590 0.736248
vt 0.354158 0.758666
vt 0.354158 0.736248
vt 0.497509 0.762541
vt 0.497509 0.740123
vt 0.497942 0.740123
vt 0.354590 0.736248
vt 0.497076 0.762541
vt 0.497076 0.740123
vt 0.497509 0.762541
vt 0.445214 0.744554
vt 0.445214 0.722136
vt 0.445647 0.722136
vt 0.497942 0.762541
vt 0.284365 0.779310
vt 0.284365 0.756893
vt 0.360175 0.744552
vt 0.360175 0.722134
vt 0.360608 0.722134
vt 0.445647 0.744554
vt 0.333054 0.755505
vt 0.333054 0.777922
vt 0.332621 0.777922
vt 0.332621 0.755505
vt 0.228146 0.652158
vt 0.227714 0.629745
vt 0.228146 0.629737
vt 0.155358 0.682535
vt 0.154925 0.704953
vt 0.154925 0.682535
vt 0.247293 0.682453
vt 0.247293 0.704871
vt 0.246861 0.704871
vt 0.246861 0.682453
vt 0.345088 0.721652
vt 0.345088 0.744069
vt 0.344655 0.744069
vt 0.052209 0.735227
vt 0.051777 0.757645
vt 0.051777 0.735227
vt 0.389323 0.752346
vt 0.389323 0.774763
vt 0.388890 0.774763
vt 0.388890 0.752346
vt 0.490653 0.720747
vt 0.490653 0.743164
vt 0.490220 0.743164
vt 0.344655 0.721652
vt 0.360608 0.744552
vt 0.360608 0.766969
vt 0.360175 0.766969
vt 0.490220 0.720747
vt 0.994899 0.387710
vt 0.984674 0.387710
vt 0.984718 0.387279
vt 0.994899 0.388570
vt 0.984718 0.389000
vt 0.984674 0.388570
vt 0.984674 0.371372
vt 0.984674 0.369727
vt 0.994846 0.370335
vt 0.994899 0.333361
vt 0.984674 0.333361
vt 0.994732 0.331725
vt 0.984674 0.387279
vt 0.994855 0.386849
vt 0.994899 0.387279
vt 0.984674 0.386849
vt 0.994855 0.386418
vt 0.994899 0.386849
vt 0.994846 0.369727
vt 0.984674 0.368687
vt 0.994846 0.368082
vt 0.984674 0.381253
vt 0.994855 0.380823
vt 0.994899 0.381253
vt 0.984674 0.358211
vt 0.994846 0.359249
vt 0.984674 0.359856
vt 0.984674 0.388140
vt 0.994855 0.387710
vt 0.994899 0.388140
vt 0.984674 0.364791
vt 0.994846 0.365829
vt 0.984674 0.366437
vt 0.984674 0.379963
vt 0.994855 0.379532
vt 0.994899 0.379963
vt 0.994899 0.330088
vt 0.984674 0.330088
vt 0.994732 0.328451
vt 0.984674 0.383836
vt 0.994855 0.383405
vt 0.994899 0.383836
vt 0.994899 0.328451
vt 0.984674 0.328451
vt 0.994732 0.326815
vt 0.984674 0.382114
vt 0.994855 0.381684
vt 0.994899 0.382114
vt 0.984772 0.344457
vt 0.994864 0.346099
vt 0.984674 0.346099
vt 0.984674 0.379532
vt 0.994855 0.379102
vt 0.994899 0.379532
vt 0.994899 0.318631
vt 0.984841 0.320268
vt 0.994899 0.381684
vt 0.984674 0.381684
vt 0.984718 0.381254
vt 0.994899 0.326815
vt 0.984674 0.326815
vt 0.994732 0.325178
vt 0.984674 0.331724
vt 0.984841 0.330088
vt 0.994899 0.331724
vt 0.994899 0.384697
vt 0.984718 0.385127
vt 0.984674 0.384697
vt 0.984674 0.361501
vt 0.994846 0.362540
vt 0.984674 0.363147
vt 0.984674 0.386418
vt 0.994855 0.385988
vt 0.994899 0.386418
vt 0.994899 0.380823
vt 0.984674 0.380823
vt 0.984718 0.380393
vt 0.984674 0.388140
vt 0.994855 0.388570
vt 0.994899 0.325178
vt 0.984674 0.325178
vt 0.994732 0.323541
vt 0.984674 0.323541
vt 0.984841 0.321904
vt 0.994899 0.323541
vt 0.994899 0.379102
vt 0.984674 0.379102
vt 0.984718 0.378672
vt 0.994766 0.342814
vt 0.994864 0.344457
vt 0.984674 0.344457
vt 0.994899 0.385988
vt 0.984674 0.385988
vt 0.984718 0.385557
vt 0.984674 0.364791
vt 0.984674 0.363146
vt 0.994846 0.363752
vt 0.984674 0.382975
vt 0.994855 0.382544
vt 0.994899 0.382975
vt 0.994766 0.339530
vt 0.994864 0.341172
vt 0.984674 0.341172
vt 0.994899 0.321904
vt 0.984674 0.321904
vt 0.994732 0.320268
vt 0.994899 0.382544
vt 0.984674 0.382544
vt 0.984718 0.382114
vt 0.994766 0.347741
vt 0.994864 0.349383
vt 0.984674 0.349383
vt 0.994899 0.380393
vt 0.984674 0.380393
vt 0.984718 0.379963
vt 0.984674 0.385557
vt 0.994855 0.385127
vt 0.994899 0.385557
vt 0.984674 0.384697
vt 0.994855 0.384266
vt 0.994899 0.384697
vt 0.994766 0.341172
vt 0.994864 0.342814
vt 0.984674 0.342814
vt 0.984674 0.359856
vt 0.994846 0.360894
vt 0.984674 0.361501
vt 0.984674 0.383405
vt 0.994855 0.382975
vt 0.994899 0.383405
vt 0.984771 0.349383
vt 0.994864 0.351026
vt 0.984674 0.351026
vt 0.984674 0.384266
vt 0.994855 0.383836
vt 0.994899 0.384266
vt 0.984772 0.346099
vt 0.994864 0.347741
vt 0.984674 0.347741
vt 0.984674 0.366437
vt 0.994846 0.367475
vt 0.984674 0.368082
vt 0.860241 0.983599
vt 0.860524 0.979819
vt 0.861152 0.981767
vt 0.995002 0.383350
vt 0.996898 0.382027
vt 0.998793 0.383350
vt 0.862659 0.976687
vt 0.862229 0.978688
vt 0.995002 0.382027
vt 0.996897 0.380704
vt 0.998793 0.382027
vt 0.861488 0.980156
vt 0.997313 0.961487
vt 0.995401 0.962507
vt 0.995002 0.961487
vt 0.060319 0.996311
vt 0.060066 0.998464
vt 0.059224 0.996311
vt 0.861244 0.983409
vt 0.861758 0.984972
vt 0.861886 0.987015
vt 0.995002 0.376735
vt 0.996897 0.375412
vt 0.998793 0.376735
vt 0.995401 0.960467
vt 0.997314 0.961487
vt 0.995002 0.961487
vt 0.030636 0.998479
vt 0.030636 0.996311
vt 0.031723 0.996439
vt 0.107515 0.998358
vt 0.107515 0.996311
vt 0.108329 0.996928
vt 0.264129 0.867139
vt 0.265645 0.865975
vt 0.264850 0.867861
vt 0.995002 0.974279
vt 0.996689 0.973379
vt 0.997314 0.974279
vt 0.050936 0.998464
vt 0.050683 0.996311
vt 0.051778 0.996311
vt 0.266156 0.866860
vt 0.267676 0.866230
vt 0.269307 0.864994
vt 0.996898 0.387319
vt 0.995002 0.385996
vt 0.998793 0.385996
vt 0.997314 0.958428
vt 0.995401 0.959448
vt 0.995002 0.958428
vt 0.032810 0.996311
vt 0.032810 0.998479
vt 0.031723 0.996439
vt 0.862659 0.986348
vt 0.106701 0.997741
vt 0.107515 0.996311
vt 0.267411 0.879391
vt 0.264129 0.877496
vt 0.266156 0.877775
vt 0.995002 0.385996
vt 0.996897 0.384673
vt 0.995401 0.964546
vt 0.997313 0.965565
vt 0.995002 0.965565
vt 0.995002 0.968625
vt 0.996915 0.967605
vt 0.997313 0.968625
vt 0.269307 0.866015
vt 0.270938 0.866230
vt 0.272968 0.865975
vt 0.998793 0.378058
vt 0.996897 0.379381
vt 0.995002 0.378058
vt 0.997313 0.966585
vt 0.995400 0.967605
vt 0.995002 0.966585
vt 0.053750 0.998464
vt 0.054003 0.996311
vt 0.054845 0.998464
vt 0.267676 0.878405
vt 0.269307 0.878619
vt 0.271202 0.879391
vt 0.995002 0.384673
vt 0.996897 0.383350
vt 0.998793 0.384673
vt 0.059224 0.996311
vt 0.058971 0.998464
vt 0.058129 0.996311
vt 0.057876 0.996311
vt 0.058129 0.998464
vt 0.057035 0.998464
vt 0.272458 0.866859
vt 0.270938 0.878405
vt 0.273763 0.867861
vt 0.275649 0.868656
vt 0.055098 0.998464
vt 0.054845 0.996311
vt 0.055940 0.996311
vt 0.996915 0.969644
vt 0.995002 0.968625
vt 0.997313 0.968625
vt 0.998793 0.387319
vt 0.996897 0.388641
vt 0.995002 0.387319
vt 0.272458 0.877775
vt 0.274765 0.869166
vt 0.274485 0.877496
vt 0.995002 0.378058
vt 0.996897 0.376735
vt 0.998793 0.378058
vt 0.057035 0.996311
vt 0.056781 0.998464
vt 0.055940 0.996311
vt 0.052619 0.996311
vt 0.052872 0.998464
vt 0.051778 0.998464
vt 0.273763 0.876774
vt 0.275394 0.870686
vt 0.274764 0.875468
vt 0.275609 0.872317
vt 0.276380 0.874213
vt 0.275394 0.873949
vt 0.995401 0.965566
vt 0.997313 0.966585
vt 0.995002 0.966585
vt 0.997314 0.959447
vt 0.995401 0.960467
vt 0.995002 0.959447
vt 0.995002 0.380704
vt 0.996897 0.379381
vt 0.998793 0.380704
vt 0.508465 0.850417
vt 0.510633 0.826405
vt 0.510633 0.850417
vt 0.508465 0.802392
vt 0.510633 0.826405
vt 0.508465 0.826405
vt 0.481703 0.822450
vt 0.483870 0.846462
vt 0.481703 0.846462
vt 0.508465 0.826405
vt 0.483870 0.822450
vt 0.346456 0.847033
vt 0.344288 0.823020
vt 0.346456 0.823020
vt 0.510633 0.802392
vt 0.328374 0.742120
vt 0.326207 0.718107
vt 0.328374 0.718107
vt 0.326207 0.742120
vt 0.329625 0.823315
vt 0.331793 0.847328
vt 0.329625 0.847328
vt 0.344288 0.847033
vt 0.379565 0.835741
vt 0.381733 0.859753
vt 0.379565 0.859753
vt 0.381733 0.835741
vt 0.412447 0.747214
vt 0.414615 0.771227
vt 0.412447 0.771227
vt 0.331793 0.823315
vt 0.145630 0.848247
vt 0.143462 0.848247
vt 0.145630 0.824234
vt 0.377398 0.835741
vt 0.379565 0.859753
vt 0.377398 0.859753
vt 0.414615 0.747214
vt 0.130829 0.826185
vt 0.132996 0.850198
vt 0.130829 0.850198
vt 0.132996 0.826185
vt 0.136982 0.861130
vt 0.134814 0.837118
vt 0.136982 0.837118
vt 0.379565 0.835741
vt 0.150001 0.824234
vt 0.147833 0.848247
vt 0.147833 0.824234
vt 0.147797 0.848247
vt 0.145630 0.848247
vt 0.134814 0.861130
vt 0.139562 0.837117
vt 0.141730 0.861130
vt 0.139562 0.861130
vt 0.150001 0.848247
vt 0.141730 0.837117
vt 0.400614 0.835719
vt 0.402782 0.859732
vt 0.400614 0.859732
vt 0.147797 0.824234
vt 0.329201 0.847328
vt 0.327033 0.823315
vt 0.329201 0.823315
vt 0.327033 0.847328
vt 0.176690 0.783643
vt 0.174522 0.759631
vt 0.176690 0.759631
vt 0.997313 0.969644
vt 0.995400 0.970664
vt 0.995002 0.969644
vt 0.402782 0.835719
vt 0.044685 0.789849
vt 0.046853 0.813861
vt 0.044685 0.813861
vt 0.046853 0.789849
vt 0.465474 0.734002
vt 0.467642 0.758015
vt 0.465475 0.758015
vt 0.050683 0.998464
vt 0.049588 0.998464
vt 0.049841 0.996311
vt 0.174522 0.783643
vt 0.136982 0.837117
vt 0.139149 0.861130
vt 0.139149 0.837117
vt 0.000000 0.821742
vt 0.002168 0.845755
vt 0.000000 0.845755
vt 0.995002 0.230801
vt 0.997016 0.230000
vt 0.999184 0.230801
vt 0.467642 0.734002
vt 0.848869 0.992847
vt 0.848869 0.987242
vt 0.850415 0.988961
vt 0.506298 0.826405
vt 0.508465 0.850417
vt 0.506298 0.850417
vt 0.996915 0.963526
vt 0.995002 0.962507
vt 0.997313 0.962507
vt 0.265040 0.818607
vt 0.267208 0.842620
vt 0.265040 0.842620
vt 0.995002 0.964546
vt 0.996915 0.963526
vt 0.997313 0.964546
vt 0.002168 0.821742
vt 0.267208 0.818607
vt 0.995002 0.949060
vt 0.995409 0.948033
vt 0.997318 0.949060
vt 0.030636 0.996311
vt 0.030636 0.998479
vt 0.029539 0.998351
vt 0.997318 0.945981
vt 0.995409 0.947007
vt 0.995002 0.945981
vt 0.996898 0.367429
vt 0.995002 0.366099
vt 0.998793 0.366099
vt 0.025153 0.998351
vt 0.024057 0.998479
vt 0.024057 0.996311
vt 0.996898 0.368760
vt 0.998793 0.370091
vt 0.995002 0.370091
vt 0.995002 0.951113
vt 0.995409 0.950086
vt 0.997318 0.951113
vt 0.043818 0.998465
vt 0.042964 0.996311
vt 0.044068 0.996311
vt 0.997318 0.970664
vt 0.996686 0.971569
vt 0.995002 0.970664
vt 0.044320 0.998464
vt 0.044068 0.996311
vt 0.045172 0.996311
vt 0.996897 0.363438
vt 0.995002 0.362107
vt 0.998793 0.362107
vt 0.048233 0.996311
vt 0.048484 0.998464
vt 0.047380 0.998464
vt 0.027346 0.998351
vt 0.026250 0.998479
vt 0.026250 0.996311
vt 0.025153 0.996439
vt 0.026250 0.996311
vt 0.026250 0.998479
vt 0.996898 0.372752
vt 0.998793 0.374082
vt 0.995002 0.374082
vt 0.997318 0.954192
vt 0.995409 0.955218
vt 0.995002 0.954192
vt 0.996897 0.372752
vt 0.995002 0.371421
vt 0.998793 0.371421
vt 0.028443 0.996311
vt 0.028443 0.998479
vt 0.027346 0.998351
vt 0.997318 0.953166
vt 0.996911 0.954192
vt 0.995002 0.953166
vt 0.995002 0.948033
vt 0.995409 0.947007
vt 0.997318 0.948033
vt 0.996897 0.364768
vt 0.995002 0.366099
vt 0.995002 0.953166
vt 0.996911 0.952139
vt 0.996897 0.371421
vt 0.995002 0.370091
vt 0.995002 0.952139
vt 0.996911 0.951113
vt 0.997318 0.952139
vt 0.046276 0.998464
vt 0.045172 0.998464
vt 0.045424 0.996311
vt 0.995002 0.956245
vt 0.995408 0.955218
vt 0.997318 0.956245
vt 0.996897 0.374082
vt 0.998793 0.375412
vt 0.995002 0.375412
vt 0.995002 0.950086
vt 0.996911 0.949060
vt 0.997318 0.950086
vt 0.996897 0.364768
vt 0.995002 0.363438
vt 0.998793 0.363438
vt 0.042714 0.996311
vt 0.042964 0.998465
vt 0.041860 0.998465
vt 0.997318 0.944954
vt 0.996911 0.945981
vt 0.995002 0.944954
vt 0.046276 0.996311
vt 0.047380 0.996311
vt 0.047129 0.998464
vt 0.996898 0.362107
vt 0.995002 0.360777
vt 0.998793 0.360777
vt 0.028443 0.998479
vt 0.028443 0.996311
vt 0.029539 0.996439
vt 0.996897 0.368760
vt 0.995002 0.367429
vt 0.998793 0.367429
vt 0.049337 0.998464
vt 0.048484 0.996311
vt 0.049588 0.996311
vt 0.995002 0.972475
vt 0.995634 0.971569
vt 0.997318 0.972475
vt 0.380223 0.987242
vt 0.381205 0.990904
vt 0.380223 0.994565
vt 0.857610 0.987242
vt 0.858105 0.989089
vt 0.857610 0.992847
vt 0.327247 0.964607
vt 0.330050 0.969461
vt 0.327247 0.976227
vt 0.185652 0.864703
vt 0.195715 0.872425
vt 0.185652 0.878235
vt 0.192912 0.865659
vt 0.195220 0.868666
vt 0.858437 0.987043
vt 0.856542 0.983761
vt 0.856542 0.979970
vt 0.858437 0.976687
vt 0.888152 0.224016
vt 0.892115 0.220053
vt 0.892115 0.233584
vt 0.189410 0.864208
vt 0.858105 0.987242
vt 0.858600 0.991000
vt 0.858105 0.992847
vt 0.997473 0.898443
vt 0.997037 0.898827
vt 0.995002 0.898443
vt 0.118512 0.996311
vt 0.119077 0.996443
vt 0.118512 0.998353
vt 0.010656 0.952323
vt 0.010354 0.952998
vt 0.008184 0.952323
vt 0.008856 0.959503
vt 0.008479 0.964567
vt 0.154925 0.765062
vt 0.150407 0.789076
vt 0.150407 0.753679
vt 0.152947 0.718107
vt 0.152947 0.682535
vt 0.154925 0.682766
vt 0.113904 0.998382
vt 0.113655 0.997728
vt 0.113904 0.996311
vt 0.103923 0.998370
vt 0.103247 0.998188
vt 0.103923 0.996311
vt 0.178073 0.996311
vt 0.178538 0.998299
vt 0.177909 0.998299
vt 0.142791 0.996311
vt 0.144229 0.998283
vt 0.142791 0.998299
vt 0.111391 0.998370
vt 0.111391 0.996311
vt 0.111928 0.996456
vt 0.093134 0.998389
vt 0.093133 0.996311
vt 0.093842 0.998175
vt 0.997443 0.895222
vt 0.996693 0.896276
vt 0.995002 0.895222
vt 0.093842 0.996311
vt 0.094461 0.998205
vt 0.093842 0.998389
vt 0.500171 0.994207
vt 0.498266 0.993640
vt 0.500171 0.987242
vt 0.492507 0.994207
vt 0.492507 0.987242
vt 0.494456 0.987663
vt 0.963916 0.992319
vt 0.961928 0.992319
vt 0.961970 0.987242
vt 0.880512 0.992679
vt 0.880512 0.987242
vt 0.882362 0.987969
vt 0.263051 0.866414
vt 0.260720 0.862782
vt 0.263051 0.841979
vt 0.995002 0.026186
vt 0.998925 0.024386
vt 0.999769 0.026186
vt 0.258098 0.859352
vt 0.999244 0.166016
vt 0.995002 0.164794
vt 0.999244 0.163993
vt 0.999710 0.049610
vt 0.995002 0.049610
vt 0.995378 0.047622
vt 0.996237 0.438776
vt 0.998677 0.439577
vt 0.995002 0.439577
vt 0.998222 0.579323
vt 0.995002 0.579323
vt 0.996201 0.577737
vt 0.254491 0.850850
vt 0.507142 0.987242
vt 0.509524 0.991338
vt 0.507142 0.994136
vt 0.258181 0.837100
vt 0.394091 0.758382
vt 0.392103 0.758382
vt 0.392735 0.722836
vt 0.995747 0.438838
vt 0.995297 0.439089
vt 0.109280 0.998374
vt 0.108804 0.998242
vt 0.109280 0.996311
vt 0.995002 0.582335
vt 0.996226 0.580769
vt 0.998222 0.582335
vt 0.105122 0.998374
vt 0.105122 0.996311
vt 0.105648 0.996457
vt 0.129471 0.996427
vt 0.129974 0.996311
vt 0.129974 0.998351
vt 0.255251 0.856263
vt 0.995002 0.118418
vt 0.998763 0.116548
vt 0.999466 0.118418
vt 0.999416 0.132693
vt 0.995716 0.134559
vt 0.995002 0.132693
vt 0.183287 0.998299
vt 0.182717 0.998299
vt 0.183140 0.996311
vt 0.120768 0.996311
vt 0.121358 0.998215
vt 0.120768 0.998351
vt 0.995002 0.039879
vt 0.999740 0.041866
vt 0.995002 0.041866
vt 0.191852 0.998299
vt 0.191428 0.998299
vt 0.191852 0.996311
vt 0.940040 0.987242
vt 0.941873 0.991612
vt 0.940040 0.992381
vt 0.850909 0.987242
vt 0.851289 0.992327
vt 0.850909 0.992709
vt 0.854260 0.990481
vt 0.999290 0.063950
vt 0.995002 0.061962
vt 0.999662 0.061962
vt 0.999466 0.112654
vt 0.995551 0.114601
vt 0.995002 0.112654
vt 0.607856 0.863391
vt 0.607856 0.877627
vt 0.605868 0.863391
vt 0.182178 0.998301
vt 0.181639 0.998275
vt 0.182178 0.996311
vt 0.430518 0.854872
vt 0.429811 0.869189
vt 0.428528 0.854872
vt 0.851945 0.992161
vt 0.157289 0.996311
vt 0.157289 0.998315
vt 0.156618 0.998231
vt 0.155255 0.998315
vt 0.155255 0.996311
vt 0.155937 0.996396
vt 0.852550 0.992344
vt 0.177909 0.998300
vt 0.177277 0.996330
vt 0.177909 0.996311
vt 0.188430 0.998299
vt 0.187964 0.998299
vt 0.188395 0.996311
vt 0.099503 0.998380
vt 0.099503 0.996311
vt 0.100020 0.996461
vt 0.772188 0.987242
vt 0.774435 0.991914
vt 0.772188 0.993074
vt 0.834949 0.987242
vt 0.834949 0.992851
vt 0.833111 0.992090
vt 0.405424 0.987242
vt 0.407664 0.989073
vt 0.405424 0.994458
vt 0.409652 0.987242
vt 0.411640 0.987242
vt 0.411640 0.994458
vt 0.999729 0.052055
vt 0.997024 0.053366
vt 0.995002 0.052055
vt 0.112149 0.995749
vt 0.112149 0.987242
vt 0.114177 0.994446
vt 0.269707 0.991522
vt 0.269432 0.995202
vt 0.267635 0.992935
vt 0.998692 0.412558
vt 0.995002 0.412558
vt 0.995592 0.410570
vt 0.847057 0.988499
vt 0.845408 0.992851
vt 0.845408 0.987242
vt 0.998109 0.413953
vt 0.998685 0.415945
vt 0.995002 0.415945
vt 0.267359 0.987890
vt 0.995002 0.074417
vt 0.995068 0.072246
vt 0.999630 0.074417
vt 0.995002 0.176869
vt 0.999181 0.174881
vt 0.999181 0.176869
vt 0.269707 0.987242
vt 0.924678 0.991205
vt 0.926295 0.987242
vt 0.926295 0.992503
vt 0.995002 0.033407
vt 0.998143 0.031585
vt 0.999759 0.033407
vt 0.413394 0.864527
vt 0.413897 0.859544
vt 0.416335 0.860788
vt 0.987368 0.992241
vt 0.985673 0.987242
vt 0.987664 0.987242
vt 0.796736 0.992131
vt 0.794746 0.993002
vt 0.794746 0.987242
vt 0.998187 0.218389
vt 0.995002 0.216645
vt 0.999141 0.216645
vt 0.915289 0.992503
vt 0.915289 0.987242
vt 0.917129 0.987993
vt 0.415743 0.855861
vt 0.955624 0.987242
vt 0.955624 0.992362
vt 0.954289 0.987617
vt 0.416449 0.855861
vt 0.995990 0.220132
vt 0.999141 0.221857
vt 0.995002 0.221857
vt 0.979797 0.992246
vt 0.977829 0.991968
vt 0.979797 0.987242
vt 0.998833 0.348393
vt 0.995002 0.348393
vt 0.995215 0.347517
vt 0.373115 0.994608
vt 0.373659 0.990925
vt 0.374961 0.990925
vt 0.998772 0.349269
vt 0.998772 0.351260
vt 0.995002 0.349951
vt 0.956958 0.992362
vt 0.955624 0.991987
vt 0.956958 0.987242
vt 0.416335 0.850934
vt 0.998833 0.349269
vt 0.995002 0.349269
vt 0.998621 0.348393
vt 0.373115 0.987242
vt 0.413394 0.847196
vt 0.413897 0.852178
vt 0.907791 0.987242
vt 0.909677 0.991881
vt 0.907791 0.992521
vt 0.995002 0.323513
vt 0.998479 0.321553
vt 0.998833 0.323513
vt 0.999759 0.037051
vt 0.995002 0.037051
vt 0.996618 0.035229
vt 0.995957 0.216645
vt 0.995002 0.214902
vt 0.999141 0.214902
vt 0.998153 0.221857
vt 0.999141 0.223582
vt 0.995002 0.223582
vt 0.945791 0.992362
vt 0.945791 0.987242
vt 0.947715 0.987743
vt 0.267359 0.995202
vt 0.265012 0.994554
vt 0.267359 0.990922
vt 0.923061 0.988540
vt 0.924678 0.987242
vt 0.924678 0.992503
vt 0.913448 0.987242
vt 0.915289 0.991752
vt 0.913448 0.992503
vt 0.265288 0.989510
vt 0.999630 0.072247
vt 0.995002 0.072247
vt 0.999564 0.070076
vt 0.794746 0.988113
vt 0.792757 0.993002
vt 0.792757 0.987242
vt 0.267085 0.987242
vt 0.995002 0.417937
vt 0.998685 0.417937
vt 0.998109 0.419929
vt 0.403183 0.994458
vt 0.403183 0.987242
vt 0.405424 0.992627
vt 0.407664 0.994458
vt 0.409652 0.987242
vt 0.409652 0.994458
vt 0.999181 0.174881
vt 0.995002 0.174881
vt 0.995002 0.172893
vt 0.774435 0.993074
vt 0.774435 0.987242
vt 0.776681 0.988402
vt 0.840460 0.992851
vt 0.838623 0.988003
vt 0.840460 0.987242
vt 0.995002 0.451769
vt 0.998540 0.452820
vt 0.995002 0.453843
vt 0.842110 0.991594
vt 0.840460 0.992851
vt 0.840460 0.987242
vt 0.854260 0.990481
vt 0.856574 0.992161
vt 0.855969 0.992344
vt 0.857230 0.992327
vt 0.857610 0.987242
vt 0.995374 0.061961
vt 0.995002 0.059973
vt 0.999662 0.059973
vt 0.110121 0.987242
vt 0.112149 0.988544
vt 0.110121 0.995749
vt 0.995002 0.053366
vt 0.999729 0.053366
vt 0.997707 0.054677
vt 0.177277 0.996311
vt 0.177277 0.998300
vt 0.176645 0.998282
vt 0.175056 0.996311
vt 0.175485 0.998299
vt 0.174808 0.998299
vt 0.100020 0.996311
vt 0.100536 0.998231
vt 0.100020 0.998380
vt 0.146973 0.996410
vt 0.146518 0.998345
vt 0.146518 0.996311
vt 0.857610 0.992709
vt 0.137310 0.998231
vt 0.137836 0.996311
vt 0.137836 0.998348
vt 0.173896 0.996311
vt 0.174337 0.998300
vt 0.173650 0.998300
vt 0.030748 0.809321
vt 0.039308 0.818191
vt 0.034437 0.823070
vt 0.348375 0.877350
vt 0.346388 0.877350
vt 0.348375 0.863115
vt 0.034355 0.800818
vt 0.031508 0.803907
vt 0.503679 0.854888
vt 0.505661 0.854711
vt 0.505661 0.869085
vt 0.509524 0.994136
vt 0.509524 0.987242
vt 0.511907 0.990040
vt 0.999740 0.043854
vt 0.999740 0.045841
vt 0.995002 0.045841
vt 0.999180 0.179285
vt 0.995002 0.180854
vt 0.995002 0.178856
vt 0.995002 0.143805
vt 0.998999 0.141818
vt 0.999375 0.143805
vt 0.998382 0.439890
vt 0.998677 0.440378
vt 0.997442 0.439577
vt 0.140379 0.996430
vt 0.139821 0.998344
vt 0.139821 0.996311
vt 0.995002 0.440378
vt 0.936374 0.992381
vt 0.936374 0.987242
vt 0.938207 0.988011
vt 0.147844 0.998255
vt 0.148260 0.996311
vt 0.148260 0.998344
vt 0.997932 0.439639
vt 0.130476 0.996427
vt 0.180575 0.996311
vt 0.181034 0.998299
vt 0.180428 0.998299
vt 0.036977 0.797389
vt 0.995002 0.132693
vt 0.995562 0.130749
vt 0.999416 0.132693
vt 0.995002 0.187966
vt 0.998943 0.185978
vt 0.999147 0.187966
vt 0.108329 0.998374
vt 0.108329 0.996311
vt 0.995002 0.828972
vt 0.997570 0.828926
vt 0.997570 0.830914
vt 0.106174 0.996311
vt 0.106701 0.998228
vt 0.106174 0.998374
vt 0.995002 0.582335
vt 0.998222 0.582335
vt 0.996226 0.583901
vt 0.039308 0.793756
vt 0.394091 0.782395
vt 0.389573 0.793778
vt 0.389573 0.758382
vt 0.195103 0.722811
vt 0.197081 0.758153
vt 0.195103 0.758383
vt 0.326207 0.718107
vt 0.326207 0.682535
vt 0.328193 0.718031
vt 0.999769 0.027986
vt 0.995002 0.027986
vt 0.995846 0.026186
vt 0.995002 0.080280
vt 0.999628 0.079131
vt 0.999628 0.081154
vt 0.007513 0.959503
vt 0.008184 0.952323
vt 0.007889 0.964567
vt 0.880512 0.987242
vt 0.880512 0.992679
vt 0.878656 0.987953
vt 0.006015 0.952998
vt 0.496361 0.994207
vt 0.496361 0.987242
vt 0.498266 0.993640
vt 0.970812 0.992303
vt 0.970812 0.987242
vt 0.972800 0.987242
vt 0.005713 0.952323
vt 0.093133 0.998389
vt 0.092425 0.998175
vt 0.093133 0.996311
vt 0.524917 0.994050
vt 0.524394 0.987242
vt 0.526388 0.987242
vt 0.113655 0.996311
vt 0.113655 0.998382
vt 0.113405 0.996966
vt 0.995002 0.892681
vt 0.996608 0.891510
vt 0.997443 0.892681
vt 0.997473 0.899211
vt 0.995002 0.899211
vt 0.997037 0.898827
vt 0.168810 0.998303
vt 0.168165 0.996329
vt 0.168810 0.996311
vt 0.997443 0.895222
vt 0.995002 0.895222
vt 0.996693 0.894168
vt 0.170733 0.998299
vt 0.171267 0.996311
vt 0.171433 0.998299
vt 0.111928 0.996311
vt 0.112465 0.998225
vt 0.111928 0.998370
vt 0.117946 0.998353
vt 0.117946 0.996311
vt 0.118512 0.998221
vt 0.179331 0.998299
vt 0.179167 0.996311
vt 0.179796 0.996311
vt 0.496524 0.822789
vt 0.496889 0.823301
vt 0.494743 0.822450
vt 0.494714 0.823095
vt 0.493609 0.829833
vt 0.492075 0.834655
vt 0.495909 0.858839
vt 0.496034 0.822527
vt 0.490171 0.838961
vt 0.488174 0.842593
vt 0.496889 0.861179
vt 0.496189 0.862468
vt 0.486004 0.851301
vt 0.491856 0.864386
vt 0.496857 0.861724
vt 0.496553 0.862249
vt 0.485736 0.846223
vt 0.485438 0.850913
vt 0.483870 0.848579
vt 0.995300 0.785229
vt 0.997813 0.785587
vt 0.995002 0.785587
vt 0.258944 0.836568
vt 0.261407 0.837016
vt 0.258870 0.837100
vt 0.257251 0.832233
vt 0.258329 0.829086
vt 0.256146 0.828712
vt 0.257728 0.824951
vt 0.255115 0.823952
vt 0.257038 0.819232
vt 0.254606 0.820396
vt 0.255180 0.815430
vt 0.992934 0.992246
vt 0.992934 0.987242
vt 0.993531 0.987315
vt 0.254491 0.815430
vt 0.995002 0.274357
vt 0.998993 0.274357
vt 0.995298 0.275402
vt 0.326641 0.991044
vt 0.327958 0.991044
vt 0.328500 0.994846
vt 0.993531 0.992246
vt 0.993531 0.987242
vt 0.994129 0.992173
vt 0.254606 0.810464
vt 0.998993 0.275402
vt 0.998697 0.276447
vt 0.995002 0.275402
vt 0.328500 0.987242
vt 0.255115 0.806908
vt 0.257038 0.811628
vt 0.257728 0.805909
vt 0.256146 0.802148
vt 0.258329 0.801774
vt 0.257251 0.798626
vt 0.261407 0.793843
vt 0.258944 0.794292
vt 0.258870 0.793760
vt 0.997515 0.785587
vt 0.997813 0.785946
vt 0.995002 0.785946
vt 0.368837 0.809611
vt 0.370405 0.807278
vt 0.370703 0.811968
vt 0.370971 0.806889
vt 0.376823 0.793805
vt 0.380877 0.799352
vt 0.373141 0.815597
vt 0.381156 0.795724
vt 0.381520 0.795942
vt 0.381856 0.797012
vt 0.381824 0.796466
vt 0.375138 0.819229
vt 0.377042 0.823535
vt 0.381856 0.834890
vt 0.378576 0.828358
vt 0.379681 0.835096
vt 0.379710 0.835741
vt 0.381001 0.835664
vt 0.381491 0.835402
vt 0.851164 0.877509
vt 0.851019 0.876653
vt 0.852702 0.877072
vt 0.717265 0.987664
vt 0.718807 0.987242
vt 0.718807 0.993308
vt 0.852606 0.876351
vt 0.134876 0.964607
vt 0.135602 0.964651
vt 0.134876 0.976554
vt 0.757291 0.993189
vt 0.755688 0.993189
vt 0.756882 0.987242
vt 0.224132 0.987242
vt 0.224132 0.995320
vt 0.222815 0.993056
vt 0.910520 0.281660
vt 0.923357 0.281660
vt 0.919937 0.288978
vt 0.132698 0.976554
vt 0.132698 0.964607
vt 0.133425 0.964651
vt 0.147692 0.964607
vt 0.147692 0.976532
vt 0.146824 0.976532
vt 0.577447 0.952326
vt 0.579514 0.954339
vt 0.571596 0.952323
vt 0.571596 0.964249
vt 0.146824 0.964607
vt 0.851209 0.875133
vt 0.852853 0.875322
vt 0.065227 0.964607
vt 0.066281 0.976485
vt 0.065227 0.976579
vt 0.004154 0.976631
vt 0.004154 0.964607
vt 0.005674 0.976435
vt 0.091824 0.976532
vt 0.091824 0.964607
vt 0.093362 0.964607
vt 0.852128 0.873616
vt 0.853678 0.874419
vt 0.119098 0.964638
vt 0.120321 0.964606
vt 0.120321 0.976536
vt 0.061008 0.976579
vt 0.061008 0.964607
vt 0.062063 0.976485
vt 0.084554 0.976567
vt 0.084554 0.964607
vt 0.085462 0.964676
vt 0.961514 0.948883
vt 0.973571 0.948883
vt 0.973310 0.950637
vt 0.854727 0.874017
vt 0.113383 0.964652
vt 0.112261 0.976542
vt 0.112261 0.964607
vt 0.146031 0.976536
vt 0.146031 0.964606
vt 0.146824 0.976516
vt 0.865023 0.866375
vt 0.865717 0.867843
vt 0.910520 0.339839
vt 0.923125 0.351765
vt 0.910520 0.351765
vt 0.822740 0.878866
vt 0.834666 0.879493
vt 0.822740 0.892097
vt 0.416603 0.869545
vt 0.428528 0.854872
vt 0.428528 0.869660
vt 0.078883 0.976514
vt 0.076992 0.976533
vt 0.076992 0.964607
vt 0.872508 0.859304
vt 0.874762 0.859065
vt 0.910520 0.339839
vt 0.923125 0.327914
vt 0.923125 0.339839
vt 0.961060 0.000000
vt 0.961060 0.010297
vt 0.949134 0.010297
vt 0.543202 0.864314
vt 0.543202 0.878986
vt 0.531276 0.878986
vt 0.877281 0.852583
vt 0.879410 0.852048
vt 0.168849 0.964249
vt 0.177265 0.952323
vt 0.177265 0.964249
vt 0.910520 0.327914
vt 0.276990 0.964249
vt 0.285234 0.952323
vt 0.285234 0.964249
vt 0.949134 0.000000
vt 0.276990 0.952323
vt 0.881491 0.843186
vt 0.883418 0.842329
vt 0.479334 0.951874
vt 0.479334 0.939948
vt 0.489847 0.939948
vt 0.168849 0.952323
vt 0.873707 0.951874
vt 0.863410 0.951874
vt 0.863410 0.939948
vt 0.883569 0.833100
vt 0.729544 0.951874
vt 0.719246 0.951874
vt 0.719246 0.939948
vt 0.873707 0.939948
vt 0.885360 0.827767
vt 0.517718 0.864314
vt 0.529644 0.879005
vt 0.517718 0.879005
vt 0.883115 0.820763
vt 0.910520 0.783430
vt 0.922866 0.783430
vt 0.922866 0.795355
vt 0.729544 0.939948
vt 0.883245 0.815374
vt 0.924061 0.351958
vt 0.936633 0.353678
vt 0.924061 0.353678
vt 0.529644 0.864314
vt 0.910520 0.237507
vt 0.921594 0.225692
vt 0.923210 0.237507
vt 0.882954 0.815456
vt 0.817071 0.945911
vt 0.817071 0.939948
vt 0.822220 0.939948
vt 0.881708 0.815810
vt 0.910520 0.795355
vt 0.822220 0.951874
vt 0.880301 0.810857
vt 0.878530 0.803719
vt 0.924061 0.351958
vt 0.936633 0.350239
vt 0.936633 0.351958
vt 0.811923 0.939948
vt 0.874203 0.800123
vt 0.910520 0.819206
vt 0.922866 0.807281
vt 0.922866 0.819206
vt 0.910520 0.807281
vt 0.811923 0.951874
vt 0.869223 0.792351
vt 0.751652 0.878917
vt 0.763577 0.864227
vt 0.763577 0.878917
vt 0.629444 0.855636
vt 0.638703 0.848120
vt 0.867134 0.792635
vt 0.719246 0.939948
vt 0.708949 0.951874
vt 0.708949 0.939948
vt 0.719246 0.951874
vt 0.860705 0.786190
vt 0.468821 0.939948
vt 0.468821 0.951874
vt 0.858613 0.786854
vt 0.935490 0.939948
vt 0.925192 0.951874
vt 0.925192 0.939948
vt 0.935490 0.951874
vt 0.853064 0.782663
vt 0.851019 0.783645
vt 0.268747 0.952323
vt 0.276990 0.952323
vt 0.126767 0.964249
vt 0.118350 0.964249
vt 0.118350 0.952323
vt 0.126767 0.952323
vt 0.936666 0.335951
vt 0.924061 0.335951
vt 0.925846 0.334553
vt 0.264445 0.793760
vt 0.263006 0.803956
vt 0.261407 0.804238
vt 0.884004 0.951874
vt 0.894301 0.939948
vt 0.894301 0.951874
vt 0.268747 0.964249
vt 0.884004 0.939948
vt 0.910520 0.288978
vt 0.923125 0.288978
vt 0.923125 0.300904
vt 0.910520 0.300904
vt 0.262727 0.816774
vt 0.264558 0.818662
vt 0.389323 0.874425
vt 0.377398 0.859753
vt 0.822621 0.848071
vt 0.822621 0.866978
vt 0.813366 0.859456
vt 0.604740 0.865472
vt 0.596077 0.857276
vt 0.604740 0.848120
vt 0.263007 0.817862
vt 0.262747 0.819058
vt 0.263853 0.820290
vt 0.961514 0.948883
vt 0.973310 0.947128
vt 0.973571 0.948883
vt 0.080773 0.964625
vt 0.078883 0.976533
vt 0.078883 0.964607
vt 0.113383 0.964652
vt 0.114506 0.976542
vt 0.447872 0.878958
vt 0.447178 0.892170
vt 0.435930 0.878958
vt 0.117874 0.976505
vt 0.119098 0.964607
vt 0.119098 0.976536
vt 0.156971 0.964607
vt 0.157764 0.964607
vt 0.157279 0.976532
vt 0.262050 0.819855
vt 0.262722 0.821323
vt 0.005674 0.964606
vt 0.007193 0.964802
vt 0.005674 0.976631
vt 0.063118 0.976579
vt 0.063118 0.964607
vt 0.064172 0.964700
vt 0.087280 0.964607
vt 0.088189 0.976498
vt 0.087280 0.976567
vt 0.058899 0.964607
vt 0.059954 0.964700
vt 0.058899 0.976579
vt 0.261407 0.820193
vt 0.261941 0.821700
vt 0.149426 0.976532
vt 0.148559 0.964607
vt 0.149426 0.964607
vt 0.093362 0.964607
vt 0.094899 0.976532
vt 0.093362 0.976532
vt 0.134151 0.976554
vt 0.134151 0.964607
vt 0.134876 0.976510
vt 0.787806 0.993093
vt 0.787806 0.987242
vt 0.789405 0.993093
vt 0.754085 0.987242
vt 0.753676 0.993189
vt 0.752482 0.987242
vt 0.226765 0.995320
vt 0.225449 0.989506
vt 0.226765 0.987242
vt 0.029067 0.976236
vt 0.026425 0.964607
vt 0.034503 0.964607
vt 0.160806 0.964607
vt 0.160806 0.976532
vt 0.160078 0.976532
vt 0.585365 0.964246
vt 0.579514 0.964249
vt 0.587433 0.962232
vt 0.579514 0.952323
vt 0.148559 0.976532
vt 0.343167 0.997914
vt 0.343167 0.996311
vt 0.344196 0.997847
vt 0.578426 0.952647
vt 0.352156 0.996311
vt 0.353187 0.996311
vt 0.352261 0.997911
vt 0.586345 0.963924
vt 0.235721 0.996311
vt 0.235721 0.998159
vt 0.234475 0.997444
vt 0.995002 0.841343
vt 0.997621 0.841343
vt 0.996381 0.841746
vt 0.328388 0.996311
vt 0.328903 0.997914
vt 0.327467 0.997914
vt 0.997621 0.841746
vt 0.996243 0.842149
vt 0.995002 0.841746
vt 0.334912 0.997913
vt 0.334135 0.996311
vt 0.335430 0.996311
vt 0.579288 0.953614
vt 0.336207 0.996311
vt 0.336725 0.997913
vt 0.335430 0.997913
vt 0.587206 0.962957
vt 0.301200 0.996311
vt 0.302439 0.997590
vt 0.301200 0.997997
vt 0.270547 0.998092
vt 0.269374 0.996882
vt 0.270547 0.996311
vt 0.368323 0.996311
vt 0.367792 0.997911
vt 0.367563 0.996311
vt 0.349393 0.997820
vt 0.348641 0.997927
vt 0.348641 0.996311
vt 0.171350 0.995576
vt 0.169735 0.995576
vt 0.170915 0.987242
vt 0.923357 0.584186
vt 0.910520 0.584186
vt 0.916704 0.579031
vt 0.155068 0.995587
vt 0.155068 0.987242
vt 0.156681 0.995503
vt 0.910520 0.573875
vt 0.917174 0.568720
vt 0.923357 0.573875
vt 0.184301 0.987242
vt 0.185900 0.995433
vt 0.184301 0.995505
vt 0.579439 0.962602
vt 0.158295 0.987242
vt 0.159878 0.995352
vt 0.158295 0.995588
vt 0.587358 0.953970
vt 0.341110 0.996311
vt 0.341110 0.997912
vt 0.340017 0.997862
vt 0.254930 0.995293
vt 0.256174 0.993123
vt 0.255736 0.994553
vt 0.254930 0.987242
vt 0.225045 0.996311
vt 0.225045 0.998209
vt 0.224123 0.997620
vt 0.256174 0.987242
vt 0.256979 0.987982
vt 0.257417 0.989411
vt 0.256174 0.995293
vt 0.229471 0.996311
vt 0.229471 0.998209
vt 0.228611 0.996861
vt 0.996461 0.920725
vt 0.995002 0.920419
vt 0.997435 0.920419
vt 0.275599 0.987242
vt 0.275599 0.995257
vt 0.274401 0.993139
vt 0.357280 0.997910
vt 0.356259 0.997910
vt 0.356259 0.996311
vt 0.995976 0.920419
vt 0.995002 0.920112
vt 0.997435 0.920112
vt 0.276797 0.995257
vt 0.275599 0.989360
vt 0.276797 0.987242
vt 0.266722 0.996311
vt 0.267462 0.997729
vt 0.266722 0.998115
vt 0.401301 0.997806
vt 0.401301 0.996311
vt 0.401436 0.996983
vt 0.360814 0.996336
vt 0.359935 0.997911
vt 0.359935 0.996311
vt 0.995584 0.920670
vt 0.268201 0.996311
vt 0.268201 0.998115
vt 0.267462 0.997729
vt 0.401436 0.996311
vt 0.401570 0.997135
vt 0.401436 0.997806
vt 0.364330 0.997911
vt 0.363451 0.997911
vt 0.363496 0.996311
vt 0.996854 0.920364
vt 0.290701 0.996559
vt 0.290118 0.998049
vt 0.372382 0.996311
vt 0.372382 0.997911
vt 0.371697 0.996314
vt 0.291284 0.997801
vt 0.290701 0.998049
vt 0.290701 0.996311
vt 0.287154 0.996579
vt 0.287784 0.996311
vt 0.287784 0.998049
vt 0.667666 0.987242
vt 0.667666 0.993468
vt 0.666122 0.993052
vt 0.670754 0.993468
vt 0.669210 0.987658
vt 0.663032 0.993468
vt 0.663032 0.987242
vt 0.664577 0.987653
vt 0.661486 0.987242
vt 0.663032 0.993057
vt 0.661486 0.993468
vt 0.999112 0.234313
vt 0.998253 0.235662
vt 0.997592 0.235356
vt 0.998334 0.233929
vt 0.996820 0.233662
vt 0.996534 0.235318
vt 0.995002 0.234181
vt 0.995689 0.235662
vt 0.136708 0.997829
vt 0.136105 0.998344
vt 0.136105 0.996311
vt 0.412201 0.806291
vt 0.416449 0.820335
vt 0.414593 0.819505
vt 0.410683 0.806865
vt 0.411724 0.796005
vt 0.410267 0.794267
vt 0.412955 0.787854
vt 0.411794 0.785990
vt 0.416449 0.778168
vt 0.415658 0.776213
vt 0.993743 0.156033
vt 0.984674 0.154319
vt 0.994971 0.154319
vt 0.248645 0.832236
vt 0.251824 0.836877
vt 0.254491 0.845714
vt 0.248891 0.824885
vt 0.247293 0.819737
vt 0.517718 0.848120
vt 0.525642 0.854553
vt 0.517718 0.864314
vt 0.247595 0.819737
vt 0.817071 0.951874
vt 0.248891 0.819737
vt 0.248645 0.807237
vt 0.248891 0.814588
vt 0.566699 0.864314
vt 0.566699 0.848120
vt 0.574623 0.857881
vt 0.251824 0.802596
vt 0.254491 0.793760
vt 0.985902 0.152606
vt 0.984674 0.150892
vt 0.994972 0.150892
vt 0.250729 0.865853
vt 0.249498 0.855413
vt 0.251995 0.864166
vt 0.251098 0.853908
vt 0.250142 0.847021
vt 0.251995 0.845714
vt 0.936666 0.333154
vt 0.924061 0.333154
vt 0.934881 0.331756
vt 0.195521 0.833447
vt 0.193921 0.833173
vt 0.192428 0.822985
vt 0.194092 0.846601
vt 0.192428 0.847769
vt 0.137310 0.996827
vt 0.136708 0.998345
vt 0.136708 0.996311
vt 0.997294 0.231662
vt 0.999112 0.232181
vt 0.997580 0.233318
vt 0.998425 0.233662
vt 0.996522 0.233356
vt 0.995780 0.231930
vt 0.995002 0.232313
vt 0.995861 0.233662
vt 0.998963 0.271148
vt 0.998396 0.272644
vt 0.998123 0.270931
vt 0.786207 0.987242
vt 0.786207 0.993093
vt 0.784607 0.987242
vt 0.150294 0.976532
vt 0.149426 0.976532
vt 0.593284 0.964246
vt 0.587433 0.964249
vt 0.595351 0.962232
vt 0.587433 0.952323
vt 0.150294 0.964607
vt 0.997687 0.272486
vt 0.135602 0.976554
vt 0.135602 0.964607
vt 0.136327 0.976510
vt 0.742730 0.993203
vt 0.742730 0.987242
vt 0.744330 0.993093
vt 0.224132 0.987242
vt 0.225449 0.993056
vt 0.224132 0.995320
vt 0.037145 0.976236
vt 0.034503 0.964607
vt 0.042581 0.964607
vt 0.159350 0.976532
vt 0.159350 0.964607
vt 0.160078 0.964607
vt 0.996592 0.270990
vt 0.996640 0.272644
vt 0.064172 0.976579
vt 0.064172 0.964607
vt 0.065227 0.964700
vt 0.008713 0.976631
vt 0.007193 0.976435
vt 0.008713 0.964607
vt 0.002629 0.976631
vt 0.002629 0.964607
vt 0.004154 0.964803
vt 0.995002 0.271777
vt 0.278850 0.998057
vt 0.278850 0.996311
vt 0.280032 0.997739
vt 0.131474 0.964607
vt 0.130558 0.976532
vt 0.130250 0.964607
vt 0.062063 0.964607
vt 0.063118 0.964700
vt 0.062063 0.976579
vt 0.085462 0.964607
vt 0.086371 0.976498
vt 0.085462 0.976567
vt 0.961514 0.952392
vt 0.973310 0.950638
vt 0.973571 0.952392
vt 0.213317 0.822218
vt 0.213591 0.823308
vt 0.211769 0.821411
vt 0.103325 0.976549
vt 0.102203 0.976489
vt 0.103325 0.964607
vt 0.156971 0.976532
vt 0.156178 0.976532
vt 0.156664 0.964607
vt 0.213254 0.836124
vt 0.214854 0.835849
vt 0.923125 0.351765
vt 0.923125 0.363690
vt 0.910520 0.363690
vt 0.138075 0.891925
vt 0.138075 0.878694
vt 0.150001 0.891298
vt 0.227673 0.876222
vt 0.215746 0.876222
vt 0.215890 0.861434
vt 0.973571 0.936046
vt 0.961514 0.936046
vt 0.973293 0.934176
vt 0.211769 0.846314
vt 0.305155 0.778773
vt 0.307063 0.791233
vt 0.305411 0.789680
vt 0.923125 0.471019
vt 0.910520 0.471019
vt 0.910520 0.459094
vt 0.853112 0.951874
vt 0.863410 0.939948
vt 0.863410 0.951874
vt 0.550587 0.864314
vt 0.562513 0.878986
vt 0.550587 0.878986
vt 0.305155 0.797920
vt 0.343427 0.823020
vt 0.341280 0.814882
vt 0.343124 0.816073
vt 0.185682 0.964249
vt 0.177265 0.964249
vt 0.177265 0.952323
vt 0.268747 0.964249
vt 0.260503 0.964249
vt 0.260503 0.952323
vt 0.853112 0.939948
vt 0.268747 0.952323
vt 0.342155 0.805821
vt 0.340606 0.804391
vt 0.500359 0.939948
vt 0.510872 0.951874
vt 0.185682 0.952323
vt 0.781031 0.951874
vt 0.791328 0.939948
vt 0.791328 0.951874
vt 0.343427 0.795603
vt 0.770734 0.951874
vt 0.781031 0.939948
vt 0.781031 0.951874
vt 0.781031 0.939948
vt 0.102644 0.805753
vt 0.102644 0.791062
vt 0.103714 0.796585
vt 0.150001 0.864003
vt 0.150001 0.878694
vt 0.138075 0.878694
vt 0.510872 0.939948
vt 0.483870 0.851843
vt 0.483870 0.864189
vt 0.481885 0.858925
vt 0.910520 0.783430
vt 0.922866 0.771504
vt 0.922866 0.783430
vt 0.770734 0.939948
vt 0.483542 0.846462
vt 0.924061 0.350239
vt 0.924061 0.348519
vt 0.936633 0.348519
vt 0.138075 0.864003
vt 0.923093 0.499916
vt 0.910520 0.501636
vt 0.910520 0.489710
vt 0.827369 0.945911
vt 0.827369 0.939948
vt 0.360301 0.863115
vt 0.358345 0.858179
vt 0.359629 0.858010
vt 0.903535 0.987242
vt 0.903824 0.987332
vt 0.903535 0.992633
vt 0.910520 0.771504
vt 0.822220 0.951874
vt 0.832517 0.939948
vt 0.358957 0.852905
vt 0.358045 0.858218
vt 0.357754 0.845649
vt 0.936634 0.348519
vt 0.924061 0.346799
vt 0.936634 0.346799
vt 0.360301 0.840633
vt 0.922866 0.807281
vt 0.910520 0.807281
vt 0.910520 0.795355
vt 0.922866 0.795355
vt 0.832517 0.951874
vt 0.461511 0.789847
vt 0.462581 0.799015
vt 0.461511 0.804538
vt 0.360301 0.877806
vt 0.348375 0.863115
vt 0.360301 0.863115
vt 0.348375 0.877806
vt 0.923093 0.503356
vt 0.910520 0.513561
vt 0.359303 0.830415
vt 0.360575 0.840633
vt 0.357754 0.831845
vt 0.739841 0.939948
vt 0.750139 0.951874
vt 0.739841 0.951874
vt 0.358428 0.821354
vt 0.542410 0.939948
vt 0.552923 0.939948
vt 0.552923 0.951874
vt 0.360272 0.820163
vt 0.801625 0.951874
vt 0.801625 0.939948
vt 0.360575 0.813216
vt 0.192502 0.995486
vt 0.192502 0.987242
vt 0.194201 0.993985
vt 0.252259 0.964249
vt 0.260503 0.952323
vt 0.152016 0.964249
vt 0.152016 0.952323
vt 0.160432 0.964249
vt 0.447855 0.833107
vt 0.444770 0.822642
vt 0.445870 0.820660
vt 0.446255 0.832832
vt 0.739841 0.939948
vt 0.252259 0.952323
vt 0.910520 0.435243
vt 0.923125 0.423317
vt 0.923125 0.435243
vt 0.910520 0.423317
vt 0.446592 0.845648
vt 0.444770 0.847545
vt 0.246652 0.861435
vt 0.234869 0.876222
vt 0.234726 0.861435
vt 0.333974 0.879349
vt 0.345899 0.864677
vt 0.923125 0.399466
vt 0.923125 0.387541
vt 0.446318 0.846738
vt 0.304902 0.996311
vt 0.306126 0.996311
vt 0.305355 0.997997
vt 0.998963 0.273490
vt 0.997324 0.274357
vt 0.997373 0.272703
vt 0.961514 0.952392
vt 0.973310 0.954146
vt 0.084554 0.976532
vt 0.082663 0.976532
vt 0.082779 0.964607
vt 0.141406 0.976532
vt 0.142041 0.964607
vt 0.142530 0.976532
vt 0.763656 0.855813
vt 0.772749 0.848072
vt 0.772749 0.865424
vt 0.076992 0.976567
vt 0.075772 0.976474
vt 0.145238 0.976536
vt 0.145238 0.964607
vt 0.146031 0.976516
vt 0.996278 0.274199
vt 0.995842 0.272644
vt 0.008713 0.964607
vt 0.010233 0.976435
vt 0.067335 0.976579
vt 0.066281 0.964700
vt 0.086371 0.976567
vt 0.086371 0.964607
vt 0.087280 0.964676
vt 0.059954 0.976579
vt 0.059954 0.964607
vt 0.061008 0.976485
vt 0.995569 0.274357
vt 0.995002 0.272861
vt 0.148559 0.976532
vt 0.147692 0.976532
vt 0.094899 0.976532
vt 0.094899 0.964607
vt 0.096437 0.964607
vt 0.136327 0.964607
vt 0.137052 0.964651
vt 0.136327 0.976554
vt 0.717265 0.992886
vt 0.715722 0.993308
vt 0.715722 0.987242
vt 0.601203 0.952326
vt 0.603270 0.954339
vt 0.595351 0.952323
vt 0.595351 0.964249
vt 0.147692 0.964607
vt 0.711006 0.987558
vt 0.221498 0.995320
vt 0.221498 0.987242
vt 0.222815 0.989506
vt 0.645206 0.964249
vt 0.637329 0.954113
vt 0.645206 0.952323
vt 0.133425 0.976554
vt 0.133425 0.964607
vt 0.134151 0.964651
vt 0.351125 0.997911
vt 0.350094 0.997911
vt 0.351020 0.996311
vt 0.594263 0.963924
vt 0.352156 0.996311
vt 0.352051 0.997911
vt 0.351125 0.996311
vt 0.602182 0.952647
vt 0.323674 0.997914
vt 0.323158 0.996311
vt 0.324595 0.996311
vt 0.995002 0.842552
vt 0.996381 0.842149
vt 0.997621 0.842552
vt 0.231985 0.998160
vt 0.231985 0.996311
vt 0.233230 0.997027
vt 0.997621 0.842955
vt 0.995002 0.842955
vt 0.996243 0.842552
vt 0.329705 0.996311
vt 0.330223 0.997914
vt 0.328928 0.997914
vt 0.595125 0.962957
vt 0.307358 0.996311
vt 0.308590 0.997597
vt 0.307358 0.997995
vt 0.603043 0.953614
vt 0.269375 0.997522
vt 0.268201 0.998092
vt 0.330749 0.996311
vt 0.330223 0.997913
vt 0.312969 0.997997
vt 0.312248 0.997758
vt 0.312969 0.996311
vt 0.366803 0.996311
vt 0.366272 0.997911
vt 0.366043 0.996311
vt 0.155068 0.987242
vt 0.155068 0.995588
vt 0.153454 0.987327
vt 0.910520 0.579031
vt 0.917174 0.573875
vt 0.923357 0.579031
vt 0.167866 0.995576
vt 0.166250 0.995576
vt 0.167430 0.987242
vt 0.923357 0.568720
vt 0.910520 0.568720
vt 0.916704 0.563565
vt 0.187130 0.987242
vt 0.187502 0.995497
vt 0.185900 0.995497
vt 0.595276 0.953970
vt 0.182701 0.987242
vt 0.184301 0.995433
vt 0.182701 0.995505
vt 0.603195 0.962602
vt 0.338924 0.996311
vt 0.340017 0.997863
vt 0.338924 0.997913
vt 0.253686 0.995293
vt 0.252880 0.994553
vt 0.252442 0.993124
vt 0.253686 0.987242
vt 0.223201 0.996311
vt 0.224123 0.997621
vt 0.223201 0.998209
vt 0.254930 0.987242
vt 0.253686 0.989411
vt 0.254124 0.987982
vt 0.254930 0.995293
vt 0.227750 0.998209
vt 0.226889 0.997660
vt 0.227750 0.996311
vt 0.996461 0.919806
vt 0.997435 0.920112
vt 0.995002 0.920112
vt 0.276797 0.987242
vt 0.277995 0.993139
vt 0.276797 0.995257
vt 0.228611 0.996311
vt 0.228611 0.998209
vt 0.227750 0.996861
vt 0.995976 0.920725
vt 0.997435 0.921031
vt 0.995002 0.921031
vt 0.277995 0.995257
vt 0.277995 0.987242
vt 0.279193 0.989360
vt 0.365209 0.996311
vt 0.366043 0.997911
vt 0.365209 0.997911
vt 0.260726 0.998115
vt 0.259946 0.997709
vt 0.995584 0.919861
vt 0.401166 0.997806
vt 0.401031 0.996983
vt 0.401166 0.996311
vt 0.264503 0.996311
vt 0.265242 0.997730
vt 0.264503 0.998116
vt 0.362572 0.996311
vt 0.361737 0.997911
vt 0.361693 0.996311
vt 0.996854 0.920779
vt 0.401301 0.996311
vt 0.401166 0.997135
vt 0.288368 0.996559
vt 0.288951 0.996311
vt 0.288951 0.998050
vt 0.368957 0.996311
vt 0.369642 0.996313
vt 0.368957 0.997911
vt 0.287785 0.998050
vt 0.287785 0.996311
vt 0.369642 0.997911
vt 0.369647 0.996311
vt 0.370327 0.997911
vt 0.659941 0.993052
vt 0.653763 0.993468
vt 0.653763 0.987242
vt 0.727562 0.993259
vt 0.727562 0.987242
vt 0.729161 0.987242
vt 0.650671 0.993057
vt 0.249002 0.996311
vt 0.249002 0.998155
vt 0.248376 0.997783
vt 0.243760 0.996311
vt 0.244517 0.996736
vt 0.243760 0.998155
vt 0.294573 0.997986
vt 0.293035 0.997992
vt 0.294084 0.996455
vt 0.293035 0.996311
vt 0.211761 0.819663
vt 0.213349 0.819284
vt 0.213603 0.820159
vt 0.212481 0.821411
vt 0.213425 0.818494
vt 0.213254 0.805067
vt 0.214854 0.805341
vt 0.211761 0.794878
vt 0.212860 0.792895
vt 0.197600 0.993985
vt 0.195901 0.995486
vt 0.195901 0.987242
vt 0.149840 0.995658
vt 0.149840 0.987242
vt 0.151320 0.994037
vt 0.176498 0.975115
vt 0.174774 0.976473
vt 0.174774 0.966176
vt 0.176182 0.964607
vt 0.331494 0.822339
vt 0.329625 0.823315
vt 0.331064 0.813119
vt 0.332515 0.807683
vt 0.329834 0.800835
vt 0.329625 0.795448
vt 0.923093 0.489710
vt 0.827369 0.951874
vt 0.041476 0.817198
vt 0.042735 0.817506
vt 0.040253 0.822199
vt 0.904402 0.992633
vt 0.904113 0.987332
vt 0.042700 0.812197
vt 0.044685 0.805115
vt 0.043028 0.817578
vt 0.923093 0.513561
vt 0.042700 0.799851
vt 0.042209 0.790634
vt 0.040253 0.789849
vt 0.172734 0.976473
vt 0.171327 0.974904
vt 0.173050 0.965965
vt 0.171327 0.964607
vt 0.148361 0.987242
vt 0.149840 0.988864
vt 0.148361 0.995659
vt 0.199299 0.988743
vt 0.197600 0.995486
vt 0.197600 0.987242
vt 0.445868 0.820660
vt 0.444770 0.818676
vt 0.447863 0.808214
vt 0.446263 0.808488
vt 0.446434 0.795060
vt 0.444770 0.793892
vt 0.446358 0.794271
vt 0.445490 0.792144
vt 0.446612 0.793395
vt 0.295061 0.996455
vt 0.296110 0.996311
vt 0.296110 0.997992
vt 0.294573 0.997986
vt 0.244517 0.998155
vt 0.244517 0.996311
vt 0.245273 0.997730
vt 0.249628 0.998155
vt 0.249002 0.996683
vt 0.249628 0.996311
vt 0.130464 0.867782
vt 0.128682 0.868121
vt 0.130829 0.867270
vt 0.179002 0.996311
vt 0.179167 0.998299
vt 0.178538 0.998299
vt 0.128654 0.867476
vt 0.127549 0.860738
vt 0.126015 0.855916
vt 0.129849 0.831732
vt 0.174701 0.759631
vt 0.176057 0.724085
vt 0.176689 0.759631
vt 0.176645 0.996346
vt 0.176065 0.998303
vt 0.176065 0.996311
vt 0.009046 0.733733
vt 0.007068 0.698392
vt 0.009046 0.698161
vt 0.129974 0.868045
vt 0.183842 0.996311
vt 0.183842 0.998299
vt 0.183287 0.998293
vt 0.170032 0.998299
vt 0.170566 0.996311
vt 0.170733 0.998299
vt 0.997443 0.897330
vt 0.995002 0.897330
vt 0.996693 0.896276
vt 0.995002 0.891510
vt 0.996608 0.890339
vt 0.997443 0.891510
vt 0.095080 0.996311
vt 0.095080 0.998389
vt 0.094461 0.998205
vt 0.522400 0.987242
vt 0.522400 0.994070
vt 0.520412 0.993917
vt 0.167425 0.996311
vt 0.168165 0.996311
vt 0.168024 0.998300
vt 0.882362 0.987242
vt 0.884212 0.991953
vt 0.882362 0.992679
vt 0.549021 0.987242
vt 0.547033 0.993917
vt 0.124111 0.851610
vt 0.999628 0.082028
vt 0.995002 0.083177
vt 0.995002 0.081154
vt 0.961928 0.987258
vt 0.959941 0.992319
vt 0.959941 0.987242
vt 0.995002 0.027986
vt 0.999769 0.027986
vt 0.998925 0.029786
vt 0.122114 0.847978
vt 0.999416 0.136425
vt 0.995002 0.136425
vt 0.995716 0.134559
vt 0.999244 0.159947
vt 0.999244 0.161970
vt 0.995002 0.161168
vt 0.130129 0.828103
vt 0.130829 0.829392
vt 0.997539 0.846930
vt 0.995002 0.844948
vt 0.997539 0.844942
vt 0.119944 0.839270
vt 0.125796 0.826185
vt 0.997570 0.832855
vt 0.995002 0.832902
vt 0.995002 0.830914
vt 0.130493 0.828323
vt 0.130797 0.828847
vt 0.105648 0.996311
vt 0.106174 0.998228
vt 0.105648 0.998374
vt 0.181181 0.996311
vt 0.181639 0.998299
vt 0.181034 0.998299
vt 0.109756 0.998374
vt 0.109756 0.996311
vt 0.110231 0.998242
vt 0.130979 0.996427
vt 0.130476 0.998351
vt 0.130476 0.996311
vt 0.119676 0.844348
vt 0.999466 0.116548
vt 0.995002 0.116548
vt 0.995551 0.114601
vt 0.995002 0.120289
vt 0.999466 0.120289
vt 0.998763 0.122159
vt 0.147844 0.996400
vt 0.147429 0.998344
vt 0.147429 0.996311
vt 0.140379 0.998225
vt 0.140936 0.996311
vt 0.140936 0.998344
vt 0.945539 0.987242
vt 0.945539 0.992380
vt 0.943706 0.991612
vt 0.119378 0.839658
vt 0.117810 0.841992
vt 0.999729 0.055988
vt 0.995002 0.055988
vt 0.997024 0.054677
vt 0.999290 0.063950
vt 0.999662 0.065938
vt 0.995002 0.065938
vt 0.456272 0.854872
vt 0.458260 0.854970
vt 0.456272 0.869206
vt 0.941873 0.987242
vt 0.943706 0.988011
vt 0.941873 0.992380
vt 0.326207 0.868971
vt 0.324238 0.869246
vt 0.324238 0.854872
vt 0.117946 0.996311
vt 0.117946 0.998348
vt 0.117275 0.998199
vt 0.182717 0.998275
vt 0.995300 0.786663
vt 0.995002 0.786305
vt 0.997813 0.786305
vt 0.188897 0.996311
vt 0.188861 0.998299
vt 0.188430 0.996311
vt 0.125296 0.998345
vt 0.125296 0.996311
vt 0.125958 0.996454
vt 0.137277 0.836585
vt 0.137351 0.837118
vt 0.134814 0.837034
vt 0.100536 0.996311
vt 0.101052 0.998231
vt 0.100536 0.998380
vt 0.138970 0.832251
vt 0.137892 0.829104
vt 0.116205 0.995749
vt 0.114177 0.994446
vt 0.116205 0.987242
vt 0.842110 0.988499
vt 0.843759 0.987242
vt 0.843759 0.992851
vt 0.097445 0.996311
vt 0.098052 0.998205
vt 0.097445 0.998380
vt 0.834949 0.987242
vt 0.836786 0.992090
vt 0.834949 0.992851
vt 0.140076 0.828730
vt 0.998540 0.455916
vt 0.995002 0.454866
vt 0.998540 0.453843
vt 0.138493 0.824968
vt 0.995002 0.176869
vt 0.999181 0.176869
vt 0.999181 0.178856
vt 0.348483 0.994726
vt 0.346567 0.987770
vt 0.141106 0.823969
vt 0.999873 0.009060
vt 0.995002 0.009060
vt 0.995002 0.007072
vt 0.998540 0.456966
vt 0.995002 0.457990
vt 0.995002 0.455916
vt 0.921444 0.991205
vt 0.919826 0.992503
vt 0.919826 0.987242
vt 0.139183 0.819249
vt 0.798725 0.992131
vt 0.800714 0.987242
vt 0.800714 0.993002
vt 0.995002 0.074417
vt 0.999630 0.074417
vt 0.995068 0.076587
vt 0.141615 0.820413
vt 0.995990 0.227032
vt 0.995002 0.225307
vt 0.999141 0.225307
vt 0.998633 0.427689
vt 0.998633 0.429677
vt 0.995002 0.427689
vt 0.141041 0.815447
vt 0.995002 0.005315
vt 0.999969 0.005917
vt 0.995002 0.005917
vt 0.141730 0.815447
vt 0.979797 0.987242
vt 0.981766 0.991968
vt 0.979797 0.992246
vt 0.995002 0.277492
vt 0.995297 0.276447
vt 0.998993 0.277492
vt 0.330358 0.991044
vt 0.328500 0.994846
vt 0.329042 0.991044
vt 0.913448 0.992521
vt 0.911563 0.987882
vt 0.913448 0.987242
vt 0.995002 0.319594
vt 0.998479 0.317635
vt 0.998833 0.319594
vt 0.992934 0.987242
vt 0.992336 0.992173
vt 0.141615 0.810481
vt 0.998842 0.339191
vt 0.995002 0.338105
vt 0.998842 0.338105
vt 0.328500 0.987242
vt 0.141106 0.806925
vt 0.139183 0.811645
vt 0.138493 0.805927
vt 0.796735 0.988113
vt 0.798725 0.987242
vt 0.798725 0.993002
vt 0.911563 0.987242
vt 0.911563 0.992521
vt 0.909677 0.991881
vt 0.995002 0.321553
vt 0.995356 0.319594
vt 0.998833 0.321553
vt 0.998153 0.225307
vt 0.995002 0.223582
vt 0.999141 0.223582
vt 0.981766 0.987242
vt 0.983734 0.987520
vt 0.981766 0.992246
vt 0.140076 0.802165
vt 0.918969 0.987242
vt 0.918969 0.992503
vt 0.917129 0.991752
vt 0.995956 0.218389
vt 0.999141 0.220132
vt 0.995002 0.220132
vt 0.137892 0.801791
vt 0.999630 0.086956
vt 0.995002 0.086956
vt 0.995856 0.085161
vt 0.999628 0.076587
vt 0.999628 0.078759
vt 0.995002 0.076728
vt 0.138970 0.798644
vt 0.998109 0.415945
vt 0.998685 0.417937
vt 0.995002 0.417937
vt 0.923061 0.988540
vt 0.921444 0.992503
vt 0.921444 0.987242
vt 0.995002 0.408582
vt 0.998692 0.408582
vt 0.998102 0.410570
vt 0.134814 0.793861
vt 0.118232 0.995749
vt 0.116205 0.988544
vt 0.346567 0.994726
vt 0.344651 0.994198
vt 0.346567 0.987242
vt 0.137277 0.794309
vt 0.843759 0.991594
vt 0.137351 0.793777
vt 0.101052 0.998380
vt 0.101052 0.996311
vt 0.101568 0.996461
vt 0.836786 0.992851
vt 0.836786 0.987242
vt 0.838623 0.988003
vt 0.179853 0.996311
vt 0.180428 0.998299
vt 0.179796 0.998299
vt 0.995300 0.785946
vt 0.997813 0.786305
vt 0.995002 0.786305
vt 0.389763 0.819912
vt 0.391629 0.817556
vt 0.391331 0.822246
vt 0.995002 0.057299
vt 0.997707 0.055988
vt 0.999729 0.057299
vt 0.146973 0.996410
vt 0.147429 0.996311
vt 0.147429 0.998345
vt 0.391897 0.822634
vt 0.156618 0.996311
vt 0.156618 0.998315
vt 0.155937 0.998230
vt 0.124635 0.996311
vt 0.125296 0.998202
vt 0.124635 0.998345
vt 0.397749 0.835719
vt 0.401802 0.830172
vt 0.400614 0.874048
vt 0.401322 0.859732
vt 0.402604 0.874048
vt 0.394067 0.813926
vt 0.184942 0.996311
vt 0.185481 0.996311
vt 0.185038 0.998299
vt 0.402082 0.833800
vt 0.940040 0.992380
vt 0.938207 0.988011
vt 0.940040 0.987242
vt 0.319173 0.868971
vt 0.321141 0.854872
vt 0.321141 0.869246
vt 0.999740 0.043854
vt 0.995002 0.041866
vt 0.999740 0.041866
vt 0.995002 0.139830
vt 0.999375 0.139830
vt 0.998999 0.141818
vt 0.995002 0.092778
vt 0.999583 0.093944
vt 0.995002 0.094801
vt 0.402446 0.833582
vt 0.402782 0.832512
vt 0.148675 0.998255
vt 0.148260 0.998344
vt 0.148260 0.996311
vt 0.402750 0.833058
vt 0.121949 0.998351
vt 0.121358 0.996447
vt 0.121949 0.996311
vt 0.139821 0.998225
vt 0.139264 0.998344
vt 0.139264 0.996311
vt 0.396064 0.810295
vt 0.995002 0.138292
vt 0.998703 0.136425
vt 0.999416 0.138292
vt 0.995002 0.120289
vt 0.998763 0.118418
vt 0.999466 0.120289
vt 0.104595 0.998374
vt 0.104595 0.996311
vt 0.105122 0.996457
vt 0.131481 0.998235
vt 0.130979 0.998351
vt 0.130979 0.996311
vt 0.109280 0.996311
vt 0.109756 0.996443
vt 0.109280 0.998374
vt 0.997539 0.842955
vt 0.997539 0.844942
vt 0.995002 0.844937
vt 0.397968 0.805988
vt 0.402782 0.794634
vt 0.009046 0.769279
vt 0.007058 0.769279
vt 0.007690 0.733733
vt 0.995002 0.828926
vt 0.997535 0.826938
vt 0.997571 0.828926
vt 0.995002 0.049610
vt 0.999710 0.049610
vt 0.999335 0.051598
vt 0.995002 0.161970
vt 0.999244 0.163191
vt 0.995002 0.163993
vt 0.399502 0.801166
vt 0.974788 0.992303
vt 0.972800 0.987242
vt 0.974788 0.987242
vt 0.999769 0.029786
vt 0.995846 0.031585
vt 0.995002 0.029786
vt 0.965904 0.992319
vt 0.963916 0.992319
vt 0.963958 0.987242
vt 0.400607 0.794428
vt 0.523871 0.994050
vt 0.522400 0.987242
vt 0.524394 0.987242
vt 0.496361 0.994207
vt 0.494456 0.993640
vt 0.496361 0.987242
vt 0.400635 0.793783
vt 0.095699 0.998389
vt 0.095080 0.996495
vt 0.095699 0.996311
vt 0.167425 0.996311
vt 0.166826 0.998300
vt 0.166685 0.996311
vt 0.401927 0.793860
vt 0.402417 0.794122
vt 0.995002 0.894168
vt 0.995752 0.893114
vt 0.997443 0.894168
vt 0.183863 0.996311
vt 0.184398 0.998299
vt 0.183842 0.998299
vt 0.145667 0.998299
vt 0.144229 0.996327
vt 0.145667 0.996311
vt 0.166058 0.996311
vt 0.166685 0.998254
vt 0.166058 0.998306
vt 0.171869 0.996311
vt 0.172569 0.996311
vt 0.172403 0.998299
vt 0.152947 0.753679
vt 0.152947 0.718107
vt 0.154925 0.718337
vt 0.176065 0.998269
vt 0.175485 0.998303
vt 0.175485 0.996311
vt 0.999521 0.090166
vt 0.995002 0.092527
vt 0.995002 0.089030
vt 0.998499 0.498814
vt 0.995002 0.498814
vt 0.995646 0.498608
vt 0.997863 0.762743
vt 0.995002 0.762743
vt 0.995385 0.762240
vt 0.769941 0.993074
vt 0.769941 0.987242
vt 0.772188 0.988402
vt 0.403183 0.987242
vt 0.403183 0.994458
vt 0.400942 0.989073
vt 0.400942 0.994458
vt 0.398701 0.992627
vt 0.400942 0.987242
vt 0.767694 0.987242
vt 0.769941 0.991914
vt 0.767694 0.993074
vt 0.995002 0.763246
vt 0.997480 0.762743
vt 0.997863 0.763246
vt 0.995002 0.499020
vt 0.997855 0.498814
vt 0.998499 0.499020
vt 0.931968 0.987242
vt 0.935068 0.990722
vt 0.931968 0.992341
vt 0.997473 0.898059
vt 0.995002 0.898059
vt 0.997037 0.897675
vt 0.013127 0.964566
vt 0.010656 0.964566
vt 0.012825 0.963891
vt 0.011327 0.957386
vt 0.010951 0.952323
vt 0.372518 0.774927
vt 0.368000 0.786311
vt 0.368000 0.750914
vt 0.114154 0.998382
vt 0.114154 0.996311
vt 0.114404 0.997728
vt 0.066313 0.796486
vt 0.066313 0.820921
vt 0.063982 0.800119
vt 0.061361 0.803548
vt 0.997443 0.437174
vt 0.998677 0.437975
vt 0.995002 0.437975
vt 0.057753 0.812051
vt 0.514290 0.987242
vt 0.514290 0.994136
vt 0.511907 0.991338
vt 0.061443 0.825800
vt 0.997932 0.437236
vt 0.998383 0.437487
vt 0.058514 0.806637
vt 0.892616 0.992709
vt 0.892616 0.987242
vt 0.892997 0.987625
vt 0.272054 0.991522
vt 0.274125 0.992935
vt 0.272328 0.995202
vt 0.274401 0.987890
vt 0.272054 0.987242
vt 0.995002 0.037051
vt 0.999759 0.037051
vt 0.998143 0.038872
vt 0.332680 0.864659
vt 0.329739 0.860921
vt 0.332177 0.859676
vt 0.330331 0.855993
vt 0.995002 0.005315
vt 0.995002 0.003930
vt 0.999931 0.003930
vt 0.329625 0.855993
vt 0.995002 0.346640
vt 0.998833 0.346640
vt 0.995215 0.347517
vt 0.371269 0.990925
vt 0.372571 0.990925
vt 0.956958 0.992362
vt 0.956958 0.987242
vt 0.958292 0.991987
vt 0.329739 0.851066
vt 0.995002 0.345764
vt 0.998833 0.345764
vt 0.998620 0.346640
vt 0.332680 0.847328
vt 0.332177 0.852310
vt 0.995002 0.033407
vt 0.269707 0.995202
vt 0.269707 0.990922
vt 0.272054 0.994554
vt 0.271778 0.989510
vt 0.269981 0.987242
vt 0.892997 0.987242
vt 0.893377 0.992327
vt 0.892997 0.992709
vt 0.368837 0.849490
vt 0.372527 0.835741
vt 0.377398 0.840620
vt 0.372445 0.857992
vt 0.369598 0.854904
vt 0.516672 0.994136
vt 0.514290 0.990040
vt 0.516672 0.987242
vt 0.995297 0.438288
vt 0.996237 0.437975
vt 0.995002 0.438776
vt 0.998677 0.438776
vt 0.995747 0.438037
vt 0.375066 0.861422
vt 0.377398 0.865055
vt 0.267449 0.761213
vt 0.262931 0.785227
vt 0.262931 0.749830
vt 0.956329 0.950956
vt 0.961381 0.951455
vt 0.949134 0.951455
vt 0.949862 0.949302
vt 0.949194 0.948984
vt 0.113904 0.996311
vt 0.114154 0.996966
vt 0.113904 0.998382
vt 0.995002 0.898443
vt 0.995438 0.898059
vt 0.997473 0.898443
vt 0.995044 0.331018
vt 0.998755 0.334064
vt 0.995002 0.334064
vt 0.039948 0.996086
vt 0.037090 0.995032
vt 0.039948 0.987242
vt 0.998755 0.334116
vt 0.995002 0.337110
vt 0.995002 0.334064
vt 0.034232 0.996086
vt 0.034232 0.987242
vt 0.037090 0.995032
vt 0.995002 0.392155
vt 0.998686 0.394772
vt 0.995002 0.395224
vt 0.353596 0.994682
vt 0.351079 0.988999
vt 0.353596 0.987242
vt 0.999803 0.016050
vt 0.996934 0.018404
vt 0.995002 0.016050
vt 0.012738 0.996086
vt 0.012738 0.987242
vt 0.016656 0.988679
vt 0.127757 0.995621
vt 0.127757 0.987242
vt 0.131275 0.989065
vt 0.998713 0.355431
vt 0.995376 0.358477
vt 0.995002 0.355431
vt 0.356113 0.994682
vt 0.353596 0.992926
vt 0.356113 0.987242
vt 0.999803 0.013696
vt 0.997871 0.016050
vt 0.995002 0.013696
vt 0.123623 0.995621
vt 0.123623 0.987242
vt 0.127758 0.987803
vt 0.335558 0.987242
vt 0.339520 0.987242
vt 0.335665 0.994682
vt 0.995002 0.500843
vt 0.998434 0.500843
vt 0.995444 0.502324
vt 0.672797 0.993177
vt 0.671277 0.993458
vt 0.671277 0.987242
vt 0.998339 0.520649
vt 0.995002 0.520649
vt 0.995002 0.517603
vt 0.998291 0.558569
vt 0.995002 0.559550
vt 0.995002 0.558005
vt 0.689906 0.993354
vt 0.688361 0.993354
vt 0.688774 0.987242
vt 0.998339 0.514557
vt 0.998339 0.517603
vt 0.995002 0.517603
vt 0.995263 0.653147
vt 0.998078 0.654670
vt 0.995002 0.654670
vt 0.994253 0.559425
vt 0.994630 0.560923
vt 0.984674 0.560923
vt 0.995002 0.507335
vt 0.997758 0.505970
vt 0.998434 0.507335
vt 0.994630 0.539137
vt 0.984674 0.539137
vt 0.990493 0.537221
vt 0.998078 0.651624
vt 0.995263 0.653147
vt 0.995002 0.651624
vt 0.985051 0.557926
vt 0.994630 0.559425
vt 0.984674 0.559425
vt 0.998078 0.654670
vt 0.998078 0.656193
vt 0.995002 0.656192
vt 0.994630 0.541053
vt 0.984674 0.541053
vt 0.988812 0.539137
vt 0.998202 0.589210
vt 0.995727 0.590550
vt 0.995002 0.589210
vt 0.247944 0.976325
vt 0.247944 0.964607
vt 0.250676 0.975649
vt 0.438119 0.975997
vt 0.438119 0.964607
vt 0.441512 0.964780
vt 0.546148 0.964607
vt 0.548080 0.974108
vt 0.546148 0.975997
vt 0.995002 0.589210
vt 0.995727 0.587871
vt 0.250676 0.964607
vt 0.253409 0.965283
vt 0.250676 0.976325
vt 0.441512 0.964607
vt 0.444904 0.975824
vt 0.441512 0.975997
vt 0.544216 0.975997
vt 0.544216 0.964607
vt 0.546148 0.966496
vt 0.810251 0.975783
vt 0.810251 0.964607
vt 0.811731 0.964965
vt 0.552417 0.965281
vt 0.550249 0.975982
vt 0.550249 0.964607
vt 0.971601 0.975630
vt 0.971601 0.964607
vt 0.973101 0.964867
vt 0.784557 0.965142
vt 0.782349 0.975783
vt 0.782349 0.964607
vt 0.162262 0.965333
vt 0.165261 0.975833
vt 0.162262 0.976363
vt 0.828910 0.965256
vt 0.825163 0.975630
vt 0.825163 0.964607
vt 0.434265 0.964607
vt 0.431332 0.975065
vt 0.428399 0.974243
vt 0.166371 0.964607
vt 0.434265 0.975887
vt 0.984557 0.273932
vt 0.984557 0.276978
vt 0.973695 0.275851
vt 0.552417 0.975887
vt 0.552417 0.964606
vt 0.556435 0.965733
vt 0.971601 0.975370
vt 0.970100 0.975630
vt 0.970100 0.964607
vt 0.984557 0.217955
vt 0.973695 0.219874
vt 0.973695 0.216071
vt 0.813211 0.975424
vt 0.811731 0.975783
vt 0.811731 0.964607
vt 0.784557 0.964607
vt 0.786764 0.975248
vt 0.784557 0.975783
vt 0.548080 0.964607
vt 0.550249 0.975307
vt 0.548080 0.975982
vt 0.775515 0.974353
vt 0.771937 0.975753
vt 0.771937 0.974353
vt 0.995002 0.293166
vt 0.996147 0.292359
vt 0.998964 0.293166
vt 0.775515 0.975753
vt 0.998565 0.464597
vt 0.995002 0.465181
vt 0.995002 0.464265
vt 0.997932 0.738513
vt 0.995002 0.738513
vt 0.995411 0.737694
vt 0.775515 0.970180
vt 0.771937 0.970180
vt 0.771937 0.966007
vt 0.771937 0.964607
vt 0.775515 0.966007
vt 0.995002 0.293972
vt 0.997819 0.293166
vt 0.998964 0.293972
vt 0.775515 0.964607
vt 0.998581 0.462049
vt 0.995002 0.462049
vt 0.995087 0.461138
vt 0.997523 0.738513
vt 0.997932 0.739333
vt 0.995002 0.739333
vt 0.996162 0.112654
vt 0.995002 0.111868
vt 0.999531 0.111868
vt 0.998496 0.462691
vt 0.998572 0.463603
vt 0.995002 0.463603
vt 0.274776 0.997206
vt 0.274967 0.996311
vt 0.274967 0.998126
vt 0.997676 0.823144
vt 0.996779 0.823512
vt 0.995002 0.823144
vt 0.997624 0.521175
vt 0.995002 0.520649
vt 0.998461 0.520649
vt 0.973576 0.222576
vt 0.961514 0.219546
vt 0.973576 0.218403
vt 0.688859 0.952323
vt 0.688859 0.964439
vt 0.684887 0.954497
vt 0.571596 0.964439
vt 0.567441 0.952717
vt 0.016157 0.964385
vt 0.016157 0.952323
vt 0.019187 0.952323
vt 0.013127 0.952323
vt 0.999531 0.111083
vt 0.998371 0.111868
vt 0.995002 0.111083
vt 0.680914 0.952323
vt 0.680914 0.964439
vt 0.995002 0.466383
vt 0.998559 0.467002
vt 0.995002 0.467298
vt 0.275157 0.998126
vt 0.274967 0.997231
vt 0.275157 0.996311
vt 0.995002 0.822775
vt 0.997676 0.822775
vt 0.995899 0.823143
vt 0.995840 0.521700
vt 0.995002 0.521175
vt 0.998461 0.521175
vt 0.998453 0.511144
vt 0.995002 0.511175
vt 0.995002 0.510230
vt 0.998043 0.695449
vt 0.995513 0.696244
vt 0.995002 0.695449
vt 0.995002 0.510230
vt 0.998444 0.509285
vt 0.998453 0.510230
vt 0.995002 0.697038
vt 0.995513 0.696244
vt 0.998043 0.697038
vt 0.998453 0.511175
vt 0.998419 0.512114
vt 0.995002 0.511175
vt 0.995002 0.513618
vt 0.998451 0.513740
vt 0.995002 0.514557
vt 0.995002 0.472377
vt 0.998184 0.471463
vt 0.998546 0.472377
vt 0.995002 0.792807
vt 0.995597 0.792025
vt 0.997746 0.792807
vt 0.999178 0.182851
vt 0.995002 0.182851
vt 0.997295 0.180854
vt 0.998546 0.473290
vt 0.995002 0.473290
vt 0.995364 0.472377
vt 0.995002 0.792025
vt 0.997152 0.791243
vt 0.997746 0.792025
vt 0.995002 0.184848
vt 0.996885 0.182851
vt 0.999178 0.184848
vt 0.998183 0.485057
vt 0.998508 0.485971
vt 0.995002 0.485971
vt 0.995326 0.484144
vt 0.998508 0.485058
vt 0.995002 0.485058
vt 0.995002 0.486883
vt 0.998081 0.485971
vt 0.998508 0.486883
vt 0.995445 0.859094
vt 0.995002 0.858190
vt 0.997546 0.858190
vt 0.998508 0.487795
vt 0.995002 0.487795
vt 0.995429 0.486883
vt 0.995002 0.857285
vt 0.997546 0.857285
vt 0.997103 0.858189
vt 0.998081 0.499932
vt 0.998463 0.500843
vt 0.995002 0.500843
vt 0.995384 0.499020
vt 0.998463 0.499932
vt 0.995002 0.499932
vt 0.975188 0.188109
vt 0.984599 0.191232
vt 0.973695 0.191232
vt 0.984599 0.167086
vt 0.973695 0.167086
vt 0.973712 0.162954
vt 0.949134 0.128162
vt 0.961431 0.128162
vt 0.960487 0.130753
vt 0.997760 0.796334
vt 0.997522 0.796686
vt 0.995002 0.796334
vt 0.973695 0.194355
vt 0.983106 0.191232
vt 0.984599 0.194355
vt 0.973695 0.171217
vt 0.973695 0.167086
vt 0.984599 0.167130
vt 0.945787 0.952246
vt 0.945787 0.939948
vt 0.948377 0.951301
vt 0.995240 0.797039
vt 0.995002 0.796687
vt 0.997760 0.796687
vt 0.984674 0.873233
vt 0.994196 0.873288
vt 0.984674 0.549708
vt 0.993828 0.547086
vt 0.994589 0.549708
vt 0.973695 0.335955
vt 0.982140 0.331555
vt 0.984401 0.335955
vt 0.984674 0.547086
vt 0.985435 0.544464
vt 0.994589 0.547086
vt 0.534647 0.964607
vt 0.537903 0.975982
vt 0.534507 0.975982
vt 0.984579 0.174531
vt 0.973695 0.175246
vt 0.973695 0.171217
vt 0.959823 0.289062
vt 0.961431 0.291233
vt 0.949134 0.291233
vt 0.103325 0.976439
vt 0.103325 0.964607
vt 0.106590 0.975505
vt 0.434265 0.975983
vt 0.434265 0.964606
vt 0.438119 0.965780
vt 0.959823 0.293405
vt 0.127121 0.964607
vt 0.130250 0.965502
vt 0.127121 0.976439
vt 0.984570 0.183053
vt 0.973695 0.183053
vt 0.984381 0.179150
vt 0.973695 0.294287
vt 0.984460 0.292019
vt 0.984570 0.294287
vt 0.123992 0.964607
vt 0.127121 0.975544
vt 0.123992 0.976439
vt 0.984570 0.179150
vt 0.973695 0.179150
vt 0.973885 0.175247
vt 0.984557 0.304653
vt 0.984557 0.306924
vt 0.973695 0.305180
vt 0.831199 0.975671
vt 0.831199 0.964607
vt 0.834050 0.966041
vt 0.390173 0.994437
vt 0.387305 0.988642
vt 0.390173 0.987242
vt 0.834050 0.975671
vt 0.834050 0.964607
vt 0.836900 0.974236
vt 0.393041 0.994437
vt 0.390173 0.993038
vt 0.393041 0.987242
vt 0.973695 0.317461
vt 0.984336 0.317461
vt 0.973695 0.320492
vt 0.973695 0.314431
vt 0.395871 0.994437
vt 0.395871 0.987242
vt 0.398702 0.988626
vt 0.395871 0.993054
vt 0.984674 0.442375
vt 0.986354 0.439812
vt 0.994716 0.442375
vt 0.429847 0.994398
vt 0.427075 0.988549
vt 0.429847 0.987242
vt 0.608259 0.987242
vt 0.605195 0.993708
vt 0.605190 0.987242
vt 0.994717 0.439812
vt 0.984674 0.439812
vt 0.993036 0.437250
vt 0.599057 0.987248
vt 0.602122 0.987242
vt 0.602122 0.993714
vt 0.602127 0.987242
vt 0.605191 0.993708
vt 0.602122 0.993708
vt 0.072249 0.987242
vt 0.074643 0.989161
vt 0.072249 0.995988
vt 0.421506 0.987242
vt 0.421506 0.994402
vt 0.418732 0.993090
vt 0.077038 0.994069
vt 0.074643 0.995988
vt 0.074643 0.987242
vt 0.599050 0.987242
vt 0.599057 0.993714
vt 0.595988 0.993714
vt 0.384217 0.989291
vt 0.381928 0.994477
vt 0.381928 0.987242
vt 0.590454 0.993723
vt 0.587382 0.987256
vt 0.590454 0.987242
vt 0.584309 0.993709
vt 0.581236 0.993723
vt 0.581236 0.987242
vt 0.386506 0.992428
vt 0.384217 0.994477
vt 0.384217 0.987242
vt 0.424294 0.987242
vt 0.427075 0.993096
vt 0.424294 0.994401
vt 0.587382 0.987242
vt 0.584338 0.993723
vt 0.584309 0.987242
vt 0.820002 0.991560
vt 0.822417 0.987242
vt 0.822417 0.992911
vt 0.593221 0.993733
vt 0.593362 0.987242
vt 0.595988 0.993733
vt 0.630920 0.987242
vt 0.631019 0.993731
vt 0.630920 0.993734
vt 0.421506 0.987242
vt 0.424294 0.988540
vt 0.421506 0.994401
vt 0.988399 0.992189
vt 0.988399 0.987242
vt 0.991166 0.987242
vt 0.593221 0.987242
vt 0.593221 0.993734
vt 0.590454 0.993674
vt 0.630821 0.987242
vt 0.630920 0.987245
vt 0.630821 0.993734
vt 0.581236 0.987268
vt 0.578160 0.993732
vt 0.578160 0.987242
vt 0.443064 0.994376
vt 0.443064 0.987242
vt 0.445567 0.993286
vt 0.434119 0.987242
vt 0.436819 0.993703
vt 0.434119 0.994376
vt 0.443064 0.987242
vt 0.443064 0.994376
vt 0.440561 0.993286
vt 0.467149 0.993825
vt 0.464399 0.994244
vt 0.464399 0.987242
vt 0.301834 0.994983
vt 0.298342 0.992774
vt 0.301834 0.987242
vt 0.294850 0.994983
vt 0.294850 0.987242
vt 0.298342 0.992774
vt 0.461614 0.847801
vt 0.458360 0.854342
vt 0.458360 0.847801
vt 0.461646 0.854342
vt 0.311027 0.994919
vt 0.311027 0.987242
vt 0.314445 0.989342
vt 0.311027 0.994919
vt 0.307594 0.992810
vt 0.311027 0.987242
vt 0.195683 0.864208
vt 0.192428 0.864208
vt 0.192428 0.857668
vt 0.195715 0.857668
vt 0.314445 0.987242
vt 0.317863 0.992819
vt 0.314445 0.994919
vt 0.558607 0.993783
vt 0.562626 0.987242
vt 0.562636 0.993783
vt 0.239847 0.991150
vt 0.233306 0.987242
vt 0.239847 0.987242
vt 0.233306 0.991150
vt 0.226765 0.995057
vt 0.233306 0.991149
vt 0.233306 0.995057
vt 0.226765 0.991149
vt 0.820551 0.964607
vt 0.820551 0.975480
vt 0.813211 0.972316
vt 0.804099 0.975135
vt 0.801381 0.975726
vt 0.801381 0.964607
vt 0.994478 0.475997
vt 0.984674 0.471849
vt 0.994591 0.471849
vt 0.558336 0.993783
vt 0.554186 0.987248
vt 0.558336 0.987242
vt 0.973695 0.266827
vt 0.976466 0.259330
vt 0.984341 0.266827
vt 0.984569 0.279758
vt 0.973695 0.279758
vt 0.984462 0.276978
vt 0.984341 0.571105
vt 0.973695 0.571105
vt 0.975207 0.567241
vt 0.550046 0.993783
vt 0.550037 0.987242
vt 0.554186 0.987242
vt 0.461378 0.864240
vt 0.984402 0.357930
vt 0.973695 0.357930
vt 0.982876 0.354220
vt 0.195446 0.847769
vt 0.984402 0.361640
vt 0.973695 0.361640
vt 0.975221 0.357930
vt 0.458360 0.864240
vt 0.973695 0.676450
vt 0.984337 0.676450
vt 0.982902 0.680085
vt 0.192428 0.847769
vt 0.984337 0.672816
vt 0.975130 0.676450
vt 0.973695 0.672816
vt 0.998246 0.245231
vt 0.999104 0.246397
vt 0.995002 0.246397
vt 0.768267 0.964607
vt 0.769693 0.964853
vt 0.768267 0.975874
vt 0.999104 0.247562
vt 0.995002 0.247562
vt 0.995861 0.246397
vt 0.769693 0.975874
vt 0.769693 0.964607
vt 0.771120 0.975628
vt 0.998879 0.306782
vt 0.998879 0.308139
vt 0.995002 0.308122
vt 0.995008 0.305425
vt 0.998879 0.306782
vt 0.995002 0.306782
vt 0.620397 0.964607
vt 0.623477 0.975214
vt 0.620397 0.975874
vt 0.912616 0.964607
vt 0.914978 0.975624
vt 0.911828 0.975624
vt 0.997572 0.502324
vt 0.998449 0.503503
vt 0.995002 0.503503
vt 0.666538 0.975924
vt 0.665092 0.975659
vt 0.666538 0.964607
vt 0.795548 0.964607
vt 0.798609 0.975502
vt 0.795548 0.975720
vt 0.997572 0.504682
vt 0.667983 0.964607
vt 0.667983 0.975924
vt 0.666538 0.964872
vt 0.566537 0.964607
vt 0.569542 0.975305
vt 0.566537 0.975924
vt 0.997064 0.761016
vt 0.997830 0.762240
vt 0.995002 0.762240
vt 0.663674 0.964607
vt 0.665092 0.964875
vt 0.663674 0.975927
vt 0.779403 0.975504
vt 0.776340 0.975753
vt 0.995002 0.761016
vt 0.995768 0.759792
vt 0.997829 0.761016
vt 0.662256 0.975927
vt 0.662256 0.964607
vt 0.663674 0.975658
vt 0.557665 0.964607
vt 0.560681 0.975337
vt 0.557665 0.975927
vt 0.000926 0.996311
vt 0.001382 0.998523
vt -0.000000 0.998523
vt 0.721898 0.964607
vt 0.723256 0.964865
vt 0.721898 0.975902
vt 0.808153 0.964607
vt 0.810251 0.975706
vt 0.807175 0.975706
vt 0.001382 0.996311
vt 0.002765 0.996311
vt 0.002309 0.998523
vt 0.723257 0.975902
vt 0.723257 0.964607
vt 0.724615 0.975644
vt 0.806197 0.964607
vt 0.807175 0.975706
vt 0.804099 0.975706
vt 0.215228 0.987242
vt 0.218978 0.993617
vt 0.215228 0.995235
vt 0.623087 0.987242
vt 0.626954 0.987242
vt 0.626954 0.993547
vt 0.999480 0.108522
vt 0.995002 0.108522
vt 0.996141 0.106572
vt 0.995002 0.298077
vt 0.995002 0.295819
vt 0.998876 0.295832
vt 0.969499 0.964608
vt 0.969598 0.964607
vt 0.969598 0.975727
vt 0.344633 0.987242
vt 0.344633 0.994639
vt 0.340580 0.987749
vt 0.995002 0.110472
vt 0.998342 0.108522
vt 0.999480 0.110472
vt 0.995009 0.298077
vt 0.998876 0.300335
vt 0.995002 0.300335
vt 0.630822 0.987242
vt 0.630822 0.993547
vt 0.626954 0.993547
vt 0.969697 0.964608
vt 0.820002 0.987242
vt 0.820002 0.992922
vt 0.817721 0.990945
vt 0.994591 0.464464
vt 0.984674 0.464464
vt 0.984807 0.460117
vt 0.699843 0.988929
vt 0.703563 0.987242
vt 0.703563 0.993221
vt 0.817721 0.987242
vt 0.817721 0.992922
vt 0.815441 0.989218
vt 0.994587 0.467500
vt 0.994587 0.471849
vt 0.984674 0.471547
vt 0.707282 0.987242
vt 0.707282 0.993221
vt 0.703563 0.991534
vt 0.973695 0.343911
vt 0.975890 0.338350
vt 0.984337 0.343911
vt 0.937933 0.972873
vt 0.932186 0.975467
vt 0.932186 0.964607
vt 0.984674 0.354369
vt 0.994741 0.354369
vt 0.994028 0.358211
vt 0.984674 0.166166
vt 0.984674 0.163908
vt 0.994572 0.167355
vt 0.973695 0.282748
vt 0.983206 0.279758
vt 0.984556 0.282748
vt 0.995002 0.212341
vt 0.998652 0.213622
vt 0.998203 0.214902
vt 0.984674 0.162551
vt 0.994572 0.162551
vt 0.998870 0.309496
vt 0.995002 0.308139
vt 0.998876 0.308139
vt 0.999101 0.212341
vt 0.984674 0.161194
vt 0.984674 0.158936
vt 0.994572 0.157747
vt 0.998876 0.309496
vt 0.995009 0.310852
vt 0.995002 0.309496
vt 0.937932 0.972873
vt 0.943679 0.964607
vt 0.943679 0.975467
vt 0.984556 0.285737
vt 0.973695 0.285737
vt 0.975045 0.282748
vt 0.984337 0.349472
vt 0.973695 0.349472
vt 0.982142 0.343911
vt 0.984674 0.333361
vt 0.994787 0.333361
vt 0.993986 0.337186
vt 0.058899 0.976243
vt 0.055003 0.974746
vt 0.058899 0.964607
vt 0.051108 0.973250
vt 0.180394 0.976243
vt 0.180394 0.964607
vt 0.185341 0.966507
vt 0.917250 0.964607
vt 0.921052 0.964607
vt 0.919926 0.975469
vt 0.974191 0.331555
vt 0.978995 0.325014
vt 0.978995 0.331555
vt 0.973695 0.325014
vt 0.569343 0.987242
vt 0.566559 0.993783
vt 0.566063 0.987242
vt 0.983798 0.331555
vt 0.924061 0.245888
vt 0.935606 0.247341
vt 0.925329 0.251034
vt 0.984294 0.325014
vt 0.233306 0.987242
vt 0.226765 0.987242
vt 0.984557 0.196099
vt 0.973695 0.198262
vt 0.973695 0.194355
vt 0.449564 0.987242
vt 0.452126 0.993260
vt 0.449564 0.994351
vt 0.917142 0.975469
vt 0.914978 0.964607
vt 0.995002 0.110909
vt 0.995390 0.110735
vt 0.999562 0.110909
vt 0.936516 0.251034
vt 0.437543 0.987242
vt 0.440561 0.988527
vt 0.437543 0.994351
vt 0.572772 0.993783
vt 0.569987 0.993783
vt 0.185341 0.976337
vt 0.185341 0.965150
vt 0.188044 0.975671
vt 0.239847 0.995057
vt 0.842882 0.965226
vt 0.839024 0.975608
vt 0.839024 0.964607
vt 0.187546 0.964607
vt 0.995002 0.111083
vt 0.999174 0.110909
vt 0.999562 0.111083
vt 0.448777 0.847391
vt 0.450630 0.846084
vt 0.449733 0.854279
vt 0.936666 0.338748
vt 0.924061 0.338748
vt 0.934881 0.337349
vt 0.448134 0.855783
vt 0.135183 0.964249
vt 0.126767 0.964249
vt 0.910520 0.315988
vt 0.135183 0.952323
vt 0.293478 0.952323
vt 0.301721 0.964249
vt 0.293478 0.964249
vt 0.973695 0.302666
vt 0.974412 0.301209
vt 0.984605 0.302666
vt 0.961060 0.020594
vt 0.949134 0.020594
vt 0.949135 0.010297
vt 0.450630 0.864537
vt 0.449365 0.866224
vt 0.521385 0.951874
vt 0.521385 0.939948
vt 0.531898 0.939948
vt 0.914895 0.951874
vt 0.914895 0.939948
vt 0.925192 0.939948
vt 0.301721 0.952323
vt 0.993743 0.152606
vt 0.708949 0.939948
vt 0.698651 0.951874
vt 0.698651 0.939948
vt 0.282728 0.831372
vt 0.276881 0.844849
vt 0.279548 0.836013
vt 0.574623 0.864314
vt 0.562698 0.879005
vt 0.562698 0.864314
vt 0.574623 0.879005
vt 0.282482 0.824021
vt 0.910520 0.759579
vt 0.910520 0.747653
vt 0.922866 0.747653
vt 0.922866 0.759579
vt 0.284079 0.818872
vt 0.539200 0.848120
vt 0.539200 0.864314
vt 0.531276 0.854553
vt 0.923093 0.513561
vt 0.923093 0.525487
vt 0.910520 0.515281
vt 0.283777 0.818872
vt 0.282482 0.818872
vt 0.837666 0.945911
vt 0.837666 0.951874
vt 0.832518 0.951874
vt 0.832518 0.939948
vt 0.282482 0.813724
vt 0.282728 0.806373
vt 0.923093 0.595397
vt 0.923093 0.605603
vt 0.910520 0.605603
vt 0.842815 0.951874
vt 0.279548 0.801732
vt 0.922866 0.771504
vt 0.910520 0.759579
vt 0.922866 0.759579
vt 0.276881 0.792895
vt 0.447855 0.878957
vt 0.435930 0.878957
vt 0.435930 0.864267
vt 0.553254 0.864314
vt 0.553254 0.848120
vt 0.562513 0.855636
vt 0.985902 0.156033
vt 0.994972 0.157747
vt 0.984674 0.157747
vt 0.688353 0.939948
vt 0.688353 0.951874
vt 0.910520 0.771504
vt 0.253226 0.845714
vt 0.254491 0.847400
vt 0.251995 0.856154
vt 0.521385 0.939948
vt 0.510872 0.951874
vt 0.447855 0.864267
vt 0.253594 0.857658
vt 0.935489 0.939948
vt 0.945787 0.951874
vt 0.935489 0.951874
vt 0.252638 0.864546
vt 0.254491 0.865853
vt 0.285234 0.964249
vt 0.945787 0.939948
vt 0.285234 0.952323
vt 0.143600 0.964249
vt 0.521385 0.951874
vt 0.924061 0.337349
vt 0.925846 0.335951
vt 0.936666 0.337349
vt 0.984605 0.301209
vt 0.973695 0.301209
vt 0.983889 0.299752
vt 0.904598 0.951874
vt 0.894301 0.939948
vt 0.625926 0.865472
vt 0.617263 0.857276
vt 0.625926 0.848120
vt 0.999112 0.237010
vt 0.997592 0.235968
vt 0.729161 0.993259
vt 0.730761 0.987242
vt 0.160806 0.976532
vt 0.160806 0.964607
vt 0.161534 0.964607
vt 0.664577 0.987242
vt 0.664577 0.993468
vt 0.249954 0.993123
vt 0.251198 0.987242
vt 0.251198 0.995293
vt 0.668838 0.954112
vt 0.668826 0.962529
vt 0.660961 0.964248
vt 0.660961 0.952323
vt 0.998334 0.237394
vt 0.152029 0.976532
vt 0.151161 0.976532
vt 0.151161 0.964607
vt 0.603270 0.952323
vt 0.609287 0.952362
vt 0.611114 0.953969
vt 0.611189 0.962232
vt 0.603270 0.964248
vt 0.996820 0.237662
vt 0.996534 0.236005
vt 0.068390 0.964607
vt 0.069445 0.964700
vt 0.068390 0.976579
vt 0.139955 0.964651
vt 0.074718 0.976579
vt 0.074718 0.964607
vt 0.075772 0.964700
vt 0.097974 0.964607
vt 0.099512 0.976532
vt 0.097974 0.976532
vt 0.152028 0.964607
vt 0.995002 0.237143
vt 0.091824 0.976567
vt 0.091824 0.964607
vt 0.135503 0.996827
vt 0.134901 0.998345
vt 0.134901 0.996311
vt 0.159350 0.976532
vt 0.158557 0.976532
vt 0.159042 0.964607
vt 0.121545 0.976504
vt 0.122768 0.964607
vt 0.122768 0.976536
vt 0.961514 0.940306
vt 0.973571 0.940306
vt 0.961792 0.942176
vt 0.014802 0.964607
vt 0.016322 0.964802
vt 0.014802 0.976631
vt 0.961514 0.957656
vt 0.973310 0.955901
vt 0.973571 0.957656
vt 0.141788 0.809511
vt 0.143324 0.822851
vt 0.141788 0.824183
vt 0.143407 0.809621
vt 0.751635 0.892130
vt 0.752330 0.878918
vt 0.763577 0.892130
vt 0.143653 0.976532
vt 0.142530 0.976532
vt 0.143018 0.964607
vt 0.782077 0.866978
vt 0.782077 0.848071
vt 0.791331 0.855593
vt 0.834665 0.848071
vt 0.843993 0.855502
vt 0.834665 0.866978
vt 0.910520 0.375616
vt 0.910520 0.363690
vt 0.923125 0.363690
vt 0.608600 0.848120
vt 0.617263 0.857276
vt 0.608600 0.865472
vt 0.949134 0.041188
vt 0.961059 0.051485
vt 0.949134 0.051485
vt 0.307063 0.831629
vt 0.305443 0.831739
vt 0.306980 0.818398
vt 0.305443 0.817067
vt 0.791987 0.848071
vt 0.801242 0.859457
vt 0.791987 0.866978
vt 0.961059 0.030891
vt 0.961059 0.041188
vt 0.949134 0.041188
vt 0.656982 0.857730
vt 0.647888 0.865471
vt 0.647888 0.848119
vt 0.923125 0.300904
vt 0.910520 0.312829
vt 0.910520 0.300904
vt 0.583371 0.848120
vt 0.583371 0.865472
vt 0.574708 0.856316
vt 0.136105 0.997829
vt 0.135503 0.998344
vt 0.135503 0.996311
vt 0.997294 0.239661
vt 0.997580 0.238005
vt 0.999112 0.239143
vt 0.082663 0.964607
vt 0.082663 0.976532
vt 0.998425 0.237662
vt 0.772750 0.866978
vt 0.772750 0.848071
vt 0.782077 0.859547
vt 0.157764 0.976532
vt 0.158071 0.964607
vt 0.158557 0.976532
vt 0.117874 0.964652
vt 0.116752 0.976542
vt 0.116752 0.964607
vt 0.996522 0.237967
vt 0.995780 0.239394
vt 0.013282 0.976631
vt 0.011757 0.964803
vt 0.013282 0.964607
vt 0.973571 0.955901
vt 0.961514 0.955901
vt 0.961775 0.954146
vt 0.017841 0.976630
vt 0.017841 0.964607
vt 0.019361 0.976435
vt 0.089098 0.976567
vt 0.089098 0.964607
vt 0.090007 0.964676
vt 0.131474 0.964607
vt 0.132698 0.964607
vt 0.132390 0.976532
vt 0.069445 0.976579
vt 0.069445 0.964607
vt 0.070500 0.976485
vt 0.995002 0.239010
vt 0.152896 0.976532
vt 0.153763 0.964607
vt 0.153763 0.976532
vt 0.152896 0.964607
vt 0.995861 0.237662
vt 0.138505 0.964607
vt 0.138505 0.976554
vt 0.137779 0.976510
vt 0.072609 0.976579
vt 0.071555 0.964700
vt 0.072609 0.964607
vt 0.138505 0.964607
vt 0.139230 0.964651
vt 0.138505 0.976554
vt 0.661486 0.987242
vt 0.661486 0.993468
vt 0.659941 0.993057
vt 0.667666 0.993468
vt 0.667666 0.987242
vt 0.251198 0.989411
vt 0.252442 0.987242
vt 0.252442 0.995293
vt 0.676715 0.962459
vt 0.668838 0.952323
vt 0.676703 0.954042
vt 0.668838 0.964248
vt 0.627026 0.964248
vt 0.634869 0.962602
vt 0.633043 0.964209
vt 0.634944 0.954339
vt 0.627026 0.952323
vt 0.373752 0.997911
vt 0.373067 0.997908
vt 0.373752 0.996311
vt 0.291868 0.997801
vt 0.291284 0.998049
vt 0.291284 0.996311
vt 0.609890 0.952558
vt 0.610584 0.953097
vt 0.373067 0.996311
vt 0.373067 0.997910
vt 0.372382 0.996313
vt 0.292451 0.996559
vt 0.291868 0.998049
vt 0.291868 0.996311
vt 0.633646 0.964014
vt 0.634340 0.963475
vt 0.996460 0.881166
vt 0.995627 0.881116
vt 0.995002 0.880835
vt 0.997503 0.880835
vt 0.996045 0.881498
vt 0.997503 0.881166
vt 0.996878 0.881447
vt 0.995002 0.881166
vt 0.364330 0.996311
vt 0.365209 0.996311
vt 0.365164 0.997911
vt 0.361693 0.996336
vt 0.360814 0.997911
vt 0.360814 0.996311
vt 0.265982 0.996311
vt 0.265982 0.998115
vt 0.265242 0.997729
vt 0.266722 0.998115
vt 0.265982 0.996697
vt 0.266722 0.996311
vt 0.359322 0.997910
vt 0.358301 0.997910
vt 0.358301 0.996311
vt 0.225967 0.996311
vt 0.225967 0.998209
vt 0.225045 0.997620
vt 0.358301 0.996311
vt 0.357280 0.997910
vt 0.357280 0.996311
vt 0.226889 0.998208
vt 0.225967 0.996900
vt 0.226889 0.996311
vt 0.188728 0.987242
vt 0.189103 0.995497
vt 0.187502 0.995497
vt 0.163046 0.987242
vt 0.163046 0.995587
vt 0.161462 0.995352
vt 0.146166 0.987469
vt 0.144566 0.995659
vt 0.144566 0.987242
vt 0.156681 0.987242
vt 0.158295 0.987326
vt 0.156681 0.995587
vt 0.348641 0.997819
vt 0.347889 0.997927
vt 0.347889 0.996311
vt 0.610962 0.962957
vt 0.610101 0.963924
vt 0.609121 0.964245
vt 0.366803 0.997911
vt 0.367334 0.996311
vt 0.367563 0.997911
vt 0.633856 0.952647
vt 0.634718 0.953614
vt 0.632877 0.952326
vt 0.270548 0.996311
vt 0.271720 0.997522
vt 0.270548 0.998092
vt 0.666922 0.952327
vt 0.668205 0.952972
vt 0.303678 0.997997
vt 0.302439 0.996718
vt 0.303678 0.996311
vt 0.674799 0.964244
vt 0.676082 0.963599
vt 0.308590 0.997995
vt 0.308590 0.996311
vt 0.309822 0.996710
vt 0.337502 0.997913
vt 0.336725 0.996311
vt 0.338020 0.996311
vt 0.325110 0.997914
vt 0.324595 0.996311
vt 0.326031 0.996311
vt 0.326547 0.996311
vt 0.327467 0.997914
vt 0.326031 0.997914
vt 0.342139 0.996311
vt 0.343167 0.996379
vt 0.342139 0.997914
vt 0.353187 0.997911
vt 0.353292 0.996311
vt 0.354218 0.997911
vt 0.714150 0.992992
vt 0.715722 0.993308
vt 0.754085 0.987242
vt 0.755688 0.987242
vt 0.754495 0.993189
vt 0.720350 0.987664
vt 0.787806 0.993093
vt 0.786207 0.993093
vt 0.787806 0.987242
vt 0.185199 0.888604
vt 0.183661 0.888167
vt 0.185344 0.887748
vt 0.183757 0.887447
vt 0.185154 0.886228
vt 0.183510 0.886417
vt 0.184235 0.884711
vt 0.182685 0.885514
vt 0.181636 0.885112
vt 0.171340 0.877471
vt 0.170646 0.878938
vt 0.163855 0.870399
vt 0.161601 0.870160
vt 0.159082 0.863678
vt 0.156953 0.863143
vt 0.154872 0.854281
vt 0.152945 0.853424
vt 0.152794 0.844195
vt 0.151004 0.838862
vt 0.153249 0.831858
vt 0.153118 0.826469
vt 0.936633 0.355397
vt 0.924061 0.357116
vt 0.924061 0.355397
vt 0.153409 0.826551
vt 0.440859 0.981836
vt 0.434896 0.986984
vt 0.434896 0.981836
vt 0.154655 0.826905
vt 0.156062 0.821952
vt 0.157834 0.814814
vt 0.936633 0.355397
vt 0.924061 0.353678
vt 0.936633 0.353678
vt 0.434896 0.976687
vt 0.162160 0.811218
vt 0.167140 0.803446
vt 0.169229 0.803730
vt 0.175658 0.797285
vt 0.177750 0.797949
vt 0.183300 0.793759
vt 0.185344 0.794740
vt 0.924061 0.334553
vt 0.934881 0.333154
vt 0.936666 0.334553
vt 0.083049 0.618359
vt 0.086087 0.628838
vt 0.084488 0.628555
vt 0.084766 0.641373
vt 0.082936 0.643261
vt 0.084487 0.642461
vt 0.084747 0.643657
vt 0.083641 0.644889
vt 0.085443 0.644454
vt 0.084772 0.645923
vt 0.086087 0.644792
vt 0.085553 0.646300
vt 0.205384 0.998299
vt 0.205176 0.998299
vt 0.205384 0.996311
vt 0.930115 0.975669
vt 0.928127 0.964607
vt 0.930115 0.964607
vt 0.928127 0.975669
vt 0.115633 0.646763
vt 0.104571 0.646736
vt 0.102636 0.644802
vt 0.115839 0.646736
vt 0.117790 0.644699
vt 0.205176 0.996311
vt 0.089397 0.430930
vt 0.100459 0.430903
vt 0.087462 0.432864
vt 0.995002 0.751265
vt 0.995172 0.751146
vt 0.996040 0.750809
vt 0.996970 0.750829
vt 0.997736 0.751146
vt 0.997906 0.751265
vt 0.102616 0.432967
vt 0.997905 0.735836
vt 0.997988 0.735899
vt 0.995002 0.735899
vt 0.325260 0.976277
vt 0.325260 0.964607
vt 0.157289 0.996311
vt 0.158220 0.996311
vt 0.158220 0.998299
vt 0.327247 0.976277
vt 0.912345 0.131638
vt 0.923895 0.133309
vt 0.910520 0.133309
vt 0.427192 0.997646
vt 0.427111 0.996719
vt 0.427192 0.996311
vt 0.995002 0.985431
vt 0.996305 0.985142
vt 0.997297 0.985431
vt 0.997288 0.833195
vt 0.997652 0.833395
vt 0.995002 0.833395
vt 0.066590 0.644802
vt 0.068525 0.646737
vt 0.066611 0.644904
vt 0.081744 0.644699
vt 0.119745 0.430903
vt 0.131415 0.431010
vt 0.132964 0.432940
vt 0.157289 0.998299
vt 0.118707 0.431359
vt 0.118877 0.431240
vt 0.118093 0.432059
vt 0.117810 0.432837
vt 0.191852 0.996311
vt 0.192269 0.998299
vt 0.191852 0.998299
vt 0.104169 0.646629
vt 0.103703 0.646399
vt 0.103092 0.645840
vt 0.102710 0.645105
vt 0.102656 0.644904
vt 0.159151 0.998299
vt 0.158220 0.998299
vt 0.159151 0.996311
vt 0.116707 0.646399
vt 0.117436 0.645669
vt 0.117628 0.645300
vt 0.117754 0.644904
vt 0.117774 0.644802
vt 0.192269 0.996311
vt 0.997196 0.860844
vt 0.997565 0.861036
vt 0.996491 0.860672
vt 0.995371 0.860844
vt 0.995002 0.861036
vt 0.995002 0.808837
vt 0.995177 0.808725
vt 0.997738 0.808837
vt 0.185481 0.996311
vt 0.186001 0.996311
vt 0.186001 0.998299
vt 0.185481 0.998299
vt 0.549231 0.996311
vt 0.549253 0.996518
vt 0.549231 0.997037
vt 0.521639 0.996311
vt 0.521671 0.996517
vt 0.521639 0.997242
vt 0.996602 0.897357
vt 0.997477 0.897675
vt 0.995185 0.897575
vt 0.995092 0.897623
vt 0.995002 0.897675
vt 0.131881 0.431240
vt 0.132903 0.432634
vt 0.132948 0.432837
vt 0.186520 0.998299
vt 0.186001 0.998299
vt 0.186001 0.996311
vt 0.186520 0.996311
vt 0.549253 0.996311
vt 0.549276 0.996518
vt 0.549253 0.997037
vt 0.206841 0.998299
vt 0.206633 0.998299
vt 0.206633 0.996311
vt 0.557459 0.996311
vt 0.557468 0.996519
vt 0.557459 0.996727
vt 0.204968 0.996311
vt 0.205176 0.996311
vt 0.205176 0.998299
vt 0.204968 0.998299
vt 0.206841 0.996311
vt 0.132051 0.431359
vt 0.132132 0.431425
vt 0.206425 0.998299
vt 0.206217 0.998299
vt 0.206217 0.996311
vt 0.103533 0.646280
vt 0.162317 0.996311
vt 0.162317 0.998299
vt 0.161489 0.998299
vt 0.117317 0.645840
vt 0.206425 0.996311
vt 0.996868 0.750809
vt 0.206633 0.998299
vt 0.206425 0.998299
vt 0.206425 0.996311
vt 0.209812 0.996311
vt 0.209916 0.996311
vt 0.209916 0.998299
vt 0.209812 0.998299
vt 0.559703 0.996519
vt 0.559701 0.996415
vt 0.559703 0.996311
vt 0.206633 0.996311
vt 0.118400 0.431640
vt 0.118547 0.431493
vt 0.206217 0.998299
vt 0.206009 0.998299
vt 0.206009 0.996311
vt 0.103373 0.646146
vt 0.206217 0.996311
vt 0.996076 0.860672
vt 0.996284 0.860663
vt 0.995768 0.860719
vt 0.995566 0.860773
vt 0.210020 0.998299
vt 0.209916 0.998299
vt 0.210020 0.996311
vt 0.209916 0.996311
vt 0.132211 0.431493
vt 0.132358 0.431640
vt 0.132553 0.431883
vt 0.204552 0.998299
vt 0.204344 0.998299
vt 0.204344 0.996311
vt 0.996512 0.985165
vt 0.996916 0.985264
vt 0.205593 0.998299
vt 0.205801 0.996311
vt 0.205801 0.998299
vt 0.996396 0.897334
vt 0.995980 0.897344
vt 0.995572 0.897425
vt 0.204552 0.996311
vt 0.205593 0.996311
vt 0.204344 0.998299
vt 0.204136 0.998299
vt 0.204136 0.996311
vt 0.103226 0.645999
vt 0.204344 0.996311
vt 0.203928 0.998299
vt 0.203720 0.998299
vt 0.203720 0.996311
vt 0.996716 0.985205
vt 0.206009 0.996311
vt 0.996188 0.897330
vt 0.203928 0.996311
vt 0.118205 0.431883
vt 0.118266 0.431799
vt 0.118147 0.431970
vt 0.132491 0.431799
vt 0.203928 0.998299
vt 0.203928 0.996311
vt 0.204136 0.996311
vt 0.995869 0.860699
vt 0.208667 0.996311
vt 0.208771 0.996311
vt 0.208667 0.998299
vt 0.208771 0.998299
vt 0.559697 0.996311
vt 0.559699 0.996415
vt 0.559697 0.996519
vt 0.209499 0.996311
vt 0.209603 0.996311
vt 0.209603 0.998299
vt 0.996084 0.897334
vt 0.198688 0.998299
vt 0.198792 0.996311
vt 0.198792 0.998310
vt 0.195686 0.996311
vt 0.195790 0.996322
vt 0.195686 0.998310
vt 0.208771 0.996311
vt 0.208874 0.996311
vt 0.208771 0.998299
vt 0.208874 0.998299
vt 0.559699 0.996311
vt 0.559701 0.996415
vt 0.559699 0.996519
vt 0.102973 0.645669
vt 0.209603 0.996311
vt 0.209707 0.996311
vt 0.209707 0.998299
vt 0.117379 0.645756
vt 0.198274 0.998299
vt 0.198378 0.996311
vt 0.198378 0.998310
vt 0.195790 0.996311
vt 0.195893 0.996322
vt 0.195790 0.998310
vt 0.209083 0.998299
vt 0.208978 0.998299
vt 0.208978 0.996311
vt 0.200241 0.996311
vt 0.200241 0.998310
vt 0.200137 0.998299
vt 0.193926 0.996311
vt 0.194029 0.996322
vt 0.193926 0.998310
vt 0.192993 0.998310
vt 0.192890 0.998299
vt 0.192993 0.996311
vt 0.192579 0.998310
vt 0.192579 0.996311
vt 0.192683 0.996322
vt 0.559688 0.996311
vt 0.559690 0.996415
vt 0.559688 0.996520
vt 0.132665 0.432059
vt 0.209187 0.998299
vt 0.209083 0.998299
vt 0.209083 0.996311
vt 0.200137 0.996311
vt 0.200137 0.998310
vt 0.200034 0.998299
vt 0.193822 0.996311
vt 0.193926 0.996322
vt 0.193822 0.998310
vt 0.192786 0.998310
vt 0.192683 0.998299
vt 0.192786 0.996311
vt 0.194547 0.998310
vt 0.194547 0.996311
vt 0.194651 0.996322
vt 0.995666 0.860744
vt 0.559690 0.996311
vt 0.559692 0.996415
vt 0.559690 0.996520
vt 0.997171 0.750883
vt 0.997014 0.985299
vt 0.198585 0.998299
vt 0.198688 0.996311
vt 0.198688 0.998310
vt 0.995877 0.897357
vt 0.193511 0.996311
vt 0.193615 0.996322
vt 0.193511 0.998310
vt 0.197136 0.998310
vt 0.197032 0.998299
vt 0.197136 0.996311
vt 0.194133 0.996322
vt 0.194029 0.998310
vt 0.194029 0.996311
vt 0.559685 0.996311
vt 0.559688 0.996415
vt 0.559685 0.996520
vt 0.102869 0.645489
vt 0.194444 0.998299
vt 0.194547 0.996311
vt 0.194547 0.998310
vt 0.117490 0.645580
vt 0.193615 0.996311
vt 0.193718 0.996322
vt 0.193615 0.998310
vt 0.197032 0.998310
vt 0.196928 0.998299
vt 0.197032 0.996311
vt 0.194236 0.996322
vt 0.194133 0.998310
vt 0.194133 0.996311
vt 0.558655 0.996311
vt 0.558659 0.996416
vt 0.558655 0.996623
vt 0.194858 0.996311
vt 0.194858 0.998310
vt 0.194755 0.998299
vt 0.995774 0.897375
vt 0.193511 0.996322
vt 0.193408 0.998310
vt 0.193408 0.996311
vt 0.200860 0.998310
vt 0.200757 0.998299
vt 0.200860 0.996311
vt 0.200860 0.996311
vt 0.200964 0.996322
vt 0.559705 0.996311
vt 0.559707 0.996415
vt 0.559705 0.996519
vt 0.117955 0.432339
vt 0.117997 0.432243
vt 0.117917 0.432436
vt 0.117855 0.432634
vt 0.132715 0.432150
vt 0.132761 0.432243
vt 0.194962 0.996311
vt 0.194962 0.998310
vt 0.194858 0.998299
vt 0.117541 0.645489
vt 0.196824 0.996322
vt 0.196721 0.998310
vt 0.196721 0.996311
vt 0.201584 0.998310
vt 0.201481 0.998299
vt 0.201584 0.996311
vt 0.201067 0.998310
vt 0.201067 0.996311
vt 0.201171 0.996322
vt 0.559707 0.996311
vt 0.559710 0.996415
vt 0.559707 0.996519
vt 0.997270 0.750917
vt 0.997367 0.750954
vt 0.559703 0.996311
vt 0.559705 0.996415
vt 0.559703 0.996519
vt 0.995673 0.897398
vt 0.201377 0.996311
vt 0.201377 0.998310
vt 0.201274 0.998299
vt 0.197549 0.996311
vt 0.197653 0.996322
vt 0.197549 0.998310
vt 0.196514 0.998310
vt 0.196410 0.998299
vt 0.196514 0.996311
vt 0.200964 0.996311
vt 0.201067 0.996322
vt 0.200964 0.998310
vt 0.102823 0.645396
vt 0.117587 0.645396
vt 0.201274 0.996311
vt 0.201274 0.998310
vt 0.201171 0.998299
vt 0.197653 0.996311
vt 0.197757 0.996322
vt 0.197653 0.998310
vt 0.196928 0.998310
vt 0.196824 0.998299
vt 0.196928 0.996311
vt 0.199723 0.996311
vt 0.199826 0.996322
vt 0.199723 0.998310
vt 0.192372 0.996311
vt 0.192372 0.998310
vt 0.192269 0.998299
vt 0.195583 0.996311
vt 0.195686 0.996322
vt 0.195583 0.998310
vt 0.193200 0.998310
vt 0.193097 0.998299
vt 0.193200 0.996311
vt 0.196721 0.996322
vt 0.196617 0.998310
vt 0.196617 0.996311
vt 0.132803 0.432339
vt 0.132840 0.432436
vt 0.132874 0.432534
vt 0.102781 0.645300
vt 0.192476 0.996311
vt 0.192476 0.998310
vt 0.192372 0.998299
vt 0.195479 0.996311
vt 0.195583 0.996322
vt 0.195479 0.998310
vt 0.193304 0.998310
vt 0.193200 0.998299
vt 0.193304 0.996311
vt 0.193408 0.996322
vt 0.995182 0.860932
vt 0.995275 0.860886
vt 0.995091 0.860982
vt 0.997462 0.750996
vt 0.997555 0.751042
vt 0.997646 0.751092
vt 0.557468 0.996311
vt 0.557475 0.996415
vt 0.557478 0.996519
vt 0.557468 0.996727
vt 0.995375 0.897492
vt 0.995473 0.897456
vt 0.198481 0.996311
vt 0.198481 0.998310
vt 0.198378 0.998299
vt 0.199826 0.996311
vt 0.199930 0.996322
vt 0.199826 0.998310
vt 0.195479 0.998310
vt 0.195376 0.998299
vt 0.195479 0.996311
vt 0.199309 0.996311
vt 0.199413 0.996322
vt 0.199309 0.998310
vt 0.102743 0.645203
vt 0.117700 0.645105
vt 0.117666 0.645203
vt 0.198585 0.996311
vt 0.198585 0.998310
vt 0.198481 0.998299
vt 0.199930 0.996311
vt 0.200034 0.996322
vt 0.199930 0.998310
vt 0.192890 0.998310
vt 0.192786 0.998299
vt 0.192890 0.996311
vt 0.199413 0.996311
vt 0.199516 0.996322
vt 0.199413 0.998310
vt 0.199206 0.998299
vt 0.197239 0.996311
vt 0.197342 0.996322
vt 0.197239 0.998310
vt 0.196307 0.998310
vt 0.196204 0.998299
vt 0.196307 0.996311
vt 0.195065 0.996322
vt 0.559710 0.996311
vt 0.559712 0.996415
vt 0.559710 0.996519
vt 0.199206 0.998310
vt 0.199102 0.998299
vt 0.199206 0.996311
vt 0.197342 0.996311
vt 0.197446 0.996322
vt 0.197342 0.998310
vt 0.196410 0.998310
vt 0.196307 0.998299
vt 0.196410 0.996311
vt 0.199516 0.996311
vt 0.199620 0.996322
vt 0.199516 0.998310
vt 0.557475 0.996623
vt 0.995279 0.897531
vt 0.197136 0.998299
vt 0.200550 0.996311
vt 0.200654 0.996322
vt 0.200550 0.998310
vt 0.200447 0.998310
vt 0.200344 0.998299
vt 0.200447 0.996311
vt 0.200447 0.996311
vt 0.200550 0.996322
vt 0.102681 0.645005
vt 0.117729 0.645005
vt 0.197446 0.998299
vt 0.197549 0.996311
vt 0.200654 0.996311
vt 0.200757 0.996322
vt 0.200654 0.998310
vt 0.201481 0.998310
vt 0.201377 0.998299
vt 0.201481 0.996311
vt 0.196514 0.996311
vt 0.196617 0.996322
vt 0.196514 0.998310
vt 0.196204 0.998310
vt 0.196100 0.998299
vt 0.196204 0.996311
vt 0.194340 0.996311
vt 0.194444 0.996322
vt 0.194340 0.998310
vt 0.207834 0.996311
vt 0.207938 0.996317
vt 0.207834 0.998302
vt 0.117830 0.432735
vt 0.132928 0.432735
vt 0.196100 0.998310
vt 0.195997 0.998299
vt 0.196100 0.996311
vt 0.194237 0.996311
vt 0.194340 0.996322
vt 0.194237 0.998310
vt 0.207730 0.996311
vt 0.207834 0.996317
vt 0.207730 0.998302
vt 0.559694 0.996311
vt 0.559697 0.996415
vt 0.559694 0.996519
vt 0.997822 0.751204
vt 0.208458 0.996311
vt 0.208563 0.996311
vt 0.208458 0.998299
vt 0.208563 0.998299
vt 0.210124 0.998299
vt 0.208563 0.996311
vt 0.208667 0.996311
vt 0.208563 0.998299
vt 0.208667 0.998299
vt 0.210228 0.998299
vt 0.210124 0.998299
vt 0.210124 0.996311
vt 0.148013 0.644800
vt 0.150001 0.430901
vt 0.150001 0.644800
vt 0.081764 0.540238
vt 0.066590 0.430903
vt 0.209395 0.998299
vt 0.209291 0.998299
vt 0.209395 0.996311
vt 0.132984 0.537402
vt 0.117810 0.646737
vt 0.148013 0.430901
vt 0.209291 0.996311
vt 0.146025 0.644800
vt 0.117810 0.540237
vt 0.102636 0.430903
vt 0.209499 0.998299
vt 0.209395 0.998299
vt 0.209499 0.996311
vt 0.102636 0.537429
vt 0.087462 0.646764
vt 0.146025 0.430901
vt 0.209395 0.996311
vt 0.414615 0.776213
vt 0.416603 0.671752
vt 0.416603 0.776213
vt 0.414615 0.671752
vt 0.410267 0.776213
vt 0.412255 0.671752
vt 0.412255 0.776213
vt 0.410267 0.671752
vt 0.212556 0.998237
vt 0.211275 0.998237
vt 0.211855 0.996325
vt 0.067878 0.646737
vt 0.067878 0.758043
vt 0.066597 0.758043
vt 0.146093 0.996407
vt 0.145667 0.998348
vt 0.145667 0.996311
vt 0.284079 0.682821
vt 0.267519 0.792895
vt 0.267519 0.682513
vt 0.203015 0.998286
vt 0.202519 0.998286
vt 0.202787 0.996311
vt 0.357258 0.667128
vt 0.357258 0.778433
vt 0.356761 0.778433
vt 0.211767 0.996311
vt 0.356761 0.667128
vt 0.163713 0.996311
vt 0.164491 0.996459
vt 0.163713 0.998300
vt 0.497941 0.740123
vt 0.497149 0.740123
vt 0.497149 0.628818
vt 0.207475 0.996317
vt 0.207551 0.996311
vt 0.207551 0.998304
vt 0.175006 0.724085
vt 0.174701 0.723461
vt 0.176613 0.722907
vt 0.359142 0.778434
vt 0.358448 0.778434
vt 0.358448 0.667128
vt 0.176690 0.723008
vt 0.497941 0.628818
vt 0.176590 0.722834
vt 0.174701 0.722885
vt 0.176589 0.722822
vt 0.103315 0.758069
vt 0.102739 0.758069
vt 0.102739 0.646763
vt 0.359142 0.667128
vt 0.340606 0.777842
vt 0.340170 0.777842
vt 0.340170 0.666536
vt 0.171244 0.792934
vt 0.155512 0.682745
vt 0.171244 0.682551
vt 0.374949 0.530411
vt 0.375048 0.430847
vt 0.375048 0.530411
vt 0.485842 0.523064
vt 0.485934 0.430902
vt 0.485934 0.523064
vt 0.374949 0.430847
vt 0.355941 0.430847
vt 0.356068 0.542153
vt 0.355941 0.542153
vt 0.485842 0.430902
vt 0.356068 0.430847
vt 0.171246 0.523204
vt 0.171338 0.430884
vt 0.171338 0.523204
vt 0.174765 0.682416
vt 0.176586 0.722783
vt 0.000000 0.790152
vt 0.030570 0.816670
vt 0.000000 0.821742
vt 0.451326 0.819456
vt 0.448134 0.821181
vt 0.448134 0.790194
vt 0.052328 0.793747
vt 0.056470 0.793747
vt 0.054719 0.823131
vt 0.465399 0.789847
vt 0.465399 0.759343
vt 0.467744 0.760459
vt 0.354930 0.778433
vt 0.357754 0.781464
vt 0.371661 0.719728
vt 0.371661 0.682477
vt 0.373111 0.686357
vt 0.394443 0.793783
vt 0.394443 0.682477
vt 0.402782 0.757478
vt 0.356068 0.667128
vt 0.356761 0.778433
vt 0.356068 0.778434
vt 0.265876 0.719736
vt 0.265876 0.682498
vt 0.267320 0.715854
vt 0.373540 0.793805
vt 0.373540 0.682499
vt 0.381856 0.718796
vt 0.171246 0.430884
vt 0.265040 0.785227
vt 0.267449 0.815894
vt 0.265040 0.818607
vt 0.392103 0.682477
vt 0.394090 0.682477
vt 0.394090 0.722835
vt 0.089293 0.866570
vt 0.089293 0.826211
vt 0.113156 0.846911
vt 0.113864 0.850469
vt 0.115935 0.854056
vt 0.117810 0.855852
vt 0.134924 0.653408
vt 0.134492 0.653698
vt 0.134492 0.622946
vt 0.113697 0.842804
vt 0.194270 0.822985
vt 0.194495 0.793835
vt 0.197081 0.793609
vt 0.192428 0.793609
vt 0.201797 0.996320
vt 0.201810 0.996322
vt 0.201760 0.998311
vt 0.084993 0.996311
vt 0.085673 0.996447
vt 0.084993 0.998315
vt 0.358448 0.667128
vt 0.357754 0.778434
vt 0.357754 0.667128
vt 0.393219 0.838001
vt 0.389763 0.867309
vt 0.389763 0.835719
vt 0.397768 0.838984
vt 0.400353 0.838744
vt 0.228146 0.633746
vt 0.228988 0.664199
vt 0.228146 0.664810
vt 0.194216 0.758383
vt 0.197081 0.789315
vt 0.194216 0.793609
vt 0.134814 0.793777
vt 0.134814 0.682471
vt 0.143170 0.716691
vt 0.358448 0.778434
vt 0.461511 0.820915
vt 0.458360 0.819117
vt 0.461511 0.789847
vt 0.037651 0.450435
vt 0.037670 0.450429
vt 0.037670 0.469844
vt 0.086282 0.996781
vt 0.085081 0.998366
vt 0.409908 0.430847
vt 0.409916 0.537242
vt 0.409810 0.537242
vt 0.444987 0.792144
vt 0.444987 0.756897
vt 0.447863 0.761184
vt 0.490653 0.685507
vt 0.489966 0.720747
vt 0.489966 0.682470
vt 0.176900 0.682453
vt 0.185344 0.756425
vt 0.176900 0.793759
vt 0.163218 0.998314
vt 0.163218 0.996311
vt 0.163356 0.998299
vt 0.276997 0.430883
vt 0.086817 0.997365
vt 0.340237 0.430847
vt 0.340237 0.537339
vt 0.340130 0.430847
vt 0.213049 0.998237
vt 0.212556 0.996311
vt 0.213137 0.998224
vt 0.227813 0.530448
vt 0.227713 0.530448
vt 0.227713 0.430884
vt 0.163713 0.996344
vt 0.277136 0.542189
vt 0.227813 0.430884
vt 0.146093 0.996311
vt 0.146518 0.998253
vt 0.146093 0.998348
vt 0.409831 0.777843
vt 0.409831 0.666537
vt 0.410267 0.666537
vt 0.213838 0.996311
vt 0.247293 0.793760
vt 0.247293 0.682453
vt 0.262895 0.791728
vt 0.103315 0.646763
vt 0.104009 0.758069
vt 0.103315 0.758069
vt 0.133700 0.622946
vt 0.134492 0.734252
vt 0.133700 0.734252
vt 0.104009 0.646763
vt 0.466578 0.603874
vt 0.467075 0.715180
vt 0.466578 0.715180
vt 0.134492 0.622946
vt 0.126036 0.758049
vt 0.124754 0.758035
vt 0.126036 0.646736
vt 0.467075 0.603874
vt 0.197118 0.682512
vt 0.213678 0.792586
vt 0.197118 0.792895
vt 0.999144 0.193520
vt 0.999144 0.195508
vt 0.995002 0.195508
vt 0.998630 0.431914
vt 0.995002 0.433902
vt 0.995002 0.431914
vt 0.998630 0.433902
vt 0.995002 0.193520
vt 0.997599 0.818800
vt 0.997599 0.820788
vt 0.995002 0.820788
vt 0.995002 0.065938
vt 0.999655 0.065938
vt 0.997069 0.067939
vt 0.999144 0.191532
vt 0.999144 0.193520
vt 0.995002 0.191532
vt 0.073559 0.998390
vt 0.073559 0.996311
vt 0.075546 0.996311
vt 0.997599 0.822775
vt 0.995002 0.820788
vt 0.997599 0.820788
vt 0.995002 0.566123
vt 0.997064 0.564545
vt 0.998272 0.566123
vt 0.997880 0.547099
vt 0.998272 0.549308
vt 0.115424 0.998366
vt 0.114921 0.998234
vt 0.115424 0.996311
vt 0.995507 0.209906
vt 0.999139 0.211897
vt 0.995002 0.211897
vt 0.152408 0.996311
vt 0.153448 0.996311
vt 0.152408 0.998299
vt 0.995002 0.228775
vt 0.995957 0.227032
vt 0.999139 0.228775
vt 0.927413 0.992404
vt 0.929401 0.987242
vt 0.929401 0.992404
vt 0.927413 0.987242
vt 0.999144 0.197495
vt 0.995002 0.197495
vt 0.998696 0.419929
vt 0.997626 0.421604
vt 0.995002 0.419929
vt 0.679485 0.993416
vt 0.679485 0.987242
vt 0.681514 0.990329
vt 0.340606 0.749292
vt 0.340606 0.671755
vt 0.342067 0.677753
vt 0.999144 0.199968
vt 0.995002 0.199968
vt 0.995002 0.197980
vt 0.878427 0.269187
vt 0.879323 0.273231
vt 0.870162 0.344196
vt 0.164209 0.462255
vt 0.164178 0.462259
vt 0.164178 0.430883
vt 0.999144 0.197980
vt 0.413281 0.671752
vt 0.414615 0.743293
vt 0.413281 0.747214
vt 0.995002 0.423280
vt 0.997626 0.421604
vt 0.998696 0.423280
vt 0.347055 0.743307
vt 0.345914 0.746204
vt 0.345914 0.671755
vt 0.995002 0.199968
vt 0.999144 0.199968
vt 0.999144 0.201955
vt 0.881548 0.276724
vt 0.995002 0.201955
vt 0.490653 0.682470
vt 0.493307 0.750845
vt 0.490653 0.754024
vt 0.999144 0.203943
vt 0.995002 0.201955
vt 0.999144 0.201955
vt 0.995002 0.203943
vt 0.192437 0.682453
vt 0.195094 0.750838
vt 0.192437 0.754015
vt 0.344655 0.680986
vt 0.125958 0.996311
vt 0.127517 0.996311
vt 0.125958 0.998299
vt 0.999144 0.189538
vt 0.997593 0.191532
vt 0.995002 0.189538
vt 0.172679 0.755871
vt 0.172679 0.682417
vt 0.174701 0.686031
vt 0.910520 0.344196
vt 0.009065 0.460618
vt 0.009094 0.460620
vt 0.009065 0.489675
vt 0.494563 0.749919
vt 0.999144 0.205931
vt 0.995002 0.205931
vt 0.999144 0.203943
vt 0.371661 0.750914
vt 0.368000 0.684413
vt 0.489127 0.754024
vt 0.492787 0.755963
vt 0.489127 0.822450
vt 0.998272 0.562787
vt 0.996210 0.564366
vt 0.995002 0.562787
vt 0.496889 0.748765
vt 0.999143 0.207918
vt 0.995002 0.209906
vt 0.995002 0.207918
vt 0.999143 0.209906
vt 0.388890 0.752346
vt 0.388890 0.682477
vt 0.392103 0.685090
vt 0.876698 0.358629
vt 0.891371 0.423580
vt 0.872748 0.359875
vt 0.995002 0.207918
vt 0.999143 0.205931
vt 0.999143 0.207918
vt 0.332515 0.749137
vt 0.328388 0.682876
vt 0.332515 0.682535
vt 0.496889 0.756534
vt 0.995002 0.608585
vt 0.995002 0.606597
vt 0.998116 0.606597
vt 0.998116 0.608585
vt 0.262931 0.682498
vt 0.265876 0.683506
vt 0.152947 0.748841
vt 0.150001 0.749847
vt 0.150001 0.682535
vt 0.851012 0.423580
vt 0.153448 0.998299
vt 0.153448 0.996311
vt 0.154481 0.996311
vt 0.154481 0.998299
vt 0.468526 0.997445
vt 0.468504 0.996413
vt 0.996059 0.801527
vt 0.997738 0.801939
vt 0.995002 0.801939
vt 0.134740 0.772647
vt 0.133049 0.787058
vt 0.133049 0.770495
vt 0.996784 0.802334
vt 0.997738 0.802729
vt 0.995002 0.802729
vt 0.133063 0.803621
vt 0.134740 0.817193
vt 0.133063 0.819355
vt 0.204552 0.998299
vt 0.204552 0.996311
vt 0.204760 0.996311
vt 0.204760 0.998299
vt 0.549203 0.996311
vt 0.549226 0.996518
vt 0.549203 0.997037
vt 0.995002 0.862724
vt 0.995667 0.862432
vt 0.997565 0.862725
vt 0.997563 0.808614
vt 0.997738 0.808725
vt 0.995002 0.808725
vt 0.143407 0.795939
vt 0.141730 0.809511
vt 0.141730 0.793777
vt 0.997563 0.802222
vt 0.997738 0.802334
vt 0.995089 0.802276
vt 0.995002 0.802334
vt 0.133049 0.787058
vt 0.134740 0.801470
vt 0.133049 0.803621
vt 0.203720 0.998299
vt 0.203512 0.998299
vt 0.203512 0.996311
vt 0.549231 0.996726
vt 0.203720 0.996311
vt 0.997378 0.802126
vt 0.996988 0.801984
vt 0.995458 0.802084
vt 0.207938 0.996311
vt 0.208042 0.998299
vt 0.207938 0.998299
vt 0.558650 0.996311
vt 0.558655 0.996415
vt 0.558650 0.996624
vt 0.208042 0.996311
vt 0.997283 0.802084
vt 0.207049 0.998299
vt 0.206841 0.998299
vt 0.206841 0.996311
vt 0.207049 0.996311
vt 0.997087 0.802013
vt 0.210540 0.998299
vt 0.210540 0.996311
vt 0.210644 0.998299
vt 0.230931 0.996311
vt 0.230971 0.996407
vt 0.231064 0.997839
vt 0.230931 0.998232
vt 0.210644 0.996311
vt 0.205384 0.998299
vt 0.231038 0.996604
vt 0.205593 0.996311
vt 0.995653 0.802013
vt 0.996784 0.801939
vt 0.995554 0.802046
vt 0.208978 0.998299
vt 0.208874 0.998299
vt 0.208874 0.996311
vt 0.198895 0.998310
vt 0.198792 0.998299
vt 0.198895 0.996311
vt 0.192476 0.996311
vt 0.192579 0.996322
vt 0.273391 0.996507
vt 0.273425 0.996408
vt 0.273463 0.996311
vt 0.273463 0.998137
vt 0.150875 0.996311
vt 0.149741 0.998299
vt 0.149741 0.996311
vt 0.150875 0.998299
vt 0.231087 0.997737
vt 0.559692 0.996311
vt 0.559694 0.996415
vt 0.559692 0.996520
vt 0.996266 0.801509
vt 0.996987 0.801589
vt 0.208251 0.996311
vt 0.208355 0.996311
vt 0.208355 0.998299
vt 0.210644 0.996311
vt 0.210748 0.996311
vt 0.210644 0.998299
vt 0.198171 0.998299
vt 0.198067 0.998310
vt 0.198067 0.996311
vt 0.197964 0.996322
vt 0.198067 0.996311
vt 0.198067 0.998310
vt 0.273337 0.996708
vt 0.273362 0.996607
vt 0.273302 0.996913
vt 0.996370 0.801507
vt 0.996474 0.801509
vt 0.199102 0.998299
vt 0.198999 0.998310
vt 0.198999 0.996311
vt 0.195997 0.996311
vt 0.195997 0.998310
vt 0.195893 0.996322
vt 0.199723 0.998299
vt 0.199620 0.998310
vt 0.199620 0.996311
vt 0.195169 0.996322
vt 0.195272 0.996311
vt 0.195272 0.998310
vt 0.273317 0.996810
vt 0.996578 0.801516
vt 0.996681 0.801528
vt 0.195169 0.998299
vt 0.195066 0.998310
vt 0.195066 0.996311
vt 0.198999 0.996311
vt 0.198895 0.996322
vt 0.996784 0.801543
vt 0.197860 0.998299
vt 0.197757 0.998310
vt 0.197757 0.996311
vt 0.197860 0.996322
vt 0.197964 0.996311
vt 0.197964 0.998310
vt 0.273290 0.997016
vt 0.273290 0.997432
vt 0.209187 0.998299
vt 0.273283 0.997120
vt 0.204968 0.996311
vt 0.204760 0.998299
vt 0.204760 0.996311
vt 0.204968 0.998299
vt 0.273283 0.997328
vt 0.210540 0.996311
vt 0.210436 0.998299
vt 0.210436 0.996311
vt 0.210540 0.998299
vt 0.997087 0.801618
vt 0.168810 0.998299
vt 0.169536 0.996311
vt 0.169536 0.998299
vt 0.210332 0.996311
vt 0.210436 0.996311
vt 0.210332 0.998299
vt 0.195272 0.998310
vt 0.195272 0.996311
vt 0.194651 0.996322
vt 0.194755 0.996311
vt 0.194755 0.998310
vt 0.210332 0.998299
vt 0.210228 0.998299
vt 0.210332 0.996311
vt 0.231037 0.997939
vt 0.231006 0.998038
vt 0.230971 0.998136
vt 0.207730 0.998302
vt 0.207627 0.998296
vt 0.207730 0.996311
vt 0.198274 0.998310
vt 0.198171 0.998299
vt 0.198274 0.996311
vt 0.200241 0.996311
vt 0.200344 0.996322
vt 0.200241 0.998310
vt 0.995269 0.802172
vt 0.995363 0.802126
vt 0.208146 0.996311
vt 0.208251 0.996311
vt 0.208251 0.998299
vt 0.208146 0.998299
vt 0.208042 0.998299
vt 0.208042 0.996311
vt 0.193097 0.998310
vt 0.192993 0.998299
vt 0.193097 0.996311
vt 0.193718 0.996311
vt 0.193822 0.996322
vt 0.193718 0.998310
vt 0.995178 0.802222
vt 0.997652 0.808667
vt 0.208355 0.996311
vt 0.208459 0.996311
vt 0.208459 0.998299
vt 0.209812 0.998299
vt 0.209707 0.998299
vt 0.209812 0.996311
vt 0.247293 0.867209
vt 0.249260 0.867495
vt 0.247293 0.881028
vt 0.305237 0.846249
vt 0.305237 0.831739
vt 0.307063 0.845437
vt 0.450101 0.880043
vt 0.448134 0.866510
vt 0.450101 0.866224
vt 0.284130 0.840108
vt 0.284130 0.825597
vt 0.285957 0.826410
vt 0.203512 0.998286
vt 0.203015 0.998286
vt 0.203243 0.996311
vt 0.201672 0.998310
vt 0.201672 0.996311
vt 0.201760 0.996324
vt 0.155255 0.998311
vt 0.154481 0.998143
vt 0.155255 0.996311
vt 0.207551 0.996311
vt 0.207627 0.996317
vt 0.207551 0.998304
vt 0.098870 0.998264
vt 0.098180 0.998344
vt 0.098307 0.996355
vt 0.098180 0.996345
vt 0.098381 0.996335
vt 0.098426 0.996311
vt 0.098415 0.996318
vt 0.099503 0.997982
vt 0.197081 0.682453
vt 0.197081 0.722811
vt 0.195094 0.722811
vt 0.195094 0.682453
vt 0.088992 0.998254
vt 0.088307 0.998360
vt 0.088307 0.996372
vt 0.088345 0.996369
vt 0.088358 0.996367
vt 0.088395 0.996359
vt 0.088485 0.996311
vt 0.089615 0.997947
vt 0.169901 0.998310
vt 0.169764 0.998286
vt 0.170032 0.996311
vt 0.090175 0.997387
vt 0.201584 0.998310
vt 0.201672 0.998297
vt 0.169536 0.996311
vt 0.745644 0.876311
vt 0.748773 0.887989
vt 0.748773 0.900079
vt 0.882157 0.602920
vt 0.870067 0.513478
vt 0.882157 0.513478
vt 0.234725 0.682551
vt 0.246815 0.771993
vt 0.234725 0.771993
vt 0.870067 0.602920
vt 0.708903 0.848119
vt 0.731050 0.857292
vt 0.739599 0.865841
vt 0.246815 0.861435
vt 0.234725 0.771993
vt 0.246815 0.771993
vt 0.234725 0.861435
vt 0.745644 0.911756
vt 0.739599 0.922226
vt 0.870162 0.089442
vt 0.858072 0.000000
vt 0.870162 0.000000
vt 0.246815 0.682551
vt 0.870162 0.358629
vt 0.858072 0.269187
vt 0.870162 0.269187
vt 0.858072 0.358629
vt 0.870162 -0.000000
vt 0.870162 0.089442
vt 0.858072 0.089442
vt 0.213937 0.714836
vt 0.215516 0.726823
vt 0.213937 0.738809
vt 0.857978 0.424036
vt 0.870067 0.513478
vt 0.857978 0.513478
vt 0.870067 0.424036
vt 0.306733 0.730829
vt 0.305155 0.718842
vt 0.306733 0.706856
vt 0.857978 0.603350
vt 0.870067 0.692792
vt 0.857978 0.692792
vt 0.660072 0.911756
vt 0.720580 0.936820
vt 0.708902 0.939948
vt 0.696813 0.939948
vt 0.674665 0.930774
vt 0.882251 -0.000000
vt 0.285971 0.771992
vt 0.298060 0.861434
vt 0.285971 0.861434
vt 0.298060 0.771992
vt 0.215583 0.771992
vt 0.227673 0.861434
vt 0.215583 0.861434
vt 0.870067 0.603350
vt 0.685136 0.851247
vt 0.696813 0.848118
vt 0.870067 0.424036
vt 0.870067 0.513478
vt 0.870162 0.178884
vt 0.858072 0.089442
vt 0.870162 0.089442
vt 0.227673 0.771992
vt 0.858072 0.179745
vt 0.870161 0.269187
vt 0.858072 0.269187
vt 0.870161 0.179745
vt 0.870067 0.603350
vt 0.882157 0.692792
vt 0.870067 0.692792
vt 0.858072 0.178884
vt 0.371661 0.719728
vt 0.373239 0.731714
vt 0.371661 0.743701
vt 0.285971 0.682550
vt 0.666117 0.865841
vt 0.298060 0.682550
vt 0.285943 0.732920
vt 0.284365 0.720934
vt 0.285943 0.708948
vt 0.307083 0.682551
vt 0.319173 0.771993
vt 0.307083 0.771993
vt 0.870067 0.782234
vt 0.857977 0.692792
vt 0.870067 0.692792
vt 0.857977 0.782234
vt 0.882157 0.782234
vt 0.882157 0.692792
vt 0.319173 0.682551
vt 0.660072 0.876311
vt 0.319173 0.861435
vt 0.307083 0.771993
vt 0.319173 0.771993
vt 0.307083 0.861435
vt 0.666117 0.922226
vt 0.882251 0.178884
vt 0.870162 0.089442
vt 0.882251 0.089442
vt 0.870067 0.782234
vt 0.174467 0.780429
vt 0.171338 0.792106
vt 0.171338 0.756661
vt 0.474749 0.879289
vt 0.462659 0.789847
vt 0.474749 0.789847
vt 0.462659 0.879289
vt 0.870162 0.178884
vt 0.882251 0.268326
vt 0.870162 0.268326
vt 0.870162 0.178884
vt 0.265876 0.719736
vt 0.267454 0.731722
vt 0.265876 0.743708
vt 0.870067 0.602920
vt 0.857978 0.513478
vt 0.870067 0.513478
vt 0.857978 0.602920
vt 0.215583 0.682550
vt 0.227673 0.771992
vt 0.215583 0.771992
vt 0.227673 0.682550
vt 0.133162 0.746523
vt 0.134740 0.758509
vt 0.133162 0.770495
vt 0.215515 0.762781
vt 0.213937 0.750795
vt 0.215515 0.738809
vt 0.065691 0.912628
vt 0.042535 0.918833
vt 0.082642 0.849366
vt 0.082642 0.895677
vt 0.306733 0.754801
vt 0.305155 0.742815
vt 0.306733 0.730829
vt 0.332515 0.795448
vt 0.326311 0.772292
vt 0.332515 0.749137
vt 0.002428 0.895677
vt 0.002428 0.849366
vt 0.088846 0.872521
vt 0.087268 0.884508
vt 0.306733 0.778773
vt 0.305155 0.766787
vt 0.306733 0.754801
vt 0.087268 0.860535
vt 0.194015 0.777987
vt 0.192437 0.766001
vt 0.194015 0.754015
vt 0.346811 0.795603
vt 0.340606 0.772447
vt 0.346811 0.749292
vt 0.065691 0.832415
vt 0.075282 0.839775
vt 0.054521 0.827788
vt 0.042535 0.826210
vt 0.285943 0.756893
vt 0.284365 0.744907
vt 0.285943 0.732920
vt 0.019379 0.832415
vt 0.009788 0.839775
vt 0.030549 0.827788
vt 0.558851 0.996605
vt 0.558851 0.996311
vt 0.558852 0.996375
vt 0.995002 0.404777
vt 0.998800 0.404777
vt 0.996658 0.404935
vt 0.554194 0.996356
vt 0.554148 0.996914
vt 0.554148 0.996311
vt 0.544240 0.996871
vt 0.544227 0.997121
vt 0.544227 0.996311
vt 0.543875 0.997121
vt 0.543875 0.996311
vt 0.543907 0.996406
vt 0.549583 0.996425
vt 0.549546 0.997027
vt 0.549546 0.996311
vt 0.559894 0.996311
vt 0.559939 0.996357
vt 0.559894 0.996468
vt 0.559243 0.996465
vt 0.559216 0.996562
vt 0.559216 0.996311
vt 0.997234 0.996222
vt 0.995002 0.996222
vt 0.995301 0.996194
vt 0.998347 0.564455
vt 0.995002 0.564455
vt 0.996911 0.564366
vt 0.998893 0.339251
vt 0.995002 0.339251
vt 0.995593 0.339191
vt 0.552341 0.996311
vt 0.552341 0.996974
vt 0.552324 0.996566
vt 0.544914 0.997104
vt 0.544931 0.996697
vt 0.557780 0.996697
vt 0.557780 0.996311
vt 0.557830 0.996446
vt 0.544732 0.996444
vt 0.544788 0.996311
vt 0.544788 0.997104
s 1
f 151/10/4 13/11/5 11/12/6
f 13/13/7 151/14/8 152/15/9
f 10/16/10 11/17/11 13/18/12
f 152/19/13 10/20/10 13/21/12
f 12/22/14 13/23/15 229/24/16
f 227/25/17 13/26/18 12/27/19
f 229/28/20 13/29/21 227/30/22
f 17/31/23 166/32/24 62/33/25
f 17/34/26 62/35/27 15/36/28
f 17/37/23 14/38/29 166/39/24
f 15/40/28 221/41/30 17/42/26
f 221/43/30 16/44/31 17/45/26
f 14/46/32 17/47/33 16/48/34
f 18/49/35 17/50/36 20/51/37
f 18/52/35 19/53/38 17/54/36
f 241/55/39 20/56/40 17/57/41
f 269/58/42 241/59/39 17/60/41
f 17/61/43 19/62/44 270/63/45
f 269/64/46 17/65/43 270/66/45
f 22/67/47 28/68/48 29/69/49
f 21/70/50 28/68/48 22/67/47
f 22/67/47 29/69/49 23/71/51
f 22/72/52 49/73/53 21/74/54
f 23/75/55 46/76/56 22/77/52
f 22/72/52 46/78/56 49/73/53
f 24/79/57 29/80/58 28/81/59
f 24/82/57 28/83/59 25/84/60
f 33/85/61 28/68/48 26/86/62
f 27/87/63 28/88/59 33/89/64
f 26/86/62 28/68/48 21/70/50
f 25/90/60 28/91/59 27/92/63
f 44/93/65 29/94/58 24/95/57
f 23/71/51 29/69/49 41/96/66
f 44/97/65 41/98/67 29/99/58
f 30/100/68 24/101/69 25/102/70
f 31/103/71 44/104/72 24/105/69
f 31/106/71 24/107/69 30/108/68
f 36/109/73 33/85/61 26/86/62
f 70/110/74 27/111/63 33/112/64
f 66/113/75 33/85/61 36/109/73
f 32/114/76 33/115/61 66/116/75
f 34/117/77 33/118/64 32/119/78
f 70/120/74 33/121/64 34/122/77
f 21/123/54 35/124/79 26/125/80
f 26/126/80 35/127/79 67/128/81
f 26/126/80 67/128/81 36/129/82
f 30/130/68 25/131/70 27/132/83
f 1570/133/84 27/134/83 70/135/85
f 27/136/83 1570/137/84 30/138/68
f 21/123/54 49/139/53 35/124/79
f 23/71/51 41/96/66 38/140/86
f 23/75/55 37/141/87 46/76/56
f 38/142/88 37/143/87 23/144/55
f 42/145/89 41/146/67 44/147/65
f 38/140/86 41/96/66 39/148/90
f 39/149/90 41/150/66 40/151/91
f 74/152/92 40/153/93 41/154/67
f 74/155/92 41/156/67 42/157/89
f 43/158/94 42/159/95 44/160/72
f 31/161/71 43/162/94 44/163/72
f 48/164/96 45/165/97 50/166/98
f 53/167/99 45/168/97 48/169/96
f 48/170/96 50/171/98 55/172/100
f 46/173/101 53/174/102 48/175/103
f 48/176/96 55/177/100 57/178/104
f 48/179/96 57/180/104 47/181/105
f 49/182/106 46/183/101 48/184/103
f 47/185/105 61/186/107 48/187/96
f 61/188/108 35/189/109 48/190/103
f 35/191/109 49/192/106 48/193/103
f 65/194/110 50/195/111 45/196/112
f 53/197/99 51/198/113 45/199/97
f 51/200/114 65/201/110 45/202/112
f 55/203/115 50/204/111 65/205/110
f 46/206/101 37/207/116 53/208/102
f 52/209/117 51/210/113 53/211/99
f 63/212/118 52/213/117 53/214/99
f 54/215/119 63/216/118 53/217/99
f 53/218/99 77/219/120 54/220/119
f 77/221/120 53/222/99 78/223/121
f 37/224/116 78/225/122 53/226/102
f 57/227/123 55/228/115 65/229/110
f 56/230/124 47/231/125 57/232/126
f 65/233/110 58/234/127 57/235/123
f 58/236/127 56/237/128 57/238/123
f 61/239/107 47/240/105 56/241/129
f 61/242/108 67/243/130 35/244/109
f 56/245/129 58/246/131 61/247/107
f 58/248/131 82/249/132 61/250/107
f 118/251/133 67/252/130 61/253/108
f 82/254/132 59/255/134 61/256/107
f 59/257/134 60/258/135 61/259/107
f 60/260/135 107/261/136 61/262/107
f 107/263/136 62/264/137 61/265/107
f 62/266/25 118/267/133 61/268/108
f 52/269/138 65/270/110 51/271/114
f 65/272/110 52/273/138 63/274/139
f 65/275/110 63/276/139 79/277/140
f 1790/278/141 65/279/142 79/280/143
f 58/281/144 65/282/145 104/283/146
f 104/284/146 65/285/142 1964/286/147
f 1964/287/147 65/288/142 64/289/148
f 64/290/148 65/291/142 1790/292/141
f 66/293/149 36/294/82 67/295/81
f 32/296/76 66/297/75 68/298/150
f 66/293/149 67/295/81 118/299/151
f 68/300/152 66/301/149 118/302/151
f 34/303/77 32/304/78 159/305/153
f 136/306/154 32/307/76 68/308/150
f 159/309/153 32/310/78 163/311/155
f 163/312/156 32/313/76 165/314/157
f 165/315/157 32/316/76 136/317/154
f 34/318/77 69/319/158 70/320/85
f 161/321/159 34/322/77 159/323/153
f 161/324/159 69/325/158 34/326/77
f 69/327/158 1570/328/84 70/329/85
f 39/330/160 71/331/161 38/332/88
f 38/142/88 71/333/161 37/143/87
f 39/334/90 40/335/91 167/336/162
f 39/330/160 111/337/163 71/331/161
f 167/338/164 111/339/163 39/340/160
f 72/341/165 40/342/93 74/343/92
f 167/336/162 40/335/91 168/344/166
f 168/345/166 40/346/91 173/347/167
f 175/348/168 173/349/169 40/350/93
f 72/351/165 175/352/168 40/353/93
f 74/354/92 42/355/95 43/356/94
f 73/357/170 72/358/165 74/359/92
f 1572/360/171 74/361/92 43/362/94
f 1572/363/171 73/364/170 74/365/92
f 63/366/172 54/367/173 75/368/174
f 63/369/175 76/370/176 79/371/177
f 76/372/178 63/373/172 75/374/174
f 77/375/179 75/376/180 54/377/181
f 75/378/182 77/379/120 78/380/121
f 37/381/116 71/382/183 78/383/122
f 75/384/182 78/385/121 80/386/184
f 80/387/184 78/388/121 110/389/185
f 71/390/183 111/391/186 78/392/122
f 116/393/187 110/394/185 78/395/121
f 111/396/186 116/397/188 78/398/122
f 137/399/189 79/400/190 76/401/191
f 157/402/192 79/403/143 137/404/193
f 1790/405/141 79/406/143 157/407/192
f 75/408/174 80/409/194 76/410/178
f 110/411/195 76/412/178 80/413/194
f 81/414/196 76/415/178 110/416/195
f 58/417/144 104/418/146 82/419/197
f 83/420/198 87/421/199 84/422/200
f 83/423/198 86/424/201 87/425/199
f 84/426/202 85/427/203 83/428/204
f 83/429/204 85/430/203 102/431/205
f 83/432/198 99/433/206 86/434/201
f 83/435/198 98/436/207 99/437/206
f 83/438/204 102/439/205 98/440/208
f 84/441/200 87/442/199 91/443/209
f 91/444/210 87/445/211 123/446/212
f 87/447/211 86/448/213 120/449/214
f 87/450/211 120/451/214 122/452/215
f 87/453/211 122/454/215 123/455/212
f 84/456/202 89/457/216 85/458/203
f 84/459/200 91/460/209 94/461/217
f 94/462/218 88/463/219 84/464/202
f 84/465/202 88/466/219 89/467/216
f 89/468/216 1587/469/220 85/470/203
f 102/471/205 85/472/203 90/473/221
f 85/474/203 1587/475/220 90/476/221
f 93/477/222 94/478/217 91/479/209
f 91/480/210 123/481/212 124/482/223
f 93/483/222 91/484/209 92/485/224
f 92/486/225 91/487/210 141/488/226
f 91/489/210 124/490/223 141/491/226
f 94/492/218 95/493/227 88/494/219
f 93/495/228 128/496/229 94/497/218
f 94/498/218 128/499/229 95/500/227
f 89/501/216 88/502/219 1587/503/220
f 88/504/219 95/505/227 96/506/230
f 88/507/219 96/508/230 1587/509/220
f 86/510/213 99/511/231 97/512/232
f 86/513/213 97/514/232 120/515/214
f 99/516/206 98/517/207 108/518/233
f 98/519/208 102/520/205 101/521/234
f 108/522/235 98/523/208 132/524/236
f 98/525/208 101/526/234 132/527/236
f 129/528/237 99/529/206 108/530/233
f 99/531/231 134/532/238 97/533/232
f 129/534/239 100/535/240 99/536/231
f 99/537/231 100/538/240 134/539/238
f 101/540/234 102/541/205 133/542/241
f 102/543/205 90/544/221 133/545/241
f 59/546/242 82/547/197 104/548/146
f 104/549/146 103/550/243 59/551/242
f 103/552/243 104/553/146 105/554/244
f 105/555/244 104/556/146 1816/557/245
f 1816/558/245 104/559/146 1962/560/246
f 1962/561/246 104/562/146 1964/563/147
f 106/564/247 60/565/248 59/566/249
f 103/567/243 106/568/250 59/569/242
f 107/570/251 60/571/248 106/572/247
f 108/573/252 106/574/253 103/575/254
f 108/576/252 62/577/27 106/578/253
f 108/579/252 103/580/254 109/581/255
f 103/582/243 105/583/244 109/584/256
f 116/585/187 81/586/257 110/587/185
f 169/588/258 116/589/188 111/590/186
f 167/338/164 169/591/259 111/339/163
f 81/592/257 116/593/187 76/594/260
f 76/595/260 116/596/187 112/597/261
f 155/598/262 112/599/261 116/600/187
f 113/601/263 155/602/262 116/603/187
f 169/604/258 114/605/264 116/606/188
f 116/607/187 185/608/265 113/609/263
f 116/610/187 177/611/266 185/612/265
f 116/613/187 186/614/267 177/615/266
f 114/616/264 115/617/268 116/618/188
f 187/619/269 186/620/267 116/621/187
f 116/622/187 115/623/270 187/624/269
f 62/625/27 107/626/271 106/627/253
f 62/628/25 117/629/272 118/630/133
f 68/631/152 118/632/151 117/633/273
f 108/634/252 189/635/274 62/636/27
f 62/637/25 164/638/275 117/639/272
f 189/640/274 188/641/276 62/642/27
f 166/643/24 164/644/275 62/645/25
f 62/646/27 188/647/276 119/648/277
f 62/649/27 119/650/277 15/651/28
f 122/652/215 120/653/214 125/654/278
f 120/655/214 97/656/232 121/657/279
f 120/658/214 121/659/279 125/660/278
f 122/661/215 125/662/278 123/663/212
f 124/664/223 123/665/212 126/666/280
f 123/667/212 125/668/278 126/669/280
f 93/670/228 127/671/281 128/672/229
f 196/673/282 93/674/222 92/675/224
f 196/676/283 198/677/284 93/678/228
f 93/679/228 198/680/284 127/681/281
f 128/682/229 1583/683/285 95/684/227
f 127/685/281 1593/686/286 128/687/229
f 128/688/229 1593/689/286 1583/690/285
f 95/691/227 1583/692/285 96/693/230
f 108/694/235 132/695/236 189/696/287
f 108/697/233 130/698/288 129/699/237
f 130/700/289 108/701/252 109/702/255
f 101/703/234 131/704/290 132/705/236
f 119/706/291 189/707/287 132/708/236
f 119/709/291 132/710/236 190/711/292
f 190/712/292 132/713/236 1608/714/293
f 132/715/236 131/716/290 1608/717/293
f 101/718/234 133/719/241 131/720/290
f 134/721/238 135/722/294 97/723/232
f 97/724/232 135/725/294 121/726/279
f 136/727/295 68/728/152 117/729/273
f 136/730/295 117/731/273 164/732/296
f 137/733/189 76/734/191 112/735/297
f 92/736/225 141/737/226 138/738/298
f 196/739/282 92/740/224 139/741/299
f 139/742/300 92/743/225 199/744/301
f 92/745/225 138/746/298 199/747/301
f 141/748/226 124/749/223 140/750/302
f 138/751/298 141/752/226 142/753/303
f 141/754/226 140/755/302 142/756/303
f 124/757/223 126/758/280 140/759/302
f 100/760/240 129/761/239 143/762/304
f 144/763/305 129/764/237 130/765/288
f 129/766/239 144/767/306 143/768/304
f 134/769/238 100/770/240 148/771/307
f 143/772/304 145/773/308 100/774/240
f 145/775/308 213/776/309 100/777/240
f 146/778/310 100/779/240 213/780/309
f 146/781/310 147/782/311 100/783/240
f 100/784/240 147/785/311 148/786/307
f 134/787/238 148/788/307 135/789/294
f 109/790/255 151/791/312 130/792/289
f 144/793/313 130/794/289 151/795/312
f 151/796/8 109/797/314 149/798/315
f 105/799/244 149/800/316 109/801/256
f 10/802/317 151/803/8 149/804/315
f 151/805/4 11/806/6 150/807/318
f 151/808/4 150/809/318 182/810/319
f 10/811/317 152/812/9 151/813/8
f 151/814/312 143/815/320 144/816/313
f 151/817/312 145/818/321 143/819/320
f 145/820/322 151/821/323 210/822/324
f 210/823/325 151/824/326 181/825/327
f 182/826/319 181/827/328 151/828/4
f 105/829/244 180/830/329 149/831/316
f 149/832/315 153/833/330 179/834/331
f 149/835/332 180/836/333 153/837/334
f 179/838/331 154/839/335 149/840/315
f 154/841/335 10/842/317 149/843/315
f 180/844/336 105/845/244 1828/846/337
f 1828/847/337 105/848/244 1815/849/338
f 105/850/244 1816/851/245 1815/852/338
f 137/853/189 112/854/297 155/855/339
f 137/856/189 155/857/339 156/858/340
f 1792/859/341 137/860/193 156/861/342
f 1791/862/343 137/863/193 1792/864/341
f 1791/865/343 157/866/192 137/867/193
f 158/868/344 159/869/153 163/870/155
f 160/871/345 159/872/346 158/873/347
f 183/874/348 159/875/153 160/876/349
f 161/877/159 159/878/153 183/879/348
f 163/880/156 165/881/157 162/882/350
f 248/883/351 158/884/344 163/885/155
f 240/886/352 163/887/156 162/888/350
f 248/889/351 163/890/155 240/891/353
f 136/892/295 166/893/354 165/894/355
f 136/895/295 164/896/296 166/893/354
f 165/897/355 166/898/354 14/899/356
f 162/900/357 165/901/355 14/902/356
f 168/903/358 169/904/259 167/905/164
f 170/906/359 168/907/166 173/908/167
f 168/909/358 114/910/360 169/911/259
f 170/912/361 114/913/360 168/914/358
f 176/915/362 173/916/169 175/917/168
f 173/918/167 262/919/363 170/920/359
f 173/921/167 267/922/364 262/923/363
f 171/924/365 172/925/366 173/926/169
f 173/927/169 176/928/362 171/929/365
f 172/930/366 174/931/367 173/932/169
f 267/933/364 173/934/167 174/935/368
f 73/936/170 175/937/168 72/938/165
f 266/939/369 176/940/370 175/941/168
f 266/942/369 175/943/168 73/944/170
f 155/945/339 113/946/371 177/947/372
f 156/948/340 155/949/339 177/950/372
f 179/951/373 153/952/374 178/953/375
f 153/954/334 180/955/333 178/956/376
f 179/957/373 178/958/375 150/959/377
f 154/960/378 179/961/379 150/962/380
f 180/963/333 182/964/381 178/965/376
f 150/966/318 178/967/382 182/968/319
f 181/969/383 182/970/384 180/971/336
f 180/972/336 211/973/385 181/974/383
f 211/975/385 180/976/336 1828/977/337
f 183/978/348 160/979/349 158/980/386
f 184/981/387 183/982/348 158/983/386
f 250/984/388 158/985/389 248/986/390
f 250/987/391 184/988/387 158/989/386
f 161/990/159 183/991/392 69/992/158
f 183/993/392 184/994/393 69/995/158
f 177/996/372 113/997/371 185/998/394
f 177/999/372 186/1000/395 156/1001/340
f 187/1002/396 156/1003/340 186/1004/395
f 156/1005/340 187/1006/396 194/1007/397
f 1792/1008/341 156/1009/342 261/1010/398
f 261/1011/399 156/1012/340 3539/1013/400
f 3539/1014/400 156/1015/340 194/1016/397
f 119/1017/401 188/1018/402 189/1019/403
f 154/1020/378 150/1021/380 11/1022/11
f 10/1023/10 154/1020/378 11/1024/11
f 119/1025/291 190/1026/292 15/1027/404
f 190/1028/292 221/1029/405 15/1030/404
f 191/1031/406 115/1032/268 114/1033/264
f 170/1034/361 191/1035/407 114/1036/360
f 115/1037/270 194/1038/408 187/1039/269
f 115/1040/268 191/1041/406 220/1042/409
f 192/1043/410 255/1044/411 115/1045/270
f 115/1046/270 264/1047/412 192/1048/410
f 255/1049/411 3538/1050/413 115/1051/270
f 115/1052/268 220/1053/409 263/1054/414
f 263/1055/414 193/1056/415 115/1057/268
f 264/1058/412 115/1059/270 193/1060/416
f 115/1061/270 3538/1062/413 3539/1063/417
f 3539/1064/417 194/1065/408 115/1066/270
f 196/1067/283 226/1068/418 198/1069/284
f 196/1070/282 139/1071/299 195/1072/419
f 196/1073/282 195/1074/419 226/1075/420
f 198/1076/284 197/1077/421 127/1078/281
f 226/1079/418 280/1080/422 198/1081/284
f 280/1082/422 197/1083/421 198/1084/284
f 127/1085/281 197/1086/421 1597/1087/423
f 127/1088/281 1597/1089/423 1593/1090/286
f 139/1091/300 199/1092/301 195/1093/424
f 199/1094/301 138/1095/298 286/1096/425
f 195/1097/424 199/1098/301 285/1099/426
f 285/1100/426 199/1101/301 286/1102/425
f 138/1103/298 1980/1104/427 286/1105/425
f 138/1106/298 142/1107/303 1980/1108/427
f 213/1109/428 145/1110/322 210/1111/324
f 210/1112/325 181/1113/327 201/1114/429
f 200/1115/430 213/1116/428 210/1117/324
f 201/1118/429 202/1119/431 210/1120/325
f 200/1121/430 210/1122/324 216/1123/432
f 202/1124/431 203/1125/433 210/1126/325
f 210/1127/324 208/1128/434 216/1129/432
f 210/1130/435 203/1131/436 204/1132/437
f 204/1133/437 205/1134/438 210/1135/435
f 206/1136/439 210/1137/440 205/1138/441
f 210/1139/440 206/1140/439 237/1141/442
f 237/1142/442 238/1143/443 210/1144/440
f 207/1145/444 208/1146/434 210/1147/324
f 238/1148/443 274/1149/445 210/1150/440
f 287/1151/446 207/1152/444 210/1153/324
f 287/1154/446 210/1155/324 209/1156/447
f 210/1157/440 274/1158/445 324/1159/448
f 210/1160/324 358/1161/449 209/1162/447
f 323/1163/450 358/1164/451 210/1165/440
f 324/1166/448 323/1167/450 210/1168/440
f 211/1169/385 201/1170/452 181/1171/383
f 190/1172/292 244/1173/453 221/1174/405
f 244/1175/453 190/1176/292 212/1177/454
f 212/1178/454 190/1179/292 1608/1180/293
f 146/1181/310 213/1182/309 200/1183/455
f 201/1184/456 211/1185/457 219/1186/458
f 201/1187/456 219/1188/458 202/1189/459
f 214/1190/460 219/1191/458 211/1192/457
f 215/1193/461 214/1194/460 211/1195/457
f 215/1196/461 211/1197/457 1828/1198/462
f 216/1199/463 146/1200/310 200/1201/455
f 216/1202/463 217/1203/464 146/1204/310
f 217/1205/464 218/1206/465 146/1207/310
f 218/1208/465 147/1209/311 146/1210/310
f 202/1211/459 219/1212/458 203/1213/466
f 219/1214/458 235/1215/467 203/1216/466
f 1824/1217/468 235/1218/467 219/1219/458
f 1824/1220/468 219/1221/458 214/1222/460
f 170/1223/361 220/1224/469 191/1225/407
f 170/1226/361 262/1227/470 220/1228/469
f 16/1229/471 221/1230/405 244/1231/453
f 226/1232/420 195/1233/419 222/1234/472
f 223/1235/473 222/1236/474 195/1237/424
f 223/1238/473 195/1239/424 224/1240/475
f 195/1241/424 285/1242/426 284/1243/476
f 284/1244/476 224/1245/475 195/1246/424
f 222/1247/472 277/1248/477 226/1249/420
f 225/1250/478 276/1251/479 226/1252/420
f 277/1253/477 225/1254/478 226/1255/420
f 276/1256/480 275/1257/481 226/1258/418
f 226/1259/418 275/1260/481 278/1261/482
f 280/1262/422 226/1263/418 278/1264/482
f 230/1265/483 12/1266/14 229/1267/16
f 227/1268/17 12/1269/19 230/1270/484
f 229/1271/20 227/1272/22 228/1273/485
f 230/1274/483 229/1275/16 233/1276/486
f 229/1277/16 204/1278/437 233/1279/486
f 204/1280/487 229/1281/20 228/1282/485
f 227/1283/17 230/1284/484 231/1285/488
f 232/1286/489 227/1287/17 231/1288/488
f 237/1289/442 228/1290/485 227/1291/22
f 237/1292/442 227/1293/22 232/1294/490
f 231/1295/491 230/1296/492 233/1297/493
f 217/1298/464 216/1299/463 208/1300/494
f 231/1301/491 233/1302/493 234/1303/495
f 234/1304/496 233/1305/486 204/1306/437
f 231/1307/491 234/1308/495 235/1309/467
f 232/1310/497 231/1311/491 235/1312/467
f 203/1313/436 234/1314/496 204/1315/437
f 235/1316/467 234/1317/495 203/1318/466
f 204/1319/487 228/1320/485 237/1321/442
f 204/1322/498 206/1323/499 205/1324/500
f 204/1325/498 237/1326/501 206/1327/499
f 232/1328/497 235/1329/467 238/1330/502
f 238/1331/502 235/1332/467 325/1333/503
f 236/1334/504 325/1335/505 235/1336/467
f 1824/1337/468 236/1338/504 235/1339/467
f 237/1340/442 232/1341/490 238/1342/443
f 162/1343/357 14/1344/356 247/1345/506
f 14/1346/32 16/1347/34 239/1348/507
f 239/1349/507 247/1350/508 14/1351/32
f 243/1352/509 240/1353/352 162/1354/350
f 247/1355/506 20/1356/510 162/1357/357
f 20/1358/510 241/1359/511 162/1360/357
f 162/1361/357 241/1362/511 242/1363/512
f 162/1361/357 242/1363/512 243/1364/513
f 239/1365/514 16/1366/471 244/1367/453
f 244/1368/453 18/1369/515 239/1370/514
f 19/1371/516 18/1372/515 244/1373/453
f 244/1374/453 270/1375/517 19/1376/516
f 244/1377/453 245/1378/518 270/1379/517
f 245/1380/518 244/1381/453 1762/1382/519
f 1762/1383/519 244/1384/453 212/1385/454
f 217/1386/464 208/1387/494 207/1388/520
f 287/1389/521 217/1390/464 207/1391/520
f 287/1392/521 246/1393/522 217/1394/464
f 246/1395/522 2128/1396/523 217/1397/464
f 2128/1398/523 218/1399/465 217/1400/464
f 20/1401/37 247/1402/508 239/1403/507
f 20/1404/37 239/1405/507 18/1406/35
f 248/1407/524 252/1408/525 250/1409/391
f 248/1410/351 240/1411/353 268/1412/526
f 410/1413/527 252/1414/525 248/1415/524
f 408/1416/528 248/1417/351 268/1418/526
f 249/1419/529 248/1420/530 408/1421/531
f 249/1422/532 410/1423/527 248/1424/524
f 250/1425/391 251/1426/533 184/1427/387
f 250/1428/391 252/1429/525 251/1430/533
f 251/1431/534 253/1432/535 184/1433/393
f 253/1434/535 1423/1435/536 184/1436/393
f 184/1437/393 1423/1438/536 69/1439/158
f 256/1440/537 255/1441/411 192/1442/410
f 257/1443/538 256/1444/539 192/1445/540
f 171/1446/541 192/1447/540 264/1448/542
f 192/1449/540 171/1450/541 257/1451/538
f 255/1452/543 256/1453/544 254/1454/545
f 255/1455/543 254/1456/545 261/1457/399
f 255/1458/543 261/1459/399 3538/1460/546
f 258/1461/547 254/1462/548 256/1463/539
f 256/1464/539 257/1465/538 289/1466/549
f 256/1467/539 289/1468/549 258/1469/547
f 259/1470/550 261/1471/399 254/1472/545
f 254/1473/548 258/1474/547 290/1475/551
f 259/1476/552 254/1477/548 290/1478/551
f 261/1479/398 259/1480/553 301/1481/554
f 261/1482/398 301/1483/554 260/1484/555
f 260/1485/555 1792/1486/341 261/1487/398
f 3538/1488/546 261/1489/399 3539/1490/400
f 262/1491/556 267/1492/557 193/1493/558
f 263/1494/559 220/1495/560 262/1496/556
f 193/1497/558 263/1498/559 262/1499/556
f 172/1500/561 171/1501/541 264/1502/542
f 176/1503/362 265/1504/562 171/1505/365
f 171/1506/541 265/1507/563 257/1508/538
f 174/1509/564 172/1510/561 193/1511/558
f 172/1512/561 264/1513/542 193/1514/558
f 176/1515/370 292/1516/565 265/1517/566
f 176/1518/370 293/1519/567 292/1520/565
f 293/1521/567 176/1522/370 266/1523/369
f 267/1524/557 174/1525/564 193/1526/558
f 240/1353/352 243/1352/509 288/1527/568
f 268/1528/569 240/1353/352 288/1527/568
f 269/1529/42 242/1530/570 241/1531/39
f 269/1532/46 270/1533/45 272/1534/571
f 272/1535/572 270/1536/517 245/1537/518
f 269/1538/42 271/1539/573 242/1540/570
f 272/1541/571 342/1542/574 269/1543/46
f 269/1544/46 342/1545/574 344/1546/575
f 415/1547/576 271/1548/573 269/1549/42
f 269/1550/46 344/1551/575 273/1552/577
f 415/1553/578 269/1554/46 273/1555/577
f 274/1556/579 238/1557/502 325/1558/503
f 277/1559/580 222/1560/581 223/1561/582
f 275/1562/583 276/1563/584 225/1564/585
f 277/1565/580 223/1566/582 225/1567/585
f 275/1568/583 225/1569/585 224/1570/586
f 225/1571/585 223/1572/582 224/1573/586
f 284/1574/587 278/1575/588 275/1576/583
f 224/1577/586 284/1578/587 275/1579/583
f 278/1580/482 314/1581/589 280/1582/422
f 278/1583/588 284/1584/587 283/1585/590
f 314/1586/591 278/1587/588 283/1588/590
f 280/1589/422 314/1590/589 279/1591/592
f 280/1592/422 279/1593/592 281/1594/593
f 280/1595/422 281/1596/593 320/1597/594
f 282/1598/595 280/1599/422 320/1600/594
f 280/1601/422 282/1602/595 197/1603/421
f 285/1604/426 283/1605/596 284/1606/476
f 285/1607/426 316/1608/597 283/1609/596
f 285/1610/426 317/1611/598 316/1612/597
f 319/1613/599 317/1614/598 285/1615/426
f 285/1616/426 337/1617/600 319/1618/599
f 285/1619/426 286/1620/425 337/1621/600
f 246/1622/522 287/1623/521 209/1624/601
f 243/1625/513 242/1626/512 271/1627/602
f 243/1625/513 271/1627/602 288/1628/603
f 265/1629/563 292/1630/604 257/1631/538
f 292/1632/604 289/1633/549 257/1634/538
f 289/1635/549 294/1636/605 258/1637/547
f 294/1638/605 290/1639/551 258/1640/547
f 292/1641/604 295/1642/606 289/1643/549
f 295/1644/606 294/1645/605 289/1646/549
f 290/1647/551 300/1648/607 259/1649/552
f 301/1650/608 259/1651/552 300/1652/607
f 290/1653/609 294/1654/610 291/1655/611
f 291/1656/612 300/1657/613 290/1658/614
f 295/1659/615 292/1660/565 293/1661/567
f 293/1662/616 294/1663/610 295/1664/617
f 293/1665/616 291/1666/611 294/1667/610
f 291/1668/611 293/1669/616 296/1670/618
f 296/1671/618 293/1672/616 266/1673/369
f 291/1674/612 297/1675/619 300/1676/613
f 297/1677/619 291/1678/612 298/1679/620
f 298/1680/620 291/1681/612 296/1682/621
f 299/1683/622 300/1684/613 297/1685/619
f 300/1686/607 299/1687/623 301/1688/608
f 303/1689/624 299/1690/625 297/1691/626
f 304/1692/627 301/1693/608 299/1694/623
f 299/1695/623 303/1696/628 305/1697/629
f 305/1698/629 304/1699/627 299/1700/623
f 302/1701/630 303/1702/624 297/1703/626
f 297/1704/626 312/1705/631 302/1706/630
f 312/1707/631 297/1708/626 298/1709/632
f 304/1710/633 260/1711/555 301/1712/554
f 306/1713/634 305/1714/629 303/1715/628
f 302/1716/635 306/1717/634 303/1718/628
f 305/1719/636 260/1720/637 304/1721/638
f 260/1722/637 305/1723/636 306/1724/639
f 307/1725/640 306/1726/634 302/1727/635
f 312/1728/631 308/1729/641 302/1730/630
f 302/1731/635 308/1732/642 307/1733/640
f 306/1734/639 307/1735/643 309/1736/644
f 309/1737/644 260/1738/637 306/1739/639
f 313/1740/645 308/1741/641 312/1742/631
f 313/1743/645 312/1744/631 310/1745/646
f 310/1746/646 312/1747/631 331/1748/647
f 331/1749/647 312/1750/631 311/1751/648
f 312/1752/631 298/1753/632 311/1754/648
f 308/1755/642 313/1756/649 307/1757/640
f 313/1758/649 315/1759/650 307/1760/640
f 315/1761/651 309/1762/644 307/1763/643
f 279/1764/652 314/1765/591 283/1766/590
f 283/1767/590 316/1768/653 279/1769/652
f 313/1770/649 310/1771/654 318/1772/655
f 315/1773/650 313/1774/649 318/1775/655
f 281/1776/656 279/1777/652 317/1778/657
f 279/1779/652 316/1780/653 317/1781/657
f 310/1782/654 333/1783/658 318/1784/655
f 328/1785/659 310/1786/646 331/1787/647
f 310/1788/654 328/1789/660 333/1790/658
f 315/1791/651 318/1792/661 309/1793/644
f 1780/1794/662 318/1795/661 333/1796/663
f 1780/1797/662 309/1798/644 318/1799/661
f 317/1800/657 319/1801/664 281/1802/656
f 320/1803/665 281/1804/656 319/1805/664
f 320/1806/665 319/1807/664 322/1808/666
f 321/1809/667 320/1810/665 322/1811/666
f 320/1812/594 321/1813/668 282/1814/595
f 337/1815/600 322/1816/669 319/1817/599
f 325/1818/503 324/1819/670 274/1820/579
f 323/1821/671 324/1822/670 325/1823/503
f 323/1824/671 325/1825/503 326/1826/672
f 325/1827/503 327/1828/673 326/1829/672
f 374/1830/674 327/1831/675 325/1832/505
f 236/1833/504 374/1834/674 325/1835/505
f 331/1836/647 329/1837/676 328/1838/659
f 334/1839/677 333/1840/658 328/1841/660
f 328/1842/660 329/1843/678 334/1844/677
f 335/1845/679 329/1846/676 331/1847/647
f 330/1848/680 335/1849/679 331/1850/647
f 331/1851/647 368/1852/681 330/1853/680
f 332/1854/682 368/1855/681 331/1856/647
f 331/1857/647 311/1858/648 1366/1859/683
f 332/1860/682 331/1861/647 1366/1862/683
f 333/1863/663 334/48/684 1780/1864/662
f 334/1865/677 329/1866/678 347/1867/685
f 329/1868/678 335/1869/686 347/1870/685
f 1780/1871/662 334/1872/684 347/1873/687
f 322/1874/666 339/1875/688 321/1876/667
f 282/1877/595 321/1878/668 336/1879/689
f 339/1880/688 336/1881/690 321/1882/667
f 337/1883/600 339/1884/691 322/1885/669
f 282/1886/595 336/1887/689 350/1888/692
f 338/1889/693 282/1890/595 350/1891/692
f 282/1892/595 338/1893/693 1596/1894/694
f 197/1895/421 282/1896/595 1596/1897/694
f 337/1898/600 341/1899/695 339/1900/691
f 336/1901/690 339/1902/688 341/1903/696
f 340/1904/697 341/1905/695 337/1906/600
f 337/1907/600 1981/1908/698 340/1909/697
f 286/1910/425 1981/1911/698 337/1912/600
f 350/1913/699 336/1914/690 341/1915/696
f 342/1916/700 272/1917/572 245/1918/518
f 344/1919/701 342/1920/700 245/1921/518
f 245/1922/518 343/1923/702 344/1924/701
f 343/1925/702 245/1926/518 1761/1927/703
f 245/1928/518 1762/1929/519 1761/1930/703
f 246/1931/522 209/1932/601 345/1933/704
f 345/1934/705 209/1935/706 358/1936/707
f 387/1937/708 246/1938/522 345/1939/704
f 387/1940/708 417/1941/709 246/1942/522
f 417/1943/709 346/1944/710 246/1945/522
f 246/1946/522 346/1947/710 2128/1948/523
f 348/1949/711 347/1950/685 335/1951/686
f 348/1952/711 335/1953/686 330/1954/712
f 1780/1955/662 347/1956/687 348/1957/713
f 330/1958/712 371/1959/714 348/1960/711
f 368/1961/681 370/1962/715 330/1963/680
f 330/1958/712 370/1964/716 371/1959/714
f 371/1965/717 380/1966/718 348/1967/713
f 380/1968/718 1780/1969/662 348/1970/713
f 341/1971/696 351/1972/719 350/1973/699
f 340/1974/697 351/1975/720 341/1976/695
f 349/1977/721 350/1978/699 351/1979/719
f 338/1980/693 350/1981/692 349/1982/722
f 352/1983/723 351/1984/720 340/1985/697
f 351/1986/719 352/1987/724 349/1988/721
f 353/1989/725 352/1990/723 340/1991/697
f 340/1992/697 373/1993/726 353/1994/725
f 340/1995/697 1981/1996/698 354/1997/727
f 340/1998/697 354/1999/727 373/2000/726
f 252/2001/728 493/862/729 251/2002/534
f 410/2003/527 492/2004/730 252/2005/728
f 492/2006/730 493/2007/729 252/2008/728
f 493/2009/729 253/2010/535 251/2011/534
f 338/2012/693 349/2013/722 364/2014/731
f 364/2015/731 365/2016/732 338/2017/693
f 365/2018/732 355/2019/733 338/2020/693
f 338/2021/693 355/2022/733 356/2023/734
f 338/2024/693 356/2025/734 1596/2026/694
f 352/2027/724 364/2028/735 349/2029/721
f 387/2030/736 345/2031/705 358/2032/707
f 358/2033/451 323/2034/450 326/2035/737
f 326/2036/737 357/2037/738 358/2038/451
f 399/2039/739 358/2040/451 357/2041/738
f 358/2042/707 359/2043/740 387/2044/736
f 399/2045/739 361/760/741 358/2046/451
f 360/2047/742 358/2048/451 361/2049/741
f 358/2050/743 360/2051/744 398/2052/745
f 438/2053/746 358/2054/743 398/2055/745
f 358/2056/707 363/2057/747 359/2058/740
f 358/2059/707 362/2060/748 363/2061/747
f 358/2062/749 438/2063/750 440/2064/751
f 416/2065/752 362/2066/753 358/2067/754
f 440/2068/751 442/2069/755 358/2070/749
f 416/2071/752 358/2072/754 442/2073/756
f 364/2074/735 352/2075/724 353/2076/757
f 364/2077/735 353/2078/757 365/2079/758
f 368/2080/681 366/2081/759 370/2082/715
f 367/2083/760 368/2084/681 428/2085/761
f 367/2086/760 3536/2087/762 368/2088/681
f 1554/2089/763 428/2090/761 368/2091/681
f 369/2092/764 368/2093/681 1367/2094/765
f 368/2095/681 332/2096/682 1367/2097/765
f 1554/2098/763 368/2099/681 369/2100/764
f 3537/2101/766 366/2102/759 368/2103/681
f 368/2104/681 3536/2105/762 3537/2106/766
f 2156/2107/767 371/2108/714 370/2109/716
f 370/2110/716 366/2111/768 2156/2112/767
f 2156/2113/769 380/2114/718 371/2115/717
f 365/2116/758 353/2117/757 375/2118/770
f 365/2119/732 372/2120/771 355/2121/733
f 372/2122/772 365/2123/758 375/2124/770
f 373/2125/726 375/2126/773 353/2127/725
f 327/2128/673 357/2129/774 326/2130/672
f 327/2131/673 400/2132/775 357/2133/774
f 357/2134/738 396/2135/776 399/2136/739
f 396/2137/777 357/2138/778 400/2139/779
f 453/2140/780 400/2141/775 327/2142/673
f 374/2143/674 453/2144/781 327/2145/675
f 380/2146/718 2156/2147/769 381/2148/782
f 381/2149/783 2156/2150/767 3537/2151/784
f 3537/2152/784 2156/2153/767 366/2154/768
f 372/2155/771 376/2156/785 355/2157/733
f 375/2158/770 379/2159/786 372/2160/772
f 376/2161/787 372/2162/772 379/2163/786
f 355/2164/733 376/2165/785 377/2166/788
f 355/2167/733 377/2168/788 392/2169/789
f 355/2170/733 392/2171/789 393/2172/790
f 432/2173/791 355/2174/733 393/2175/790
f 355/2176/733 432/2177/791 1627/2178/792
f 355/2179/733 1627/2180/792 356/2181/734
f 375/2182/773 373/2183/726 379/2184/793
f 376/2185/787 379/2186/786 378/2187/794
f 388/2188/795 377/2189/796 376/2190/787
f 378/2191/794 388/2192/795 376/2193/787
f 379/2194/793 373/2195/726 378/2196/797
f 380/2197/718 381/2198/782 389/2199/798
f 380/2200/718 389/2201/798 382/2202/799
f 395/2203/800 380/2204/718 382/2205/799
f 384/2206/801 1774/2207/802 380/2208/718
f 380/2209/718 1774/2210/802 1779/2211/803
f 1779/2212/803 1780/2213/662 380/2214/718
f 383/2215/804 384/2216/801 380/2217/718
f 383/2218/804 380/2219/718 395/2220/800
f 389/2221/805 381/2222/783 3537/2223/784
f 288/2224/603 271/2225/602 385/2226/806
f 415/2227/576 385/2228/807 271/2229/573
f 268/1528/569 288/1527/568 386/2230/808
f 288/2224/603 385/2226/806 386/2231/809
f 417/2232/709 387/2233/708 359/2234/810
f 377/2235/796 388/2236/795 390/2237/811
f 392/2238/812 377/2239/796 390/2240/811
f 373/2241/726 388/2242/813 378/2243/797
f 373/2244/726 390/2245/814 388/2246/813
f 389/2247/805 3536/2248/815 382/2249/816
f 3536/2250/815 389/2251/805 3537/2252/784
f 390/2253/811 391/2254/817 392/2255/812
f 391/2256/817 393/2257/818 392/2258/812
f 391/2259/819 390/2260/814 2010/2261/820
f 390/2262/814 373/2263/726 2010/2264/820
f 367/2265/821 394/2266/822 382/2267/816
f 3536/2268/815 367/2269/821 382/2270/816
f 395/2271/800 382/2272/799 394/2273/823
f 396/2274/776 404/2275/824 399/2276/739
f 404/2277/825 396/2278/777 400/2279/779
f 404/2280/824 397/2281/826 399/2282/739
f 397/2283/826 398/2284/827 399/2285/739
f 361/2286/828 399/2287/829 398/2288/830
f 403/2289/831 404/2290/825 400/2291/779
f 438/2292/832 403/2293/833 400/2294/775
f 400/2295/775 453/2296/780 438/2297/832
f 393/2298/818 391/2299/817 401/2300/834
f 432/2301/791 393/2302/790 429/2303/835
f 429/2304/836 393/2305/818 401/2306/834
f 2010/2307/820 401/2308/837 391/2309/819
f 404/2310/824 402/2311/838 397/2312/826
f 403/2313/831 422/2314/839 404/2315/825
f 421/2316/840 404/2317/825 422/2318/839
f 404/2319/824 421/2320/841 402/2321/838
f 408/2322/528 268/2323/526 484/2324/842
f 268/1528/569 386/2230/808 486/2325/843
f 484/2326/842 268/2327/526 405/2328/844
f 268/1528/569 486/2325/843 483/2329/845
f 405/2330/846 268/1528/569 483/2329/845
f 408/2331/847 457/2332/848 249/2333/532
f 249/2334/532 406/2335/849 410/2336/527
f 407/2337/850 249/2338/532 457/2339/848
f 249/2340/532 407/2341/850 406/2342/849
f 408/2343/847 409/2344/851 457/2345/848
f 408/2346/528 484/2347/842 488/2348/852
f 409/2349/853 408/2350/854 488/2351/855
f 406/2352/849 490/2353/856 410/2354/527
f 492/2355/730 410/2356/527 490/2357/856
f 273/2358/857 344/2359/701 343/2360/702
f 411/2361/858 415/2362/578 273/2363/577
f 411/2364/859 273/2365/857 343/2366/702
f 415/2367/576 446/2368/860 385/2369/807
f 412/2370/861 415/2371/578 411/2372/858
f 413/2373/862 415/2374/863 412/2375/864
f 415/2376/863 413/2377/862 414/2378/865
f 415/2379/576 487/2380/866 446/2381/860
f 415/2382/863 414/2383/865 485/2384/867
f 485/2385/867 487/2386/868 415/2387/863
f 397/2388/826 402/2389/838 398/2390/827
f 361/2391/828 398/2392/830 360/2393/869
f 398/2394/745 402/2395/870 438/2396/746
f 417/2397/709 359/2398/810 363/2399/871
f 417/2400/709 363/2401/871 362/2402/753
f 362/2403/753 416/2404/752 417/2405/709
f 416/2406/752 474/2407/872 417/2408/709
f 469/2409/873 417/2410/709 474/2411/872
f 417/2412/709 469/2413/873 418/2414/874
f 418/2415/874 526/2416/875 417/2417/709
f 526/2418/875 539/2419/876 417/2420/709
f 417/2421/709 539/2422/876 346/2423/710
f 419/2424/877 411/2425/859 343/2426/702
f 503/2427/878 419/2428/877 343/2429/702
f 507/2430/879 503/2431/878 343/2432/702
f 343/2433/702 420/2434/880 507/2435/879
f 420/2436/880 343/2437/702 1761/2438/703
f 402/2439/870 422/2440/881 403/2441/882
f 403/2442/882 438/2443/746 402/2444/870
f 402/2445/870 421/2446/883 422/2447/881
f 423/2448/884 367/2449/760 428/2450/761
f 367/2451/821 423/2452/885 394/2453/822
f 428/2454/761 425/2455/886 423/2456/884
f 423/2457/885 444/2458/887 394/2459/822
f 423/2460/885 425/2461/888 444/2462/887
f 428/2463/761 424/2464/889 425/2465/886
f 428/2466/761 426/1261/890 424/2467/889
f 428/2468/761 427/2469/891 426/2470/890
f 1555/2471/892 427/2472/891 428/2473/761
f 1555/2474/892 428/2475/761 1554/2476/763
f 395/2477/800 394/2478/823 444/2479/893
f 429/2480/835 445/2481/894 432/2482/791
f 445/2483/894 450/2484/895 432/2485/791
f 432/2486/791 450/2487/895 430/2488/896
f 430/2489/896 431/2490/897 432/2491/791
f 431/2492/897 463/2493/898 432/2494/791
f 463/2495/898 433/2496/899 432/2497/791
f 432/2498/791 434/2499/900 1627/2500/792
f 433/2501/899 434/2502/900 432/2503/791
f 401/2504/834 435/2505/901 429/2506/836
f 436/2507/902 445/2508/903 429/2509/836
f 436/2510/902 429/2511/836 435/2512/901
f 435/2513/904 401/2514/837 564/2515/905
f 2010/2516/820 564/2517/905 401/2518/837
f 438/2519/750 437/2520/906 440/2521/751
f 453/2522/780 437/2523/907 438/2524/832
f 442/2525/756 440/2526/908 441/2527/909
f 437/2528/906 439/2529/910 440/2530/751
f 441/2531/911 440/2532/912 439/2533/913
f 443/2534/914 416/2535/752 442/2536/756
f 443/2537/914 442/2538/756 441/2539/909
f 443/2540/914 474/2541/872 416/2542/752
f 447/2543/915 444/1718/887 425/2544/888
f 425/2545/888 424/2546/916 447/2547/915
f 444/2548/893 447/2549/917 395/2550/800
f 445/2551/903 436/2552/902 449/2553/918
f 450/2554/919 445/2555/903 449/2556/918
f 435/2557/904 564/2558/905 436/2559/920
f 564/2560/905 449/2561/921 436/2562/920
f 385/2563/806 486/2564/922 386/2565/809
f 385/2563/806 446/2566/923 486/2564/922
f 448/2567/924 447/2568/915 424/2569/916
f 424/2570/916 426/2571/925 448/2572/924
f 395/2573/800 447/2574/917 448/2575/926
f 449/2576/918 452/2577/927 450/2578/919
f 452/2579/927 430/2580/928 450/2581/919
f 452/2582/929 449/2583/921 564/2584/905
f 461/2585/930 448/2586/924 426/2587/925
f 395/2588/800 448/2589/926 461/2590/931
f 412/2591/932 411/2592/859 451/2593/933
f 451/2594/933 411/2595/859 419/2596/877
f 464/2597/934 430/2598/928 452/2599/927
f 464/2600/934 431/2601/935 430/2602/928
f 464/2603/936 452/2604/929 564/2605/905
f 465/2606/937 437/2607/907 453/2608/780
f 453/2609/780 454/2610/938 465/2611/937
f 499/2612/939 454/2613/938 453/2614/780
f 453/2615/781 455/2616/940 499/2617/941
f 453/2618/781 456/2619/942 455/2620/940
f 453/2621/781 502/2622/943 456/2623/942
f 453/2624/781 374/2625/674 502/2626/943
f 437/2627/906 465/2628/944 439/2629/910
f 406/2630/945 407/2631/946 457/2632/947
f 406/2633/945 457/2634/947 489/2635/948
f 457/2636/947 409/2637/949 488/2638/950
f 457/2639/947 488/2640/950 489/2641/948
f 491/2642/951 490/2643/952 406/2644/945
f 489/2645/948 491/2646/951 406/2647/945
f 427/2648/891 458/2649/953 426/2650/890
f 426/2651/925 458/2652/954 459/2653/955
f 459/2654/955 461/2655/930 426/2656/925
f 427/2657/891 460/2658/956 458/2659/953
f 427/2660/891 480/2661/957 460/2662/956
f 481/2663/958 480/2664/957 427/2665/891
f 1556/2666/959 427/2667/891 1555/2668/892
f 1556/2669/959 481/2670/958 427/2671/891
f 458/2672/954 460/2673/960 459/2674/955
f 1950/2675/961 461/2676/931 459/2677/962
f 462/2678/963 459/2679/955 460/2680/960
f 459/2681/962 462/2682/964 1950/2683/961
f 461/2684/931 1950/2685/961 395/2686/800
f 3543/2687/965 431/2688/935 464/2689/934
f 431/2690/897 3543/2691/966 463/2692/898
f 564/2693/905 563/2694/967 464/2695/936
f 563/2696/967 2155/2697/968 464/2698/936
f 2155/2699/969 3543/2700/965 464/2701/934
f 465/2702/944 466/2703/970 439/2704/910
f 466/2705/970 465/2706/944 467/2707/971
f 467/2708/972 465/2709/937 454/2710/938
f 466/2711/973 468/2712/974 439/2713/975
f 439/2714/913 468/2715/976 441/2716/911
f 412/2717/932 451/2718/933 473/2719/977
f 473/2720/977 413/2721/978 412/2722/932
f 451/2723/979 419/2724/980 469/2725/981
f 451/2726/979 474/2727/982 473/2728/983
f 469/2729/981 474/2730/982 451/2731/979
f 419/2732/980 503/2733/984 469/2734/981
f 471/2735/985 468/2736/974 466/2737/973
f 466/2738/970 467/2739/971 489/2740/986
f 489/2741/986 470/2742/987 466/2743/970
f 471/2744/988 466/2745/970 470/2746/987
f 468/2747/976 472/2748/989 441/2749/911
f 471/2750/985 472/2751/990 468/2752/974
f 441/2753/991 472/2754/992 414/2755/993
f 443/2756/994 441/2757/991 414/2758/993
f 473/2759/977 414/2760/995 413/2761/978
f 414/2762/993 473/2763/983 443/2764/994
f 474/2765/982 443/2766/994 473/2767/983
f 454/2768/938 489/2769/996 467/2770/972
f 489/2771/948 454/2772/997 475/2773/998
f 454/2774/997 476/2775/999 475/2776/998
f 476/2777/999 454/2778/997 500/2779/1000
f 454/2780/997 499/2781/1001 500/2782/1000
f 480/2783/957 477/2784/1002 460/2785/956
f 460/2786/960 477/2787/1003 462/2788/963
f 478/2789/1004 479/2790/1005 463/2791/898
f 463/2792/898 561/2793/1006 478/2794/1004
f 586/2795/1007 463/2796/898 479/2797/1005
f 586/2798/1007 1621/2799/1008 463/2800/898
f 1621/2801/1008 433/2802/899 463/2803/898
f 3544/2804/1009 561/2805/1006 463/2806/898
f 463/2807/898 3543/2808/966 3544/2809/1009
f 494/2810/1010 477/2811/1002 480/2812/957
f 494/2813/1010 480/2814/957 518/2815/1011
f 540/2816/1012 518/2817/1011 480/2818/957
f 480/2819/957 554/2820/1013 540/2821/1012
f 481/2822/958 554/2823/1013 480/2824/957
f 477/2825/1003 482/2826/1014 462/2827/963
f 477/2828/1003 494/2829/1015 482/2830/1014
f 515/2831/1016 462/2832/964 482/2833/1017
f 515/2834/1016 1950/2835/961 462/2836/964
f 484/2837/1018 405/2838/1019 483/2839/1020
f 484/2840/1018 483/2543/1020 487/2841/1021
f 488/2842/950 484/2843/1018 485/2844/1022
f 487/2845/1021 485/2846/1022 484/2847/1018
f 483/2848/1020 486/2849/1023 487/2850/1021
f 486/2851/1023 446/2852/1024 487/2853/1021
f 414/2854/993 488/2855/950 485/2856/1022
f 488/2857/950 414/2858/993 472/2859/992
f 489/2860/948 488/2861/950 472/2862/992
f 470/2863/1025 489/2864/948 472/2195/992
f 472/2865/992 471/2866/1026 470/2867/1025
f 492/2868/730 490/2869/856 491/2870/1027
f 489/2871/948 475/2872/998 491/2873/951
f 491/2874/1027 475/2875/1028 492/2876/730
f 495/2877/1029 492/2878/1030 475/2879/1031
f 492/2880/1030 495/2881/1029 493/2882/1032
f 495/2883/1029 475/2884/1031 476/2885/1033
f 514/2886/1034 482/2887/1014 494/2888/1015
f 517/2889/1035 514/2890/1034 494/2891/1015
f 494/2892/1015 518/2893/1036 517/2894/1035
f 515/2895/1016 482/2896/1017 514/2897/1037
f 500/2898/1038 495/2899/1029 476/2900/1033
f 495/2901/1039 500/2902/1040 501/2903/1041
f 495/2904/1039 501/2905/1041 496/2906/1042
f 495/2907/1039 496/2908/1042 504/2909/1043
f 497/2910/1044 495/2911/1039 504/2912/1043
f 497/2913/1044 498/2914/1045 495/2915/1039
f 498/2916/1045 493/2917/1032 495/2918/1029
f 455/2919/1046 501/2920/1047 500/2921/1000
f 499/2922/1001 455/2923/1046 500/2924/1000
f 501/2925/1047 455/2926/1046 456/2927/1048
f 496/2928/1049 501/2929/1047 456/2930/1048
f 456/2931/1048 502/2932/1050 496/2933/1049
f 504/2934/1051 496/2935/1049 502/2936/1050
f 503/2937/984 418/2938/1052 469/2939/981
f 505/2940/1053 504/2941/1051 502/2942/1050
f 504/2943/1043 505/2944/1054 497/2945/1044
f 507/2946/1055 418/2947/1052 503/2948/984
f 509/2949/1056 505/2950/1053 502/2951/1050
f 512/2952/1057 497/2953/1044 505/2954/1054
f 508/2955/1058 505/2956/1053 509/2957/1056
f 512/2958/1057 505/2959/1054 508/2960/1059
f 523/2961/1060 509/2962/1061 502/2963/943
f 374/2964/674 523/2965/1060 502/2966/943
f 512/2967/1057 506/2968/1062 497/2969/1044
f 497/2970/1044 1422/2971/1063 498/2972/1045
f 506/2973/1062 1422/2974/1063 497/2975/1044
f 507/2976/1055 526/2977/1064 418/2978/1052
f 526/2979/1064 507/2980/1055 527/2981/1065
f 420/2982/880 527/2983/1066 507/2984/879
f 520/2985/1067 508/2986/1058 509/2987/1056
f 512/2988/1057 508/2989/1059 520/2990/1068
f 509/2991/1056 510/2992/1069 520/2993/1067
f 510/2994/1070 509/2995/1061 523/2996/1060
f 531/2997/1071 512/2998/1057 520/2999/1068
f 531/3000/1071 513/3001/1072 512/3002/1057
f 511/3003/1073 506/3004/1062 512/3005/1057
f 513/3006/1072 511/3007/1073 512/3008/1057
f 515/3009/1016 514/3010/1037 517/3011/1074
f 515/3012/1016 517/3013/1074 519/3014/1075
f 516/3015/1076 515/3016/1016 519/3017/1075
f 1951/3018/1077 515/3019/1016 516/3020/1076
f 1951/3021/1077 1950/3022/961 515/3023/1016
f 517/3024/1035 518/3025/1036 519/3026/1078
f 518/3027/1036 540/3028/1079 519/3029/1078
f 529/3030/1080 520/3031/1067 510/3032/1069
f 529/3033/1081 531/3034/1071 520/3035/1068
f 523/3036/1060 374/3037/674 236/3038/504
f 523/3039/1060 521/3040/1082 510/3041/1070
f 521/3042/1082 523/3043/1060 524/3044/1083
f 522/3045/1084 523/3046/1060 236/3047/504
f 524/3048/1083 523/3049/1060 522/3050/1084
f 525/3051/1085 526/3052/1064 527/3053/1065
f 526/3054/875 525/3055/1086 539/3056/876
f 528/3057/1087 529/3058/1080 510/3059/1069
f 521/3060/1082 528/3061/1088 510/3062/1070
f 531/3063/1071 529/3064/1081 541/3065/1089
f 541/3066/1090 529/3067/1080 528/3068/1087
f 531/3069/1071 541/3070/1089 530/3071/1091
f 530/3072/1091 546/3073/1092 531/3074/1071
f 546/3075/1092 532/3076/1093 531/3077/1071
f 532/3078/1093 576/3079/1094 531/3080/1071
f 576/3081/1094 1448/3082/1095 531/3083/1071
f 1448/3084/1095 513/3085/1072 531/3086/1071
f 533/3087/1096 527/3088/1066 420/3089/880
f 527/3090/1065 533/3091/1097 525/3092/1085
f 420/3093/880 534/3094/1098 533/3095/1096
f 420/3096/880 543/3097/1099 534/3098/1098
f 420/3099/880 566/3100/1100 543/3101/1099
f 566/3102/1100 420/3103/880 568/3104/1101
f 568/3105/1101 420/3106/880 1764/3107/1102
f 420/3108/880 1761/3109/703 1764/3110/1102
f 535/3111/1103 528/3112/1088 521/3113/1082
f 528/3114/1087 535/3115/1104 541/3116/1090
f 544/3117/1105 535/3118/1103 521/3119/1082
f 521/3120/1082 536/3121/1106 544/3122/1105
f 521/3123/1082 547/3124/1107 536/3125/1106
f 580/3126/1108 547/3127/1107 521/3128/1082
f 1836/3129/1109 580/3130/1108 521/3131/1082
f 1836/3132/1109 521/3133/1082 524/3134/1083
f 539/3135/876 525/3136/1086 542/3137/1110
f 533/3138/1097 542/3139/1111 525/3140/1085
f 539/3141/876 542/3142/1110 537/3143/1112
f 537/3144/1112 538/3145/1113 539/3146/876
f 538/3147/1113 569/3148/1114 539/3149/876
f 569/3150/1114 573/3151/1115 539/3152/876
f 573/3153/1115 2145/3154/1116 539/3155/876
f 539/3156/876 2145/3157/1116 346/3158/710
f 548/3159/1117 519/3160/1078 540/3161/1079
f 548/3162/1118 516/3163/1076 519/3164/1075
f 548/3165/1117 540/3166/1079 553/3167/1119
f 554/3168/1013 553/3169/1120 540/3170/1012
f 535/3171/1104 530/3172/1121 541/3173/1090
f 537/3174/1122 542/3175/1111 533/3176/1097
f 537/3174/1122 533/3176/1097 534/3177/1123
f 538/3178/1124 537/3179/1122 534/3180/1123
f 538/3181/1124 534/3182/1123 543/3183/1125
f 535/3184/1104 544/3185/1126 530/3186/1121
f 530/3187/1121 544/3188/1126 536/3189/1127
f 530/3190/1121 536/3191/1127 546/3192/1128
f 538/3193/1124 543/3194/1125 545/3195/1129
f 570/3196/1130 538/3193/1124 545/3195/1129
f 538/3197/1113 570/3198/1131 569/3199/1114
f 566/3200/1100 545/3201/1132 543/3202/1099
f 546/3203/1128 536/3204/1127 547/3205/1133
f 532/3206/1134 546/3203/1128 547/3205/1133
f 516/3207/1076 548/3208/1118 549/3209/1135
f 548/3210/1117 553/600/1119 549/3211/1136
f 549/3212/1135 583/3213/1137 516/3214/1076
f 550/3215/1138 516/3216/1076 583/3217/1137
f 1955/3218/1139 516/3219/1076 550/3220/1138
f 551/3221/1140 1951/3222/1077 516/3223/1076
f 551/3224/1140 516/3225/1076 1955/3226/1139
f 553/3227/1120 554/3228/1013 552/3229/1141
f 553/3230/1119 552/512/1142 549/3231/1136
f 552/3232/1141 554/3233/1013 555/3234/1143
f 554/3235/1013 556/3236/1144 555/3237/1143
f 1563/3238/1145 556/3239/1144 554/3240/1013
f 1560/3241/1146 554/3242/1013 481/3243/958
f 1560/3244/1146 1563/3245/1145 554/3246/1013
f 558/3247/1147 478/3248/1148 560/3249/1149
f 558/3250/1147 479/3251/1150 478/3252/1148
f 558/3253/1151 560/3254/1152 563/3255/967
f 563/3256/967 557/3257/1153 558/3258/1151
f 479/3259/1150 558/3260/1147 559/3261/1154
f 557/3262/1153 559/3263/1155 558/3264/1151
f 560/3265/1149 478/3266/1148 561/3267/1156
f 560/3268/1152 562/3269/1157 563/3270/967
f 562/3271/1158 560/3272/1149 561/3273/1156
f 557/3274/1153 563/3275/967 2003/3276/1159
f 2003/3277/1159 563/3278/967 2013/3279/1160
f 563/3280/967 564/3281/905 2013/3282/1160
f 563/3283/967 562/3284/1157 2154/3285/1161
f 2154/3286/1161 2155/3287/968 563/3288/967
f 565/3289/1162 479/3290/1150 559/3291/1154
f 479/3292/1005 565/3293/1163 586/3294/1007
f 567/3295/1164 545/3296/1132 566/3297/1100
f 545/3195/1129 567/3298/1165 570/3196/1130
f 566/3299/1100 599/3300/1166 567/3301/1164
f 566/3302/1100 600/3303/1167 599/3304/1166
f 600/3305/1167 566/3306/1100 1765/3307/1168
f 1765/3308/1168 566/3309/1100 568/3310/1101
f 547/3205/1133 574/3311/1169 532/3206/1134
f 580/3312/1108 574/3313/1170 547/3314/1107
f 577/3315/1171 532/3206/1134 574/3311/1169
f 532/3316/1093 577/3317/1172 576/3318/1094
f 583/3319/1173 549/3320/1136 552/3321/1142
f 552/3322/1142 555/3323/1174 583/3324/1173
f 571/3325/1175 569/3326/1114 570/3327/1131
f 571/3328/1176 570/3196/1130 567/3298/1165
f 595/3329/1177 569/3330/1114 571/3331/1175
f 595/3332/1177 572/3333/1178 569/3334/1114
f 572/3335/1178 2146/3336/1179 569/3337/1114
f 2146/3338/1179 573/3339/1115 569/3340/1114
f 574/3311/1169 575/3341/1180 577/3315/1171
f 574/3342/1170 580/3343/1108 575/3344/1181
f 578/3345/1182 576/3346/1094 577/3347/1172
f 578/3348/1183 577/3315/1171 575/3341/1180
f 578/3349/1182 579/3350/1184 576/3351/1094
f 579/3352/1184 1446/3353/1185 576/3354/1094
f 1446/3355/1185 1448/3356/1095 576/3357/1094
f 575/3358/1181 580/3359/1108 606/3360/1186
f 606/3361/1186 580/3362/1108 581/3363/1187
f 581/3364/1187 580/3365/1108 1836/3366/1109
f 555/3367/1174 582/3368/1188 583/3369/1173
f 591/3370/1189 583/3371/1173 582/3372/1188
f 550/3373/1138 583/3374/1137 591/3375/1190
f 556/3376/1144 582/3377/1191 555/3378/1143
f 584/3379/1192 559/3380/1155 557/3381/1153
f 559/3382/1154 585/3383/1193 565/3384/1162
f 584/3385/1194 585/3386/1195 559/3387/1196
f 602/3388/1197 584/3389/1192 557/3390/1153
f 557/3391/1153 610/3392/1198 602/3393/1197
f 557/3394/1153 611/3395/1199 610/3396/1198
f 611/3397/1199 557/3398/1153 1996/3399/1200
f 1996/3400/1200 557/3401/1153 2003/3402/1159
f 593/3403/1201 586/3404/1007 565/3405/1163
f 585/3406/1193 594/3407/1202 565/3408/1162
f 593/3409/1203 565/3410/1204 594/3411/1205
f 586/3412/1007 593/3413/1201 601/3414/1206
f 601/3415/1206 612/3416/1207 586/3417/1007
f 612/3418/1207 587/3419/1208 586/3420/1007
f 587/3421/1208 588/3422/1209 586/3423/1007
f 588/3424/1209 1621/3425/1008 586/3426/1007
f 596/3427/1210 582/3428/1191 556/3429/1144
f 589/3430/1211 591/3431/1189 582/3432/1188
f 582/3433/1188 596/3434/1212 589/3435/1211
f 596/3436/1210 556/3437/1144 590/3438/1213
f 604/3439/1214 590/3440/1213 556/3441/1144
f 604/3442/1214 556/3443/1144 605/3444/1215
f 556/3445/1144 617/3446/1216 605/3447/1215
f 1563/3448/1145 617/3449/1216 556/3450/1144
f 550/3451/1138 591/3452/1190 589/3453/1217
f 550/3454/1138 589/3455/1217 597/3456/1218
f 597/3457/1218 592/3458/1219 550/3459/1138
f 550/3460/1138 592/3461/1219 603/3462/1220
f 550/3463/1138 603/3464/1220 618/3465/1221
f 1955/3466/1139 550/3467/1138 618/3468/1221
f 594/3469/1202 585/3470/1193 584/3471/1222
f 593/3472/1223 594/3473/1202 584/3474/1222
f 584/3475/1222 602/3476/1224 593/3477/1223
f 602/3478/1224 601/3479/1225 593/3480/1223
f 567/3298/1165 599/3481/1226 571/3328/1176
f 595/3482/1227 571/3328/1176 599/3481/1226
f 597/3483/1228 589/3484/1211 596/3485/1212
f 590/3486/1229 597/3487/1228 596/3488/1212
f 604/3489/1230 597/3490/1228 590/3491/1229
f 592/3492/1231 597/3493/1228 604/3494/1230
f 599/3481/1226 598/3495/1232 595/3482/1227
f 599/3496/1166 600/3497/1167 598/3498/1233
f 601/3499/1225 602/3500/1224 610/3501/1234
f 612/3502/1235 601/3503/1225 610/3504/1234
f 603/3505/1236 592/3506/1231 604/3507/1230
f 604/3508/1230 605/3509/1237 603/3510/1236
f 575/3511/1180 607/3512/1238 578/3513/1183
f 575/3514/1181 606/3515/1186 607/3516/1239
f 608/3517/1240 578/3518/1183 607/3519/1238
f 578/3520/1182 608/3521/1241 579/3522/1184
f 598/3495/1232 645/3523/1242 595/3482/1227
f 645/3524/1243 572/3525/1178 595/3526/1177
f 603/3527/1236 605/3528/1237 613/3529/1244
f 618/3530/1221 603/3531/1220 613/3532/1245
f 605/3533/1237 614/3534/1246 613/3535/1244
f 617/3536/1216 614/3537/1247 605/3538/1215
f 610/3539/1234 609/3540/1248 612/3541/1235
f 609/3542/1249 610/3543/1198 611/3544/1199
f 609/3545/1248 624/3546/1250 612/3547/1235
f 587/3548/1208 612/3549/1207 624/3550/1251
f 614/3551/1246 621/3552/1252 613/3553/1244
f 618/3554/1221 613/3555/1245 620/3556/1253
f 620/3557/1253 613/3558/1245 621/3559/1254
f 617/3041/1216 616/3560/1255 614/3561/1247
f 614/3562/1246 615/3563/1256 621/3564/1252
f 615/3565/1257 614/3566/1247 616/3567/1255
f 1566/3568/1258 616/3569/1255 617/3570/1216
f 1564/3571/1259 617/3572/1216 1563/3573/1145
f 1564/3574/1259 1566/3575/1258 617/3576/1216
f 619/3577/1260 618/3578/1221 620/3579/1253
f 1956/3580/1261 1955/3581/1139 618/3582/1221
f 1956/3583/1261 618/3584/1221 619/3585/1260
f 621/3586/1252 615/3587/1256 623/3588/1262
f 620/3589/1253 621/3590/1254 623/3591/1263
f 615/3592/1257 616/3593/1255 622/3594/1264
f 615/3595/1256 622/3596/1265 623/3597/1262
f 622/3598/1264 616/3599/1255 631/3600/1266
f 616/3601/1255 639/3602/1267 631/3603/1266
f 642/3604/1268 639/3605/1267 616/3606/1255
f 1566/3607/1258 642/3608/1268 616/3609/1255
f 620/3610/1253 623/3611/1263 627/3612/1269
f 620/3613/1253 627/3614/1269 635/3615/1270
f 635/3616/1270 647/3617/1271 620/3618/1253
f 650/3619/1272 620/3620/1253 647/3621/1271
f 619/3622/1260 620/3623/1253 650/3624/1272
f 624/3625/1250 609/3626/1248 625/3627/1273
f 609/3628/1249 611/3629/1199 625/3630/1274
f 587/3631/1208 624/3632/1251 629/3633/1275
f 629/3634/1276 624/3635/1250 625/3636/1273
f 629/3637/1275 632/3638/1277 587/3639/1208
f 872/3640/1278 587/3641/1208 632/3642/1277
f 872/3643/1278 1614/3644/1279 587/3645/1208
f 1614/3646/1279 588/3647/1209 587/3648/1208
f 903/3649/1280 653/3650/1281 611/3651/1199
f 611/3652/1199 653/3653/1281 625/3654/1274
f 903/3655/1280 611/3656/1199 626/3657/1282
f 626/3658/1282 611/3659/1199 1996/3660/1200
f 622/3661/1265 627/3662/1283 623/3663/1262
f 622/3664/1265 631/3665/1284 627/3666/1283
f 632/3667/1277 629/3668/1275 628/3669/1285
f 630/3670/1286 628/3671/1287 629/3672/1276
f 630/3673/1286 629/3674/1276 625/3675/1273
f 627/3676/1283 631/3677/1284 635/3678/1288
f 631/3679/1284 637/3680/1289 635/3681/1288
f 639/3617/1267 637/3682/1290 631/3683/1266
f 632/3684/1277 628/3685/1285 644/3686/1291
f 632/3687/1277 644/3688/1291 643/3689/1292
f 643/3690/1292 657/3691/1293 632/3692/1277
f 657/3693/1293 659/3694/1294 632/3695/1277
f 838/3696/1295 632/3697/1277 659/3698/1294
f 838/3699/1295 872/3700/1278 632/3701/1277
f 644/3702/1296 628/3703/1287 3545/3704/1297
f 3545/3705/1297 628/3706/1287 630/3707/1286
f 600/3708/1167 727/3709/1298 598/3710/1233
f 598/3495/1232 727/3711/1299 645/3523/1242
f 600/3712/1167 633/3713/1300 727/3714/1298
f 633/3715/1300 600/3716/1167 634/3717/1301
f 634/3718/1301 600/3719/1167 1765/3720/1168
f 637/3721/1289 636/3722/1302 635/3723/1288
f 647/3724/1271 635/3725/1270 636/3726/1303
f 639/3727/1267 638/3728/1304 637/3729/1290
f 637/3730/1289 638/3731/1305 636/3732/1302
f 639/3733/1267 640/3734/1306 638/3735/1304
f 640/3736/1306 639/3737/1267 660/3738/1307
f 639/3739/1267 641/3740/1308 660/3741/1307
f 1405/3742/1309 641/3743/1308 639/3744/1267
f 642/3745/1268 1405/3746/1309 639/3747/1267
f 652/3748/1310 643/3749/1311 644/3750/1296
f 3545/3751/1297 652/3752/1310 644/3753/1296
f 728/3292/1312 572/3754/1178 645/3755/1243
f 727/3756/1299 728/3757/1313 645/3758/1242
f 728/3759/1312 738/3760/1314 572/3761/1178
f 738/3762/1314 2149/3763/1315 572/3764/1178
f 2149/3765/1315 2146/3766/1179 572/3767/1178
f 636/3768/1302 638/3769/1305 646/3770/1316
f 647/3771/1271 636/3772/1303 646/3773/1317
f 638/3774/1305 640/3775/1318 646/3776/1316
f 647/3777/1271 646/3778/1317 648/3779/1319
f 665/3780/1320 647/3781/1271 648/3782/1319
f 649/3783/1321 647/3784/1271 665/3785/1320
f 650/3786/1272 647/3787/1271 649/3788/1321
f 729/3789/1322 608/3517/1240 607/3519/1238
f 651/3790/1323 607/3791/1239 606/3792/1186
f 607/3519/1238 651/3793/1324 729/3789/1322
f 579/3794/1184 608/3795/1241 729/3796/1325
f 579/3797/1184 729/3798/1325 733/3799/1326
f 579/3800/1184 733/3801/1326 742/3802/1327
f 743/3803/1328 579/3804/1184 742/3805/1327
f 743/3806/1328 1444/3807/1329 579/3808/1184
f 1444/3809/1329 1446/3810/1185 579/3811/1184
f 643/3812/1311 652/3813/1310 658/3814/1330
f 658/3815/1331 652/3816/1332 653/3817/1281
f 652/3818/1332 3545/3819/1333 653/3820/1281
f 643/3812/1311 658/3814/1330 657/3821/1334
f 731/3822/1335 651/3823/1323 606/3824/1186
f 606/3825/1186 655/3826/1336 731/3827/1335
f 654/3828/1337 655/3829/1336 606/3830/1186
f 654/3831/1337 606/3832/1186 1835/3833/1338
f 1835/3834/1338 606/3835/1186 581/3836/1187
f 640/3837/1318 648/3838/1339 646/3839/1316
f 640/3840/1318 660/3841/1340 648/3842/1339
f 653/3843/1281 656/3844/1341 658/3845/1331
f 657/3846/1334 658/3847/1330 673/3848/1342
f 656/3849/1341 673/3850/1343 658/3851/1331
f 843/3852/1344 656/3853/1341 653/3854/1281
f 843/3855/1344 653/3856/1281 903/3857/1280
f 630/3858/1345 625/3859/1274 653/3860/1281
f 653/3861/1281 3545/3862/1333 630/3863/1345
f 674/3864/1346 657/3865/1334 673/3866/1342
f 657/3867/1293 674/3868/1347 659/3869/1294
f 648/3870/1339 660/3871/1340 662/3872/1348
f 662/3873/1349 665/3874/1320 648/3875/1319
f 660/3876/1340 661/3877/1350 662/3878/1348
f 641/3879/1308 661/3880/1351 660/3881/1307
f 665/3882/1320 662/3883/1349 663/3884/1352
f 661/3885/1350 663/3886/1353 662/3887/1348
f 665/3888/1320 663/3889/1352 664/3890/1354
f 666/3891/1355 665/3892/1320 664/3893/1354
f 665/3894/1320 666/3895/1355 883/3896/1356
f 667/3897/1357 665/3898/1320 883/3899/1356
f 649/3900/1321 665/3901/1320 667/3902/1357
f 669/3903/1358 661/3904/1351 641/3905/1308
f 661/3906/1350 669/3907/1359 663/3908/1353
f 641/3909/1308 668/3910/1360 669/3911/1358
f 641/3912/1308 670/3913/1361 668/3914/1360
f 641/3915/1308 672/3916/1362 670/3917/1361
f 671/3918/1363 672/3919/1362 641/3920/1308
f 1405/3921/1309 671/3922/1363 641/3923/1308
f 676/3924/1364 673/3925/1343 656/3926/1341
f 673/3927/1342 676/3928/1365 674/3929/1346
f 679/3930/1366 676/3931/1364 656/3932/1341
f 656/3933/1341 689/3934/1367 679/3935/1366
f 725/3936/1368 689/3937/1367 656/3938/1341
f 725/3939/1368 656/3940/1341 843/3941/1344
f 675/3942/1369 659/3943/1294 674/3944/1347
f 675/3945/1370 674/3946/1346 676/3947/1365
f 659/3948/1294 675/3949/1369 677/3950/1371
f 659/3951/1294 677/3952/1371 682/3953/1372
f 682/3954/1372 690/3955/1373 659/3956/1294
f 724/3957/1374 659/3958/1294 690/3959/1373
f 724/3960/1374 838/3961/1295 659/3962/1294
f 669/3963/1359 664/3964/1375 663/3965/1353
f 669/3966/1359 668/3967/1376 664/3968/1375
f 676/3969/1365 677/3970/1377 675/3971/1370
f 677/3972/1377 676/3973/1365 679/3974/1378
f 679/3975/1378 682/3976/1379 677/3977/1377
f 678/3978/1380 664/3979/1375 668/3980/1376
f 678/3981/1381 666/3982/1355 664/3983/1354
f 668/3984/1376 686/3985/1382 678/3986/1380
f 670/3987/1361 686/3988/1383 668/3989/1360
f 682/3990/1379 679/3991/1378 681/3992/1384
f 689/3993/1367 681/3994/1385 679/3995/1366
f 680/3996/1386 682/3997/1379 681/3998/1384
f 682/3999/1372 680/4000/1387 690/4001/1373
f 666/4002/1355 678/4003/1381 683/4004/1388
f 685/4005/1389 678/4006/1380 686/4007/1382
f 683/4008/1390 678/4009/1380 685/4010/1389
f 684/4011/1391 666/4012/1392 683/4013/1393
f 684/4014/1391 710/4015/1394 666/4016/1392
f 666/4017/1392 710/4018/1394 883/4019/1395
f 670/4020/1361 685/4021/1396 686/4022/1383
f 709/4023/1397 685/4024/1398 670/4025/1399
f 709/4026/1397 670/4027/1399 715/4028/1400
f 670/4029/1399 672/4030/1401 715/4031/1400
f 687/4032/1402 681/4033/1385 689/4034/1367
f 681/4035/1384 688/4036/1403 680/4037/1386
f 681/1278/1384 687/4038/1404 688/4039/1403
f 689/4040/1405 690/4041/1406 688/4042/1407
f 690/4043/1406 689/4044/1405 725/4045/1408
f 687/4046/1409 689/4047/1405 688/4048/1407
f 690/4049/1410 680/4050/1411 688/4051/1412
f 690/4052/1406 725/4053/1408 724/4054/1413
f 692/4055/1414 691/4056/1415 696/4057/1416
f 691/4058/1417 692/4059/1418 697/4060/1419
f 695/4061/1420 692/4062/1414 696/4063/1416
f 697/4064/1421 692/4065/1422 695/4066/1423
f 691/4067/1415 693/4068/1424 696/4069/1416
f 701/4070/1425 691/4071/1417 697/4072/1419
f 701/4073/1425 693/4074/1426 691/4075/1417
f 696/4076/1416 694/4077/1427 695/4078/1420
f 694/4079/1428 696/4080/1429 707/4081/1430
f 697/4082/1421 695/4083/1423 700/4084/1431
f 701/4085/1425 697/4086/1419 702/4087/1432
f 719/4088/1433 698/4089/1434 697/4090/1421
f 698/4091/1434 699/4092/1435 697/4093/1421
f 719/4094/1433 697/4095/1421 700/4096/1431
f 702/4097/1432 697/4098/1419 699/4099/1436
f 695/4100/1420 694/4101/1427 713/4102/1437
f 700/4103/1438 695/4104/1420 713/4105/1437
f 701/4106/1439 696/4107/1440 693/4108/1441
f 701/4109/1439 704/4110/1442 696/4111/1440
f 701/4112/1439 703/4113/1443 704/4114/1442
f 701/4115/1439 702/4116/1444 703/4117/1443
f 684/4118/1445 683/4119/1390 685/4120/1389
f 684/4121/1445 685/4122/1389 709/4123/1446
f 696/4124/1447 704/4125/1448 707/4126/1449
f 707/4127/1430 716/4128/1450 694/4129/1428
f 703/4130/1451 707/4131/1449 704/4132/1448
f 722/4133/1452 716/4134/1450 707/4135/1430
f 722/4136/1452 707/4137/1430 705/4138/1453
f 703/4139/1451 763/4140/1454 707/4141/1449
f 706/4142/1455 705/4143/1453 707/4144/1430
f 707/4145/1430 763/4146/1456 706/4147/1455
f 694/4148/1427 716/4149/1457 713/4150/1437
f 709/4151/1446 708/4152/1458 684/4153/1445
f 710/4154/1394 684/4155/1391 708/4156/1459
f 708/4157/1458 709/4158/1446 712/4159/1460
f 715/4160/1400 712/4161/1461 709/4162/1397
f 714/4163/1462 708/4164/1458 712/4165/1460
f 711/4166/1463 708/4167/1458 714/4027/1462
f 710/4168/1464 708/4169/1465 711/4170/1466
f 713/4171/1437 714/4172/1462 712/4173/1460
f 715/4174/1400 717/4175/1467 712/4176/1461
f 718/4177/1468 717/4178/1467 715/4179/1400
f 718/4180/1468 715/4181/1400 720/2227/1469
f 880/4182/1470 720/4183/1469 715/4184/1400
f 672/4185/1401 880/4186/1471 715/4187/1400
f 712/4188/1460 717/4189/1472 713/2771/1437
f 713/4190/1437 717/4191/1472 718/4192/1473
f 718/4193/1473 719/4194/1474 713/4195/1437
f 719/4196/1474 700/4197/1438 713/4198/1437
f 714/4199/1462 713/4200/1437 716/4201/1457
f 714/4202/1462 716/4203/1457 711/4204/1463
f 720/4205/1475 698/4206/1476 718/4207/1477
f 698/4208/1476 719/4209/1478 718/4210/1477
f 720/4211/1475 721/4212/1479 698/4213/1476
f 879/4214/1480 721/4215/1479 720/4216/1475
f 880/4217/1470 879/4218/1481 720/4219/1469
f 721/4220/1482 699/4221/1435 698/4222/1434
f 710/4223/1464 711/4224/1466 716/4225/1483
f 722/4226/1484 710/4227/1464 716/4228/1483
f 819/4229/1485 710/4230/1464 722/4231/1484
f 883/4232/1395 710/4233/1394 819/4234/1486
f 705/4235/1487 819/4236/1485 722/4237/1484
f 723/4238/1488 724/4239/1413 725/4240/1408
f 832/4241/1489 723/4242/1488 725/4243/1408
f 725/4244/1490 842/4245/1490 832/4246/1490
f 725/4247/1368 843/4248/1344 832/4249/1491
f 838/4250/1295 724/4251/1374 723/4252/1492
f 727/3756/1299 726/4253/1493 728/3757/1313
f 726/4254/1494 727/4255/1298 633/4256/1300
f 733/4257/1495 729/4258/1322 651/4259/1324
f 733/4260/1495 651/4261/1324 731/4262/1496
f 730/4263/1497 726/4264/1494 633/4265/1300
f 730/4266/1498 728/4267/1313 726/4268/1493
f 633/4269/1300 736/4270/1499 730/4271/1497
f 633/4272/1300 745/4273/1500 736/4274/1499
f 852/4275/1501 745/4276/1500 633/4277/1300
f 1769/4278/1502 633/4279/1300 634/4280/1301
f 852/4281/1501 633/4282/1300 1769/4283/1502
f 733/4284/1495 731/4285/1496 732/4286/1503
f 733/4287/1495 732/4288/1503 739/4289/1504
f 733/4290/1326 739/4291/1505 742/4292/1327
f 730/4293/1498 734/4294/1506 728/4295/1313
f 738/4296/1314 728/4297/1312 734/4298/1507
f 735/4299/1508 734/4300/1506 730/4301/1498
f 735/4302/1508 730/4303/1498 736/4304/1509
f 738/4305/1314 734/4306/1507 735/4307/1510
f 757/4308/1511 738/4309/1314 735/4310/1510
f 737/4311/1512 738/4312/1314 757/4313/1511
f 2150/4314/1513 2149/4315/1315 738/4316/1314
f 737/4317/1512 2150/4318/1513 738/4319/1314
f 655/4320/1336 732/4321/1514 731/4322/1335
f 739/4323/1504 732/4324/1503 749/4325/1515
f 655/4326/1336 749/4327/1516 732/4328/1514
f 739/4329/1505 740/4330/1517 742/4331/1327
f 740/4332/1518 739/4333/1504 749/4334/1515
f 742/4335/1327 740/4336/1517 750/4337/1519
f 742/4338/1327 750/4339/1519 765/4340/1520
f 765/4341/1520 806/4342/1521 742/4343/1327
f 806/4344/1521 741/4345/1522 742/4346/1327
f 742/4347/1327 741/4348/1522 1417/4349/1523
f 1417/4350/1523 743/4351/1328 742/4352/1327
f 751/4353/1524 735/4354/1508 736/4355/1509
f 751/4356/1525 757/4357/1511 735/4358/1510
f 751/4359/1524 736/4360/1509 744/4361/1526
f 745/4362/1500 744/4363/1527 736/4364/1499
f 747/4365/1528 749/4366/1516 655/4367/1336
f 746/4368/1529 747/4369/1528 655/4370/1336
f 655/4371/1336 805/4372/1530 746/4373/1529
f 655/4374/1336 827/4375/1531 805/4376/1530
f 655/4377/1336 748/4378/1532 827/4379/1531
f 654/4380/1337 748/4381/1532 655/4382/1336
f 750/4383/1533 740/4384/1518 749/4385/1515
f 749/4386/1515 747/4387/1534 750/4388/1533
f 764/4389/1535 751/4390/1524 744/4391/1526
f 751/4392/1525 764/4393/1536 757/4394/1511
f 745/4395/1500 752/4396/1537 744/4397/1527
f 764/4398/1535 744/4399/1526 752/4400/1538
f 745/4401/1500 753/4402/1539 752/4403/1537
f 745/4404/1500 766/4405/1540 753/4406/1539
f 745/4407/1500 754/4408/1541 799/4409/1542
f 745/4410/1500 799/4411/1542 755/4412/1543
f 745/4413/1500 851/4414/1544 754/4415/1541
f 755/4416/1543 766/4417/1540 745/4418/1500
f 851/4419/1544 745/4420/1500 852/4421/1501
f 757/4422/1511 764/4423/1536 756/4424/1545
f 757/4425/1511 756/4426/1545 758/4427/1546
f 757/4428/1511 758/4429/1546 793/4430/1547
f 820/4431/1548 757/4432/1511 793/4433/1547
f 759/4434/1549 757/4435/1511 820/4436/1548
f 759/4437/1549 737/4438/1512 757/4439/1511
f 750/4440/1533 747/4441/1534 746/4442/1550
f 750/4443/1533 746/4444/1550 765/4445/1551
f 762/4446/1552 702/4447/1432 699/4448/1436
f 760/4449/1553 703/4450/1443 702/4451/1444
f 761/4452/1554 760/4453/1553 702/4454/1444
f 702/4455/1444 762/4456/1555 761/4457/1554
f 699/4448/1436 875/4458/1556 762/4446/1552
f 873/4459/1557 699/4460/1435 721/4461/1482
f 873/4462/1557 875/4463/1558 699/4464/1435
f 760/4465/1559 763/4466/1454 703/4467/1451
f 706/4468/1560 819/4469/1485 705/4470/1487
f 819/4471/1485 706/4472/1560 817/4473/1561
f 706/4474/1560 763/4475/1562 723/4476/1563
f 817/4477/1561 706/4478/1560 723/4479/1563
f 857/4480/1564 723/4481/1563 763/4482/1562
f 869/4483/1565 857/4484/1564 763/4485/1562
f 866/4486/1566 763/4487/1562 760/4488/1567
f 763/4489/1562 866/4490/1566 869/4491/1565
f 752/4492/1538 753/4493/1568 764/4494/1535
f 753/4495/1568 756/4496/1569 764/4497/1535
f 765/4498/1551 746/4499/1550 805/4500/1570
f 765/4501/1551 805/4502/1570 806/4503/1571
f 756/4504/1569 753/4505/1568 766/4506/1572
f 770/4507/1573 767/4508/1574 769/4509/1575
f 768/4510/1576 767/4511/1577 770/4512/1578
f 769/4513/1575 771/4514/1579 770/4515/1573
f 768/4516/1576 770/4517/1578 784/4518/1580
f 771/4519/1579 773/4520/1581 770/4521/1573
f 777/4522/1582 770/4523/1573 782/4524/1583
f 777/4525/1584 784/4526/1585 770/4527/1586
f 770/4528/1573 780/4529/1587 782/4530/1583
f 770/4531/1573 773/4532/1581 790/4533/1588
f 780/4534/1587 770/4535/1573 790/4536/1588
f 769/4537/1589 767/4538/1590 768/4539/1591
f 769/4540/1589 768/4541/1591 775/4542/1592
f 769/4543/1589 775/4544/1592 771/4545/1593
f 774/4546/1594 775/4547/1592 768/4548/1591
f 774/4549/1594 768/4550/1591 784/4551/1595
f 775/4552/1592 772/4553/1596 771/4554/1593
f 771/4555/1579 772/4556/1597 773/4557/1581
f 775/4558/1598 773/4559/1599 772/4560/1600
f 796/4561/1601 773/4562/1599 775/4563/1598
f 796/4564/1601 775/4565/1598 803/4566/1602
f 830/4567/1603 803/4568/1602 775/4569/1598
f 774/4570/1604 830/4571/1603 775/4572/1598
f 777/4573/1582 782/4574/1583 779/4575/1605
f 776/4576/1606 784/4577/1585 777/4578/1584
f 787/4579/1607 777/4580/1582 778/4581/1608
f 776/4582/1606 777/4583/1584 787/4584/1609
f 778/4585/1608 777/4586/1582 779/4587/1605
f 779/4588/1610 782/4589/1611 781/4590/1612
f 780/4591/1613 781/4592/1612 782/4593/1611
f 783/4594/1614 784/4595/1585 776/4596/1606
f 829/4597/1615 774/4598/1594 784/4599/1595
f 785/4600/1616 784/4601/1617 783/4602/1618
f 829/4603/1615 784/4604/1595 785/4605/1619
f 786/4606/1620 787/4607/1621 778/4608/1622
f 786/4606/1620 776/4609/1623 787/4607/1621
f 788/4610/1624 778/4611/1608 779/4612/1605
f 786/4606/1620 778/4608/1622 788/4613/1625
f 786/4606/1620 853/4614/1626 776/4609/1623
f 855/4615/1627 776/4609/1623 853/4614/1626
f 783/4616/1614 776/4617/1606 904/4618/1628
f 855/4619/1627 904/4620/1629 776/4621/1623
f 789/4622/1630 788/4623/1624 779/4624/1605
f 794/4625/1631 789/4626/1632 779/4627/1633
f 794/4628/1631 779/4629/1633 798/4630/1634
f 781/4631/1612 799/4632/1635 779/4633/1610
f 754/4634/1636 779/4635/1610 799/4636/1635
f 798/4637/1637 779/4638/1610 754/4639/1636
f 773/4640/1581 796/4641/1638 790/4642/1588
f 790/4643/1588 791/4644/1639 780/4645/1587
f 790/4646/1588 796/4647/1638 792/4648/1640
f 811/4649/1641 790/4650/1642 792/4651/1643
f 790/4652/1588 816/4653/1644 791/4654/1639
f 816/4655/1645 790/4656/1646 811/4657/1647
f 781/4658/1648 780/4659/1649 755/4660/1543
f 793/4661/1650 755/4662/1651 780/4663/1587
f 804/4664/1652 793/4665/1650 780/4666/1587
f 791/4667/1639 804/4668/1652 780/4669/1587
f 794/4670/1653 786/4671/1654 788/4672/1655
f 786/4673/1654 794/4674/1653 795/4675/1656
f 786/4673/1654 795/4675/1656 853/4676/1657
f 796/4677/1638 802/4678/1658 792/4679/1640
f 803/4680/1602 802/4681/1659 796/4682/1660
f 797/4683/1661 788/4684/1624 789/4685/1630
f 794/4670/1653 788/4672/1655 797/4686/1662
f 758/4687/1663 756/4688/1569 766/4689/1572
f 794/4690/1631 797/4691/1664 789/4692/1632
f 798/4693/1634 795/4694/1665 794/4695/1631
f 799/4696/1542 781/4697/1648 755/3486/1543
f 754/4698/1636 800/4699/1666 798/4700/1637
f 800/4701/1667 754/4702/1541 851/4703/1544
f 800/4704/1666 801/4705/1668 798/4706/1637
f 854/4707/1669 795/4708/1665 798/4709/1634
f 850/4710/1670 798/4711/1637 801/4712/1668
f 909/4713/1671 854/4714/1669 798/4715/1634
f 909/4716/1672 798/4717/1637 908/4718/1673
f 908/4719/1673 798/4720/1637 951/4721/1674
f 951/4722/1674 798/4723/1637 850/4724/1670
f 766/4725/1572 755/4726/1651 793/4727/1650
f 793/4728/1650 758/4729/1663 766/4730/1572
f 810/4731/1675 792/4732/1640 802/4733/1658
f 803/4734/1602 808/4735/1676 802/4736/1659
f 802/4737/1658 808/4738/1677 810/4739/1675
f 811/4740/1641 792/4741/1643 810/4742/1678
f 803/4743/1602 741/4744/1679 808/4745/1676
f 741/4746/1679 803/4747/1602 1419/4748/1680
f 830/4749/1603 1419/4750/1680 803/4751/1602
f 804/4752/1681 820/4753/1548 793/4754/1547
f 809/4755/1682 806/4756/1571 805/4757/1570
f 805/4758/1570 807/4759/1683 809/4760/1682
f 827/4761/1531 807/4762/1684 805/4763/1530
f 806/4764/1521 809/4765/1685 741/4766/1522
f 807/4767/1683 810/4768/1675 808/4769/1677
f 809/4770/1682 807/4771/1683 808/4772/1677
f 809/4773/1685 808/4774/1686 741/4775/1522
f 807/4776/1684 827/4777/1531 810/4778/1687
f 810/4779/1678 827/4780/1688 811/4781/1641
f 1417/4782/1523 741/4783/1522 1419/4784/1689
f 812/4785/1690 804/4786/1691 791/4787/1692
f 812/4788/1693 791/4789/1694 816/4790/1695
f 812/4791/1690 820/4792/1696 804/4793/1691
f 811/4794/1647 813/4795/1697 816/4796/1645
f 827/4797/1688 813/4798/1698 811/4799/1641
f 816/4800/1695 826/4801/1699 812/4802/1693
f 813/4803/1697 814/4804/1700 816/4805/1645
f 815/4806/1701 826/4807/1702 816/4808/1645
f 814/4809/1700 815/4810/1701 816/4811/1645
f 817/4812/1561 818/4813/1703 819/4814/1485
f 835/4815/1704 819/4816/1485 818/4817/1703
f 883/4818/1395 819/4819/1486 835/4820/1705
f 826/4821/1699 828/4822/1706 812/4823/1693
f 820/4824/1696 812/4825/1690 828/4826/1707
f 827/4827/1688 814/4828/1708 813/4829/1698
f 826/4830/1702 815/4831/1701 847/4832/1709
f 826/4833/1699 824/4834/1710 828/4835/1706
f 826/4836/1702 847/4837/1709 821/4838/1711
f 821/4839/1711 822/4840/1712 826/4841/1702
f 881/4842/1713 826/4843/1702 822/4844/1712
f 826/4845/1699 823/4846/1714 824/4847/1710
f 848/4848/1715 826/4849/1716 881/4850/1717
f 825/4851/1718 823/4852/1714 826/4853/1699
f 825/4854/1718 826/4855/1699 895/4856/1719
f 826/4857/1720 848/4858/1721 899/4859/1722
f 899/4860/1722 895/4861/1723 826/4862/1720
f 815/4863/1724 814/4864/1708 846/4865/1725
f 827/4866/1688 846/4867/1725 814/4868/1708
f 815/4869/1724 846/4870/1725 847/4871/1726
f 840/4872/1727 820/4873/1696 828/4874/1707
f 840/4875/1728 759/4876/1549 820/4877/1548
f 748/4878/1532 846/4879/1729 827/4880/1531
f 829/4881/1730 830/4882/1603 774/4883/1604
f 817/4884/1561 831/4885/1731 818/4886/1703
f 837/4887/1732 831/4888/1733 817/4889/1734
f 837/4890/1732 817/4891/1734 832/4892/1735
f 723/4893/1563 832/4894/1736 817/4895/1561
f 818/4896/1737 831/4897/1738 837/4898/1732
f 818/4899/1737 837/4900/1732 833/4901/1739
f 818/2552/1737 833/4902/1739 834/4903/1740
f 835/4904/1704 818/4905/1703 882/4906/1741
f 836/4907/1742 882/4908/1743 818/4909/1737
f 834/4910/1740 836/4911/1742 818/4912/1737
f 833/4913/1739 837/4914/1732 832/4915/1735
f 838/4916/1295 723/4917/1492 857/4918/1744
f 842/4919/1745 833/4920/1739 832/4921/1735
f 856/4922/1746 838/4923/1295 857/4924/1744
f 856/4925/1746 872/4926/1278 838/4927/1295
f 828/4928/1707 824/4929/1747 840/4930/1727
f 839/4931/1748 759/4932/1549 840/4933/1728
f 840/4934/1727 824/4935/1747 823/4936/1749
f 840/4937/1727 823/4938/1749 825/4939/1750
f 839/4940/1748 840/4941/1728 825/4942/1718
f 839/4943/1748 2152/4944/1751 759/4945/1549
f 2152/4946/1751 737/4947/1512 759/4948/1549
f 842/4949/1752 832/4950/1753 841/4951/1754
f 842/4952/1745 834/4953/1740 833/4954/1739
f 841/4955/1754 860/4956/1755 842/4957/1752
f 834/4958/1740 842/4959/1745 861/4960/1756
f 842/4961/1757 862/4962/1758 861/4963/1759
f 843/4964/1344 864/4965/1760 832/4966/1491
f 832/4967/1753 844/4968/1761 841/4969/1754
f 858/4970/1762 844/4971/1763 832/4972/1764
f 858/4973/1765 832/4974/1766 864/4975/1767
f 864/4976/1760 843/4977/1344 845/4978/1768
f 845/4979/1768 843/4980/1344 903/4981/1280
f 846/4982/1725 867/4983/1769 847/4984/1726
f 867/4985/1769 846/4986/1725 848/4987/1770
f 846/4988/1725 898/4989/1771 848/4990/1770
f 849/4991/1772 898/4992/1771 846/4993/1725
f 748/4994/1532 849/4995/1773 846/4996/1729
f 800/4997/1667 851/4998/1544 850/4999/1774
f 850/5000/1774 801/5001/1775 800/5002/1667
f 950/5003/1776 851/5004/1544 1770/5005/1777
f 851/5006/1544 950/5007/1776 850/5008/1774
f 1770/5009/1777 851/5010/1544 852/5011/1501
f 853/5012/1657 795/5013/1656 854/5014/1778
f 853/5012/1657 854/5014/1778 855/5015/1779
f 856/5016/1746 857/5017/1744 869/5018/1780
f 821/5019/1781 847/5020/1726 867/5021/1769
f 858/5022/1782 841/5023/1783 844/5024/1784
f 841/5025/1783 858/5026/1782 860/5027/1785
f 858/5028/1765 864/5029/1767 859/5030/1786
f 860/5031/1787 858/5032/1788 842/5033/1789
f 858/5034/1790 862/5035/1791 842/5036/1792
f 861/5037/1793 862/5038/1794 858/5039/1795
f 858/5040/1765 863/5041/1796 887/5042/1797
f 858/5043/1765 859/5044/1786 863/5045/1796
f 887/5046/1797 891/5047/1798 858/5048/1765
f 885/5049/1799 858/5050/1800 891/5051/1801
f 861/5052/1793 858/5053/1795 885/5054/1802
f 863/5055/1803 859/5056/1804 864/5057/1760
f 864/5058/1760 845/5059/1768 863/5060/1803
f 761/5061/1805 865/5062/1806 760/5063/1567
f 865/5064/1806 866/5065/1566 760/5066/1567
f 762/5067/1555 914/5068/1807 761/5069/1554
f 905/5070/1808 762/4446/1552 875/4458/1556
f 905/5071/1809 914/5072/1807 762/5073/1555
f 865/5074/1810 761/5075/1811 914/5076/1812
f 822/5077/1813 821/5078/1781 867/5079/1769
f 881/5080/1814 822/5081/1813 867/5082/1769
f 881/5083/1814 867/5084/1769 868/5085/1815
f 848/5086/1770 868/5087/1816 867/5088/1769
f 856/3709/1746 869/5089/1780 865/5090/1817
f 869/5091/1780 866/5092/1818 865/5093/1817
f 865/5094/1817 913/5095/1819 856/5096/1746
f 870/5097/1820 856/5098/1746 913/5099/1819
f 870/5100/1820 871/5101/1821 856/5102/1746
f 856/5103/1746 871/5104/1821 872/5105/1278
f 873/5106/1822 721/5107/1823 874/5108/1824
f 931/5109/1825 873/5110/1826 874/5111/1827
f 931/5112/1828 875/5113/1558 873/5114/1557
f 876/5115/1829 874/5116/1827 721/5117/1479
f 879/5118/1480 876/5119/1829 721/5120/1479
f 876/5121/1829 931/5122/1825 874/5123/1827
f 1406/5124/1830 876/5125/1831 879/5126/1481
f 878/5127/1832 931/5128/1825 876/5129/1829
f 877/5130/1833 876/5131/1831 1406/5132/1830
f 877/5133/1833 878/5134/1834 876/5135/1831
f 1406/5136/1830 879/5137/1481 880/5138/1470
f 881/5139/1835 868/5140/1816 848/5141/1770
f 884/5142/1836 835/5143/1704 882/5144/1741
f 835/5145/1705 886/5146/1837 919/5147/1838
f 919/5148/1838 883/5149/1395 835/5150/1705
f 835/5151/1705 884/5152/1839 886/5153/1837
f 884/5154/1840 882/5155/1841 836/5156/1842
f 834/5157/1740 861/5158/1756 836/5159/1742
f 836/5160/1842 861/5161/1793 885/5162/1802
f 885/5163/1802 886/5164/1843 836/5165/1842
f 884/5166/1840 836/5167/1842 886/5168/1843
f 887/5169/1844 863/5170/1803 845/5171/1768
f 891/5172/1845 887/5173/1846 888/5174/1847
f 887/5175/1844 845/5176/1768 888/5177/1848
f 885/5178/1799 891/5179/1801 890/5180/1849
f 927/5181/1850 891/5182/1845 888/5183/1847
f 889/5184/1851 890/5185/1849 891/5186/1801
f 926/5187/1852 891/5188/1845 927/5189/1850
f 920/5190/1853 889/5191/1851 891/5192/1801
f 891/5193/1845 926/5194/1852 892/5195/1854
f 891/5196/1801 943/5197/1855 920/5198/1853
f 943/5199/1856 891/5200/1845 892/5201/1854
f 919/5202/1838 886/5203/1837 885/5204/1857
f 919/5205/1838 885/5206/1857 893/5207/1858
f 885/5208/1857 890/5209/1859 893/5210/1858
f 932/5211/1860 785/5212/1619 783/5213/1861
f 894/5214/1862 783/5215/1614 904/5216/1628
f 932/5217/1863 783/5218/1864 894/5219/1865
f 934/5220/1866 829/5221/1615 785/5222/1619
f 934/5223/1866 785/5224/1619 932/5225/1860
f 934/5226/1867 1420/5227/1868 829/5228/1730
f 829/5229/1730 1420/5230/1868 830/5231/1603
f 913/5232/1869 865/5233/1810 914/5234/1812
f 895/5235/1719 897/5236/1870 825/5237/1718
f 839/5238/1748 825/5239/1718 896/5240/1871
f 897/5241/1870 896/5242/1871 825/5243/1718
f 848/5244/1721 898/5245/1872 899/5246/1722
f 899/5247/1873 988/5248/1874 895/5249/1719
f 898/5250/1872 923/5251/1875 899/5252/1722
f 923/5253/1875 924/5254/1876 899/5255/1722
f 924/5256/1876 900/5257/1877 899/5258/1722
f 899/5259/1878 900/5260/1879 901/5261/1880
f 901/5262/1880 988/5263/1881 899/5264/1878
f 902/5265/1882 897/5266/1870 895/5267/1719
f 895/5268/1719 988/5269/1874 902/5270/1882
f 897/5271/1870 839/5272/1748 896/5273/1871
f 897/5274/1870 902/5275/1882 839/5276/1748
f 902/5277/1882 2153/5278/1883 839/5279/1748
f 2153/5280/1883 2152/5281/1751 839/5282/1748
f 915/5283/1884 888/5284/1848 845/5285/1768
f 915/5286/1884 845/5287/1768 1992/5288/1885
f 845/5289/1768 903/5290/1280 1992/5291/1885
f 904/5292/1629 855/5293/1627 936/5294/1886
f 855/5295/1779 854/5296/1778 906/5297/1887
f 855/5295/1779 906/5297/1887 936/5298/1888
f 963/5299/1889 904/5292/1629 936/5294/1886
f 894/5300/1862 904/5301/1628 965/5302/1890
f 965/5303/1891 904/5292/1629 963/5299/1889
f 957/5304/1892 905/5305/1808 875/5306/1556
f 931/5307/1828 966/5308/1893 875/5309/1558
f 957/5310/1892 875/5311/1556 966/5312/1894
f 909/5313/1671 906/5314/1895 854/5315/1669
f 938/5316/1896 906/5317/1895 909/5318/1671
f 945/5319/1897 907/5320/1898 909/5321/1672
f 908/5322/1673 945/5323/1897 909/5324/1672
f 907/5325/1898 946/5326/1899 909/5327/1672
f 909/5328/1672 946/5329/1899 911/5330/1900
f 910/5331/1901 938/5332/1896 909/5333/1671
f 912/5334/1902 909/5335/1672 911/5336/1900
f 909/5337/1671 964/5338/1903 910/5339/1901
f 912/1553/1904 964/5340/1903 909/5341/1671
f 918/5342/1905 913/5343/1869 914/5344/1812
f 905/5345/1809 917/5346/1906 914/5347/1807
f 914/5348/1812 917/5349/1907 918/5350/1905
f 870/5351/1820 913/5352/1819 918/5353/1908
f 915/5354/1884 927/5355/1909 888/5356/1848
f 916/5357/1910 917/5358/1906 905/5359/1809
f 905/5360/1809 957/5361/1911 916/5362/1910
f 939/5363/1912 918/5364/1905 917/5365/1907
f 870/5366/1820 918/5367/1908 939/5368/1913
f 916/5369/1914 939/5370/1912 917/5371/1907
f 849/5372/1772 923/5373/1915 898/5374/1771
f 921/5375/1916 919/5376/1917 893/5377/1918
f 667/5378/1357 883/5379/1356 919/5380/1917
f 921/5381/1916 667/5382/1357 919/5383/1917
f 890/5384/1859 889/5385/1919 893/5386/1858
f 893/5387/1858 889/5388/1919 920/5389/1920
f 893/5390/1858 920/5391/1920 942/5392/1921
f 1818/5393/1922 893/5394/1858 942/5395/1921
f 922/5396/1923 921/5397/1916 893/5398/1918
f 922/5399/1923 893/5400/1918 1818/5401/1924
f 924/5402/1925 923/5403/1915 849/5404/1772
f 944/5405/1926 924/5406/1925 849/5407/1772
f 849/5408/1772 925/5409/1927 944/5410/1926
f 925/5411/1928 849/5412/1773 1820/5413/1929
f 1820/5414/1929 849/5415/1773 748/5416/1532
f 926/5417/1930 927/5418/1909 915/1537/1884
f 915/5419/1884 983/5420/1931 926/5421/1930
f 983/5422/1931 915/5423/1884 928/5424/1932
f 928/5425/1932 915/5426/1884 1991/5427/1933
f 915/5428/1884 1992/5429/1885 1991/5430/1933
f 929/5431/1934 870/5432/1820 939/5433/1913
f 870/5434/1820 929/5435/1934 981/5436/1935
f 998/5437/1936 870/5438/1820 981/5439/1935
f 998/5440/1936 1001/5441/1937 870/5442/1820
f 870/5443/1820 1001/5444/1937 871/5445/1821
f 930/5446/1938 966/5447/1893 931/5448/1828
f 1055/5449/1939 930/5450/1940 931/5451/1941
f 878/5452/1832 1056/5453/1942 931/5454/1825
f 1056/5455/1942 1055/5456/1943 931/5457/1825
f 986/5458/1944 934/5459/1866 932/5460/1860
f 986/5461/1944 932/5462/1860 894/5463/1945
f 986/5464/1946 933/5465/1947 934/5466/1867
f 934/5467/1867 935/5468/1948 1420/5469/1868
f 1079/5470/1949 935/5471/1948 934/5472/1867
f 933/5473/1947 1079/5474/1949 934/5475/1867
f 936/5476/1888 906/5477/1887 938/5478/1950
f 963/5479/1951 936/5480/1888 937/5481/1952
f 937/5482/1952 936/5483/1888 938/5484/1950
f 939/5485/1912 916/5486/1914 940/5487/1953
f 941/5488/1954 939/5489/1912 940/5490/1953
f 939/5491/1913 941/5492/1955 929/5493/1934
f 900/5494/1877 924/5495/1876 944/5496/1956
f 983/5497/1931 892/5498/1957 926/5499/1930
f 942/5500/1958 920/5501/1959 943/5502/1856
f 954/5503/1960 900/5504/1877 944/5505/1956
f 925/5506/1927 955/5507/1961 944/5508/1926
f 944/5509/1956 955/5510/1962 954/5511/1960
f 900/2482/1879 954/5512/1963 901/5513/1880
f 907/5514/1964 945/5515/1965 948/5516/1966
f 950/5517/1776 948/5518/1966 945/5519/1965
f 950/5520/1776 945/5521/1965 908/5522/1967
f 946/5523/1968 907/5524/1964 948/5525/1966
f 948/5526/1966 950/5527/1776 1266/5528/1969
f 946/5529/1968 948/5530/1966 937/5531/1970
f 947/5532/1971 937/5533/1970 948/2389/1966
f 948/5534/1966 1008/5535/1972 947/5536/1971
f 1008/5537/1972 948/5538/1966 949/5539/1973
f 949/5540/1973 948/5541/1966 1266/5542/1969
f 1266/5543/1969 950/5544/1776 1770/5545/1777
f 950/5546/1776 908/5547/1967 951/5548/1974
f 951/5549/1974 850/5550/1774 950/5551/1776
f 925/5552/1927 952/5553/1975 955/5554/1961
f 925/5555/1927 987/5556/1976 952/5557/1975
f 925/5558/1927 1025/5559/1977 987/5560/1976
f 1025/5561/1977 925/5562/1927 953/5563/1978
f 1145/5564/1979 953/5565/1980 925/5566/1928
f 925/5567/1928 1820/5568/1929 1145/5569/1979
f 901/5570/1981 954/5571/1960 955/5572/1962
f 952/5573/1982 901/5574/1981 955/5575/1962
f 916/5576/1910 957/5577/1911 940/5578/1983
f 958/5579/1984 957/5580/1892 966/5581/1894
f 957/5582/1911 956/5583/1985 940/5584/1983
f 957/5585/1911 981/5586/1986 956/5587/1985
f 957/5588/1911 959/5589/1987 981/5590/1986
f 958/5591/1984 959/5592/1988 957/5593/1892
f 1045/5594/1989 894/5595/1862 965/5596/1890
f 960/5597/1990 986/5598/1944 894/5599/1945
f 961/5600/1991 894/5601/1992 1045/5602/1993
f 960/5603/1990 894/5604/1945 961/5605/1994
f 965/5303/1891 963/5299/1889 962/5606/1995
f 947/5607/1996 964/5608/1997 963/5609/1951
f 963/5610/1951 964/5611/1997 1031/5612/1998
f 937/5613/1952 947/5614/1996 963/5615/1951
f 963/5610/1951 1031/5612/1998 962/5616/1999
f 1050/5617/2000 965/5303/1891 962/5606/1995
f 1045/5618/1989 965/5619/1890 1050/5620/2001
f 966/5621/1894 1003/5622/2002 958/5623/1984
f 966/5624/1894 1012/5625/2003 1003/5626/2002
f 1016/5627/2004 1012/5628/2003 966/5629/1894
f 1016/5630/2004 966/5631/1894 1053/5632/2005
f 1051/5633/2006 1053/5634/2007 966/5635/1893
f 930/5636/1938 1051/5637/2006 966/5638/1893
f 911/5639/2008 946/5640/1968 938/5641/2009
f 946/5642/1968 937/5643/1970 938/5644/2009
f 938/5645/2009 910/5646/2010 911/5647/2008
f 911/5648/2008 910/5649/2010 947/5650/1971
f 911/5651/1900 967/5652/2011 912/5653/1902
f 967/5654/2012 911/5655/2008 947/5656/1971
f 964/5657/1903 947/5658/2013 910/5659/1901
f 912/5660/1904 1031/5661/2014 964/5662/1903
f 967/5663/2011 968/5664/2015 912/5665/1902
f 912/5666/1902 968/5667/2015 969/5668/2016
f 1030/5669/2017 1031/5670/2014 912/5671/1904
f 912/5672/1902 969/5673/2016 1049/5674/2018
f 1030/5675/2019 912/5676/1902 1049/5677/2018
f 940/5678/1953 971/5679/2020 941/5680/1954
f 940/5681/2021 956/5682/2022 971/5683/2023
f 971/5684/2020 970/5685/2024 941/5686/1954
f 956/5687/2022 979/5688/2025 971/5689/2023
f 971/5690/2026 972/5691/2027 970/5692/2028
f 971/5693/2026 979/5694/2029 972/5695/2027
f 970/5696/2024 943/5697/1856 941/5698/1954
f 929/5699/2030 941/5700/2031 892/5701/2032
f 943/5702/1856 892/5703/1854 941/5704/1954
f 979/5705/2025 956/5706/2022 980/5707/2033
f 956/5708/2022 981/5709/2034 980/5710/2033
f 943/5711/1856 970/5712/2024 972/5713/2035
f 973/5714/2036 972/5715/2027 979/5716/2029
f 943/5717/1856 972/5718/2035 942/5719/1958
f 972/5720/2035 973/5721/2037 942/5722/1958
f 974/5723/2038 973/5724/2036 979/5725/2029
f 974/5726/2038 979/5727/2029 1026/5728/2039
f 979/5729/2025 980/5730/2033 982/5731/2040
f 982/5732/2040 975/5733/2041 979/5734/2025
f 975/5735/2041 977/5736/2042 979/5737/2025
f 979/5738/2029 976/5739/2043 1026/5740/2039
f 1028/5741/2044 979/5742/2025 977/5743/2042
f 1028/5744/2044 1065/5745/2045 979/5746/2025
f 979/5747/2029 1040/5748/2046 1060/5749/2047
f 1040/5750/2046 979/5751/2029 1065/5752/2048
f 978/5753/2049 976/5754/2043 979/5755/2029
f 1059/5756/2050 978/5757/2049 979/5758/2029
f 979/5759/2029 1060/5760/2047 1059/5761/2050
f 929/5762/2030 892/5763/2032 983/5764/2051
f 1010/5765/2052 929/5766/2030 983/5767/2051
f 929/5768/1934 980/5769/2053 981/5770/1935
f 929/5771/1934 982/5772/2054 980/5773/2053
f 975/5774/2055 982/5775/2054 929/5776/1934
f 975/5777/2055 929/5778/1934 1010/5779/2056
f 1010/5780/2052 983/5781/2051 1013/5782/2057
f 1013/5783/2058 983/5784/1931 1014/5785/2059
f 983/5786/1931 928/5787/1932 1014/5788/2059
f 952/5789/1982 987/5790/2060 901/5791/1981
f 987/5792/2060 984/5793/2061 901/5794/1981
f 988/5795/2062 901/5796/2063 990/5797/2064
f 984/5798/2061 990/5799/2065 901/5800/1981
f 942/5801/1958 973/5802/2037 974/5803/2066
f 985/5804/2067 942/5805/1958 974/5806/2066
f 985/5807/2068 1818/5808/1922 942/5809/1921
f 960/5810/2069 933/5811/1947 986/5812/1946
f 984/5813/2070 987/5814/1976 1025/5815/1977
f 988/5816/2062 990/5817/2064 1004/5818/2071
f 1004/5819/2071 989/5820/2072 988/5821/2062
f 988/5822/1874 989/5823/2073 902/5824/1882
f 990/5825/2065 984/5826/2061 1022/5827/2074
f 990/5828/2064 991/5829/2075 1004/5830/2071
f 990/5831/2064 1005/5832/2076 991/5833/2075
f 990/5834/2064 992/5835/2077 1005/5836/2076
f 990/5837/2064 1094/5838/2078 992/5839/2077
f 990/5840/2065 1022/5841/2074 1034/5842/2079
f 1034/5843/2079 994/5844/2080 990/5845/2065
f 993/5846/2081 990/5847/2065 994/5848/2080
f 990/5849/2082 996/5850/2083 995/5851/2084
f 990/5852/2082 995/5853/2084 1036/5854/2085
f 990/5855/2082 993/5856/2086 996/5857/2083
f 1036/5858/2085 997/5859/2087 990/5860/2082
f 990/5861/2088 997/5862/2089 1024/5863/2090
f 990/5864/2088 1024/5865/2090 1047/5866/2091
f 1094/5867/2092 990/5868/2088 1047/5869/2091
f 984/5870/2070 1025/5871/1977 1022/5872/2093
f 985/5873/2067 974/5874/2066 1026/5875/2094
f 981/5876/1935 959/5877/2095 998/5878/1936
f 959/5879/2095 958/5880/2096 998/5881/1936
f 998/5882/1936 958/5883/2096 1003/5884/2097
f 1003/5885/2097 1002/5886/2098 998/5887/1936
f 1002/5888/2098 999/5889/2099 998/5890/1936
f 999/5891/2099 1000/5892/2100 998/5893/1936
f 998/5894/1936 1000/5895/2100 1001/5896/1937
f 1002/5897/2101 1003/5898/2102 1012/5899/2103
f 1004/5900/2104 991/5901/2105 1005/5902/2106
f 992/5903/2107 1004/5904/2104 1005/5905/2106
f 1018/5906/2108 1004/5907/2104 992/5908/2107
f 1020/5909/2109 1004/5910/2110 1018/5911/2111
f 1006/5912/2112 1004/5913/2110 1020/5914/2109
f 1006/5915/2112 989/5916/2073 1004/5917/2110
f 1006/5918/2112 1007/5919/2113 902/5920/1882
f 989/5921/2073 1006/5922/2112 902/5923/1882
f 902/5924/1882 1007/5925/2113 2153/5926/1883
f 1008/5927/1972 967/5928/2012 947/5929/1971
f 968/5930/2114 967/5931/2012 1008/5887/1972
f 1010/5932/2056 999/5933/2099 975/5934/2055
f 1010/5935/2115 1013/5936/2116 1009/5937/2117
f 1010/5938/2056 1011/5939/2118 999/5940/2099
f 1010/5935/2115 1009/5937/2117 1011/5941/2119
f 1002/5942/2101 1012/5943/2103 975/5944/2120
f 999/5945/2099 1002/5946/2098 975/5947/2055
f 1012/5948/2103 977/5949/2121 975/5950/2120
f 1013/5951/2058 1014/5952/2059 1009/5953/2122
f 928/5954/1932 1015/5955/2123 1014/5956/2059
f 1009/5957/2122 1014/5958/2059 1256/5959/2124
f 1014/5960/2059 1015/5961/2123 1256/5962/2124
f 928/5963/1932 1991/5964/1933 1015/5965/2123
f 1016/5966/2125 977/5967/2121 1012/5968/2103
f 969/5969/2126 968/5970/2114 1008/5971/1972
f 1008/5972/1972 1017/5973/2127 969/5974/2126
f 1017/5975/2127 1008/5976/1972 1019/5977/2128
f 1008/5978/1972 949/5979/1973 1019/5980/2128
f 992/994/2107 1093/5981/2129 1018/5982/2108
f 1094/5983/2078 1093/5984/2130 992/5985/2077
f 1092/5986/2131 1020/5987/2132 1018/5988/2133
f 1093/5989/2129 1092/5990/2134 1018/5991/2108
f 1092/5986/2131 1017/5992/2135 1020/5987/2132
f 1019/5993/2136 1020/5994/2132 1017/5995/2135
f 1019/5996/2136 1021/5997/2137 1020/5998/2132
f 1020/5999/2109 1021/6000/2138 1006/6001/2112
f 1025/6002/1977 1023/6003/2139 1022/6004/2093
f 1023/6005/2139 1025/6006/1977 997/6007/2140
f 1025/6008/1977 1024/6009/2141 997/6010/2140
f 1024/6011/2141 1025/6012/1977 1048/6013/2142
f 1048/6014/2142 1025/6015/1977 953/6016/1978
f 1022/6017/2074 1033/6018/2143 1034/6019/2079
f 1033/6020/2144 1022/6021/2093 1023/4144/2139
f 1011/6022/2118 1253/6023/2145 999/6024/2099
f 999/6025/2099 1253/6026/2145 1000/6027/2100
f 985/6028/2067 1026/6029/2094 976/6030/2146
f 985/6031/2067 976/6032/2146 978/6033/2147
f 978/6034/2147 1027/6035/2148 985/6036/2067
f 1027/6037/2149 1185/6038/2150 985/6039/2068
f 1185/6040/2150 1818/6041/1922 985/6042/2068
f 1016/6043/2125 1028/6044/2151 977/6045/2121
f 962/6046/1999 1031/6047/1998 1029/6048/2152
f 1030/6049/2017 1029/6050/2153 1031/6051/2014
f 1050/5617/2000 962/5606/1995 1032/6052/2154
f 962/6046/1999 1029/6048/2152 1032/6053/2155
f 1033/6054/2143 1023/6055/2156 1034/6056/2079
f 1034/6057/2079 1023/6058/2156 995/6059/2157
f 995/6060/2158 994/6061/2159 1034/6062/2160
f 1023/6063/2156 1035/6064/2161 995/6065/2157
f 997/6066/2140 1036/6067/2162 1023/6068/2139
f 1035/6069/2163 1023/6070/2139 1036/6071/2162
f 995/6072/2158 996/6073/2164 994/6074/2159
f 993/6075/2165 994/6076/2159 996/6077/2164
f 995/6078/2084 1035/6079/2166 1036/6080/2085
f 1054/6081/2167 1028/6082/2151 1016/6083/2125
f 1054/6084/2168 1016/6085/2004 1053/6086/2005
f 1083/6087/2169 1065/6088/2045 1028/6089/2044
f 1054/6081/2167 1083/6090/2170 1028/6082/2151
f 1037/6091/2171 1040/6092/2172 1038/6093/2173
f 1037/6094/2174 1060/6095/2047 1040/6096/2046
f 1037/6097/2175 1038/6098/2176 1043/6099/2177
f 1037/6100/2175 1043/6101/2177 1039/6102/2178
f 1060/6103/2179 1037/6104/2175 1039/6105/2178
f 1043/6106/2180 1038/6107/2181 1040/6108/2182
f 1042/6109/2183 1043/6110/2180 1040/6111/2182
f 1039/6112/2184 1040/6113/2046 1065/6114/2048
f 1040/2876/2185 1039/6115/2186 1041/6116/2187
f 1040/6117/2185 1041/6118/2187 1042/6119/2188
f 1043/6120/2177 1041/6121/2189 1039/6122/2178
f 1041/6123/2189 1043/6124/2177 1042/6125/2190
f 1086/6126/2191 961/6127/1994 1045/6128/2192
f 1045/6129/2193 1050/6130/2194 1030/6131/2195
f 1030/6132/2195 1088/6133/2196 1045/6134/2193
f 1045/6135/2193 1085/6136/2197 1086/6137/2198
f 1088/6138/2196 1095/6139/2199 1045/6140/2193
f 1085/6141/2197 1045/6142/2193 1044/6143/2200
f 1044/6144/2200 1045/6145/2193 1095/6146/2199
f 1086/6147/2191 960/6148/1990 961/6149/1994
f 1086/6150/2201 933/6151/1947 960/6152/2069
f 1024/6153/2090 1046/6154/2202 1047/6155/2091
f 1024/6156/2141 1048/6157/2142 1046/6158/2203
f 1048/6159/2142 1047/6160/2204 1046/6161/2203
f 1048/6162/2142 1072/6163/2205 1047/6164/2204
f 1087/6165/2206 1047/6166/2204 1072/6167/2205
f 1047/6168/2091 1087/6169/2207 1094/6170/2092
f 1049/6171/2208 969/6172/2126 1017/6173/2127
f 1084/6174/2209 1030/6131/2195 1050/6130/2194
f 1050/6175/2000 1032/6176/2154 1084/6177/2210
f 1189/6178/2211 1053/6179/2007 1051/6180/2006
f 1052/6181/2212 1053/6182/2213 1065/6183/2214
f 1065/6184/2214 1053/6185/2213 1189/6186/2215
f 1052/6187/2216 1054/6188/2168 1053/6189/2005
f 1051/6190/2006 930/6191/1938 1055/6192/2217
f 3540/6193/2218 1189/6194/2211 1051/6195/2006
f 1057/6196/2219 1051/6197/2006 1056/6198/1942
f 1057/6199/2219 3540/6200/2218 1051/6201/2006
f 1056/6202/1942 1051/6203/2006 1055/6204/1943
f 1030/6205/2019 1049/6206/2018 1088/6207/2220
f 1088/6208/2221 1049/6209/2208 1017/6210/2127
f 1030/6049/2017 1058/6211/2222 1029/6050/2153
f 1084/6174/2209 1058/6212/2223 1030/6131/2195
f 1027/6213/2148 978/6214/2147 1059/6215/2224
f 1059/6216/2224 1060/6217/2179 1061/6218/2225
f 1027/6219/2148 1059/6220/2224 1080/6221/2226
f 1061/6222/2225 1080/6223/2226 1059/6224/2224
f 1039/6225/2178 1061/6226/2225 1060/6227/2179
f 1061/6228/2227 1039/6229/2184 1065/6230/2048
f 1065/6231/2048 1063/6232/2228 1061/6233/2227
f 1062/6234/2229 1065/6235/2045 1083/6236/2169
f 1064/6237/2230 1063/6238/2231 1065/6239/2214
f 1052/6240/2212 1065/6241/2214 1062/6242/2232
f 1064/6243/2230 1065/6244/2214 1189/6245/2215
f 1066/6246/2233 1070/6247/2234 1069/6248/2235
f 1066/6249/2233 1077/6250/2236 1070/6251/2234
f 1068/6252/2237 1066/6253/2233 1069/6254/2235
f 1067/6255/2238 1077/6256/2236 1066/6257/2233
f 1142/6258/2239 1066/6259/2233 1068/6260/2237
f 1142/6261/2239 1067/6262/2238 1066/6263/2233
f 1074/6264/2240 1069/6265/2241 1070/6266/2242
f 1070/6267/2234 1075/6268/2243 1074/6269/2244
f 1077/6270/2236 1071/6271/2245 1070/6272/2234
f 1070/6273/2234 1071/6274/2245 1075/6275/2243
f 1069/6276/2246 1074/6277/2244 1076/6278/2247
f 1069/6279/2248 1096/6280/2249 1072/6281/2250
f 1069/6282/2248 1072/6283/2250 1073/6284/2251
f 1069/6285/2248 1187/6286/2252 1096/6287/2249
f 1069/6288/2248 1073/6289/2251 1068/6290/2253
f 1069/6291/2246 1076/6292/2247 1187/6293/2254
f 1074/6294/2244 1075/6295/2243 1076/6296/2247
f 1071/6297/2245 1077/6298/2236 1416/6299/2255
f 1067/6300/2238 1078/6301/2256 1077/6302/2236
f 1077/6303/2236 1078/6304/2256 1416/6305/2255
f 1075/6306/2243 1071/6307/2245 935/6308/1948
f 1071/6309/2245 1416/6310/2255 1418/6311/2257
f 1071/6312/2245 1418/6313/2258 1420/6314/2259
f 935/6315/1948 1071/6316/2245 1420/6317/2259
f 1076/6318/2247 1075/6319/2243 1079/6320/1949
f 1079/6321/1949 1075/6322/2243 935/6323/1948
f 1017/6324/2127 1092/6325/2260 1088/6326/2221
f 1082/6327/2261 1027/6328/2148 1080/6329/2226
f 1183/6330/2262 1081/6331/2263 1027/6332/2149
f 1183/6333/2262 1027/6334/2149 1082/6335/2264
f 1081/6336/2263 1185/6337/2150 1027/6338/2149
f 1080/6339/2226 1061/6340/2225 1063/6341/2265
f 1064/6342/2266 1080/6343/2226 1063/6344/2265
f 1182/6345/2267 1082/6346/2268 1080/6347/2269
f 1182/6348/2267 1080/6349/2269 1191/6350/2270
f 1191/6351/2270 1080/6352/2269 1064/6353/2271
f 1052/6354/2272 1083/6355/2170 1054/6082/2167
f 1052/6354/2272 1062/6356/2273 1083/6355/2170
f 1048/6357/2142 953/6358/1978 1072/6359/2205
f 1032/6360/2155 1029/6361/2152 1058/6362/2274
f 1032/6360/2155 1058/6362/2274 1084/6363/2275
f 3547/6364/2276 1086/6365/2277 1085/6366/2278
f 933/6367/2279 1086/6368/2280 3547/6369/2281
f 1087/6370/2206 1072/6371/2205 1090/6372/2282
f 1094/6373/2283 1087/6374/2284 1090/6375/2285
f 1072/6376/2205 1096/6377/2286 1090/6378/2282
f 1073/6379/2287 1072/6380/2288 1143/6381/2289
f 1143/6382/2289 1072/6383/2288 953/6384/1980
f 1088/4642/2196 1092/6385/2290 1095/6386/2199
f 1090/6387/2282 1096/6388/2286 1091/6389/2291
f 2159/6390/2292 1089/6391/2292 1090/6392/2292
f 1090/6062/2282 1091/6393/2291 2159/6394/2293
f 2159/6395/2294 1094/6396/2283 1090/6397/2285
f 1093/6398/2295 1094/6399/2296 1092/6385/2290
f 1187/6400/2252 1095/836/2297 1096/6401/2249
f 1095/6402/2298 2159/6403/2299 1096/6404/2300
f 2159/6405/2301 1091/6406/2302 1096/6407/2303
f 1099/6408/2304 1102/6409/2305 1103/6410/2306
f 1099/6411/2304 1098/6412/2307 1102/6413/2305
f 1099/6408/2304 1103/6410/2306 1108/6414/2308
f 1099/6415/2304 1097/6416/2309 1098/6417/2307
f 1099/6418/2310 1108/6419/2311 1100/6420/2312
f 1097/6421/2313 1099/6422/2310 1101/6423/2314
f 1099/6418/2310 1100/6420/2312 1101/6424/2314
f 1102/6425/2315 1105/6426/2316 1103/6427/2317
f 1104/6428/2318 1105/6429/2316 1102/6430/2315
f 1098/6431/2319 1104/6432/2318 1102/6433/2315
f 1103/6434/2317 1105/6435/2316 1106/6436/2320
f 1108/6437/2308 1103/6438/2306 1106/6439/2321
f 1104/6440/2318 1165/6441/2322 1105/6442/2316
f 1105/6443/2316 1166/6444/2323 1106/6445/2320
f 1105/6446/2316 1165/6447/2322 1166/6448/2323
f 1098/6449/2319 1157/6450/2324 1104/6451/2318
f 1154/6452/2325 1098/6453/2307 1097/6454/2309
f 1154/6455/2325 1107/6456/2326 1098/6457/2307
f 1107/6458/2327 1156/6459/2328 1098/6460/2319
f 1098/6461/2319 1156/6462/2328 1157/6463/2324
f 1157/6464/2324 1165/6465/2322 1104/6466/2318
f 1108/6467/2308 1106/6468/2321 1159/6469/2329
f 1108/6470/2311 1159/6471/2330 1100/6472/2312
f 1160/6473/2331 1159/6474/2329 1106/6475/2321
f 1160/6476/2331 1106/6477/2321 1162/6478/2332
f 1106/6479/2320 1109/6480/2333 1162/6481/2334
f 1106/6482/2320 1166/6483/2323 1109/6484/2333
f 1112/6485/2335 1111/6486/2336 1110/6487/2337
f 1112/6488/2335 1115/6489/2338 1111/6490/2336
f 1112/6491/2335 1110/6492/2337 1118/6493/2339
f 1112/6494/2335 1167/6495/2340 1115/6496/2338
f 1112/6497/2341 1118/6498/2342 1134/6499/2343
f 1167/6500/2344 1112/6501/2341 1232/6502/2345
f 1112/6503/2341 1134/6504/2343 1232/6505/2345
f 1111/6506/2346 1113/6507/2347 1110/6508/2348
f 1117/6509/2349 1113/6510/2347 1111/6511/2346
f 1115/6512/2350 1117/6513/2349 1111/6514/2346
f 1110/6515/2348 1113/6516/2347 1119/6517/2351
f 1118/6518/2339 1110/6519/2337 1119/6520/2352
f 1117/6521/2349 1960/6522/2353 1113/6523/2347
f 1113/6524/2347 1136/6525/2354 1119/6526/2351
f 1113/6527/2347 1960/6528/2353 1136/6529/2354
f 1115/6530/2350 1170/6531/2355 1117/6532/2349
f 1114/6533/2356 1168/6534/2357 1115/6535/2338
f 1114/6536/2356 1115/6537/2338 1167/6538/2340
f 1168/6539/2358 1116/6540/2359 1115/6541/2350
f 1115/6542/2350 1116/6543/2359 1170/6544/2355
f 1117/6545/2349 1170/6546/2355 1960/6547/2353
f 1118/6548/2339 1119/6549/2352 1120/6550/2360
f 1118/6551/2342 1120/6552/2361 1134/6553/2343
f 1131/6554/2362 1119/6555/2352 1132/6556/2363
f 1131/6557/2362 1120/6558/2360 1119/6559/2352
f 1119/6560/2351 1133/6561/2364 1132/6562/2365
f 1119/6563/2351 1137/6564/2366 1133/6565/2364
f 1136/6566/2354 1137/6567/2366 1119/6568/2351
f 1123/6569/2367 1121/6570/2368 1125/6571/2369
f 1123/6572/2367 1141/6573/2370 1121/6574/2368
f 1123/6575/2367 1125/6576/2369 1122/6577/2371
f 1122/6578/2372 1235/6579/2373 1123/6580/2374
f 1123/6581/2367 1142/6582/2375 1141/6583/2370
f 1123/6584/2374 1242/6585/2376 1142/6586/2239
f 1123/6587/2374 1235/6588/2373 1242/6589/2376
f 1125/6590/2377 1121/6591/2378 1126/6592/2379
f 1121/6593/2378 1124/6594/2380 1126/6595/2379
f 1121/6596/2378 1141/6597/2381 1124/6598/2380
f 1128/6599/2382 1125/6600/2377 1126/6601/2379
f 1122/6602/2371 1125/6603/2369 1128/6604/2383
f 1128/6605/2382 1126/6606/2379 1179/6607/2384
f 1126/6608/2379 1124/6609/2380 1180/6610/2385
f 1126/6611/2379 1180/6612/2385 1179/6613/2384
f 1122/6614/2371 1128/6615/2383 1127/6616/2386
f 1127/6617/2387 1235/6618/2373 1122/6619/2372
f 1172/6620/2388 1128/6621/2383 1174/6622/2389
f 1172/6623/2388 1127/6454/2386 1128/6624/2383
f 1174/6625/2390 1128/6626/2382 1129/6627/2391
f 1128/6628/2382 1179/6629/2384 1129/6630/2391
f 1131/6631/2362 1132/6632/2363 1130/6633/2392
f 1120/6634/2361 1131/6635/2393 1135/6636/2394
f 1131/6637/2362 1130/6638/2392 1147/6639/2395
f 1131/6640/2393 1147/6641/2396 1238/6642/2397
f 1131/6643/2393 1238/6644/2397 1135/6645/2394
f 1133/6646/2364 1139/6647/2398 1132/6648/2365
f 1132/6649/2365 1139/6650/2398 1130/6651/2399
f 1137/6652/2366 1186/6653/2400 1133/6654/2364
f 1133/6655/2364 1186/6656/2400 1139/6657/2398
f 1134/6658/2343 1120/6659/2361 1234/6660/2401
f 1120/6661/2361 1135/6662/2394 1240/6663/2402
f 1234/6664/2401 1120/6665/2361 1240/6666/2402
f 1136/6667/2354 1837/6668/2403 1137/6669/2366
f 1136/6670/2354 1961/6671/2404 1837/6672/2403
f 1960/6673/2353 1961/6674/2404 1136/6675/2354
f 1137/6676/2366 1138/6677/2405 1186/6678/2400
f 1137/6679/2366 1837/6680/2403 1138/6681/2405
f 1130/6682/2399 1139/6683/2398 1150/6684/2406
f 1147/6685/2395 1130/6686/2392 1150/6687/2407
f 1139/6688/2398 1151/6689/2408 1150/6690/2406
f 1139/6691/2398 1186/6692/2400 1151/6693/2408
f 1124/6694/2380 1141/6695/2381 1140/6696/2409
f 1068/6697/2253 1073/6698/2251 1141/6699/2370
f 1068/6700/2253 1141/6701/2370 1142/6702/2375
f 1141/6703/2381 1073/6704/2287 1143/6705/2289
f 1141/6706/2381 1143/6707/2289 1144/6708/2410
f 1140/6709/2409 1141/6710/2381 1144/6711/2410
f 1180/6712/2385 1124/6713/2380 1140/6714/2409
f 1144/6715/2410 1143/6716/2289 1145/6717/1979
f 1143/6718/2289 953/6719/1980 1145/6720/1979
f 1242/6721/2376 1241/6722/2411 1142/6723/2239
f 1241/6724/2411 1067/6725/2238 1142/6726/2239
f 1140/6727/2409 1144/6728/2410 1146/6729/2412
f 1144/6730/2410 1145/6731/1979 1819/6732/2413
f 1144/6733/2410 1819/6734/2413 1146/6735/2412
f 1140/6736/2409 1146/6737/2412 1849/6738/2414
f 1180/6739/2385 1140/6740/2409 1849/6741/2414
f 1147/6742/2395 1150/6743/2407 1149/6744/2415
f 1147/6745/2396 1149/6746/2416 1238/6747/2397
f 1148/6748/2417 1150/6749/2407 1183/6750/2418
f 1148/6751/2417 1149/6752/2415 1150/6753/2407
f 1150/6754/2406 1081/6755/2263 1183/6756/2262
f 1150/6757/2406 1151/6758/2408 1081/6759/2263
f 1154/6760/2419 1097/6761/2313 1153/6762/2420
f 1097/6763/2313 1101/6764/2314 1152/6765/2421
f 1097/6715/2313 1152/6766/2421 1153/6767/2420
f 1198/6768/2422 1107/6769/2326 1154/6770/2325
f 1154/6771/2419 1153/6772/2420 1199/6773/2423
f 1198/6774/2424 1154/6775/2419 1199/6776/2423
f 1107/6777/2327 1155/6778/2425 1156/6779/2328
f 1198/6768/2422 1205/6780/2426 1107/6769/2326
f 1205/6781/2427 1155/6782/2425 1107/6783/2327
f 1156/6784/2328 1158/6785/2428 1157/6786/2324
f 1155/6787/2425 1899/6788/2429 1156/6789/2328
f 1156/6790/2328 1899/6791/2429 1158/6792/2428
f 1157/6793/2324 1158/6794/2428 1912/6795/2430
f 1157/6796/2324 1912/6797/2430 1165/6798/2322
f 1159/6799/2330 1160/6800/2431 1161/6801/2432
f 1100/6802/2312 1159/6803/2330 1196/6804/2433
f 1159/6805/2330 1161/6806/2432 1196/6807/2433
f 1200/6808/2434 1160/6809/2331 1162/6810/2332
f 1161/6811/2432 1160/6812/2431 1201/6813/2435
f 1160/6814/2431 1200/6815/2436 1201/6816/2435
f 1109/6817/2333 1163/6818/2437 1162/6819/2334
f 1200/6808/2434 1162/6810/2332 1164/6820/2438
f 1162/6821/2334 1163/6822/2437 1164/6823/2439
f 1166/6824/2323 1925/6825/2440 1109/6826/2333
f 1109/6827/2333 1934/6828/2441 1163/6829/2437
f 1109/6830/2333 1925/6831/2440 1934/6832/2441
f 1165/6833/2322 1922/6834/2442 1166/6835/2323
f 1166/6836/2323 1922/6837/2442 1925/6790/2440
f 1207/6838/2443 1168/6839/2357 1114/6840/2356
f 1114/6841/2444 1167/6842/2344 1219/6843/2445
f 1207/6844/2446 1114/6845/2444 1218/6846/2447
f 1114/6847/2444 1219/6848/2445 1218/6849/2447
f 1168/6850/2358 1215/6851/2448 1116/6852/2359
f 1207/6838/2443 1169/6853/2449 1168/6839/2357
f 1169/6854/2450 1215/6855/2448 1168/6856/2358
f 1219/6857/2445 1167/6858/2344 1227/6859/2451
f 1167/6860/2344 1232/6861/2345 1227/6862/2451
f 1116/6863/2359 1957/6864/2452 1170/6865/2355
f 1215/6866/2448 1947/6867/2453 1116/6868/2359
f 1116/6869/2359 1947/6870/2453 1957/6871/2452
f 1170/6872/2355 1957/6873/2452 1171/6874/2454
f 1170/6875/2355 1171/6876/2454 1960/6877/2353
f 1216/6878/2455 1172/6879/2388 1174/6880/2389
f 1172/6881/2456 1176/6882/2457 1127/6883/2387
f 1216/6884/2458 1225/6885/2459 1172/6886/2456
f 1172/6887/2456 1225/6888/2459 1176/6889/2457
f 1174/6890/2390 1129/6891/2391 1175/6892/2460
f 1216/6878/2455 1174/6880/2389 1173/6893/2461
f 1173/6894/2462 1174/6895/2390 1175/6896/2460
f 1127/6897/2387 1176/6898/2457 1177/6899/2463
f 1127/6900/2387 1177/6901/2463 1235/6902/2373
f 1129/6903/2391 1179/6904/2384 1859/6905/2464
f 1175/6906/2460 1129/6907/2391 1178/6908/2465
f 1129/6909/2391 1859/6910/2464 1178/6911/2465
f 1179/6912/2384 1180/6913/2385 1853/6914/2466
f 1179/6915/2384 1853/6916/2466 1859/6917/2464
f 1182/6918/2267 1148/6919/2417 1183/6920/2418
f 1149/6921/2416 1148/6922/2467 1181/6923/2468
f 1148/6924/2467 1182/6925/2469 1248/6926/2470
f 1148/6927/2467 1248/6928/2470 1181/6929/2468
f 1182/6930/2267 1183/6931/2418 1082/6932/2268
f 1151/6933/2408 1185/6934/2150 1081/6935/2263
f 1238/6936/2397 1149/6937/2416 1244/6938/2471
f 1149/6939/2416 1181/6940/2468 1244/6941/2471
f 1184/6942/2472 1818/6943/1924 1151/6944/2408
f 1151/6945/2408 1818/6946/1924 1185/6947/2150
f 1186/6948/2400 1184/6949/2472 1151/6950/2408
f 1182/6951/2473 1191/6952/2474 1248/6953/2475
f 933/6954/1947 1187/6955/2476 1076/6956/2247
f 3547/6957/2477 1095/6958/2297 1187/6959/2252
f 1187/6960/2252 933/6961/2478 3547/6962/2477
f 1189/6963/2215 3542/6964/2479 1064/6965/2230
f 1191/6966/2270 1064/6967/2271 1188/6968/2480
f 1190/6969/2481 1064/6970/2482 3542/6971/2483
f 1188/6972/2480 1064/6973/2271 1190/6974/2484
f 1190/6975/2485 3542/6976/2486 1189/6977/2487
f 1189/6978/2487 1188/6979/2488 1190/6980/2485
f 1188/6981/2489 1189/6982/2490 3540/6983/2491
f 1248/6984/2475 1191/6985/2474 1056/6986/2492
f 1191/6987/2474 1249/6988/2493 1057/6989/2494
f 1188/6990/2480 1249/6991/2495 1191/6992/2270
f 1191/6993/2474 1057/6994/2494 1056/6995/2492
f 1095/6386/2199 1092/6385/2290 1089/6996/2496
f 1092/6385/2290 2159/6997/2497 1089/6996/2496
f 2159/6997/2497 1092/6385/2290 1094/6399/2296
f 1101/6998/2314 1100/6999/2312 1193/7000/2498
f 1100/7001/2312 1196/7002/2433 1193/7003/2498
f 1152/7004/2421 1101/7005/2314 1193/7006/2498
f 1153/7007/2420 1152/7008/2421 1516/7009/2499
f 1199/7010/2423 1153/7011/2420 1192/7012/2500
f 1153/7013/2420 1516/7014/2499 1192/7015/2500
f 1152/7016/2421 1194/7017/2501 1516/7018/2499
f 1152/7019/2421 1193/7020/2498 1194/7021/2501
f 1196/7022/2433 1161/7023/2432 1195/7024/2502
f 1161/7025/2432 1201/7026/2435 1203/7027/2503
f 1161/7028/2432 1203/7029/2503 1195/7030/2502
f 1193/7031/2498 1196/7032/2433 1525/7033/2504
f 1196/7034/2433 1195/7035/2502 1525/7036/2504
f 1198/7037/2424 1199/7038/2423 1211/7039/2505
f 1197/7040/2506 1205/6780/2426 1198/6768/2422
f 1197/7041/2507 1198/7042/2424 1211/7043/2505
f 1211/7044/2505 1199/7045/2423 1504/7046/2508
f 1199/7047/2423 1192/7048/2500 1504/7049/2508
f 1201/7050/2435 1200/7051/2436 1212/7052/2509
f 1207/7053/2443 1200/6808/2434 1164/6820/2438
f 1200/7054/2436 1207/7055/2446 1212/7056/2509
f 1201/7057/2435 1212/7058/2509 1202/7059/2510
f 1201/7060/2435 1202/7061/2510 1203/7062/2503
f 1205/7063/2427 1204/7064/2511 1155/7065/2425
f 1197/7040/2506 1213/7066/2512 1205/6780/2426
f 1213/7067/2513 1204/7068/2511 1205/7069/2427
f 1204/7070/2511 1206/7071/2514 1155/7072/2425
f 1155/7073/2425 1206/7074/2514 1899/7075/2429
f 1163/7076/2437 1208/7077/2515 1164/7078/2439
f 1207/7079/2443 1164/7080/2438 1169/7081/2449
f 1164/7082/2439 1208/7083/2515 1169/7084/2450
f 1163/7085/2437 1209/7086/2516 1208/6796/2515
f 1163/7087/2437 1934/7088/2441 1209/7089/2516
f 1210/7090/2517 1197/7091/2507 1211/7092/2505
f 1217/7093/2518 1213/7066/2512 1197/7040/2506
f 1217/7094/2519 1197/7095/2507 1210/7096/2517
f 1210/7097/2517 1211/7098/2505 1498/7099/2520
f 1211/7100/2505 1504/7101/2508 1498/7102/2520
f 1212/7103/2509 1207/7104/2446 1218/7105/2447
f 1212/7106/2509 1218/7107/2447 1221/7108/2521
f 1212/7109/2509 1221/7110/2521 1202/7111/2510
f 1214/7112/2522 1204/7113/2511 1213/7114/2513
f 1217/7093/2518 1223/7115/2523 1213/7066/2512
f 1223/7116/2524 1214/7117/2522 1213/7118/2513
f 1214/7119/2522 1876/7120/2525 1204/7121/2511
f 1204/7122/2511 1876/7123/2525 1206/7124/2514
f 1208/7125/2515 1215/7126/2448 1169/7127/2450
f 1208/7128/2515 1942/7129/2526 1215/7130/2448
f 1209/7131/2516 1942/7132/2526 1208/7133/2515
f 1217/7134/2519 1210/7135/2517 1226/7136/2527
f 1217/7093/2518 1173/6893/2461 1223/7115/2523
f 1217/7093/2518 1216/6878/2455 1173/6893/2461
f 1216/7137/2458 1217/7138/2519 1226/7139/2527
f 1226/7140/2527 1210/7141/2517 1491/7142/2528
f 1210/7143/2517 1498/7144/2520 1491/7145/2528
f 1218/7146/2447 1219/7147/2445 1220/7148/2529
f 1218/7149/2447 1220/7150/2529 1221/7151/2521
f 1223/7152/2524 1222/7153/2530 1214/7154/2522
f 1173/7155/2462 1222/7156/2530 1223/7157/2524
f 1222/7158/2530 1224/7159/2531 1214/7160/2522
f 1214/7161/2522 1224/7162/2531 1876/7163/2525
f 1215/7164/2448 1942/7165/2526 1947/7166/2453
f 1175/7167/2460 1222/7168/2530 1173/7169/2462
f 1225/7170/2459 1216/7171/2458 1226/7172/2527
f 1225/7173/2459 1226/7174/2527 1231/7175/2532
f 1226/7176/2527 1491/7177/2528 1231/7178/2532
f 1219/7179/2445 1227/7180/2451 1228/7181/2533
f 1219/7182/2445 1228/7183/2533 1220/7184/2529
f 1175/7185/2460 1229/7186/2534 1222/7187/2530
f 1222/7188/2530 1229/7189/2534 1224/7190/2531
f 1225/7191/2459 1230/7192/2535 1176/7193/2457
f 1225/7194/2459 1231/7195/2532 1230/7196/2535
f 1232/7197/2345 1568/7198/2536 1227/7199/2451
f 1232/7200/2345 1134/7201/2343 1568/7202/2536
f 1227/7203/2451 1233/7204/2537 1228/7205/2533
f 1227/7206/2451 1568/7207/2536 1233/7208/2537
f 1175/7209/2460 1178/7210/2465 1229/7211/2534
f 1176/7212/2457 1472/7213/2538 1177/7214/2463
f 1176/7215/2457 1230/7216/2535 1472/7217/2538
f 1134/7218/2343 1234/7219/2401 1568/7220/2536
f 1235/7221/2373 1177/7222/2463 1237/7223/2539
f 1235/7224/2373 1237/7225/2539 1242/7226/2376
f 1177/7227/2463 1236/7228/2540 1237/7229/2539
f 1177/7230/2463 1472/7231/2538 1236/7232/2540
f 1240/7233/2402 1135/7234/2394 1247/7235/2541
f 1135/7236/2394 1238/7237/2397 1247/7238/2541
f 1234/7239/2401 1240/7240/2402 1409/7241/2542
f 1234/7242/2401 1409/7243/2542 1239/7244/2543
f 1568/7245/2536 1234/7022/2401 1239/7246/2543
f 1240/7247/2402 1247/7248/2541 1411/7249/2544
f 1240/7250/2402 1411/7251/2544 1409/7252/2542
f 1237/7253/2539 1241/7254/2411 1242/7255/2376
f 1238/7256/2397 1244/7257/2471 1247/7258/2541
f 1241/7259/2411 1243/7260/2545 1067/7261/2238
f 1067/7262/2238 1243/7263/2545 1078/7264/2256
f 1241/7265/2411 1462/7266/2546 1243/7267/2545
f 1237/7268/2539 1462/7269/2546 1241/7270/2411
f 1244/7271/2471 1181/7272/2468 1245/7273/2547
f 1181/7274/2468 1248/7275/2470 1245/7276/2547
f 1412/7277/2548 1244/7278/2471 1246/7279/2549
f 1244/7280/2471 1245/7281/2547 1246/7282/2549
f 1247/7283/2541 1244/7284/2471 1412/7285/2548
f 1414/7286/2550 1248/7287/2475 1056/7288/2492
f 1248/7289/2470 1414/7290/2551 1245/7291/2547
f 933/7292/1947 1076/7293/2247 1079/7294/1949
f 1249/7295/2552 3540/7296/2218 1057/7297/2219
f 3540/7298/2553 1249/7299/2495 1188/7300/2480
f 1414/7301/2550 1056/7302/2492 1413/7303/2554
f 1413/7304/2554 1056/7305/2492 878/7306/1834
f 1254/7307/2555 1011/7308/2119 1009/7309/2117
f 1254/7310/2555 1009/7311/2117 1251/7312/2556
f 1009/7313/2122 1256/7314/2124 1251/7315/2557
f 1011/7316/2118 1254/7317/2558 1253/7318/2145
f 1250/7319/2559 1021/5997/2137 1019/5996/2136
f 1019/7320/2128 949/7321/1973 1250/7322/2560
f 1021/7323/2138 1007/7324/2113 1006/7325/2112
f 1250/7319/2559 1258/7326/2561 1021/5997/2137
f 1021/7327/2138 1258/7328/2562 1007/7329/2113
f 1255/7330/2563 1254/7331/2555 1251/7332/2556
f 1254/7333/2558 1252/7334/2564 1253/7335/2145
f 1254/7336/2558 1255/7337/2565 1252/7338/2564
f 1251/7339/2557 1256/7340/2124 1264/7341/2566
f 1255/7342/2563 1251/7343/2556 1263/7344/2567
f 1251/7345/2557 1264/7346/2566 1263/7347/2568
f 1256/7348/2124 1994/7349/2569 1264/7350/2566
f 1256/7351/2124 1015/7352/2123 1994/7353/2569
f 1253/7354/2145 1252/7355/2564 1268/7356/2570
f 1253/7357/2145 1268/7358/2570 1000/7359/2100
f 1257/7360/2571 1258/7326/2561 1250/7319/2559
f 949/7361/1973 1276/7362/2572 1250/7363/2560
f 1250/7364/2560 1276/7365/2572 1257/7366/2573
f 1007/7367/2113 1258/7368/2562 1260/7369/2574
f 1257/7360/2571 1259/7370/2575 1258/7326/2561
f 1258/7371/2562 1259/7372/2576 1260/7373/2574
f 1007/7374/2113 1260/7375/2574 2153/7376/1883
f 1262/7377/2577 1255/7378/2563 1263/7379/2567
f 1252/7380/2564 1255/7381/2565 1261/7382/2578
f 1255/7383/2565 1262/7384/2579 1261/7385/2578
f 1264/7386/2566 1265/7387/2580 1263/7388/2568
f 1262/7389/2577 1263/7390/2567 1272/7391/2581
f 1263/7392/2568 1265/7393/2580 1272/7394/2582
f 1264/7395/2566 1274/7396/2583 1265/7397/2580
f 1264/7398/2566 1994/7399/2569 1274/7400/2583
f 949/7401/1973 1266/7402/1969 1276/7403/2572
f 1252/7404/2564 1261/7405/2578 1267/7406/2584
f 1252/7407/2564 1267/7408/2584 1268/7409/2570
f 1279/7410/2585 1259/7370/2575 1257/7360/2571
f 1257/7411/2573 1276/7412/2572 1275/7413/2586
f 1257/7414/2573 1275/7415/2586 1279/7416/2587
f 1259/7417/2576 1270/7418/2588 1260/7419/2574
f 1279/7410/2585 1269/7420/2589 1259/7370/2575
f 1259/7421/2576 1269/7422/2590 1270/7423/2588
f 1260/7424/2574 1270/7425/2588 1280/7426/2591
f 1260/7427/2574 1280/7428/2591 2153/7429/1883
f 1271/7430/2592 1262/7389/2577 1272/7391/2581
f 1261/7431/2578 1262/7432/2579 1285/7433/2593
f 1262/7434/2579 1271/7435/2594 1285/7436/2593
f 1265/7437/2580 1283/7438/2595 1272/7439/2582
f 1271/7440/2592 1272/7441/2581 1273/7442/2596
f 1272/7443/2582 1283/7444/2595 1273/7445/2597
f 1265/7446/2580 2008/7447/2598 1283/7448/2595
f 1265/7449/2580 1274/7450/2583 2008/7451/2598
f 1276/7452/2572 1771/7453/2599 1275/7454/2586
f 1276/7455/2572 1266/7456/1969 1771/7457/2599
f 1261/7458/2578 1285/7459/2593 1620/7460/2600
f 1261/7461/2578 1620/7462/2600 1267/7463/2584
f 1279/7410/2585 1277/7464/2601 1269/7420/2589
f 1275/7465/2586 1278/7466/2602 1279/7467/2587
f 1279/7410/2585 1292/7468/2603 1277/7464/2601
f 1279/7469/2587 1278/7470/2602 1292/7471/2604
f 1270/7472/2588 1269/7473/2590 1287/7474/2605
f 1269/7475/2590 1277/7476/2606 1287/7477/2605
f 1270/7478/2588 1287/7479/2605 1288/7480/2607
f 1270/7481/2588 1288/7482/2607 1280/7483/2591
f 1281/7484/2608 1271/7485/2592 1273/7486/2596
f 1271/7487/2594 1293/7488/2609 1285/7489/2593
f 1271/7490/2594 1281/7491/2610 1293/7492/2609
f 1273/7493/2597 1283/7494/2595 1291/7495/2611
f 1281/7484/2608 1273/7486/2596 1282/7496/2612
f 1273/7497/2597 1291/7498/2611 1282/7499/2613
f 1283/7500/2595 1284/7501/2614 1291/7502/2611
f 1283/7503/2595 2008/7504/2598 1284/7505/2614
f 1275/7506/2586 1757/7507/2615 1278/7508/2602
f 1275/7509/2586 1771/7510/2599 1757/7511/2615
f 1285/7512/2593 1293/7513/2609 1286/7514/2616
f 1285/7515/2593 1286/7516/2616 1620/7517/2600
f 1277/7518/2606 1294/7519/2617 1287/7520/2605
f 1292/7468/2603 1295/7521/2618 1277/7464/2601
f 1277/7522/2606 1295/7523/2619 1294/7524/2617
f 1287/7500/2605 1294/7525/2617 2142/7526/2620
f 1287/7527/2605 2142/7528/2620 1288/7529/2607
f 1289/7530/2621 1281/7484/2608 1282/7496/2612
f 1293/7531/2609 1281/7532/2610 1300/7533/2622
f 1281/7534/2610 1289/7535/2623 1300/7536/2622
f 1291/7537/2611 1290/7538/2624 1282/7539/2613
f 1289/7530/2621 1282/7496/2612 1297/7540/2625
f 1282/7541/2613 1290/7542/2624 1297/7543/2626
f 1291/7544/2611 2024/7545/2627 1290/7546/2624
f 1291/7547/2611 1284/7548/2614 2024/7549/2627
f 1292/7550/2604 1278/7551/2602 1299/7552/2628
f 1292/7468/2603 1298/7553/2629 1295/7521/2618
f 1292/7554/2604 1299/7555/2628 1298/7556/2630
f 1278/7557/2602 1758/7558/2631 1299/7559/2628
f 1278/7560/2602 1757/7561/2615 1758/7562/2631
f 1293/7563/2609 1300/7564/2622 1638/7565/2632
f 1293/7566/2609 1638/7567/2632 1286/7568/2616
f 1294/7569/2617 1295/7570/2619 1296/7571/2633
f 1298/7553/2629 1301/7572/2634 1295/7521/2618
f 1295/7573/2619 1301/7574/2635 1296/7575/2633
f 1294/7576/2617 1296/7577/2633 2133/7578/2636
f 1294/7579/2617 2133/7580/2636 2142/7581/2620
f 1305/7582/2637 1289/7530/2621 1297/7540/2625
f 1307/7583/2638 1300/7584/2622 1289/7585/2623
f 1305/7586/2639 1307/7587/2638 1289/7588/2623
f 1309/7589/2640 1297/7338/2626 1290/7590/2624
f 1305/7582/2637 1297/7540/2625 1308/7591/2641
f 1308/7592/2642 1297/7593/2626 1309/7594/2640
f 1309/7595/2640 1290/7596/2624 2033/7597/2643
f 1290/7598/2624 2024/7599/2627 2033/7600/2643
f 1299/7601/2628 1314/7602/2644 1298/7603/2630
f 1298/7553/2629 1312/7604/2645 1301/7572/2634
f 1298/7605/2630 1314/7606/2644 1312/7607/2646
f 1299/7608/2628 1742/7609/2647 1314/7610/2644
f 1299/7611/2628 1758/7612/2631 1742/7613/2647
f 1307/7614/2638 1648/7615/2648 1300/7616/2622
f 1300/7617/2622 1648/7618/2648 1638/7619/2632
f 1301/7620/2635 1302/7621/2649 1296/7622/2633
f 1312/7604/2645 1315/7623/2650 1301/7572/2634
f 1301/7624/2635 1315/7625/2651 1302/7626/2649
f 1296/7627/2633 1302/7628/2649 1303/7629/2652
f 1296/7630/2633 1303/7631/2652 2133/7632/2636
f 1304/7633/2653 1305/7582/2637 1308/7591/2641
f 1305/7552/2639 1306/7634/2654 1307/7635/2638
f 1304/7636/2655 1306/7637/2654 1305/7638/2639
f 1308/7639/2642 1309/7640/2640 1317/7641/2656
f 1304/7633/2653 1308/7591/2641 1310/7642/2657
f 1310/7643/2658 1308/7644/2642 1317/7645/2656
f 1317/7646/2656 1309/7647/2640 1311/7648/2659
f 1309/7649/2640 2033/7650/2643 1311/7651/2659
f 1312/7652/2646 1314/7653/2644 1313/7654/2660
f 1312/7604/2645 1320/7655/2661 1315/7623/2650
f 1312/7656/2646 1313/7657/2660 1320/7658/2662
f 1314/7659/2644 1739/7660/2663 1313/7661/2660
f 1314/7662/2644 1742/7663/2647 1739/7664/2663
f 1306/7665/2654 1657/7666/2664 1307/7667/2638
f 1307/7668/2638 1657/7669/2664 1648/7670/2648
f 1315/7671/2651 1326/7672/2665 1302/7673/2649
f 1321/7674/2666 1315/7623/2650 1320/7655/2661
f 1321/7674/2666 1324/7675/2667 1315/7623/2650
f 1315/7676/2651 1324/7677/2668 1326/7678/2665
f 1302/7679/2649 1326/7680/2665 2116/7681/2669
f 1302/7682/2649 2116/7683/2669 1303/7684/2652
f 1304/7633/2653 1310/7642/2657 1329/7685/2670
f 1316/7686/2671 1306/7687/2654 1304/7688/2655
f 1304/7633/2653 1329/7685/2670 1331/7689/2672
f 1331/7690/2673 1316/7691/2671 1304/7692/2655
f 1318/7693/2674 1310/7694/2658 1317/7695/2656
f 1329/7696/2675 1310/7697/2658 1318/7698/2674
f 1318/7699/2674 1317/7700/2656 1319/7701/2676
f 1317/7702/2656 1311/7703/2659 1319/7704/2676
f 1320/7705/2662 1313/7706/2660 1322/7707/2677
f 1320/7708/2662 1322/7709/2677 1321/7710/2678
f 1313/7711/2660 1733/7712/2679 1322/7713/2677
f 1313/7714/2660 1739/7715/2663 1733/7716/2679
f 1316/7717/2671 1665/7718/2680 1306/7719/2654
f 1306/7720/2654 1665/7721/2680 1657/7722/2664
f 1321/7723/2666 1333/7724/2681 1324/7725/2667
f 1321/7726/2678 1322/7727/2677 1330/7728/2682
f 1321/7729/2666 1323/7730/2683 1333/7731/2681
f 1321/7732/2678 1330/7733/2682 1323/7734/2684
f 1324/7735/2668 1325/7736/2685 1326/7737/2665
f 1324/7738/2668 1333/7739/2686 1325/7740/2685
f 1326/7741/2665 1325/7742/2685 1327/7743/2687
f 1326/7744/2665 1327/7745/2687 2116/7746/2669
f 1329/7747/2675 1318/7748/2674 1328/7749/2688
f 1331/7689/2672 1329/7685/2670 1336/7750/2689
f 1336/7751/2690 1329/7752/2675 1328/7753/2688
f 1328/7754/2688 1318/7755/2674 1339/7756/2691
f 1318/7757/2674 1319/7758/2676 1339/7759/2691
f 1322/7760/2677 1725/7761/2692 1330/7762/2682
f 1322/7763/2677 1733/7764/2679 1725/7765/2692
f 1331/7766/2673 1332/7767/2693 1316/7768/2671
f 1331/7689/2672 1336/7750/2689 1342/7769/2694
f 1342/7770/2695 1332/7771/2693 1331/7772/2673
f 1332/7773/2693 1343/7774/2696 1316/7775/2671
f 1316/7776/2671 1343/7777/2696 1665/7778/2680
f 1325/7779/2685 1333/7780/2686 1334/7781/2697
f 1323/7730/2683 1344/7782/2698 1333/7731/2681
f 1333/7783/2686 1344/7784/2699 1334/7785/2697
f 1325/7786/2685 1334/7787/2697 1335/7788/2700
f 1325/7789/2685 1335/7790/2700 1327/7791/2687
f 1336/7792/2690 1328/7793/2688 1337/7794/2701
f 1342/7769/2694 1336/7750/2689 1338/7795/2702
f 1338/7796/2703 1336/7797/2690 1337/7798/2701
f 1337/7799/2701 1328/7800/2688 2066/7801/2704
f 1328/7802/2688 1339/7803/2691 2066/7804/2704
f 1330/7805/2682 1340/7806/2705 1323/7807/2684
f 1323/7730/2683 1347/7808/2706 1344/7782/2698
f 1323/7809/2684 1340/7810/2705 1347/7811/2707
f 1330/7812/2682 1341/7813/2708 1340/7814/2705
f 1330/7815/2682 1725/7816/2692 1341/7817/2708
f 1342/7818/2695 1349/7819/2709 1332/7820/2693
f 1342/7769/2694 1338/7795/2702 1351/7821/2710
f 1351/7822/2711 1349/7823/2709 1342/7824/2695
f 1349/7825/2709 1353/7826/2712 1332/7827/2693
f 1332/7828/2693 1353/7829/2712 1343/7830/2696
f 1344/7831/2699 1354/7832/2713 1334/7833/2697
f 1347/7808/2706 1355/7834/2714 1344/7782/2698
f 1344/7835/2699 1355/7836/2715 1354/7837/2713
f 1334/7838/2697 1354/7839/2713 2086/7840/2716
f 1334/7841/2697 2086/7842/2716 1335/7843/2700
f 1345/7844/2717 1338/7845/2703 1337/7846/2701
f 1351/7821/2710 1338/7795/2702 1357/7847/2718
f 1357/7848/2719 1338/7849/2703 1345/7850/2717
f 1345/7851/2717 1337/7852/2701 1346/7853/2720
f 1337/7854/2701 2066/7855/2704 1346/7856/2720
f 1347/7857/2707 1340/7858/2705 1360/7859/2721
f 1347/7808/2706 1348/7860/2722 1355/7834/2714
f 1347/7861/2707 1360/7862/2721 1348/7863/2723
f 1340/7864/2705 1703/7865/2724 1360/7866/2721
f 1340/7867/2705 1341/7868/2708 1703/7869/2724
f 1362/7870/2725 1349/7871/2709 1351/7872/2711
f 1351/7821/2710 1357/7847/2718 1350/7873/2726
f 1350/7863/2727 1362/7874/2725 1351/7875/2711
f 1362/7876/2725 1352/7877/2728 1349/7878/2709
f 1349/7879/2709 1352/7880/2728 1353/7881/2712
f 1355/7882/2715 1358/7883/2729 1354/7884/2713
f 1350/7873/2726 1357/7847/2718 1355/7834/2714
f 1355/7885/2715 1357/7543/2719 1358/7886/2729
f 1350/7873/2726 1355/7834/2714 1348/7860/2722
f 1354/7887/2713 1358/7888/2729 1356/7889/2730
f 1354/7890/2713 1356/7891/2730 2086/7892/2716
f 1357/7893/2719 1345/7894/2717 1358/7895/2729
f 1358/7896/2729 1345/7897/2717 1359/7898/2731
f 1345/7899/2717 1346/7900/2720 1359/7901/2731
f 1348/7902/2723 1360/7903/2721 1363/7904/2732
f 1348/7905/2723 1363/7906/2732 1350/7907/2727
f 1360/7908/2721 1361/7909/2733 1363/7910/2732
f 1360/7911/2721 1703/7912/2724 1361/7913/2733
f 1350/7914/2727 1363/7915/2732 1362/7916/2725
f 1363/7917/2732 1694/7918/2734 1362/7919/2725
f 1362/7920/2725 1694/7921/2734 1352/7922/2728
f 1358/7923/2729 1359/7924/2731 1356/7925/2730
f 1363/7926/2732 1361/7927/2733 1694/7928/2734
f 1365/7929/2735 1364/7930/2736 1368/7931/2737
f 1365/7932/2735 1366/7933/683 1364/7934/2736
f 1370/7935/2738 1365/7936/2735 1368/7937/2737
f 1367/7938/765 1366/7895/683 1365/7939/2735
f 1373/7940/2739 1365/7941/2735 1370/7942/2738
f 1373/7943/2739 1367/7944/765 1365/7945/2735
f 1368/7946/2737 1364/7947/2736 1369/7948/2740
f 1366/7949/683 311/7950/648 1364/7951/2736
f 1364/7952/2736 1374/7953/2741 1369/7954/2740
f 311/7955/648 1374/7956/2741 1364/7957/2736
f 1370/7958/2738 1368/7959/2737 1371/7960/2742
f 1368/7961/2737 1369/7962/2740 1380/7963/2743
f 1371/7964/2742 1368/7965/2737 1377/7966/2744
f 1368/7967/2737 1380/7968/2743 1377/7969/2744
f 1367/7970/765 332/7971/682 1366/7972/683
f 1372/7973/2745 1373/7974/2739 1370/7975/2738
f 1375/7976/2746 1370/7977/2738 1371/7978/2742
f 1375/7979/2746 1372/7980/2745 1370/7981/2738
f 369/7982/764 1367/7983/765 1373/7984/2739
f 1372/7985/2745 1529/7986/2747 1373/7987/2739
f 1529/7988/2747 1540/7989/2748 1373/7990/2739
f 1540/7991/2748 369/7992/764 1373/7993/2739
f 1374/7994/2741 1441/7995/2749 1369/7996/2740
f 1369/7997/2740 1578/7998/2750 1380/7999/2743
f 1369/8000/2740 1441/8001/2749 1578/8002/2750
f 311/8003/648 298/8004/632 1374/8005/2741
f 1374/8006/2741 298/8007/620 1442/8008/2751
f 1374/8009/2741 1442/8010/2751 1441/8011/2749
f 1371/8012/2742 1377/8013/2744 1376/8014/2752
f 1375/8015/2746 1371/8016/2742 1376/8017/2752
f 1377/8018/2744 1380/8019/2743 1379/8020/2753
f 1376/8021/2752 1377/8022/2744 1378/1727/2754
f 1377/8023/2744 1574/8024/2755 1378/8025/2754
f 1377/8026/2744 1379/8027/2753 1574/8028/2755
f 1380/8029/2743 1576/8030/2756 1379/8031/2753
f 1380/8032/2743 1578/8033/2750 1576/8034/2756
f 1382/8035/2757 1383/8036/2758 1381/8037/2759
f 1383/8038/2758 1382/8039/2757 1386/8040/2760
f 1381/8041/2759 1389/8042/2761 1382/8043/2757
f 1382/8044/2757 1390/8045/2762 1386/8046/2760
f 1382/8047/2757 1389/8048/2761 1390/8049/2762
f 1383/8050/2758 1385/8051/2763 1381/8052/2759
f 1386/8053/2760 1393/8054/2764 1383/8055/2758
f 1384/8056/2765 1385/8057/2763 1383/8058/2758
f 1393/8059/2764 1384/8060/2765 1383/8061/2758
f 1381/8062/2759 1378/8063/2754 1389/8064/2761
f 1385/8065/2763 1396/8066/2766 1381/8067/2759
f 1381/8068/2759 1396/8069/2766 1376/8070/2752
f 1376/8071/2752 1378/8072/2754 1381/8073/2759
f 1386/8074/2760 1390/8075/2762 1399/8076/2767
f 1393/8077/2764 1386/8078/2760 1387/8079/2768
f 1386/8080/2760 1399/8081/2767 1387/8082/2768
f 1389/8083/2761 1388/8084/2769 1390/8085/2762
f 1378/8086/2754 1397/8087/2770 1389/8088/2761
f 1389/8089/2761 1397/8090/2770 1388/8091/2769
f 1390/8092/2762 1398/8093/2771 1399/8094/2767
f 1390/8095/2762 1400/8096/2772 1398/8097/2771
f 1390/8098/2762 1388/8099/2769 1400/2713/2772
f 1384/8100/2765 1391/8101/2773 1385/8102/2763
f 1385/8103/2763 1391/8104/2773 1396/8105/2766
f 1392/8106/2774 1384/8107/2765 1393/8108/2764
f 1387/8109/2768 1394/8110/2775 1393/8111/2764
f 1394/8112/2775 1392/8113/2774 1393/8114/2764
f 1384/8115/2765 1395/8116/2776 1391/8117/2773
f 1392/8118/2774 1395/8119/2776 1384/8120/2765
f 1396/8121/2766 1375/8122/2746 1376/8123/2752
f 1396/8124/2766 1439/8125/2777 1375/8126/2746
f 1391/8127/2773 1439/8128/2777 1396/8129/2766
f 1378/8130/2754 1574/8131/2755 1397/8132/2770
f 1398/8133/2771 1434/8134/2778 1399/8135/2767
f 1387/8136/2768 1399/8137/2767 1437/8138/2779
f 1399/8139/2767 1434/8140/2778 1428/8141/2780
f 1399/8142/2767 1428/8143/2780 1437/8144/2779
f 1398/8145/2771 1400/8146/2772 1434/8147/2778
f 1388/8148/2769 1401/8149/2781 1400/8150/2772
f 1400/8151/2772 1435/8152/2782 1434/8153/2778
f 1400/8154/2772 1401/8155/2781 1435/8156/2782
f 1388/8157/2769 1571/8158/2783 1401/8159/2781
f 1397/8160/2770 1571/8161/2783 1388/8162/2769
f 1387/8163/2768 1437/8164/2779 1402/8165/2784
f 1394/8166/2775 1387/8167/2768 1402/8168/2784
f 298/8169/620 296/8170/621 1442/8171/2751
f 671/8172/1363 1403/8173/2785 672/8174/1362
f 1403/8175/2786 1406/8176/2787 672/8177/1401
f 672/8178/1401 1406/8179/2787 880/8180/1471
f 1404/8181/2788 671/8182/1363 1405/8183/1309
f 1407/8184/2789 1403/8185/2785 671/8186/1363
f 1404/8187/2788 1407/8188/2789 671/8189/1363
f 1449/8190/2790 1404/8191/2788 1405/8192/1309
f 1449/8193/2790 1405/8194/1309 642/8195/1268
f 1403/8196/2786 877/8197/2791 1406/8198/2787
f 1407/8199/2789 1410/8200/2792 1403/8201/2785
f 1410/8202/2793 877/8203/2791 1403/8204/2786
f 1411/8205/2544 1407/8206/2789 1404/8207/2788
f 1408/8208/2794 1410/8209/2792 1407/8210/2789
f 1411/8211/2544 1408/8212/2794 1407/8213/2789
f 1409/8214/2542 1411/8215/2544 1404/8216/2788
f 1409/8217/2542 1404/8218/2788 1449/8219/2790
f 1408/8220/2794 1246/8221/2549 1410/8222/2792
f 1413/8223/2795 877/8224/2791 1410/8225/2793
f 1246/8226/2796 1413/8227/2795 1410/8228/2793
f 1247/8229/2541 1408/8230/2794 1411/8231/2544
f 1412/8232/2548 1246/8233/2549 1408/8234/2794
f 1247/8235/2541 1412/8236/2548 1408/8237/2794
f 1413/8238/2554 878/8239/1834 877/8240/1833
f 1414/8241/2551 1413/8242/2795 1246/8243/2796
f 1245/8244/2547 1414/8245/2551 1246/8246/2796
f 1078/8247/2256 1415/8248/2797 1416/8249/2255
f 1078/8250/2256 1421/8251/2798 1415/8252/2797
f 1243/8253/2545 1421/8254/2798 1078/8255/2256
f 1416/8256/2255 1417/8257/1523 1418/8258/2257
f 1416/8259/2255 1415/8260/2797 1417/8261/1523
f 1417/8262/1523 1419/8263/1689 1418/8264/2257
f 1415/8265/2797 743/8266/1328 1417/8267/1523
f 1420/8268/2259 1418/8269/2258 1419/8270/1680
f 1420/8271/2259 1419/8272/1680 830/8273/1603
f 1415/8274/2797 1443/8275/2799 743/8276/1328
f 1421/8277/2798 1443/8278/2799 1415/8279/2797
f 1443/8280/2799 1444/8281/1329 743/8282/1328
f 493/8283/1032 498/8284/1045 253/8285/2800
f 1422/8286/1063 253/8287/2800 498/8288/1045
f 506/8289/1062 1424/8290/2801 1422/8291/1063
f 1426/8292/2802 1424/8293/2801 506/8294/1062
f 506/8295/1062 1425/8296/2803 1426/8297/2802
f 511/8298/1073 1425/8299/2803 506/8300/1062
f 253/8301/2800 1422/8302/1063 1424/8303/2801
f 1426/8304/2802 1429/8305/2804 1424/8306/2801
f 253/8307/2800 1424/8308/2801 1423/8309/2805
f 1429/8310/2804 1430/8311/2806 1424/8312/2801
f 1423/8313/2805 1424/8314/2801 1430/8315/2806
f 1425/8316/2803 1427/8317/2807 1426/8318/2802
f 1426/8319/2802 1427/8320/2807 1429/8321/2804
f 511/8322/1073 1437/8323/2779 1425/8324/2803
f 1425/8325/2803 1428/8326/2780 1427/8327/2807
f 1437/8328/2779 1428/8329/2780 1425/8330/2803
f 1438/8331/2808 1437/8332/2779 511/8333/1073
f 1447/8334/2809 511/8335/1073 513/8336/1072
f 1438/8337/2808 511/8338/1073 1447/8339/2809
f 1429/8340/2804 1431/8341/2810 1430/8342/2806
f 1427/8343/2807 1431/8344/2810 1429/8345/2804
f 1423/8346/2805 1430/8347/2806 69/8348/2811
f 1430/8349/2806 1431/8350/2810 1432/8351/2812
f 1430/8352/2813 1432/8353/2814 69/8354/2815
f 1434/8355/2778 1431/8356/2810 1427/8357/2807
f 1428/8358/2780 1434/8359/2778 1427/8360/2807
f 1434/8361/2778 1433/8362/2816 1431/8363/2810
f 1431/8364/2810 1433/8365/2817 1432/8366/2812
f 1434/8367/2778 1435/8368/2782 1433/8369/2816
f 1432/8370/2812 1433/8371/2817 1436/8372/2818
f 1433/8373/2817 1435/8374/2819 1436/8375/2818
f 69/8376/2815 1432/8377/2814 1436/8378/2820
f 1435/8379/2819 1401/8380/2821 1436/8381/2818
f 1402/8382/2784 1437/8383/2779 1438/8384/2808
f 1439/8385/2777 1372/8386/2745 1375/8387/2746
f 1391/8388/2773 1440/8389/2822 1439/8390/2777
f 1517/8391/2823 1372/8392/2745 1439/8393/2777
f 1440/8394/2822 1517/8395/2823 1439/8396/2777
f 1395/8397/2776 1440/8398/2822 1391/8399/2773
f 1517/8400/2823 1529/8401/2747 1372/8402/2745
f 1441/8403/2749 1442/8404/2751 1573/8405/2824
f 1442/8406/2825 296/8407/618 1572/8408/171
f 1442/8409/2825 1572/8410/171 1573/8411/2826
f 1441/8412/2749 1573/8413/2824 1578/8414/2827
f 1243/8415/2545 1460/8416/2828 1421/8417/2798
f 1462/8418/2546 1460/8419/2828 1243/8420/2545
f 1421/8421/2798 1445/8422/2829 1443/8423/2799
f 1460/8424/2828 1445/8425/2829 1421/8426/2798
f 1443/8427/2799 1456/8428/2830 1444/8429/1329
f 1445/8430/2829 1456/8431/2830 1443/8432/2799
f 1444/8433/1329 1454/8434/2831 1446/8435/1185
f 1456/8436/2830 1454/8437/2831 1444/8438/1329
f 1446/8439/1185 1452/8440/2832 1448/8441/1095
f 1454/8442/2831 1452/8443/2832 1446/8444/1185
f 1448/8445/1095 1447/8446/2809 513/8447/1072
f 1452/8448/2832 1447/8449/2809 1448/8450/1095
f 1239/8451/2543 1409/8452/2542 1449/8453/2790
f 1450/8454/2833 1449/8455/2790 642/8456/1268
f 1239/8457/2543 1449/8458/2790 1450/8459/2833
f 1450/8460/2833 642/8461/1268 1566/8462/1258
f 296/8463/618 266/8464/369 1572/8465/171
f 1451/8466/2834 1438/8467/2808 1447/8468/2809
f 1452/8469/2832 1451/8470/2834 1447/8471/2809
f 1451/8472/2834 1402/8473/2784 1438/8474/2808
f 1455/8475/2835 1451/8476/2834 1452/8477/2832
f 1454/8478/2831 1455/8479/2835 1452/8480/2832
f 1455/8481/2835 1465/8482/2836 1451/8483/2834
f 1465/8484/2836 1402/8485/2784 1451/8486/2834
f 1453/8487/2837 1455/8488/2835 1454/8489/2831
f 1456/8490/2830 1453/3238/2837 1454/8491/2831
f 1453/8492/2837 1457/8493/2838 1455/8494/2835
f 1457/8495/2838 1465/8496/2836 1455/8497/2835
f 1459/8498/2839 1453/8499/2837 1456/8500/2830
f 1445/8501/2829 1459/8502/2839 1456/8503/2830
f 1459/8504/2839 1469/8505/2840 1453/8506/2837
f 1469/8507/2840 1457/8508/2838 1453/8509/2837
f 1458/8510/2841 1459/8511/2839 1445/8512/2829
f 1460/8513/2828 1458/8514/2841 1445/8515/2829
f 1458/8516/2841 1467/8517/2842 1459/8518/2839
f 1467/8519/2842 1469/8520/2840 1459/8521/2839
f 1463/8522/2843 1458/8523/2841 1460/8524/2828
f 1462/8525/2546 1463/8526/2843 1460/8527/2828
f 1463/8528/2843 1461/8529/2844 1458/8530/2841
f 1461/8531/2844 1467/8532/2842 1458/8533/2841
f 1236/8534/2540 1463/8535/2843 1462/8536/2546
f 1237/8537/2539 1236/8538/2540 1462/8539/2546
f 1236/8540/2540 1464/8541/2845 1463/8542/2843
f 1464/8543/2845 1461/8544/2844 1463/8545/2843
f 1472/8546/2538 1464/8547/2845 1236/8548/2540
f 1473/8549/2846 1402/8550/2784 1465/8551/2836
f 1473/8552/2846 1394/8553/2775 1402/8554/2784
f 1457/8555/2838 1473/8556/2846 1465/8557/2836
f 1469/8558/2840 1466/8559/2847 1457/8560/2838
f 1466/8561/2847 1473/8562/2846 1457/8563/2838
f 1467/8564/2842 1468/8565/2848 1469/8566/2840
f 1468/8567/2848 1466/8568/2847 1469/8569/2840
f 1461/3807/2844 1470/8570/2849 1467/8571/2842
f 1470/8572/2849 1468/8573/2848 1467/8574/2842
f 1464/8575/2845 1471/8576/2850 1461/8577/2844
f 1471/8578/2850 1470/8579/2849 1461/8580/2844
f 1472/8581/2538 1475/8582/2851 1464/8583/2845
f 1475/8584/2851 1471/8585/2850 1464/8586/2845
f 1230/8587/2535 1475/8588/2851 1472/8589/2538
f 1473/8590/2846 1477/8591/2852 1394/8592/2775
f 1466/8593/2847 1477/8594/2852 1473/8595/2846
f 1394/8596/2775 1477/8597/2852 1392/8598/2774
f 1468/8599/2848 1479/8600/2853 1466/8601/2847
f 1466/8602/2847 1479/8603/2853 1477/8604/2852
f 1470/8605/2849 1478/8606/2854 1468/8607/2848
f 1468/8608/2848 1478/8609/2854 1479/8610/2853
f 1471/8611/2850 1474/8612/2855 1470/8613/2849
f 1470/8614/2849 1474/8615/2855 1478/8616/2854
f 1475/8617/2851 1476/8618/2856 1471/8619/2850
f 1471/8620/2850 1476/8621/2856 1474/8622/2855
f 1230/8623/2535 1482/8624/2857 1475/8625/2851
f 1475/8626/2851 1482/8627/2857 1476/8628/2856
f 1230/8629/2535 1231/8630/2532 1482/8631/2857
f 1479/8632/2853 1480/8633/2858 1477/8634/2852
f 1477/8635/2852 1480/8636/2858 1392/8637/2774
f 1478/8638/2854 1484/8639/2859 1479/8640/2853
f 1479/8641/2853 1484/8642/2859 1480/8643/2858
f 1474/8644/2855 1486/8645/2860 1478/8646/2854
f 1478/8647/2854 1486/8648/2860 1484/8649/2859
f 1476/8650/2856 1481/8651/2861 1474/8652/2855
f 1474/8653/2855 1481/8654/2861 1486/8655/2860
f 1482/8656/2857 1487/8657/2862 1476/8658/2856
f 1476/8659/2856 1487/8660/2862 1481/8661/2861
f 1231/8662/2532 1483/8663/2863 1482/8664/2857
f 1482/8665/2857 1483/8666/2863 1487/8667/2862
f 1231/8668/2532 1491/8669/2528 1483/8670/2863
f 1480/8671/2858 1493/8672/2864 1392/8673/2774
f 1392/2098/2774 1493/8674/2864 1395/8675/2776
f 1484/8676/2859 1493/8677/2864 1480/8678/2858
f 1486/8679/2860 1485/8680/2865 1484/8681/2859
f 1484/8682/2859 1485/8683/2865 1493/8684/2864
f 1481/8685/2861 1488/8686/2866 1486/8687/2860
f 1486/8688/2860 1488/8689/2866 1485/8690/2865
f 1487/8691/2862 1490/8692/2867 1481/8693/2861
f 1481/8694/2861 1490/8695/2867 1488/8696/2866
f 1483/8697/2863 1489/8698/2868 1487/8699/2862
f 1487/8700/2862 1489/8701/2868 1490/8702/2867
f 1491/8458/2528 1492/8457/2869 1483/8703/2863
f 1483/8704/2863 1492/8705/2869 1489/8706/2868
f 1491/8707/2528 1498/8708/2520 1492/8709/2869
f 1493/8710/2864 1494/8711/2870 1395/8712/2776
f 1485/8713/2865 1494/8714/2870 1493/8715/2864
f 1494/8716/2870 1495/8717/2871 1395/8718/2776
f 1495/8719/2871 1440/8720/2822 1395/8721/2776
f 1488/8722/2866 1499/8723/2872 1485/8724/2865
f 1485/8725/2865 1499/8726/2872 1494/8727/2870
f 1490/8728/2867 1501/8729/2873 1488/8730/2866
f 1488/8731/2866 1501/8732/2873 1499/8733/2872
f 1489/8734/2868 1497/8735/2874 1490/8736/2867
f 1490/8737/2867 1497/8738/2874 1501/8739/2873
f 1492/8740/2869 1496/8741/2875 1489/8742/2868
f 1489/8743/2868 1496/8744/2875 1497/8745/2874
f 1498/8746/2520 1503/8747/2876 1492/8748/2869
f 1492/8749/2869 1503/8750/2876 1496/8751/2875
f 1498/8752/2520 1504/8753/2508 1503/8754/2876
f 1499/8755/2872 1495/8756/2871 1494/8757/2870
f 1501/8758/2873 1500/8759/2877 1499/8760/2872
f 1499/8761/2872 1500/8762/2877 1495/8763/2871
f 1497/8764/2874 1506/8765/2878 1501/8766/2873
f 1501/8767/2873 1506/8768/2878 1500/8769/2877
f 1496/8770/2875 1502/8771/2879 1497/8772/2874
f 1497/8773/2874 1502/8774/2879 1506/8775/2878
f 1503/8776/2876 1508/8777/2880 1496/8778/2875
f 1496/8779/2875 1508/8780/2880 1502/8781/2879
f 1504/8782/2508 1505/8783/2881 1503/8784/2876
f 1503/8785/2876 1505/8786/2881 1508/8787/2880
f 1504/8788/2508 1192/8789/2500 1505/8790/2881
f 1495/8791/2871 1510/8792/2882 1440/8793/2822
f 1500/8794/2877 1510/8795/2882 1495/8796/2871
f 1440/8797/2822 1510/8798/2882 1517/8799/2823
f 1506/8800/2878 1507/8801/2883 1500/8802/2877
f 1500/8803/2877 1507/8804/2883 1510/8805/2882
f 1502/8806/2879 1509/8807/2884 1506/8808/2878
f 1506/8809/2878 1509/8810/2884 1507/8811/2883
f 1508/8812/2880 1514/8813/2885 1502/8814/2879
f 1502/8815/2879 1514/8816/2885 1509/8817/2884
f 1505/8818/2881 1513/8819/2886 1508/8820/2880
f 1508/8821/2880 1513/8822/2886 1514/8823/2885
f 1192/8663/2500 1515/8824/2887 1505/8825/2881
f 1505/8826/2881 1515/8827/2887 1513/8828/2886
f 1192/8829/2500 1516/8830/2499 1515/8831/2887
f 1507/8832/2883 1511/2474/2888 1510/8833/2882
f 1510/8834/2882 1511/8835/2888 1517/8836/2823
f 1509/8837/2884 1512/8838/2889 1507/8839/2883
f 1507/8840/2883 1512/8841/2889 1511/8842/2888
f 1514/8843/2885 1519/8844/2890 1509/8845/2884
f 1509/8846/2884 1519/8847/2890 1512/8848/2889
f 1513/8849/2886 1521/8850/2891 1514/8851/2885
f 1514/8843/2885 1521/8852/2891 1519/8844/2890
f 1515/8853/2887 1522/8776/2892 1513/8854/2886
f 1513/8855/2886 1522/8856/2892 1521/8857/2891
f 1516/8858/2499 1524/8859/2893 1515/8860/2887
f 1515/8861/2887 1524/8862/2893 1522/8863/2892
f 1516/8864/2499 1194/8865/2501 1524/8866/2893
f 1511/8867/2888 1518/8868/2894 1517/8869/2823
f 1517/8870/2823 1518/8871/2894 1529/8872/2747
f 1512/8873/2889 1518/8874/2894 1511/8875/2888
f 1519/8876/2890 1520/8877/2895 1512/8878/2889
f 1512/8879/2889 1520/8880/2895 1518/8881/2894
f 1521/8882/2891 1531/8883/2896 1519/8884/2890
f 1519/8885/2890 1531/8886/2896 1520/8887/2895
f 1522/8888/2892 1530/8889/2897 1521/8890/2891
f 1521/8891/2891 1530/8892/2897 1531/8893/2896
f 1524/8894/2893 1523/8895/2898 1522/8896/2892
f 1522/8897/2892 1523/8898/2898 1530/8899/2897
f 1194/8900/2501 1526/8901/2899 1524/8902/2893
f 1524/8903/2893 1526/8904/2899 1523/8905/2898
f 1193/8906/2498 1525/8907/2504 1194/8908/2501
f 1194/8909/2501 1525/8910/2504 1526/8911/2899
f 1518/8912/2894 1527/8913/2900 1529/8914/2747
f 1520/8915/2895 1527/8916/2900 1518/8917/2894
f 1527/8918/2900 1528/8919/2901 1529/8920/2747
f 1528/8921/2901 1540/8922/2748 1529/8923/2747
f 1531/8924/2896 1532/8925/2902 1520/8926/2895
f 1520/8927/2895 1532/8928/2902 1527/8929/2900
f 1530/8930/2897 1536/8931/2903 1531/8932/2896
f 1531/8933/2896 1536/8934/2903 1532/8935/2902
f 1523/8936/2898 1534/8937/2904 1530/8938/2897
f 1530/8939/2897 1534/8940/2904 1536/8941/2903
f 1526/8942/2899 1533/8943/2905 1523/8944/2898
f 1523/8945/2898 1533/8946/2905 1534/8947/2904
f 1525/8948/2504 1538/8949/2906 1526/8950/2899
f 1526/8951/2899 1538/8952/2906 1533/8953/2905
f 1525/8954/2504 1195/8955/2502 1538/8956/2906
f 1532/3001/2902 1528/3000/2901 1527/8957/2900
f 1536/8958/2903 1535/8959/2907 1532/8960/2902
f 1532/8961/2902 1535/8962/2907 1528/8963/2901
f 1534/8964/2904 1542/8965/2908 1536/8966/2903
f 1536/8967/2903 1542/8608/2908 1535/8968/2907
f 1533/8969/2905 1543/8970/2909 1534/8971/2904
f 1534/8972/2904 1543/8973/2909 1542/8974/2908
f 1538/8975/2906 1545/8976/2910 1533/8977/2905
f 1533/8978/2905 1545/8979/2910 1543/8980/2909
f 1195/8981/2502 1537/8982/2911 1538/8983/2906
f 1538/8984/2906 1537/8985/2911 1545/8986/2910
f 1195/8987/2502 1203/8988/2503 1537/8989/2911
f 1528/8990/2901 1539/8991/2912 1540/8992/2748
f 1535/8993/2907 1539/8994/2912 1528/8995/2901
f 1540/8996/2748 1539/8997/2912 369/8998/764
f 1542/8999/2908 1541/9000/2913 1535/9001/2907
f 1535/9002/2907 1541/9003/2913 1539/9004/2912
f 1543/9005/2909 1550/9006/2914 1542/9007/2908
f 1542/9008/2908 1550/9009/2914 1541/9010/2913
f 1545/9011/2910 1546/9012/2915 1543/9013/2909
f 1543/9014/2909 1546/9015/2915 1550/9016/2914
f 1537/9017/2911 1544/9018/2916 1545/9019/2910
f 1545/9020/2910 1544/9021/2916 1546/9022/2915
f 1203/9023/2503 1547/9024/2917 1537/9025/2911
f 1537/9026/2911 1547/9027/2917 1544/9028/2916
f 1203/9029/2503 1202/9030/2510 1547/9031/2917
f 1541/8714/2913 1548/9032/2918 1539/9033/2912
f 1539/9034/2912 1548/9035/2918 369/9036/764
f 1550/9037/2914 1549/9038/2919 1541/9039/2913
f 1541/9040/2913 1549/9041/2919 1548/9042/2918
f 1546/9043/2915 1552/9044/2920 1550/9045/2914
f 1550/9046/2914 1552/9047/2920 1549/9048/2919
f 1544/9049/2916 1551/9050/2921 1546/9051/2915
f 1546/9052/2915 1551/9053/2921 1552/9054/2920
f 1547/9055/2917 1553/9056/2922 1544/9057/2916
f 1544/8781/2916 1553/9058/2922 1551/8779/2921
f 1202/9059/2510 1557/9060/2923 1547/9061/2917
f 1547/9062/2917 1557/9063/2923 1553/9064/2922
f 1202/9065/2510 1221/9066/2521 1557/9067/2923
f 1548/9068/2918 1554/9069/763 369/9070/764
f 1549/9071/2919 1554/9072/763 1548/9073/2918
f 1552/9074/2920 1555/9075/892 1549/9076/2919
f 1549/9077/2919 1555/9078/892 1554/9079/763
f 1551/9080/2921 1556/9081/959 1552/9082/2920
f 1552/9083/2920 1556/9084/959 1555/9085/892
f 1553/8428/2922 1559/8427/2924 1551/9086/2921
f 1551/9087/2921 1559/9088/2924 1556/9089/959
f 1557/9090/2923 1558/9091/2925 1553/9092/2922
f 1553/9093/2922 1558/9094/2925 1559/9095/2924
f 1221/9096/2521 1561/9097/2926 1557/9098/2923
f 1557/9099/2923 1561/9100/2926 1558/9101/2925
f 1221/8535/2521 1220/9102/2529 1561/8536/2926
f 1559/9103/2924 481/9104/958 1556/9105/959
f 1558/9106/2925 1560/9107/1146 1559/9108/2924
f 1559/9109/2924 1560/9110/1146 481/9111/958
f 1561/9112/2926 1562/9113/2927 1558/9114/2925
f 1558/9115/2925 1562/9116/2927 1560/9117/1146
f 1220/9118/2529 1565/9119/2928 1561/9120/2926
f 1561/9121/2926 1565/9122/2928 1562/9123/2927
f 1220/9124/2529 1228/9125/2533 1565/9126/2928
f 1562/9127/2927 1563/9128/1145 1560/9129/1146
f 1565/9130/2928 1564/9131/1259 1562/9132/2927
f 1562/9022/2927 1564/9133/1259 1563/9020/1145
f 1228/9134/2533 1567/9135/2929 1565/9136/2928
f 1565/9137/2928 1567/9138/2929 1564/9139/1259
f 1228/9140/2533 1233/9141/2537 1567/9142/2929
f 1567/9143/2929 1566/9144/1258 1564/9145/1259
f 1233/9146/2537 1450/9147/2833 1567/9148/2929
f 1567/9149/2929 1450/9150/2833 1566/9151/1258
f 1568/9152/2536 1239/9153/2543 1233/9154/2537
f 1233/9155/2537 1239/9156/2543 1450/9157/2833
f 69/9158/2815 1436/9159/2820 1569/9160/2930
f 69/9161/2815 1569/9162/2930 1570/9163/2931
f 1436/9164/2818 1401/9165/2821 1569/9166/2930
f 1570/9167/2931 1569/9168/2930 1577/9169/2932
f 1401/9170/2821 1571/9171/2933 1569/9172/2930
f 1571/9173/2933 1575/9174/2934 1569/9175/2930
f 1569/9176/2930 1575/9177/2934 1577/9178/2932
f 1570/9179/2931 1577/9180/2932 30/9181/2935
f 1573/9182/2826 1572/9183/171 31/9184/71
f 266/9185/369 73/9186/170 1572/9187/171
f 1572/9188/171 43/9189/94 31/9190/71
f 1578/9191/2827 1573/9192/2824 1577/9193/2932
f 1577/9194/2932 1573/9195/2826 31/9196/71
f 1397/9197/2770 1574/9198/2755 1571/9199/2783
f 1574/9200/2755 1575/9201/2936 1571/9202/2783
f 1379/9203/2753 1575/9204/2936 1574/9205/2755
f 1379/9206/2753 1576/9207/2756 1575/9208/2936
f 1575/9209/2934 1576/9210/2937 1577/9211/2932
f 1576/9212/2937 1578/9213/2827 1577/9214/2932
f 1577/9215/2932 31/9216/71 30/9217/2935
f 1580/9218/2938 1582/9219/2939 1585/9220/2940
f 1581/9221/2941 1582/9222/2939 1580/9223/2938
f 1579/9224/2942 1580/9225/2938 1585/9226/2940
f 1581/9227/2941 1580/9228/2938 1591/9229/2943
f 1588/9230/2944 1580/9231/2938 1579/9232/2942
f 1588/9233/2944 1590/9234/2945 1580/9235/2938
f 1591/9236/2943 1580/9237/2938 1590/9238/2945
f 1585/9239/2940 1582/9240/2939 1586/9241/2946
f 96/9242/230 1582/9243/2939 1581/9244/2941
f 1592/9245/2947 1586/9246/2946 1582/9247/2939
f 1583/9248/285 1592/9249/2947 1582/9250/2939
f 96/9251/230 1583/9252/285 1582/9253/2939
f 1584/9254/2948 1579/9255/2942 1585/9256/2940
f 1594/9257/2949 1585/9258/2940 1586/9259/2946
f 1584/9260/2948 1585/9261/2940 1594/9262/2949
f 1587/9263/220 1581/9264/2941 1591/9265/2943
f 96/9266/230 1581/9267/2941 1587/9268/220
f 1588/9269/2944 1579/9270/2942 1595/9271/2950
f 1595/9272/2950 1579/9273/2942 1584/9274/2948
f 1590/9275/2945 1588/9276/2944 1601/9277/2951
f 1601/9278/2951 1588/9279/2944 1604/9280/2952
f 1604/9281/2952 1588/9282/2944 1589/9283/2953
f 1589/9284/2953 1588/9285/2944 1595/9286/2950
f 1591/9287/2943 1590/9288/2945 90/9289/221
f 133/9290/241 1590/9291/2945 1601/9292/2951
f 90/9293/221 1590/9294/2945 133/9295/241
f 1587/9296/220 1591/9297/2943 90/9298/221
f 1598/9299/2954 1586/9300/2946 1592/9301/2947
f 1594/9302/2949 1586/9303/2946 1599/9304/2955
f 1599/9305/2955 1586/9306/2946 1598/9307/2954
f 1593/9308/286 1592/9309/2947 1583/9310/285
f 1593/9311/286 1598/9312/2954 1592/9313/2947
f 1659/9314/2956 1584/9315/2948 1594/9316/2949
f 1594/9317/2949 1599/9318/2955 1600/9319/2957
f 1659/9320/2956 1594/9321/2949 1600/9322/2957
f 1606/9323/2958 1595/9324/2950 1584/9325/2948
f 1606/9326/2958 1584/9327/2948 1659/9328/2956
f 197/9329/421 1596/9330/694 1597/9331/423
f 1597/9332/423 1596/9333/694 1593/9334/286
f 1596/9335/694 1598/9336/2954 1593/9337/286
f 1596/9338/694 356/9339/734 1598/9340/2954
f 356/9261/734 1599/9341/2955 1598/9342/2954
f 1599/9343/2955 356/9344/734 1627/9345/792
f 1600/9346/2957 1599/9347/2955 1627/9348/792
f 1601/9349/2951 1604/9350/2952 1603/9351/2959
f 133/9352/241 1601/9353/2951 1602/9354/2960
f 1602/9355/2960 1601/9356/2951 1603/9357/2959
f 1607/9358/2961 1604/9359/2952 1589/9360/2953
f 1603/9361/2959 1604/9362/2952 1711/9363/2962
f 1711/9364/2962 1604/9365/2952 1607/9366/2961
f 1589/9367/2953 1595/9368/2950 1605/9369/2963
f 1605/9370/2963 1595/9371/2950 1606/9372/2958
f 1607/9373/2961 1589/9374/2953 1605/9375/2963
f 131/9376/290 133/9377/241 1602/9378/2960
f 131/9379/290 1602/9380/2960 1608/9381/293
f 1602/9382/2960 1603/6937/2959 1609/9383/2964
f 1608/9384/293 1602/9385/2960 1610/9386/2965
f 1602/9387/2960 1609/9388/2964 1610/9389/2965
f 1711/9390/2962 1609/9391/2964 1603/9392/2959
f 212/9393/454 1608/9394/293 1610/9395/2965
f 1610/9396/2965 1609/9397/2964 1611/9398/2966
f 1743/9399/2967 212/9400/454 1610/9401/2965
f 1743/9402/2967 1610/9403/2965 1611/9404/2966
f 1611/9405/2966 1609/9406/2964 1711/9407/2962
f 1762/9408/519 212/9409/454 1743/9410/2967
f 871/9411/1821 1614/9412/1279 872/9413/1278
f 1001/9414/1937 1613/9415/2968 871/9416/1821
f 871/9417/1821 1613/9418/2968 1614/9419/1279
f 1000/9420/2100 1612/9421/2969 1001/9422/1937
f 1001/9423/1937 1612/9424/2969 1613/9425/2968
f 1000/9426/2100 1268/9427/2570 1612/9428/2969
f 1613/9429/2968 1616/9430/2970 1614/9431/1279
f 1614/9432/1279 1616/9433/2970 588/9434/1209
f 1612/9435/2969 1618/9436/2971 1613/9437/2968
f 1613/9438/2968 1618/9439/2971 1616/9440/2970
f 1268/9441/2570 1615/9442/2972 1612/9443/2969
f 1612/9444/2969 1615/9445/2972 1618/9446/2971
f 1268/9447/2570 1267/9448/2584 1615/9449/2972
f 1616/9450/2970 1622/9451/2973 588/9452/1209
f 588/9453/1209 1622/9454/2973 1621/9455/1008
f 1618/9456/2971 1617/9457/2974 1616/9458/2970
f 1616/9459/2970 1617/9460/2974 1622/9461/2973
f 1615/9462/2972 1619/9463/2975 1618/9464/2971
f 1618/9465/2971 1619/9466/2975 1617/9467/2974
f 1267/9468/2584 1625/9469/2976 1615/9470/2972
f 1615/9471/2972 1625/9472/2976 1619/9473/2975
f 1267/9474/2584 1620/9475/2600 1625/9476/2976
f 1622/9477/2973 1623/9478/2977 1621/9479/1008
f 1621/9480/1008 1623/9481/2977 433/9482/899
f 1617/9483/2974 1628/9484/2978 1622/9485/2973
f 1622/9486/2973 1628/9487/2978 1623/9488/2977
f 1619/9489/2975 1629/9490/2979 1617/9491/2974
f 1617/9492/2974 1629/9493/2979 1628/9494/2978
f 1625/9495/2976 1624/9496/2980 1619/9497/2975
f 1619/9498/2975 1624/9499/2980 1629/9500/2979
f 1620/9501/2600 1632/9502/2981 1625/9503/2976
f 1625/9504/2976 1632/9505/2981 1624/9506/2980
f 1620/9507/2600 1286/9508/2616 1632/9509/2981
f 1626/9510/2982 1627/9511/792 434/9512/900
f 1626/9513/2982 1600/9514/2957 1627/9515/792
f 1623/9516/2977 1635/9517/2983 433/9518/899
f 433/9519/899 1635/9520/2983 434/9521/900
f 1628/9522/2978 1630/9523/2984 1623/9524/2977
f 1623/9525/2977 1630/9526/2984 1635/9527/2983
f 1629/9528/2979 1636/9529/2985 1628/9530/2978
f 1628/9531/2978 1636/9532/2985 1630/9533/2984
f 1624/9534/2980 1631/9535/2986 1629/9536/2979
f 1629/9537/2979 1631/9538/2986 1636/9539/2985
f 1632/9540/2981 1633/9541/2987 1624/9542/2980
f 1624/9543/2980 1633/9544/2987 1631/9545/2986
f 1286/9546/2616 1634/9547/2988 1632/9548/2981
f 1632/9549/2981 1634/9550/2988 1633/9551/2987
f 1286/9552/2616 1638/9553/2632 1634/9554/2988
f 1635/9555/2983 1626/9556/2982 434/9557/900
f 1630/9558/2984 1642/9559/2989 1635/9560/2983
f 1642/9561/2989 1626/9562/2982 1635/9563/2983
f 1636/9564/2985 1644/9565/2990 1630/9566/2984
f 1644/9567/2990 1642/9568/2989 1630/9569/2984
f 1631/9570/2986 1647/9571/2991 1636/9572/2985
f 1647/9573/2991 1644/9574/2990 1636/9575/2985
f 1633/9576/2987 1637/9577/2992 1631/9578/2986
f 1637/9579/2992 1647/9580/2991 1631/9581/2986
f 1634/9582/2988 1640/9583/2993 1633/9584/2987
f 1640/9585/2993 1637/9586/2992 1633/9587/2987
f 1638/9588/2632 1639/9589/2994 1634/9590/2988
f 1639/9591/2994 1640/9592/2993 1634/9593/2988
f 1648/9594/2648 1639/9595/2994 1638/9596/2632
f 1641/9597/2995 1600/9598/2957 1626/9599/2982
f 1642/9600/2989 1641/9601/2995 1626/9602/2982
f 1649/9603/2996 1600/9604/2957 1641/9605/2995
f 1659/9606/2956 1600/9607/2957 1649/9608/2996
f 1644/9609/2990 1643/9610/2997 1642/9611/2989
f 1643/9612/2997 1641/9613/2995 1642/9614/2989
f 1647/9615/2991 1646/9616/2998 1644/9617/2990
f 1646/9618/2998 1643/9619/2997 1644/9620/2990
f 1637/9621/2992 1645/9622/2999 1647/9623/2991
f 1645/9624/2999 1646/9625/2998 1647/9626/2991
f 1640/9627/2993 1652/9628/3000 1637/9629/2992
f 1652/9630/3000 1645/9631/2999 1637/9632/2992
f 1639/9633/2994 1654/9634/3001 1640/9635/2993
f 1654/9636/3001 1652/9637/3000 1640/9638/2993
f 1648/9639/2648 1653/9640/3002 1639/9641/2994
f 1653/9642/3002 1654/9643/3001 1639/9644/2994
f 1657/9645/2664 1653/9646/3002 1648/9647/2648
f 1643/9648/2997 1649/9649/2996 1641/9650/2995
f 1646/9651/2998 1650/9652/3003 1643/9653/2997
f 1650/9654/3003 1649/9655/2996 1643/9656/2997
f 1645/9657/2999 1660/9658/3004 1646/9659/2998
f 1660/9660/3004 1650/9661/3003 1646/9662/2998
f 1652/9484/3000 1662/9483/3005 1645/9663/2999
f 1662/9664/3005 1660/9665/3004 1645/9666/2999
f 1654/9667/3001 1651/9668/3006 1652/9669/3000
f 1651/9670/3006 1662/9671/3005 1652/9672/3000
f 1653/9673/3002 1655/9674/3007 1654/9675/3001
f 1655/9676/3007 1651/9677/3006 1654/9678/3001
f 1657/9679/2664 1656/9680/3008 1653/9681/3002
f 1656/9682/3008 1655/9683/3007 1653/9684/3002
f 1665/9685/2680 1656/9686/3008 1657/9687/2664
f 1658/9688/3009 1659/9689/2956 1649/9690/2996
f 1650/9691/3003 1658/9692/3009 1649/9693/2996
f 1658/9694/3009 1606/9695/2958 1659/9696/2956
f 1660/9697/3004 1661/9698/3010 1650/9699/3003
f 1661/9700/3010 1658/9701/3009 1650/9702/3003
f 1662/9703/3005 1663/9704/3011 1660/9705/3004
f 1663/9706/3011 1661/9707/3010 1660/9708/3004
f 1651/9709/3006 1669/9710/3012 1662/9711/3005
f 1669/9712/3012 1663/9713/3011 1662/9714/3005
f 1655/9715/3007 1664/9716/3013 1651/9717/3006
f 1664/9718/3013 1669/9719/3012 1651/9720/3006
f 1656/9721/3008 1667/9722/3014 1655/9723/3007
f 1667/9724/3014 1664/9725/3013 1655/9726/3007
f 1665/9727/2680 1666/5543/3015 1656/9728/3008
f 1666/9729/3015 1667/9730/3014 1656/9731/3008
f 1343/9732/2696 1666/9733/3015 1665/9734/2680
f 1661/9735/3010 1673/9736/3016 1658/9737/3009
f 1673/9738/3016 1606/9739/2958 1658/9740/3009
f 1663/9741/3011 1668/9742/3017 1661/9743/3010
f 1668/9744/3017 1673/9745/3016 1661/9746/3010
f 1669/9747/3012 1675/9748/3018 1663/9749/3011
f 1675/9750/3018 1668/9751/3017 1663/9752/3011
f 1664/9753/3013 1678/9754/3019 1669/9755/3012
f 1678/9756/3019 1675/9757/3018 1669/9758/3012
f 1667/9759/3014 1671/9760/3020 1664/9761/3013
f 1671/9762/3020 1678/9763/3019 1664/9764/3013
f 1666/9765/3015 1670/9766/3021 1667/9767/3014
f 1670/9768/3021 1671/9769/3020 1667/9770/3014
f 1343/9771/2696 1672/9772/3022 1666/9773/3015
f 1672/9774/3022 1670/9775/3021 1666/9776/3015
f 1353/9777/2712 1672/9778/3022 1343/9779/2696
f 1674/9780/3023 1606/9781/2958 1673/9782/3016
f 1605/9515/2963 1606/9783/2958 1674/9784/3023
f 1668/9785/3017 1674/9786/3023 1673/9787/3016
f 1675/9788/3018 1676/9789/3024 1668/9790/3017
f 1676/9791/3024 1674/9792/3023 1668/9793/3017
f 1678/9794/3019 1677/9795/3025 1675/9796/3018
f 1677/9797/3025 1676/9798/3024 1675/9799/3018
f 1671/9800/3020 1684/9801/3026 1678/9802/3019
f 1684/9803/3026 1677/9804/3025 1678/9805/3019
f 1670/9806/3021 1679/9807/3027 1671/9808/3020
f 1679/9809/3027 1684/9810/3026 1671/9811/3020
f 1672/9812/3022 1681/9813/3028 1670/9814/3021
f 1681/9815/3028 1679/9816/3027 1670/9817/3021
f 1353/9818/2712 1680/9819/3029 1672/9820/3022
f 1680/9821/3029 1681/9822/3028 1672/9823/3022
f 1352/9824/2728 1680/9825/3029 1353/9826/2712
f 1682/9827/3030 1605/9828/2963 1674/9829/3023
f 1674/9830/3023 1676/9831/3024 1682/9832/3030
f 1687/9833/3031 1605/9834/2963 1682/9835/3030
f 1687/9836/3031 1607/9837/2961 1605/9838/2963
f 1676/9839/3024 1677/9840/3025 1688/9841/3032
f 1688/9842/3032 1682/9832/3030 1676/9831/3024
f 1677/9843/3025 1684/9844/3026 1683/9845/3033
f 1683/9846/3033 1688/9847/3032 1677/9848/3025
f 1684/9849/3026 1679/9850/3027 1685/9851/3034
f 1685/9852/3034 1683/9853/3033 1684/9854/3026
f 1679/9855/3027 1681/9856/3028 1690/9857/3035
f 1690/9858/3035 1685/9859/3034 1679/9860/3027
f 1681/9861/3028 1680/9862/3029 1691/9863/3036
f 1691/9864/3036 1690/9857/3035 1681/9856/3028
f 1680/9865/3029 1352/9866/2728 1686/9867/3037
f 1686/9868/3037 1691/9869/3036 1680/9870/3029
f 1694/9871/2734 1686/9872/3037 1352/9873/2728
f 1688/9874/3032 1687/9875/3031 1682/9876/3030
f 1683/9877/3033 1695/9878/3038 1688/9879/3032
f 1695/9880/3038 1687/9881/3031 1688/9882/3032
f 1685/9883/3034 1689/9884/3039 1683/9885/3033
f 1689/9886/3039 1695/9887/3038 1683/9888/3033
f 1690/9889/3035 1692/9890/3040 1685/9891/3034
f 1692/9892/3040 1689/9893/3039 1685/9894/3034
f 1691/9895/3036 1693/9896/3041 1690/9897/3035
f 1693/9898/3041 1692/9899/3040 1690/9900/3035
f 1686/9901/3037 1697/9902/3042 1691/9903/3036
f 1697/9904/3042 1693/9905/3041 1691/9906/3036
f 1694/9907/2734 1699/9908/3043 1686/9909/3037
f 1699/9910/3043 1697/9911/3042 1686/9912/3037
f 1361/9913/2733 1699/9914/3043 1694/9915/2734
f 1706/9916/3044 1607/9917/2961 1687/9918/3031
f 1695/9919/3038 1706/9920/3044 1687/9921/3031
f 1705/9922/3045 1607/9923/2961 1706/9924/3044
f 1705/9925/3045 1711/9926/2962 1607/9927/2961
f 1689/9928/3039 1704/9929/3046 1695/9930/3038
f 1704/9931/3046 1706/9932/3044 1695/9933/3038
f 1692/9565/3040 1696/9934/3047 1689/9935/3039
f 1696/9936/3047 1704/9937/3046 1689/9938/3039
f 1693/9939/3041 1698/9940/3048 1692/9941/3040
f 1698/9942/3048 1696/9943/3047 1692/9944/3040
f 1697/9945/3042 1701/9946/3049 1693/9947/3041
f 1701/9948/3049 1698/9949/3048 1693/9950/3041
f 1699/9951/3043 1700/9952/3050 1697/9953/3042
f 1700/9954/3050 1701/9955/3049 1697/9956/3042
f 1361/9957/2733 1702/9958/3051 1699/9959/3043
f 1702/9960/3051 1700/9961/3050 1699/9962/3043
f 1703/9963/2724 1702/9964/3051 1361/9965/2733
f 1704/9966/3046 1705/9967/3045 1706/9968/3044
f 1696/9969/3047 1710/9970/3052 1704/9971/3046
f 1710/9972/3052 1705/9973/3045 1704/9974/3046
f 1698/9975/3048 1714/9976/3053 1696/9977/3047
f 1714/9978/3053 1710/9979/3052 1696/9980/3047
f 1701/9981/3049 1707/9982/3054 1698/9983/3048
f 1707/9984/3054 1714/9985/3053 1698/9986/3048
f 1700/9987/3050 1709/9988/3055 1701/9989/3049
f 1709/9990/3055 1707/9991/3054 1701/9992/3049
f 1702/9993/3051 1708/9994/3056 1700/9995/3050
f 1708/9996/3056 1709/9997/3055 1700/9998/3050
f 1703/9999/2724 1715/10000/3057 1702/10001/3051
f 1715/10002/3057 1708/10003/3056 1702/10004/3051
f 1341/10005/2708 1715/10006/3057 1703/10007/2724
f 1712/10008/3058 1711/10009/2962 1705/10010/3045
f 1710/10011/3052 1712/2501/3058 1705/10012/3045
f 1717/10013/3059 1711/10014/2962 1712/10015/3058
f 1717/10016/3059 1611/10017/2966 1711/10018/2962
f 1714/10019/3053 1718/10020/3060 1710/10021/3052
f 1718/10022/3060 1712/10023/3058 1710/10024/3052
f 1707/10025/3054 1713/10026/3061 1714/10027/3053
f 1713/10028/3061 1718/10029/3060 1714/10030/3053
f 1709/10031/3055 1722/10032/3062 1707/10033/3054
f 1722/10034/3062 1713/10035/3061 1707/10036/3054
f 1708/10037/3056 1721/10038/3063 1709/10039/3055
f 1721/10040/3063 1722/10041/3062 1709/10042/3055
f 1715/10043/3057 1724/10044/3064 1708/10045/3056
f 1724/9438/3064 1721/10046/3063 1708/10047/3056
f 1341/10048/2708 1716/10049/3065 1715/10050/3057
f 1716/10051/3065 1724/10052/3064 1715/10053/3057
f 1725/10054/2692 1716/10055/3065 1341/10056/2708
f 1718/10057/3060 1717/10058/3059 1712/10059/3058
f 1713/10060/3061 1720/10061/3066 1718/10062/3060
f 1720/10063/3066 1717/10064/3059 1718/10065/3060
f 1722/10066/3062 1719/10067/3067 1713/10068/3061
f 1719/10069/3067 1720/10070/3066 1713/10071/3061
f 1721/10072/3063 1727/10073/3068 1722/10074/3062
f 1727/10075/3068 1719/10076/3067 1722/10077/3062
f 1724/10078/3064 1723/10079/3069 1721/10080/3063
f 1723/10081/3069 1727/10082/3068 1721/10083/3063
f 1716/10084/3065 1729/10085/3070 1724/10086/3064
f 1729/10087/3070 1723/10088/3069 1724/10089/3064
f 1725/10090/2692 1732/10091/3071 1716/10092/3065
f 1732/10093/3071 1729/10094/3070 1716/10095/3065
f 1733/10096/2679 1732/10097/3071 1725/10098/2692
f 1726/10099/3072 1611/10100/2966 1717/10101/3059
f 1720/10102/3066 1726/9555/3072 1717/10103/3059
f 1734/10104/3073 1611/10105/2966 1726/10106/3072
f 1734/10107/3073 1743/10108/2967 1611/10109/2966
f 1719/2802/3067 1728/10110/3074 1720/10111/3066
f 1728/10112/3074 1726/10113/3072 1720/10114/3066
f 1727/10115/3068 1735/10116/3075 1719/10117/3067
f 1735/10118/3075 1728/10119/3074 1719/10120/3067
f 1723/10121/3069 1730/10122/3076 1727/10123/3068
f 1730/10124/3076 1735/10125/3075 1727/10126/3068
f 1729/10127/3070 1731/10128/3077 1723/10129/3069
f 1731/10130/3077 1730/10131/3076 1723/10132/3069
f 1732/10133/3071 1738/10134/3078 1729/10135/3070
f 1738/10136/3078 1731/10137/3077 1729/10138/3070
f 1733/10139/2679 1740/10140/3079 1732/10141/3071
f 1740/10142/3079 1738/10143/3078 1732/10144/3071
f 1739/10145/2663 1740/10146/3079 1733/10147/2679
f 1728/10148/3074 1734/10149/3073 1726/10150/3072
f 1735/10151/3075 1745/10152/3080 1728/10153/3074
f 1745/10154/3080 1734/10155/3073 1728/10156/3074
f 1730/10157/3076 1747/10158/3081 1735/10159/3075
f 1747/10160/3081 1745/10161/3080 1735/10162/3075
f 1731/10163/3077 1746/10164/3082 1730/10165/3076
f 1746/10166/3082 1747/10167/3081 1730/10168/3076
f 1738/10169/3078 1736/10170/3083 1731/10171/3077
f 1736/10172/3083 1746/10173/3082 1731/10174/3077
f 1740/10175/3079 1737/10176/3084 1738/10177/3078
f 1737/10178/3084 1736/10179/3083 1738/10180/3078
f 1739/10181/2663 1741/10182/3085 1740/10183/3079
f 1741/10184/3085 1737/10185/3084 1740/10186/3079
f 1742/10187/2647 1741/10188/3085 1739/10189/2663
f 1751/10190/3086 1743/10191/2967 1734/10192/3073
f 1745/10193/3080 1751/10194/3086 1734/10195/3073
f 1760/10196/3087 1743/10197/2967 1751/10198/3086
f 1762/10199/519 1743/10200/2967 1760/10201/3087
f 1747/10202/3081 1744/10203/3088 1745/10204/3080
f 1744/10205/3088 1751/10206/3086 1745/10207/3080
f 1746/10208/3082 1748/10209/3089 1747/10210/3081
f 1748/10211/3089 1744/10212/3088 1747/10213/3081
f 1736/10214/3083 1749/10215/3090 1746/10216/3082
f 1749/10217/3090 1748/10218/3089 1746/10219/3082
f 1737/10220/3084 1753/10221/3091 1736/10222/3083
f 1753/10223/3091 1749/10224/3090 1736/10225/3083
f 1741/10226/3085 1755/10227/3092 1737/10228/3084
f 1755/10229/3092 1753/10230/3091 1737/10231/3084
f 1742/10232/2647 1750/10233/3093 1741/10234/3085
f 1750/10235/3093 1755/10236/3092 1741/10237/3085
f 1758/10238/2631 1750/10239/3093 1742/10240/2647
f 1744/10241/3088 1760/10242/3087 1751/10243/3086
f 1748/10244/3089 1763/10245/3094 1744/10246/3088
f 1763/10247/3094 1760/10248/3087 1744/10249/3088
f 1749/10250/3090 1752/10251/3095 1748/10252/3089
f 1752/10253/3095 1763/10254/3094 1748/10255/3089
f 1753/10256/3091 1754/10257/3096 1749/10258/3090
f 1754/10259/3096 1752/10260/3095 1749/10261/3090
f 1755/10262/3092 1766/10263/3097 1753/10264/3091
f 1766/10265/3097 1754/10266/3096 1753/10267/3091
f 1750/10268/3093 1756/10269/3098 1755/10270/3092
f 1756/10271/3098 1766/9996/3097 1755/10272/3092
f 1758/10273/2631 1767/10274/3099 1750/10275/3093
f 1767/10276/3099 1756/10277/3098 1750/10278/3093
f 1757/10279/2615 1767/10280/3099 1758/10281/2631
f 1759/10282/3100 1762/10283/519 1760/1602/3087
f 1763/10284/3094 1759/10285/3100 1760/10286/3087
f 1761/10287/703 1762/10288/519 1759/2795/3100
f 1752/10289/3095 1764/10290/1102 1763/10291/3094
f 1764/10292/1102 1759/10293/3100 1763/10294/3094
f 1754/10295/3096 568/10296/1101 1752/10297/3095
f 568/10298/1101 1764/10299/1102 1752/10300/3095
f 1766/10301/3097 1765/10302/1168 1754/10303/3096
f 1765/10304/1168 568/10305/1101 1754/10306/3096
f 1756/10307/3098 634/10308/1301 1766/10309/3097
f 634/10310/1301 1765/10311/1168 1766/10312/3097
f 1767/10313/3099 1769/10314/1502 1756/10315/3098
f 1769/10316/1502 634/10317/1301 1756/10318/3098
f 1757/10319/2615 1768/10320/3101 1767/10321/3099
f 1768/10322/3101 1769/10323/1502 1767/10324/3099
f 1771/10325/2599 1768/10326/3101 1757/10327/2615
f 1764/10328/1102 1761/10329/703 1759/10330/3100
f 1768/10331/3101 852/10332/1501 1769/10333/1502
f 1771/10334/2599 1770/10335/1777 1768/10336/3101
f 1770/10337/1777 852/10338/1501 1768/10339/3101
f 1266/10340/1969 1770/10341/1777 1771/10342/2599
f 1773/10343/3102 1772/10344/3103 1775/10345/3104
f 1776/10346/3105 1772/10347/3103 1773/10348/3102
f 1773/10349/3102 1775/10350/3104 1778/10351/3106
f 1783/9314/3107 1776/10352/3105 1773/10353/3102
f 1774/10354/802 1773/10355/3102 1778/10356/3106
f 1783/10357/3107 1773/10358/3102 1774/10359/802
f 1772/10360/3103 1786/10361/3108 1775/10362/3104
f 1776/10363/3105 1777/10364/3109 1772/10365/3103
f 1772/10366/3103 1785/10367/3110 1786/10368/3108
f 1777/10369/3109 1787/10370/3111 1772/10371/3103
f 1772/10372/3103 1787/10373/3111 1785/10374/3110
f 1778/10375/3106 1775/10376/3104 1781/10377/3112
f 1775/10378/3104 1786/10379/3108 1791/10380/343
f 1781/10381/3112 1775/10382/3104 1791/10383/343
f 1782/10384/3113 1776/10385/3105 1783/10386/3107
f 1805/10387/3114 1777/10388/3109 1776/10389/3105
f 1805/10390/3114 1776/10391/3105 1782/10392/3113
f 1774/10393/802 1778/10394/3106 1779/10395/803
f 1780/10396/662 1778/10397/3106 1781/10398/3112
f 1779/10399/803 1778/10400/3106 1780/10401/662
f 384/10402/801 1783/10403/3107 1774/10404/802
f 1784/10405/3115 1782/10406/3113 1783/10407/3107
f 1784/10408/3115 1783/10409/3107 1915/10410/3116
f 1915/10411/3116 1783/10412/3107 384/10413/801
f 1786/10414/3108 1785/10415/3110 1790/10416/3117
f 1791/10417/343 1786/10418/3108 157/10419/192
f 1786/10420/3108 1790/10421/3117 157/10422/192
f 1777/10423/3109 1796/10424/3118 1787/10425/3111
f 1805/10426/3114 1796/10427/3118 1777/10428/3109
f 1787/10429/3111 1963/10430/3119 1785/10431/3110
f 1796/10432/3118 1788/10433/3120 1787/10434/3111
f 1787/10435/3111 1788/10436/3120 1789/10437/3121
f 1787/10438/3111 1789/10439/3121 1963/10440/3119
f 1785/10441/3110 1963/10442/3119 64/10443/3122
f 1785/10444/3110 64/10445/3122 1790/10446/3117
f 1781/10447/3112 1791/10448/343 1792/10449/3123
f 309/10450/644 1781/10451/3112 1792/10452/3123
f 1780/10453/662 1781/10454/3112 309/10455/644
f 1793/10456/3124 1794/10457/3125 1798/10458/3126
f 1794/10459/3125 1793/10460/3124 1800/10461/3127
f 1798/10462/3126 1797/10463/3128 1793/10464/3124
f 1793/10465/3124 1795/10466/3129 1800/10467/3127
f 1793/10468/3124 1797/10469/3128 1795/10470/3129
f 1798/10471/3126 1794/10472/3125 1803/10473/3130
f 1794/10474/3125 1800/10475/3127 1788/10476/3120
f 1803/10477/3130 1794/10478/3125 1806/10479/3131
f 1794/10480/3125 1796/10481/3118 1806/10482/3131
f 1796/10483/3118 1794/10484/3125 1788/10485/3120
f 1797/10486/3128 1798/10487/3126 1808/10488/3132
f 1798/10489/3126 1803/10490/3130 1811/10491/3133
f 1808/10492/3132 1798/10493/3126 1811/10494/3133
f 1800/10495/3127 1795/10496/3129 1799/10497/3134
f 1788/10498/3120 1800/10499/3127 1807/10500/3135
f 1800/10501/3127 1799/10502/3134 1807/10503/3135
f 1797/10504/3128 1812/10505/3136 1795/10506/3129
f 1808/10507/3132 1801/10508/3137 1797/10509/3128
f 1797/10510/3128 1801/10511/3137 1812/10512/3136
f 1795/10513/3129 1812/10514/3136 1802/10515/3138
f 1795/10516/3129 1802/10517/3138 1814/10518/3139
f 1795/10519/3129 1814/10520/3139 1799/10521/3134
f 1803/10522/3130 1806/10523/3131 1804/10524/3140
f 1811/10525/3133 1803/10526/3130 1804/10527/3140
f 1806/10528/3131 1796/10529/3118 1805/10530/3114
f 1806/10531/3131 1805/10532/3114 1830/10533/3141
f 1804/10534/3140 1806/10535/3131 1830/10536/3141
f 1788/10537/3120 1807/10538/3135 1789/10539/3121
f 1810/10540/3142 1808/10541/3132 1811/10542/3133
f 1801/10543/3137 1808/10544/3132 1809/10545/3143
f 1809/10546/3143 1808/10547/3132 1810/10548/3142
f 1811/10549/3133 1804/10550/3140 1877/10551/3144
f 1810/10552/3142 1811/10553/3133 1877/10554/3144
f 1801/10555/3137 1826/10556/3145 1812/10557/3136
f 1802/10558/3138 1812/10559/3136 215/10560/461
f 1812/10561/3136 1813/10562/3146 215/10563/461
f 1812/10564/3136 1826/10565/3145 1813/10566/3146
f 1801/10567/3137 1842/10568/3147 1826/10569/3145
f 1809/10570/3143 1842/10571/3147 1801/10572/3137
f 1802/10573/3138 215/10574/461 1814/10575/3139
f 1799/10576/3134 1814/10577/3139 1816/10578/3148
f 1814/10579/3139 215/10580/461 1815/10581/3149
f 1814/10582/3139 1815/10583/3149 1816/10584/3148
f 1799/10585/3134 1816/10586/3148 1962/10587/3150
f 1807/10588/3135 1799/10589/3134 1962/10590/3150
f 309/10591/644 1792/10592/3123 260/10593/637
f 649/10594/1321 667/10595/1357 1817/4380/3151
f 1817/10596/3151 667/10597/1357 921/10598/1916
f 1838/10599/3152 649/10600/1321 1817/10601/3151
f 1838/10602/3152 650/10603/1272 649/10604/1321
f 1817/10605/3151 921/10606/1916 1138/10607/2405
f 1138/10608/2405 921/10609/1916 922/10610/1923
f 1837/10611/2403 1817/10612/3151 1138/10613/2405
f 1837/10614/2403 1838/10615/3152 1817/10616/3151
f 1186/10617/2400 1138/10618/2405 922/10619/1923
f 1184/10620/2472 922/10621/1923 1818/10622/1924
f 1186/10623/2400 922/10624/1923 1184/10625/2472
f 1819/10626/2413 1145/10627/1979 1820/10628/1929
f 1819/10629/2413 1820/10630/1929 1822/10631/3153
f 1819/10632/2413 1822/10633/3153 1821/10634/3154
f 1146/10635/2412 1819/10636/2413 1821/10637/3154
f 1820/10638/1929 748/10639/1532 1822/10640/3153
f 1822/10641/3153 748/10642/1532 654/10643/1337
f 1822/10644/3153 654/10645/1337 1823/10646/3155
f 1821/10647/3154 1822/10648/3153 1823/10649/3155
f 1823/10650/3155 654/10651/1337 1835/10652/1338
f 236/10653/504 1824/10654/468 1825/10655/3156
f 522/10656/1084 236/10657/504 1825/10658/3156
f 1825/10659/3156 1824/10660/468 214/10661/460
f 1826/10662/3145 522/10663/1084 1825/10664/3156
f 1825/10665/3156 214/10666/460 1813/10667/3146
f 1826/10668/3145 1825/10669/3156 1813/10670/3146
f 1829/10671/3157 522/10672/1084 1826/10673/3145
f 1827/10674/3158 524/10675/1083 522/10676/1084
f 1829/10677/3157 1827/10678/3158 522/10679/1084
f 1813/10680/3146 214/10681/460 215/10682/461
f 215/10683/461 1828/10684/462 1815/10685/3149
f 1842/10686/3147 1829/10687/3157 1826/10688/3145
f 1830/10689/3141 1805/10690/3114 1782/10691/3113
f 1804/10692/3140 1830/10693/3141 1880/10694/3159
f 1830/10695/3141 1782/10696/3113 1908/10697/3160
f 1880/10698/3159 1830/10699/3141 1908/10700/3160
f 1877/10701/3144 1804/10702/3140 1880/10703/3159
f 1908/10704/3160 1782/10705/3113 1784/10706/3115
f 1146/10707/2412 1821/10708/3154 1831/10709/3161
f 1849/10710/2414 1146/10711/2412 1831/10712/3161
f 1821/10713/3154 1823/10714/3155 1832/10715/3162
f 1831/10716/3161 1821/10717/3154 1832/10718/3162
f 1823/10719/3155 1835/10720/1338 1833/3831/3163
f 1832/10721/3162 1823/10722/3155 1833/10723/3163
f 1835/10724/1338 581/10725/1187 1834/10726/3164
f 1833/10727/3163 1835/10728/1338 1834/10729/3164
f 581/10730/1187 1836/10731/1109 1840/10732/3165
f 1834/10733/3164 581/10734/1187 1840/10735/3165
f 1836/10736/1109 524/10737/1083 1827/10738/3158
f 1840/10739/3165 1836/10740/1109 1827/10741/3158
f 1961/10742/2404 1838/10743/3152 1837/10608/2403
f 1959/10744/3166 650/10745/1272 1838/10746/3152
f 1961/10747/2404 1959/10748/3166 1838/10749/3152
f 1959/10750/3166 619/10751/1260 650/10752/1272
f 1839/10753/3167 1827/10754/3158 1829/10755/3157
f 1839/10756/3167 1840/10757/3165 1827/10758/3158
f 1839/10759/3167 1829/10760/3157 1842/10761/3147
f 1843/10762/3168 1840/10763/3165 1839/10764/3167
f 1834/10765/3164 1840/10766/3165 1843/10767/3168
f 1843/10768/3168 1839/10769/3167 1841/10770/3169
f 1841/10771/3169 1839/10772/3167 1842/10773/3147
f 1846/10774/3170 1834/10775/3164 1843/10776/3168
f 1833/10777/3163 1834/10778/3164 1846/10779/3170
f 1846/10780/3170 1843/10781/3168 1847/10782/3171
f 1847/10783/3171 1843/10784/3168 1841/10785/3169
f 1844/10786/3172 1833/10787/3163 1846/10788/3170
f 1832/10789/3162 1833/10790/3163 1844/10791/3172
f 1844/10792/3172 1846/10793/3170 1845/10794/3173
f 1845/10795/3173 1846/10796/3170 1847/10797/3171
f 1850/10798/3174 1832/10799/3162 1844/10800/3172
f 1831/10801/3161 1832/10802/3162 1850/10803/3174
f 1850/10804/3174 1844/10805/3172 1848/10806/3175
f 1848/10807/3175 1844/10808/3172 1845/10809/3173
f 1852/10810/3176 1831/10811/3161 1850/10812/3174
f 1849/10813/2414 1831/10814/3161 1852/10815/3176
f 1852/10816/3176 1850/10817/3174 1851/10818/3177
f 1851/10819/3177 1850/10820/3174 1848/10821/3175
f 1853/10822/2466 1849/10823/2414 1852/10824/3176
f 1180/10825/2385 1849/10826/2414 1853/10827/2466
f 1853/10828/2466 1852/10829/3176 1856/10830/3178
f 1856/10831/3178 1852/10832/3176 1851/10833/3177
f 1859/10834/2464 1853/10835/2466 1856/10836/3178
f 1861/10837/3179 1841/10838/3169 1842/10839/3147
f 1861/10840/3179 1842/10841/3147 1809/10842/3143
f 1847/10843/3171 1841/10844/3169 1861/10845/3179
f 1854/10846/3180 1845/10847/3173 1847/10848/3171
f 1854/10849/3180 1847/10850/3171 1861/10851/3179
f 1848/10852/3175 1845/10853/3173 1855/10854/3181
f 1855/10855/3181 1845/10856/3173 1854/10857/3180
f 1851/10858/3177 1848/10859/3175 1858/10860/3182
f 1858/10861/3182 1848/10862/3175 1855/10863/3181
f 1856/10864/3178 1851/10865/3177 1857/10866/3183
f 1857/10867/3183 1851/10868/3177 1858/10869/3182
f 1859/10870/2464 1856/10871/3178 1860/10872/3184
f 1860/10873/3184 1856/10874/3178 1857/10875/3183
f 1178/10876/2465 1859/10877/2464 1860/10878/3184
f 1861/10879/3179 1809/10880/3143 1862/10881/3185
f 1854/10882/3180 1861/10883/3179 1862/10884/3185
f 1809/10885/3143 1810/10886/3142 1862/10887/3185
f 1855/10888/3181 1854/10889/3180 1866/10890/3186
f 1854/10891/3180 1862/10892/3185 1866/10893/3186
f 1858/10894/3182 1855/10895/3181 1863/10896/3187
f 1855/10897/3181 1866/10898/3186 1863/10899/3187
f 1857/10900/3183 1858/10901/3182 1868/10902/3188
f 1858/10903/3182 1863/10904/3187 1868/10905/3188
f 1860/10906/3184 1857/10907/3183 1864/10908/3189
f 1857/10909/3183 1868/10910/3188 1864/10911/3189
f 1178/10912/2465 1860/10913/3184 1870/10914/3190
f 1860/10915/3184 1864/10916/3189 1870/10917/3190
f 1178/10918/2465 1870/10919/3190 1229/10920/2534
f 1862/10921/3185 1865/10922/3191 1866/10923/3186
f 1862/10924/3185 1810/10925/3142 1865/10926/3191
f 1863/10927/3187 1866/10928/3186 1871/10929/3192
f 1866/10930/3186 1865/10931/3191 1871/10932/3192
f 1868/10933/3188 1863/10934/3187 1867/10935/3193
f 1863/10936/3187 1871/10937/3192 1867/10938/3193
f 1864/10939/3189 1868/10940/3188 1873/10941/3194
f 1868/10942/3188 1867/10943/3193 1873/10944/3194
f 1870/10945/3190 1864/10946/3189 1869/10947/3195
f 1864/10948/3189 1873/10949/3194 1869/10950/3195
f 1229/10951/2534 1870/10952/3190 1875/10953/3196
f 1870/10954/3190 1869/10955/3195 1875/10956/3196
f 1229/10957/2534 1875/10958/3196 1224/10959/2531
f 1865/10960/3191 1810/10961/3142 1872/10962/3197
f 1810/10963/3142 1877/10964/3144 1872/10965/3197
f 1871/10966/3192 1865/10967/3191 1872/10968/3197
f 1871/10969/3192 1882/10970/3198 1867/10971/3193
f 1871/10972/3192 1872/10973/3197 1882/10974/3198
f 1873/10975/3194 1867/10976/3193 1881/10977/3199
f 1867/10978/3193 1882/10979/3198 1881/10980/3199
f 1869/10981/3195 1873/10982/3194 1874/10983/3200
f 1873/10984/3194 1881/10985/3199 1874/10986/3200
f 1875/10987/3196 1869/10988/3195 1887/10989/3201
f 1869/10990/3195 1874/10991/3200 1887/10992/3201
f 1224/10993/2531 1875/10994/3196 1886/10995/3202
f 1875/10996/3196 1887/10997/3201 1886/10998/3202
f 1224/10999/2531 1886/11000/3202 1876/10611/2525
f 1872/11001/3197 1877/11002/3144 1878/11003/3203
f 1872/11004/3197 1878/11005/3203 1882/11006/3198
f 1878/11007/3203 1877/11008/3144 1879/11009/3204
f 1879/11010/3204 1877/11011/3144 1880/11012/3159
f 1881/11013/3199 1882/11014/3198 1884/11015/3205
f 1882/11016/3198 1878/11017/3203 1884/11018/3205
f 1874/11019/3200 1881/11020/3199 1883/11021/3206
f 1881/11022/3199 1884/11023/3205 1883/11024/3206
f 1887/11025/3201 1874/11026/3200 1885/11027/3207
f 1874/11028/3200 1883/11029/3206 1885/11030/3207
f 1886/11031/3202 1887/11032/3201 1888/11033/3208
f 1887/11034/3201 1885/11035/3207 1888/11036/3208
f 1876/11037/2525 1886/11038/3202 1890/11039/3209
f 1886/11040/3202 1888/11041/3208 1890/11042/3209
f 1876/11043/2525 1890/11044/3209 1206/11045/2514
f 1878/11046/3203 1879/11047/3204 1884/11048/3205
f 1883/11049/3206 1884/11050/3205 1889/11051/3210
f 1884/11052/3205 1879/11053/3204 1889/11054/3210
f 1885/11055/3207 1883/11056/3206 1893/11057/3211
f 1883/11058/3206 1889/11059/3210 1893/11060/3211
f 1888/11061/3208 1885/11062/3207 1895/11063/3212
f 1885/11064/3207 1893/11065/3211 1895/11066/3212
f 1890/11067/3209 1888/11068/3208 1898/11069/3213
f 1888/11070/3208 1895/11071/3212 1898/11072/3213
f 1206/11073/2514 1890/11074/3209 1891/11075/3214
f 1890/11076/3209 1898/11077/3213 1891/11078/3214
f 1206/11079/2514 1891/11080/3214 1899/11081/2429
f 1879/11082/3204 1880/11083/3159 1892/11084/3215
f 1889/11085/3210 1879/11086/3204 1892/11087/3215
f 1880/11088/3159 1908/11089/3160 1892/11090/3215
f 1893/11091/3211 1889/11092/3210 1894/11093/3216
f 1889/11094/3210 1892/11095/3215 1894/11096/3216
f 1895/11097/3212 1893/11098/3211 1900/11099/3217
f 1893/11100/3211 1894/11101/3216 1900/11102/3217
f 1898/11103/3213 1895/11104/3212 1896/11105/3218
f 1895/11106/3212 1900/11107/3217 1896/11108/3218
f 1891/11109/3214 1898/11110/3213 1897/11111/3219
f 1898/11112/3213 1896/11113/3218 1897/11114/3219
f 1899/11115/2429 1891/11116/3214 1905/11117/3220
f 1891/11118/3214 1897/11119/3219 1905/11120/3220
f 1899/11121/2429 1905/11122/3220 1158/11123/2428
f 1892/11124/3215 1906/10768/3221 1894/10770/3216
f 1892/11125/3215 1908/11126/3160 1906/11127/3221
f 1900/11128/3217 1894/11129/3216 1901/11130/3222
f 1894/11131/3216 1906/11132/3221 1901/11133/3222
f 1896/11134/3218 1900/11135/3217 1902/11136/3223
f 1900/11137/3217 1901/11138/3222 1902/11139/3223
f 1897/11140/3219 1896/11141/3218 1903/11142/3224
f 1896/11143/3218 1902/11144/3223 1903/11145/3224
f 1905/10752/3220 1897/11146/3219 1904/11147/3225
f 1897/11148/3219 1903/11149/3224 1904/11150/3225
f 1158/11151/2428 1905/11152/3220 1911/11153/3226
f 1905/11154/3220 1904/11155/3225 1911/11156/3226
f 1158/11157/2428 1911/11158/3226 1912/11159/2430
f 1906/11160/3221 1908/11161/3160 1907/11162/3227
f 1907/11163/3227 1908/11164/3160 1784/11165/3115
f 1901/11166/3222 1906/11167/3221 1907/11168/3227
f 1901/11169/3222 1909/11170/3228 1902/11171/3223
f 1901/11172/3222 1907/11173/3227 1909/11174/3228
f 1903/11175/3224 1902/11176/3223 1910/11177/3229
f 1902/11178/3223 1909/11179/3228 1910/11180/3229
f 1904/11181/3225 1903/11182/3224 1918/11183/3230
f 1903/11184/3224 1910/11185/3229 1918/11186/3230
f 1911/11187/3226 1904/11188/3225 1919/11189/3231
f 1904/11190/3225 1918/11191/3230 1919/11192/3231
f 1912/11193/2430 1911/11194/3226 1913/11195/3232
f 1911/11196/3226 1919/11197/3231 1913/11198/3232
f 1165/11199/2322 1912/11200/2430 1922/11201/2442
f 1912/11202/2430 1913/11203/3232 1922/11204/2442
f 1907/11205/3227 1784/11206/3115 1917/11207/3233
f 1907/11208/3227 1917/11209/3233 1909/11210/3228
f 1917/11211/3233 1784/11212/3115 1914/11213/3234
f 1914/11214/3234 1784/11215/3115 1915/11216/3116
f 1910/11217/3229 1909/11218/3228 1916/11219/3235
f 1909/11220/3228 1917/11221/3233 1916/11222/3235
f 1918/11223/3230 1910/11224/3229 1920/11225/3236
f 1910/11226/3229 1916/11227/3235 1920/11228/3236
f 1919/11229/3231 1918/11230/3230 1921/11231/3237
f 1918/11232/3230 1920/11233/3236 1921/11234/3237
f 1913/11235/3232 1919/11236/3231 1924/11237/3238
f 1919/11238/3231 1921/11239/3237 1924/11240/3238
f 1922/11241/2442 1913/11242/3232 1926/11243/3239
f 1913/11244/3232 1924/11245/3238 1926/11246/3239
f 1922/11247/2442 1926/11248/3239 1925/11249/2440
f 1917/11250/3233 1914/11251/3234 1916/11252/3235
f 1920/11253/3236 1916/11254/3235 1928/11255/3240
f 1916/11256/3235 1914/11257/3234 1928/11258/3240
f 1921/11259/3237 1920/11260/3236 1923/11261/3241
f 1920/11262/3236 1928/11263/3240 1923/11264/3241
f 1924/11265/3238 1921/11266/3237 1930/11267/3242
f 1921/11268/3237 1923/11269/3241 1930/11270/3242
f 1926/11271/3239 1924/11272/3238 1933/11273/3243
f 1924/11274/3238 1930/11275/3242 1933/11276/3243
f 1925/11277/2440 1926/11278/3239 1932/11279/3244
f 1926/11280/3239 1933/11281/3243 1932/11282/3244
f 1925/11283/2440 1932/11284/3244 1934/11285/2441
f 1914/11286/3234 1915/11287/3116 1927/11288/3245
f 1928/11289/3240 1914/11290/3234 1927/11291/3245
f 1915/11292/3116 384/11293/801 1927/11294/3245
f 1923/11295/3241 1928/11296/3240 1929/11297/3246
f 1928/11298/3240 1927/11299/3245 1929/11300/3246
f 1930/11301/3242 1923/11302/3241 1939/11303/3247
f 1923/11304/3241 1929/11305/3246 1939/11306/3247
f 1933/11063/3243 1930/11307/3242 1931/11308/3248
f 1930/11309/3242 1939/11310/3247 1931/11311/3248
f 1932/11312/3244 1933/11313/3243 1936/11314/3249
f 1933/11315/3243 1931/11316/3248 1936/11317/3249
f 1934/10749/2441 1932/11318/3244 1935/10747/3250
f 1932/11319/3244 1936/11320/3249 1935/11321/3250
f 1934/11322/2441 1935/11323/3250 1209/11324/2516
f 1927/11325/3245 1937/11326/3251 1929/11327/3246
f 1927/11328/3245 384/11329/801 1937/11330/3251
f 1939/11331/3247 1929/11332/3246 1938/11333/3252
f 1929/11334/3246 1937/11335/3251 1938/11336/3252
f 1931/11337/3248 1939/11338/3247 1940/11339/3253
f 1939/11340/3247 1938/11341/3252 1940/11342/3253
f 1936/10902/3249 1931/11343/3248 1943/11344/3254
f 1931/11345/3248 1940/11346/3253 1943/11347/3254
f 1935/11348/3250 1936/11349/3249 1944/11350/3255
f 1936/11351/3249 1943/11352/3254 1944/11353/3255
f 1209/11354/2516 1935/11355/3250 1941/11356/3256
f 1935/11357/3250 1944/11358/3255 1941/11359/3256
f 1209/11360/2516 1941/11361/3256 1942/11362/2526
f 1937/11363/3251 384/11364/801 383/11365/804
f 1938/11366/3252 1937/11367/3251 383/11368/804
f 1940/11369/3253 1938/11370/3252 1948/11371/3257
f 1938/11372/3252 383/11373/804 1948/11374/3257
f 1943/11375/3254 1940/11376/3253 1949/11377/3258
f 1940/11378/3253 1948/11379/3257 1949/11380/3258
f 1944/11381/3255 1943/11382/3254 1952/11383/3259
f 1943/11384/3254 1949/11385/3258 1952/11386/3259
f 1941/10818/3256 1944/11387/3255 1945/10816/3260
f 1944/11388/3255 1952/11389/3259 1945/11390/3260
f 1942/11391/2526 1941/11392/3256 1946/11393/3261
f 1941/11394/3256 1945/11395/3260 1946/11396/3261
f 1942/11397/2526 1946/11398/3261 1947/11399/2453
f 383/11400/804 395/11401/800 1948/11402/3257
f 1949/11403/3258 1948/11404/3257 1950/11405/961
f 1948/11406/3257 395/11407/800 1950/11408/961
f 1952/11409/3259 1949/11410/3258 1951/11411/1077
f 1949/11024/3258 1950/11412/961 1951/11413/1077
f 1945/11414/3260 1952/11415/3259 551/11416/1140
f 1952/11417/3259 1951/11418/1077 551/11419/1140
f 1946/11420/3261 1945/11421/3260 1954/11422/3262
f 1945/11423/3260 551/11424/1140 1954/11425/3262
f 1947/11426/2453 1946/11427/3261 1953/11428/3263
f 1946/11429/3261 1954/11430/3262 1953/11431/3263
f 1947/11432/2453 1953/11433/3263 1957/11434/2452
f 1954/11435/3262 551/11436/1140 1955/11437/1139
f 1953/11438/3263 1954/11439/3262 1956/11440/1261
f 1954/11441/3262 1955/11442/1139 1956/11443/1261
f 1957/11444/2452 1953/11445/3263 1958/11446/3264
f 1953/11447/3263 1956/11448/1261 1958/11449/3264
f 1957/11450/2452 1958/11451/3264 1171/11452/2454
f 1958/11453/3264 1956/11454/1261 619/11455/1260
f 1171/11456/2454 1958/11457/3264 1959/11458/3166
f 1958/11459/3264 619/11460/1260 1959/11461/3166
f 1960/11462/2353 1171/11463/2454 1961/11464/2404
f 1171/10613/2454 1959/11465/3166 1961/11466/2404
f 1807/11467/3135 1962/5157/3150 1789/11468/3121
f 1789/11469/3121 1962/11470/3150 1964/11471/3265
f 1963/11472/3119 1789/11473/3121 1964/11474/3265
f 1963/11475/3119 1964/11476/3265 64/11477/3122
f 1965/11478/3266 1968/11479/3267 1970/11480/3268
f 1966/11481/3269 1968/11482/3267 1965/11483/3266
f 1969/11484/3270 1965/11485/3266 1970/11486/3268
f 1973/11487/3271 1966/11488/3269 1965/11489/3266
f 1969/11490/3270 1974/11491/3272 1965/11492/3266
f 1973/11493/3271 1965/11494/3266 1972/11495/3273
f 1974/11496/3272 1972/11497/3273 1965/11498/3266
f 1968/11499/3267 1976/11500/3274 1970/11501/3268
f 1967/11502/3275 1968/11503/3267 1966/11504/3269
f 1978/11505/3276 1976/11506/3274 1968/11507/3267
f 1967/11508/3275 1978/11509/3276 1968/11510/3267
f 126/11511/280 1969/11512/3270 1970/11513/3268
f 1979/11514/3277 1970/11515/3268 1976/11516/3274
f 140/11517/302 1970/11518/3268 1979/11519/3277
f 126/11520/280 1970/11521/3268 140/11522/302
f 1973/11523/3271 1971/11524/3278 1966/11525/3269
f 1971/11526/3278 1967/11527/3275 1966/11528/3269
f 125/11529/278 1974/11530/3272 1969/11531/3270
f 126/11532/280 125/11533/278 1969/11534/3270
f 1972/11535/3273 1982/11536/3279 1973/11537/3271
f 1982/11538/3279 1983/11539/3280 1973/11540/3271
f 1983/11541/3280 1985/11542/3281 1973/11543/3271
f 1985/11544/3281 1971/11545/3278 1973/11546/3271
f 1974/11547/3272 121/11548/279 1972/11549/3273
f 135/11550/294 1982/11551/3279 1972/11552/3273
f 121/11553/279 135/11554/294 1972/11555/3273
f 125/11556/278 121/11557/279 1974/11558/3272
f 1978/11559/3276 1975/11560/3282 1976/11561/3274
f 1977/11562/3283 1979/11563/3277 1976/11564/3274
f 1975/11565/3282 1977/11566/3283 1976/11567/3274
f 2040/11568/3284 1978/11569/3276 1967/11570/3275
f 1978/11571/3276 2027/11572/3285 1975/11573/3282
f 2040/11574/3284 2027/11575/3285 1978/11576/3276
f 1971/11577/3278 2048/11578/3286 1967/11579/3275
f 2048/11580/3286 2040/11581/3284 1967/11582/3275
f 142/11583/303 140/11584/302 1979/11585/3277
f 142/11586/303 1979/11587/3277 1977/11588/3283
f 286/11589/425 1980/11590/427 1981/11591/698
f 1980/11592/427 142/11593/303 1981/11594/698
f 1981/11595/698 142/11596/303 1977/11597/3283
f 1981/11598/698 1977/11599/3283 354/11600/727
f 354/11601/727 1977/11602/3283 1975/11603/3282
f 1975/11604/3282 2010/11605/820 354/11606/727
f 373/11607/726 354/11608/727 2010/11609/820
f 2027/11610/3285 2010/11611/820 1975/11612/3282
f 1982/11613/3279 1987/11614/3287 1983/11615/3280
f 135/11616/294 1986/11617/3288 1982/11618/3279
f 1986/11619/3288 1987/11620/3287 1982/11621/3279
f 1984/11622/3289 1985/11623/3281 1983/11624/3280
f 1987/11625/3287 2093/11626/3290 1983/11627/3280
f 2093/11628/3290 1984/11629/3289 1983/11630/3280
f 1985/11631/3281 2057/11632/3291 1971/11633/3278
f 2057/11634/3291 2048/11635/3286 1971/11636/3278
f 1984/11637/3289 2057/11638/3291 1985/11639/3281
f 148/11640/307 1986/11641/3288 135/11642/294
f 148/11643/307 147/11644/311 1986/11645/3288
f 1986/11646/3288 1988/11647/3292 1987/11648/3287
f 147/11649/311 1990/11650/3293 1986/11651/3288
f 1986/11652/3288 1990/11653/3293 1988/11654/3292
f 2093/11655/3290 1987/11656/3287 1988/11657/3292
f 218/11658/465 1990/11659/3293 147/11660/311
f 1990/11661/3293 1989/11662/3294 1988/11663/3292
f 2126/11664/3295 1990/11665/3293 218/11666/465
f 2126/11667/3295 1989/11668/3294 1990/11669/3293
f 1989/11670/3294 2093/11671/3290 1988/11672/3292
f 2128/11673/523 2126/11674/3295 218/11675/465
f 1992/11676/1885 903/11677/1280 626/11678/1282
f 1991/11679/1933 1992/11680/1885 1995/11681/3296
f 1992/11682/1885 626/11683/1282 1995/11684/3296
f 1015/11685/2123 1991/11686/1933 1993/11687/3297
f 1991/11688/1933 1995/11689/3296 1993/11690/3297
f 1015/11691/2123 1993/11692/3297 1994/11693/2569
f 1995/11694/3296 626/11695/1282 1997/11696/3298
f 626/11697/1282 1996/11698/1200 1997/11699/3298
f 1993/11700/3297 1995/11701/3296 2000/11702/3299
f 1995/11703/3296 1997/11704/3298 2000/11705/3299
f 1994/11706/2569 1993/11707/3297 1999/11708/3300
f 1993/11709/3297 2000/11710/3299 1999/11711/3300
f 1994/11712/2569 1999/11713/3300 1274/11714/2583
f 1997/11715/3298 1996/11716/1200 1998/11717/3301
f 1996/11718/1200 2003/11719/1159 1998/11720/3301
f 1997/11721/3298 2005/11722/3302 2000/11723/3299
f 1997/11724/3298 1998/11725/3301 2005/11726/3302
f 1999/11727/3300 2000/11728/3299 2001/11729/3303
f 2000/11730/3299 2005/11731/3302 2001/11732/3303
f 1274/11733/2583 1999/11734/3300 2002/11735/3304
f 1999/11736/3300 2001/11737/3303 2002/11738/3304
f 1274/11739/2583 2002/11740/3304 2008/11741/2598
f 1998/11742/3301 2003/11743/1159 2004/11744/3305
f 2003/11745/1159 2013/11746/1160 2004/11747/3305
f 1998/11748/3301 2006/11749/3306 2005/11750/3302
f 1998/11751/3301 2004/11752/3305 2006/11753/3306
f 2001/11754/3303 2005/11755/3302 2016/11756/3307
f 2005/11757/3302 2006/11758/3306 2016/11759/3307
f 2002/11760/3304 2001/11761/3303 2007/11762/3308
f 2001/11763/3303 2016/11764/3307 2007/11765/3308
f 2008/11766/2598 2002/11767/3304 2009/11768/3309
f 2002/11769/3304 2007/11770/3308 2009/11771/3309
f 2008/11772/2598 2009/11773/3309 1284/11774/2614
f 564/11775/905 2010/11776/820 2011/11777/3310
f 2012/11778/3311 2011/11779/3310 2010/11780/820
f 2012/11781/3311 2010/11782/820 2027/11783/3285
f 564/11784/905 2011/11785/3310 2013/11786/1160
f 2013/11787/1160 2014/11788/3312 2004/11789/3305
f 2013/11790/1160 2011/11791/3310 2014/11792/3312
f 2006/11793/3306 2004/11794/3305 2020/11795/3313
f 2004/11796/3305 2014/11797/3312 2020/11798/3313
f 2016/11799/3307 2006/11800/3306 2019/11801/3314
f 2006/11802/3306 2020/11803/3313 2019/11804/3314
f 2007/11805/3308 2016/11806/3307 2015/11807/3315
f 2016/11808/3307 2019/11809/3314 2015/11810/3315
f 2009/11811/3309 2007/11812/3308 2017/11813/3316
f 2007/11814/3308 2015/11815/3315 2017/11816/3316
f 1284/11817/2614 2009/11818/3309 2018/11819/3317
f 2009/11820/3309 2017/11821/3316 2018/11822/3317
f 1284/11823/2614 2018/11824/3317 2024/11825/2627
f 2012/11826/3311 2014/11827/3312 2011/11828/3310
f 2028/11829/3318 2020/11830/3313 2014/11831/3312
f 2028/11832/3318 2014/11833/3312 2012/11834/3311
f 2029/11835/3319 2019/11836/3314 2020/11837/3313
f 2029/11838/3319 2020/11839/3313 2028/11840/3318
f 2022/11841/3320 2015/11842/3315 2019/11843/3314
f 2022/11844/3320 2019/11845/3314 2029/11846/3319
f 2017/11847/3316 2015/11848/3315 2021/11849/3321
f 2021/11850/3321 2015/11851/3315 2022/11852/3320
f 2018/11853/3317 2017/11854/3316 2023/11855/3322
f 2023/11856/3322 2017/11857/3316 2021/11858/3321
f 2024/11859/2627 2018/11860/3317 2025/11861/3323
f 2025/11862/3323 2018/11863/3317 2023/11864/3322
f 2033/11865/2643 2024/11866/2627 2025/11867/3323
f 2026/11868/3324 2012/11869/3311 2027/11870/3285
f 2028/11871/3318 2012/11872/3311 2026/11873/3324
f 2034/11874/3325 2026/11875/3324 2027/11876/3285
f 2040/11877/3284 2034/11878/3325 2027/11879/3285
f 2029/11880/3319 2028/11881/3318 2036/11882/3326
f 2036/11883/3326 2028/11884/3318 2026/11885/3324
f 2022/11886/3320 2029/11887/3319 2030/11888/3327
f 2030/11889/3327 2029/11890/3319 2036/11891/3326
f 2021/11892/3321 2022/11893/3320 2031/11894/3328
f 2031/11895/3328 2022/11896/3320 2030/11897/3327
f 2023/11898/3322 2021/11899/3321 2038/11900/3329
f 2038/11901/3329 2021/11902/3321 2031/11903/3328
f 2025/11904/3323 2023/11905/3322 2032/11906/3330
f 2032/11907/3330 2023/11908/3322 2038/11909/3329
f 2033/11910/2643 2025/11911/3323 2039/11912/3331
f 2039/11913/3331 2025/11914/3323 2032/11915/3330
f 1311/11916/2659 2033/11917/2643 2039/11918/3331
f 2036/11919/3326 2026/11920/3324 2034/11921/3325
f 2035/11922/3332 2030/11923/3327 2036/11924/3326
f 2035/11925/3332 2036/11926/3326 2034/11927/3325
f 2042/11928/3333 2031/11929/3328 2030/11930/3327
f 2042/11931/3333 2030/11932/3327 2035/11933/3332
f 2038/11934/3329 2031/11935/3328 2037/11936/3334
f 2037/11937/3334 2031/11938/3328 2042/11939/3333
f 2032/4313/3330 2038/11940/3329 2043/11941/3335
f 2043/11942/3335 2038/11943/3329 2037/11944/3334
f 2039/11945/3331 2032/11946/3330 2044/11947/3336
f 2044/11948/3336 2032/11949/3330 2043/11950/3335
f 1311/11951/2659 2039/11952/3331 2045/11953/3337
f 2045/11954/3337 2039/11955/3331 2044/11956/3336
f 1319/11957/2676 1311/11958/2659 2045/11959/3337
f 2041/11960/3338 2034/11961/3325 2040/11962/3284
f 2041/11963/3338 2035/11964/3332 2034/11965/3325
f 2041/11966/3338 2040/11967/3284 2048/11968/3286
f 2042/11969/3333 2035/11970/3332 2047/11971/3339
f 2047/11972/3339 2035/11973/3332 2041/11974/3338
f 2037/11975/3334 2042/11976/3333 2050/11977/3340
f 2050/11978/3340 2042/11979/3333 2047/11980/3339
f 2043/11981/3335 2037/11982/3334 2052/11983/3341
f 2052/11984/3341 2037/11985/3334 2050/11986/3340
f 2044/11987/3336 2043/11988/3335 2054/11989/3342
f 2054/11990/3342 2043/11991/3335 2052/11992/3341
f 2045/11993/3337 2044/11994/3336 2055/11995/3343
f 2055/11996/3343 2044/11997/3336 2054/11998/3342
f 1319/11999/2676 2045/12000/3337 2046/12001/3344
f 2046/12002/3344 2045/12003/3337 2055/12004/3343
f 1339/12005/2691 1319/12006/2676 2046/12007/3344
f 2047/12008/3339 2041/12009/3338 2058/12010/3345
f 2058/12011/3345 2041/12012/3338 2048/12013/3286
f 2049/12014/3346 2050/12015/3340 2047/12016/3339
f 2049/12017/3346 2047/12018/3339 2058/12019/3345
f 2052/12020/3341 2050/12021/3340 2051/12022/3347
f 2051/12023/3347 2050/12024/3340 2049/12025/3346
f 2054/12026/3342 2052/12027/3341 2059/12028/3348
f 2059/12029/3348 2052/12030/3341 2051/12031/3347
f 2055/12032/3343 2054/12033/3342 2053/12034/3349
f 2053/12035/3349 2054/12036/3342 2059/12037/3348
f 2046/12038/3344 2055/12039/3343 2062/12040/3350
f 2062/12041/3350 2055/12042/3343 2053/12043/3349
f 1339/12044/2691 2046/12045/3344 2056/12046/3351
f 2056/12047/3351 2046/12048/3344 2062/12049/3350
f 2066/12050/2704 1339/12005/2691 2056/12051/3351
f 2067/12052/3352 2058/12053/3345 2048/12054/3286
f 2057/12055/3291 2067/12056/3352 2048/12057/3286
f 2067/12058/3352 2049/12059/3346 2058/12060/3345
f 2051/12061/3347 2049/12062/3346 2069/12063/3353
f 2069/12018/3353 2049/12064/3346 2067/12065/3352
f 2059/12066/3348 2051/12067/3347 2061/12068/3354
f 2061/12069/3354 2051/12070/3347 2069/12071/3353
f 2053/12072/3349 2059/12073/3348 2060/12074/3355
f 2060/12075/3355 2059/12076/3348 2061/12077/3354
f 2062/12078/3350 2053/12079/3349 2064/12080/3356
f 2064/12081/3356 2053/12082/3349 2060/12083/3355
f 2056/12084/3351 2062/12085/3350 2063/12086/3357
f 2063/12087/3357 2062/12088/3350 2064/12089/3356
f 2066/12090/2704 2056/12091/3351 2065/12092/3358
f 2065/12093/3358 2056/12094/3351 2063/12095/3357
f 1346/12096/2720 2066/12097/2704 2065/12098/3358
f 2068/12099/3359 2067/12100/3352 2057/12101/3291
f 2069/12102/3353 2067/12103/3352 2068/12104/3359
f 2078/12105/3360 2068/12106/3359 2057/12107/3291
f 2078/12108/3360 2057/12109/3291 1984/12110/3289
f 2069/12111/3353 2070/12112/3361 2061/12113/3354
f 2070/12114/3361 2069/12115/3353 2068/12116/3359
f 2061/12117/3354 2073/12118/3362 2060/3402/3355
f 2073/11796/3362 2061/12113/3354 2070/12112/3361
f 2060/12119/3355 2071/12120/3363 2064/12121/3356
f 2071/12122/3363 2060/12123/3355 2073/12124/3362
f 2064/12125/3356 2072/12126/3364 2063/12127/3357
f 2072/12128/3364 2064/12129/3356 2071/12130/3363
f 2063/12131/3357 2075/12132/3365 2065/12133/3358
f 2075/12134/3365 2063/12127/3357 2072/12126/3364
f 2065/12135/3358 2076/12136/3366 1346/12137/2720
f 2076/12138/3366 2065/12139/3358 2075/12140/3365
f 1359/12141/2731 1346/12137/2720 2076/12136/3366
f 2078/12142/3360 2070/12143/3361 2068/12144/3359
f 2073/12145/3362 2070/12146/3361 2074/12147/3367
f 2074/12148/3367 2070/12149/3361 2078/12150/3360
f 2071/12151/3363 2073/12152/3362 2080/12153/3368
f 2080/12154/3368 2073/12155/3362 2074/12156/3367
f 2072/12157/3364 2071/12158/3363 2083/12159/3369
f 2083/12160/3369 2071/12161/3363 2080/12162/3368
f 2075/12163/3365 2072/12164/3364 2082/12165/3370
f 2082/12166/3370 2072/12167/3364 2083/12168/3369
f 2076/12169/3366 2075/12170/3365 2085/12171/3371
f 2085/12172/3371 2075/12173/3365 2082/12174/3370
f 1359/12175/2731 2076/12176/3366 2077/12177/3372
f 2077/12178/3372 2076/12179/3366 2085/12180/3371
f 1356/12181/2730 1359/12182/2731 2077/12183/3372
f 2079/12184/3373 2078/12185/3360 1984/12186/3289
f 2074/12187/3367 2078/12188/3360 2079/12189/3373
f 2087/12190/3374 2079/12191/3373 1984/12192/3289
f 2093/12193/3290 2087/12194/3374 1984/12195/3289
f 2080/12196/3368 2074/12197/3367 2088/12198/3375
f 2088/12199/3375 2074/12200/3367 2079/12201/3373
f 2083/12202/3369 2080/12203/3368 2081/12204/3376
f 2081/12205/3376 2080/12206/3368 2088/12207/3375
f 2082/3767/3370 2083/12208/3369 2084/12209/3377
f 2084/12210/3377 2083/12211/3369 2081/12212/3376
f 2085/12213/3371 2082/12214/3370 2089/12215/3378
f 2089/12216/3378 2082/12217/3370 2084/12218/3377
f 2077/12219/3372 2085/12220/3371 2090/12221/3379
f 2090/12222/3379 2085/12223/3371 2089/12224/3378
f 1356/12225/2730 2077/12226/3372 2092/12227/3380
f 2092/12228/3380 2077/12229/3372 2090/12230/3379
f 2086/12231/2716 1356/12232/2730 2092/12233/3380
f 2087/12234/3374 2088/12235/3375 2079/12236/3373
f 2094/12237/3381 2081/12238/3376 2088/12239/3375
f 2094/12240/3381 2088/12241/3375 2087/12242/3374
f 2097/12243/3382 2084/12244/3377 2081/12245/3376
f 2097/12246/3382 2081/12247/3376 2094/12248/3381
f 2089/12249/3378 2084/12250/3377 2096/12251/3383
f 2096/12252/3383 2084/12253/3377 2097/12254/3382
f 2090/12255/3379 2089/12256/3378 2099/12257/3384
f 2099/12258/3384 2089/12259/3378 2096/12260/3383
f 2092/12261/3380 2090/12262/3379 2091/12263/3385
f 2091/12264/3385 2090/12265/3379 2099/12266/3384
f 2086/12267/2716 2092/12268/3380 2101/12269/3386
f 2101/12270/3386 2092/12271/3380 2091/12272/3385
f 1335/12273/2700 2086/12274/2716 2101/12275/3386
f 2095/12276/3387 2087/12277/3374 2093/12278/3290
f 2094/12279/3381 2087/12280/3374 2095/12281/3387
f 2108/12282/3388 2095/12283/3387 2093/12284/3290
f 1989/12285/3294 2108/12286/3388 2093/12287/3290
f 2097/12288/3382 2094/12289/3381 2104/12290/3389
f 2104/12291/3389 2094/12292/3381 2095/12293/3387
f 2096/12294/3383 2097/12295/3382 2098/12296/3390
f 2098/12297/3390 2097/12298/3382 2104/12299/3389
f 2099/12300/3384 2096/12301/3383 2100/12302/3391
f 2100/12303/3391 2096/12304/3383 2098/12305/3390
f 2091/12306/3385 2099/12307/3384 2106/12308/3392
f 2106/12309/3392 2099/12310/3384 2100/12311/3391
f 2101/12312/3386 2091/12313/3385 2102/12314/3393
f 2102/12315/3393 2091/12316/3385 2106/12317/3392
f 1335/12318/2700 2101/12319/3386 2103/12320/3394
f 2103/12321/3394 2101/12322/3386 2102/12323/3393
f 1327/12324/2687 1335/12325/2700 2103/12326/3394
f 2108/12327/3388 2104/12328/3389 2095/12329/3387
f 2109/12330/3395 2098/12331/3390 2104/12332/3389
f 2109/12333/3395 2104/12334/3389 2108/12335/3388
f 2112/12336/3396 2100/12337/3391 2098/12338/3390
f 2112/12339/3396 2098/12340/3390 2109/12341/3395
f 2111/12342/3397 2106/12343/3392 2100/12344/3391
f 2111/12345/3397 2100/12346/3391 2112/3938/3396
f 2102/12347/3393 2106/12348/3392 2105/12349/3398
f 2105/12350/3398 2106/12351/3392 2111/12352/3397
f 2103/12353/3394 2102/12354/3393 2113/12355/3399
f 2113/12356/3399 2102/12357/3393 2105/12358/3398
f 1327/12359/2687 2103/12360/3394 2107/12361/3400
f 2107/12362/3400 2103/12363/3394 2113/12364/3399
f 2116/12365/2669 1327/12366/2687 2107/12367/3400
f 2118/12368/3401 2108/12369/3388 1989/12370/3294
f 2109/12371/3395 2108/12372/3388 2118/12373/3401
f 2125/12374/3402 2118/12375/3401 1989/12376/3294
f 2125/12377/3402 1989/12378/3294 2126/12379/3295
f 2112/12380/3396 2109/12381/3395 2110/12382/3403
f 2110/12383/3403 2109/12384/3395 2118/12385/3401
f 2111/12386/3397 2112/12387/3396 2119/12388/3404
f 2119/12389/3404 2112/12390/3396 2110/12391/3403
f 2105/12392/3398 2111/12393/3397 2120/12394/3405
f 2120/12395/3405 2111/12396/3397 2119/12397/3404
f 2113/12398/3399 2105/12399/3398 2115/12400/3406
f 2115/12401/3406 2105/12402/3398 2120/12403/3405
f 2107/12404/3400 2113/12405/3399 2114/12406/3407
f 2114/12407/3407 2113/12408/3399 2115/12409/3406
f 2116/12410/2669 2107/12411/3400 2117/12412/3408
f 2117/12413/3408 2107/12414/3400 2114/12415/3407
f 1303/12416/2652 2116/12417/2669 2117/12418/3408
f 2125/12419/3402 2110/12420/3403 2118/12421/3401
f 2124/12422/3409 2119/12423/3404 2110/12424/3403
f 2124/12425/3409 2110/12426/3403 2125/12427/3402
f 2120/12428/3405 2119/12429/3404 2129/12430/3410
f 2129/12431/3410 2119/12432/3404 2124/12433/3409
f 2115/12434/3406 2120/12435/3405 2121/12436/3411
f 2121/12437/3411 2120/12438/3405 2129/12439/3410
f 2114/12440/3407 2115/12441/3406 2130/12442/3412
f 2130/12443/3412 2115/12444/3406 2121/12445/3411
f 2117/12446/3408 2114/12447/3407 2132/12448/3413
f 2132/12449/3413 2114/12450/3407 2130/12451/3412
f 1303/12452/2652 2117/12453/3408 2122/12454/3414
f 2122/12455/3414 2117/12047/3408 2132/12456/3413
f 2133/12457/2636 1303/12458/2652 2122/12459/3414
f 2123/12460/3415 2125/12461/3402 2126/12462/3295
f 2124/12463/3409 2125/12464/3402 2123/12465/3415
f 2127/12466/3416 2123/12190/3415 2126/12467/3295
f 2127/12468/3416 2126/12469/3295 2128/12470/523
f 2129/12471/3410 2124/12472/3409 2136/12473/3417
f 2136/12474/3417 2124/12475/3409 2123/12476/3415
f 2121/12477/3411 2129/12478/3410 2134/12479/3418
f 2134/12480/3418 2129/12481/3410 2136/12482/3417
f 2137/11842/3419 2130/12483/3412 2121/12484/3411
f 2137/12485/3419 2121/12486/3411 2134/12487/3418
f 2132/12488/3413 2130/12489/3412 2139/12490/3420
f 2139/12491/3420 2130/12492/3412 2137/12493/3419
f 2122/12494/3414 2132/12495/3413 2131/12496/3421
f 2131/12497/3421 2132/12498/3413 2139/12499/3420
f 2133/12500/2636 2122/12501/3414 2143/12502/3422
f 2143/12503/3422 2122/12504/3414 2131/12505/3421
f 2142/12506/2620 2133/12507/2636 2143/12508/3422
f 2127/12509/3416 2136/12510/3417 2123/12511/3415
f 2134/12512/3418 2136/12513/3417 2135/12514/3423
f 2135/12515/3423 2136/12516/3417 2127/12517/3416
f 2137/12518/3419 2134/12519/3418 2138/12520/3424
f 2138/12521/3424 2134/12522/3418 2135/12523/3423
f 2139/12524/3420 2137/12525/3419 2140/12526/3425
f 2140/12527/3425 2137/12528/3419 2138/12529/3424
f 2141/12530/3426 2131/12531/3421 2139/12532/3420
f 2141/12533/3426 2139/12534/3420 2140/12535/3425
f 2143/12536/3422 2131/12537/3421 2148/12538/3427
f 2148/12539/3427 2131/12540/3421 2141/12541/3426
f 2142/12542/2620 2143/12543/3422 2147/12544/3428
f 2147/12545/3428 2143/12546/3422 2148/12547/3427
f 1288/12548/2607 2142/12549/2620 2147/12550/3428
f 2144/12551/3429 2127/12552/3416 2128/12553/523
f 2135/12554/3423 2127/12555/3416 2144/12556/3429
f 346/12557/710 2144/12558/3429 2128/12559/523
f 2138/12560/3424 2135/12561/3423 2145/12562/1116
f 2145/12563/1116 2135/12564/3423 2144/12565/3429
f 573/12566/1115 2140/12567/3425 2138/12568/3424
f 573/12569/1115 2138/12570/3424 2145/12571/1116
f 2141/12572/3426 2140/12573/3425 2146/12574/1179
f 2146/12575/1179 2140/12576/3425 573/12577/1115
f 2148/12578/3427 2141/12579/3426 2149/12580/1315
f 2149/12581/1315 2141/12582/3426 2146/12583/1179
f 2147/12584/3428 2148/12585/3427 2150/12586/1513
f 2150/12587/1513 2148/12588/3427 2149/12589/1315
f 1288/12590/2607 2147/12591/3428 2151/12592/3430
f 2151/12593/3430 2147/12594/3428 2150/12595/1513
f 1280/12596/2591 1288/12597/2607 2151/12598/3430
f 2145/12599/1116 2144/12600/3429 346/12601/710
f 2151/12602/3430 2150/12603/1513 737/12604/1512
f 1280/12605/2591 2151/12606/3430 2152/12607/1751
f 2152/12608/1751 2151/12609/3430 737/12610/1512
f 2153/12611/1883 1280/12612/2591 2152/12613/1751
f 2154/12614/3431 562/12615/1158 3544/12616/3432
f 3544/12617/3432 2155/12618/969 2154/12619/3431
f 3544/12620/3432 562/12621/1158 561/12622/1156
f 3543/12623/965 2155/12624/969 3544/12625/3432
f 3547/12626/3433 1085/12627/3434 1044/12628/3435
f 1044/12629/3435 1095/12630/3436 3547/12631/3433
f 2159/12632/3437 1095/6386/2199 1089/6996/2496
f 1064/12633/3438 3541/12634/3438 3542/12635/3438
f 2156/12636/3439 381/12637/3439 389/12638/3439
f 2159/12639/3440 1094/12640/3440 1091/12641/3440
f 2160/12642/3441 2161/12643/3442 2166/12644/3443
f 2160/12645/3441 2166/12646/3443 2212/12647/3444
f 2162/12648/3445 2161/12649/3442 2160/12650/3441
f 2260/12651/3446 2162/12652/3447 2160/12653/3448
f 2163/12654/3449 2160/12655/3448 2212/12656/3450
f 2260/12651/3446 2160/12653/3448 2163/12657/3449
f 2164/12658/3451 2166/12659/3452 2161/12660/3453
f 2212/12661/3444 2166/12662/3443 2165/12663/3454
f 2164/12664/3451 2165/12665/3455 2166/12666/3452
f 2162/12667/3445 2169/12668/3456 2161/12669/3442
f 2168/12670/3457 2169/12668/3456 2162/12667/3445
f 2162/12671/3447 2167/12672/3458 2168/12673/3459
f 2162/12671/3447 2260/12674/3446 2167/12672/3458
f 2261/12675/3460 2161/12676/3453 2169/12677/3461
f 2164/12658/3451 2161/12660/3453 2259/12678/3462
f 2261/12675/3460 2259/12679/3462 2161/12676/3453
f 2168/12680/3457 2171/12681/3463 2169/12682/3456
f 2170/12683/3464 2169/12684/3461 2171/12685/3465
f 2170/12683/3464 2261/12686/3460 2169/12684/3461
f 2174/12687/3466 2171/12681/3463 2168/12680/3457
f 2172/12688/3467 2174/12689/3468 2168/12690/3459
f 2172/12688/3467 2168/12690/3459 2167/12691/3458
f 2174/12687/3466 2173/12692/3469 2171/12681/3463
f 2262/12693/3470 2171/12694/3465 2173/12695/3471
f 2262/12693/3470 2170/12696/3464 2171/12694/3465
f 2173/12692/3469 2174/12687/3466 2179/12697/3472
f 2180/12698/3473 2179/12699/3474 2174/12700/3468
f 2180/12701/3473 2174/12702/3468 2172/12703/3467
f 2263/12704/3475 2173/12705/3471 2175/12706/3476
f 2175/12707/3477 2173/12692/3469 2176/12708/3478
f 2173/12692/3469 2179/12697/3472 2176/12708/3478
f 2262/12709/3470 2173/12705/3471 2263/12704/3475
f 2263/12704/3475 2175/12706/3476 2177/12710/3479
f 2175/12707/3477 2176/12708/3478 2177/12711/3480
f 2179/12712/3472 2178/12713/3481 2177/12714/3480
f 2179/12715/3472 2177/12716/3480 2176/12717/3478
f 2180/12718/3473 2178/12719/3482 2179/12720/3474
f 2178/12713/3481 2181/12721/3483 2177/12714/3480
f 2265/12722/3484 2177/12723/3479 2181/12724/3485
f 2263/12704/3475 2177/12710/3479 2265/12725/3484
f 2178/12713/3481 2184/12726/3486 2181/12721/3483
f 2182/12727/3487 2184/12728/3488 2178/12729/3482
f 2180/12730/3473 2182/12731/3487 2178/12732/3482
f 2184/12726/3486 2185/12733/3489 2181/12721/3483
f 2183/12734/3490 2181/12735/3485 2185/12736/3491
f 2265/12722/3484 2181/12724/3485 2183/12737/3490
f 2184/12738/3486 2189/12739/3492 2185/12740/3489
f 2189/12741/3493 2184/12742/3488 2268/12743/3494
f 2182/12727/3487 2268/12744/3494 2184/12728/3488
f 2189/12739/3492 2187/12745/3495 2185/12740/3489
f 2186/12746/3496 2185/12747/3491 2187/12748/3497
f 2183/12734/3490 2185/12736/3491 2186/12749/3496
f 2189/12750/3492 2190/12751/3498 2187/12752/3495
f 2190/12753/3498 2188/12754/3499 2187/12755/3495
f 2271/12756/3500 2187/12660/3497 2188/12757/3501
f 2186/12746/3496 2187/12748/3497 2270/12758/3502
f 2271/12756/3500 2270/12759/3502 2187/12660/3497
f 2269/12760/3503 2190/12761/3504 2189/12762/3493
f 2189/12741/3493 2268/12743/3494 2269/12763/3503
f 2190/12764/3498 2215/12765/3505 2188/12766/3499
f 2215/12767/3505 2191/12768/3506 2188/12769/3499
f 2271/12770/3500 2188/12771/3501 2191/12772/3507
f 2192/12773/3508 2215/12774/3509 2190/12775/3504
f 2269/12760/3503 2192/12776/3508 2190/12761/3504
f 2194/12777/3510 2193/12778/3511 2199/12779/3512
f 2230/12780/3513 2193/12781/3511 2194/12782/3510
f 2194/12783/3510 2199/12784/3512 2201/12785/3514
f 2201/12786/3515 2195/12787/3516 2194/12788/3517
f 2194/12789/3517 2242/12790/3518 2230/12791/3519
f 2242/12790/3518 2194/12789/3517 2245/12792/3520
f 2194/12789/3517 2195/12793/3516 2245/12792/3520
f 2196/12794/3521 2199/12795/3522 2193/12796/3523
f 2193/12797/3511 2230/12798/3513 2235/12799/3524
f 2235/12800/3525 2197/12801/3526 2193/12802/3523
f 2198/12803/3527 2193/12804/3523 2197/12805/3526
f 2193/12804/3523 2198/12803/3527 2196/12806/3521
f 2201/12807/3514 2199/12808/3512 2208/12809/3528
f 2199/12808/3512 2202/12810/3529 2208/12809/3528
f 2199/12811/3522 2200/12812/3530 2202/12813/3531
f 2196/12814/3521 2258/12815/3532 2199/12816/3522
f 2199/12817/3522 2258/12818/3532 2200/12819/3530
f 2207/12820/3533 2201/12821/3515 2208/12822/3534
f 2201/12786/3515 2207/12823/3533 2195/12787/3516
f 2206/12824/3535 2202/12825/3529 2203/12826/3536
f 2200/12827/3530 2203/12828/3537 2202/12829/3531
f 2208/12830/3528 2202/12825/3529 2206/12824/3535
f 2203/12826/3536 2204/12831/3538 2206/12824/3535
f 2203/12832/3537 2205/12833/3539 2204/12834/3540
f 2200/12835/3530 2205/12836/3539 2203/12837/3537
f 2208/12838/3534 2206/12839/3541 2209/12840/3542
f 2207/12841/3533 2208/12842/3534 2210/12843/3543
f 2208/12844/3534 2209/12845/3542 2210/12846/3543
f 2165/12847/3454 2206/12824/3535 2204/12831/3538
f 2212/12848/3444 2165/12847/3454 2204/12831/3538
f 2204/12849/3540 2211/12850/3544 2212/12851/3450
f 2211/12852/3544 2204/12853/3540 2205/12854/3539
f 2206/12855/3541 2165/12856/3455 2213/12857/3545
f 2206/12858/3541 2213/12859/3545 2209/12860/3542
f 2212/12861/3450 2211/12862/3544 2214/12863/3546
f 2163/12654/3449 2212/12656/3450 2214/12864/3546
f 2164/12865/3451 2213/12866/3545 2165/12867/3455
f 2215/12868/3505 2220/12869/3547 2191/12870/3506
f 2191/12870/3506 2220/12869/3547 2216/12871/3548
f 2216/12872/3549 2218/12873/3550 2191/12874/3507
f 2271/12875/3500 2191/12876/3507 2218/12877/3550
f 2220/12878/3551 2215/12879/3509 2219/12880/3552
f 2192/12881/3508 2272/12882/3553 2215/12883/3509
f 2215/12884/3509 2272/12885/3553 2219/12886/3552
f 2223/12887/3554 2216/12871/3548 2220/12869/3547
f 2222/12888/3555 2216/12871/3548 2221/12889/3556
f 2222/12890/3557 2217/12891/3558 2216/12892/3549
f 2216/12871/3548 2223/12887/3554 2221/12889/3556
f 2216/12893/3549 2217/12894/3558 2218/12895/3550
f 2223/12896/3559 2220/12897/3551 2224/12898/3560
f 2219/12899/3552 2224/12900/3560 2220/12901/3551
f 2226/12902/3561 2222/12903/3555 2221/12904/3556
f 2227/12810/3562 2222/12903/3555 2226/12902/3561
f 2276/12905/3563 2222/12906/3557 2227/12907/3564
f 2222/12908/3557 2274/12846/3565 2217/12909/3558
f 2276/12910/3563 2274/12911/3565 2222/12912/3557
f 2273/12913/3566 2221/12914/3567 2223/12915/3559
f 2273/12916/3566 2223/12917/3559 2224/12918/3560
f 2226/12919/3568 2221/12920/3567 2273/12921/3566
f 2225/12922/3569 2227/12923/3562 2226/12924/3561
f 2227/12925/3564 2225/12926/3570 2277/12927/3571
f 2227/12925/3564 2277/12927/3571 2276/12928/3563
f 2225/12929/3569 2226/12930/3561 2229/12931/3572
f 2228/12932/3573 2229/12933/3574 2226/12934/3568
f 2226/12935/3568 2273/12936/3566 2275/12937/3575
f 2228/12938/3573 2226/12939/3568 2275/12940/3575
f 2233/12941/3576 2225/12942/3569 2229/12943/3572
f 2225/12944/3570 2233/12945/3577 2244/12946/3578
f 2244/12946/3578 2243/12947/3579 2225/12944/3570
f 2225/12944/3570 2243/12947/3579 2277/12948/3571
f 2229/12949/3572 2236/12950/3580 2233/12951/3576
f 2236/12952/3581 2229/12953/3574 2246/12954/3582
f 2247/12955/3583 2246/12956/3582 2229/12957/3574
f 2229/12957/3574 2228/12958/3573 2247/12955/3583
f 2235/12959/3524 2230/12960/3513 2237/12961/3584
f 2231/12962/3585 2237/12963/3584 2230/12964/3513
f 2231/12965/3586 2230/12791/3519 2241/12966/3587
f 2241/12966/3587 2230/12791/3519 2242/12790/3518
f 2236/12967/3580 2239/12968/3588 2233/12969/3576
f 2232/12970/3589 2233/12971/3576 2239/12972/3588
f 2232/12973/3590 2238/12974/3591 2233/12945/3577
f 2238/12974/3591 2244/12946/3578 2233/12945/3577
f 2234/12975/3592 2235/12976/3525 2237/12977/3593
f 2197/12978/3526 2235/12976/3525 2234/12975/3592
f 2240/12979/3594 2239/12980/3595 2236/12981/3581
f 2246/12982/3582 2240/12979/3594 2236/12981/3581
f 2241/12983/3596 2237/12984/3584 2231/12985/3585
f 2238/12986/3597 2232/12987/3589 2239/12988/3588
f 2241/12989/3596 2234/12990/3598 2237/12991/3584
f 2238/12992/3597 2239/12993/3588 2240/12994/3599
f 2242/12995/3600 2234/12996/3598 2241/12997/3596
f 2242/12998/3600 2197/12999/3601 2234/13000/3598
f 2244/13001/3602 2238/13002/3597 2240/13003/3599
f 2244/13004/3602 2240/13005/3599 2246/13006/3603
f 2245/13007/3604 2197/13008/3601 2242/13009/3600
f 2243/13010/3605 2244/13011/3602 2246/13012/3603
f 2245/13013/3604 2198/13014/3606 2197/13015/3601
f 2243/13016/3605 2246/13017/3603 2247/13018/3607
f 2249/13019/3608 2198/13020/3606 2245/13021/3604
f 2245/12792/3520 2252/13022/3609 2249/13023/3610
f 2252/13022/3609 2245/12792/3520 2257/13024/3611
f 2257/13024/3611 2245/12792/3520 2195/12793/3516
f 2251/13025/3612 2243/13026/3605 2247/13027/3607
f 2243/12947/3579 2251/13028/3613 2253/13029/3614
f 2253/13029/3614 2248/13030/3615 2243/12947/3579
f 2248/13030/3615 2277/12948/3571 2243/12947/3579
f 2249/13031/3608 2250/13032/3616 2198/13033/3606
f 2256/13034/3617 2198/12803/3527 2250/13035/3618
f 2196/12806/3521 2198/12803/3527 2256/13034/3617
f 2251/13036/3612 2247/13037/3607 2254/13038/3619
f 2255/13039/3620 2254/13040/3621 2247/12955/3583
f 2228/12958/3573 2255/13039/3620 2247/12955/3583
f 2250/13041/3616 2249/13042/3608 2252/13043/3622
f 2254/13044/3619 2253/13045/3623 2251/13046/3612
f 2252/13047/3622 2256/13048/3624 2250/13049/3616
f 2253/13050/3623 2254/13051/3619 2255/13052/3625
f 2257/13053/3626 2256/13054/3624 2252/13055/3622
f 2248/13056/3627 2253/13057/3623 2255/13058/3625
f 2256/13059/3624 2257/13060/3626 2196/13061/3628
f 2255/13062/3625 2228/13063/3629 2248/13064/3627
f 2195/13065/3630 2196/13066/3628 2257/13067/3626
f 2277/13068/3631 2248/13069/3627 2228/13070/3629
f 2195/13071/3630 2207/13072/3632 2196/13073/3628
f 2258/13074/3633 2196/13073/3628 2207/13072/3632
f 2210/13075/3634 2258/13074/3633 2207/13072/3632
f 2210/13075/3634 2200/13076/3635 2258/13074/3633
f 2209/13077/3636 2200/13076/3635 2210/13075/3634
f 2205/13078/3637 2200/13079/3635 2209/13080/3636
f 2205/13081/3637 2209/13082/3636 2211/13083/3638
f 2213/13084/3639 2211/13083/3638 2209/13082/3636
f 2211/13083/3638 2213/13084/3639 2214/13085/3640
f 2164/13086/3641 2214/13085/3640 2213/13084/3639
f 2214/13087/3640 2164/13088/3641 2163/13089/3642
f 2164/13088/3641 2259/13090/3643 2163/13089/3642
f 2163/13091/3642 2259/13092/3643 2260/13093/3644
f 2261/13094/3645 2260/13093/3644 2259/13092/3643
f 2260/13093/3644 2261/13094/3645 2167/13095/3646
f 2261/13094/3645 2170/13096/3647 2167/13095/3646
f 2167/13097/3646 2170/13098/3647 2172/13099/3648
f 2262/13100/3649 2172/13101/3648 2170/13102/3647
f 2262/13100/3649 2267/13103/3650 2172/13101/3648
f 2180/13104/3473 2172/13105/3467 2267/13106/3651
f 2262/13107/3470 2263/13108/3475 2264/13109/3652
f 2262/13100/3649 2264/13110/3653 2266/13111/3654
f 2262/13100/3649 2266/13111/3654 2267/13103/3650
f 2263/13108/3475 2265/13112/3484 2264/13109/3652
f 2265/13113/3655 2266/13111/3654 2264/13110/3653
f 2267/13114/3650 2265/13115/3655 2182/13116/3656
f 2267/13117/3650 2266/13118/3654 2265/13119/3655
f 2180/13120/3473 2267/13121/3651 2182/13122/3487
f 2265/13115/3655 2183/13123/3657 2182/13116/3656
f 2268/13124/3658 2182/13125/3656 2183/13126/3657
f 2186/13127/3659 2268/13128/3658 2183/13129/3657
f 2269/13130/3660 2268/13128/3658 2186/13127/3659
f 2186/13127/3659 2270/13131/3661 2269/13130/3660
f 2192/13132/3662 2269/13130/3660 2270/13131/3661
f 2271/13133/3663 2192/13134/3662 2270/13135/3661
f 2272/13136/3664 2192/13137/3662 2271/13138/3663
f 2271/13138/3663 2218/13139/3665 2272/13136/3664
f 2219/13140/3666 2272/13136/3664 2218/13139/3665
f 2218/13139/3665 2217/13141/3667 2219/13140/3666
f 2224/13142/3668 2219/13140/3666 2217/13141/3667
f 2224/13143/3668 2217/13144/3667 2273/13145/3669
f 2217/13146/3667 2274/13147/3670 2273/13148/3669
f 2274/13147/3670 2275/13149/3671 2273/13148/3669
f 2274/13147/3670 2276/13150/3672 2275/13149/3671
f 2275/13149/3671 2276/13150/3672 2228/13151/3629
f 2277/13152/3631 2228/13151/3629 2276/13150/3672
f 2278/13153/3673 2280/13154/3674 2281/13155/3675
f 2317/13156/3676 2280/13157/3677 2278/13158/3678
f 2279/13159/3679 2281/13160/3680 2280/13161/3677
f 2279/13162/3679 2280/13163/3677 2317/13164/3676
f 2278/13153/3673 2281/13155/3675 2289/13165/3681
f 2285/13166/3682 2282/13167/3683 2278/13153/3673
f 2319/13168/3684 2278/13169/3678 2282/13170/3685
f 2289/13165/3681 2285/13166/3682 2278/13153/3673
f 2317/13171/3676 2278/13172/3678 2319/13173/3684
f 2281/13155/3675 2284/13174/3686 2288/13175/3687
f 2322/13176/3688 2284/13177/3689 2281/13178/3680
f 2281/13155/3675 2288/13175/3687 2289/13165/3681
f 2322/13179/3688 2281/13180/3680 2279/13181/3679
f 2283/13182/3690 2282/13183/3685 2285/13184/3691
f 2319/13185/3684 2282/13186/3685 2283/13187/3690
f 2325/13188/3692 2288/13189/3693 2284/13190/3689
f 2325/13191/3692 2284/13192/3689 2322/13193/3688
f 2289/13165/3681 2291/13194/3694 2285/13166/3682
f 2290/13195/3695 2285/13196/3691 2291/13197/3696
f 2283/13198/3690 2285/13199/3691 2290/13200/3695
f 2288/13175/3687 2287/13201/3697 2286/13202/3698
f 2292/13203/3699 2287/13204/3700 2288/13205/3693
f 2288/13175/3687 2286/13202/3698 2289/13165/3681
f 2292/13206/3699 2288/13207/3693 2325/13208/3692
f 2323/13209/3701 2291/13210/3696 2289/13211/3702
f 2290/13212/3695 2291/13213/3696 2323/13214/3701
f 2287/13201/3697 2297/13215/3703 2286/13202/3698
f 2298/13216/3704 2297/13217/3705 2287/13218/3700
f 2298/13219/3704 2287/13220/3700 2292/13221/3699
f 2299/13222/3706 2293/13223/3707 2289/13224/3681
f 2300/13225/3708 2289/13226/3702 2293/13227/3709
f 2294/13228/3710 2299/13229/3706 2289/13165/3681
f 2286/13202/3698 2295/13230/3711 2289/13165/3681
f 2314/13231/3712 2294/13228/3710 2289/13165/3681
f 2295/13230/3711 2314/13231/3712 2289/13165/3681
f 2323/13232/3701 2289/13233/3702 2300/13234/3708
f 2297/13215/3703 2301/13235/3713 2286/13202/3698
f 2296/13236/3714 2301/13237/3715 2297/13238/3705
f 2296/13239/3714 2297/13240/3705 2298/13241/3704
f 2329/13242/3716 2293/13243/3709 2299/13244/3717
f 2300/13245/3708 2293/13246/3709 2329/13247/3716
f 2302/13248/3718 2286/13249/3719 2301/13250/3715
f 2302/13251/3718 2301/13252/3715 2296/13253/3714
f 2294/13228/3710 2303/13254/3720 2299/13229/3706
f 2304/13255/3721 2299/13256/3717 2303/13257/3722
f 2329/13258/3716 2299/13259/3717 2304/13260/3721
f 2286/13261/3698 2305/13262/3723 2306/13263/3724
f 2302/13264/3718 2305/13265/3725 2286/13266/3719
f 2286/13267/3698 2306/13268/3724 2295/13269/3711
f 2307/13270/3726 2303/13271/3722 2294/13272/3727
f 2304/13273/3721 2303/13274/3722 2333/13275/3728
f 2307/13276/3726 2333/13277/3728 2303/13278/3722
f 2336/13279/3729 2306/13280/3730 2305/13281/3725
f 2302/13220/3718 2336/13282/3729 2305/13283/3725
f 2314/13231/3712 2309/13284/3731 2294/13228/3710
f 2307/13285/3726 2294/13286/3727 2309/13287/3732
f 2306/13288/3724 2312/13289/3733 2295/13290/3711
f 2310/13291/3734 2312/13292/3735 2306/13293/3730
f 2336/13294/3729 2310/13295/3734 2306/13296/3730
f 2308/13297/3736 2309/13298/3732 2314/13299/3737
f 2307/13300/3726 2309/13301/3732 2338/13302/3738
f 2308/13303/3736 2338/13304/3738 2309/13305/3732
f 2311/13306/3739 2295/13307/3740 2312/13308/3735
f 2310/13309/3734 2311/13310/3739 2312/13311/3735
f 2295/13230/3711 2315/13312/3741 2314/13231/3712
f 2313/13313/3742 2314/13314/3737 2315/13315/3743
f 2313/13316/3742 2308/13317/3736 2314/13318/3737
f 2341/13319/3744 2315/13320/3743 2295/13321/3740
f 2311/13239/3739 2341/13322/3744 2295/13240/3740
f 2341/13323/3744 2313/13324/3742 2315/13325/3743
f 2317/13326/3745 2319/13327/3746 2316/13328/3747
f 2279/13329/3748 2317/13330/3745 2346/13331/3749
f 2316/13332/3747 2318/13333/3750 2317/13334/3745
f 2317/13335/3745 2318/13336/3750 2346/13337/3749
f 2319/13338/3746 2283/13339/3751 2316/13340/3747
f 2322/13341/3752 2279/13342/3748 2346/13343/3749
f 2283/13344/3751 2290/13345/3753 2324/13346/3754
f 2283/13347/3751 2320/13348/3755 2316/13349/3747
f 2324/13350/3754 2320/13351/3755 2283/13352/3751
f 2321/13353/3756 2325/13354/3757 2322/13355/3752
f 2346/13356/3749 2321/13357/3756 2322/13358/3752
f 2290/13359/3753 2323/13360/3758 2324/13361/3754
f 2292/13362/3759 2325/13363/3757 2348/13364/3760
f 2321/13365/3756 2347/13366/3761 2325/13367/3757
f 2325/13368/3757 2347/13369/3761 2348/13370/3760
f 2323/13371/3758 2300/13372/3762 2327/13373/3763
f 2323/13374/3758 2326/13375/3764 2324/13376/3754
f 2327/13370/3763 2326/13377/3764 2323/13378/3758
f 2298/13379/3765 2292/13380/3759 2348/13381/3760
f 2300/13382/3762 2329/13383/3766 2327/13384/3763
f 2331/13385/3767 2296/13386/3768 2298/13387/3765
f 2348/13388/3760 2331/13389/3767 2298/13390/3765
f 2329/13391/3766 2304/13392/3769 2335/13393/3770
f 2329/13394/3766 2328/13395/3771 2327/13396/3763
f 2335/13396/3770 2328/13397/3771 2329/13394/3766
f 2302/13398/3772 2296/13399/3768 2330/13400/3773
f 2331/13401/3767 2332/13402/3774 2296/13403/3768
f 2296/13404/3768 2332/13405/3774 2330/13406/3773
f 2304/13407/3769 2333/13408/3775 2335/13409/3770
f 2336/13410/3776 2302/13411/3772 2330/13412/3773
f 2333/13413/3775 2307/13414/3777 2339/13415/3778
f 2333/13416/3775 2334/13417/3779 2335/13418/3770
f 2339/13419/3778 2334/13420/3779 2333/13421/3775
f 2310/13422/3780 2336/13423/3776 2337/13424/3781
f 2330/13425/3773 2354/13426/3782 2336/13427/3776
f 2336/13428/3776 2354/13429/3782 2337/13430/3781
f 2307/13431/3777 2338/13432/3783 2339/13433/3778
f 2311/13434/3784 2310/13435/3780 2337/13436/3781
f 2338/13437/3783 2308/13438/3785 2340/13439/3786
f 2338/13440/3783 2358/13441/3787 2339/13442/3778
f 2340/13443/3786 2358/13444/3787 2338/13445/3783
f 2341/13446/3788 2311/13447/3784 2343/13448/3789
f 2337/13449/3781 2342/13450/3790 2311/13451/3784
f 2311/13452/3784 2342/13453/3790 2343/13454/3789
f 2308/13455/3785 2313/13456/3791 2340/13457/3786
f 2313/13458/3791 2341/13459/3788 2343/13460/3789
f 2313/13461/3791 2344/13462/3792 2340/13463/3786
f 2343/13464/3789 2344/13465/3792 2313/13428/3791
f 2345/13466/3793 2318/13467/3794 2316/13468/3795
f 2363/13469/3796 2346/13470/3797 2318/13471/3794
f 2363/13469/3796 2318/13471/3794 2345/13472/3793
f 2360/13473/3798 2316/13474/3795 2320/13475/3799
f 2345/13466/3793 2316/13468/3795 2360/13476/3798
f 2362/13477/3800 2321/13478/3801 2346/13479/3797
f 2362/13477/3800 2346/13479/3797 2363/6370/3796
f 2364/13480/3802 2320/13481/3799 2324/13482/3803
f 2360/13473/3798 2320/13475/3799 2364/13483/3802
f 2366/13484/3804 2347/13485/3805 2321/13486/3801
f 2366/13484/3804 2321/13486/3801 2362/13487/3800
f 2349/13488/3806 2324/13489/3803 2326/13490/3807
f 2364/13491/3802 2324/13492/3803 2349/13493/3806
f 2366/13494/3804 2348/13495/3808 2347/13496/3805
f 2370/13497/3809 2326/13498/3807 2327/13499/3810
f 2349/13493/3806 2326/13500/3807 2350/13491/3811
f 2370/13497/3809 2350/13501/3811 2326/13498/3807
f 2373/13502/3812 2331/13503/3813 2348/13504/3808
f 2366/13494/3804 2372/13505/3814 2348/13495/3808
f 2373/13502/3812 2348/13504/3808 2372/13506/3814
f 2370/13507/3809 2327/13508/3810 2328/13509/3815
f 2352/13510/3816 2332/13509/3817 2331/13511/3813
f 2352/13510/3816 2331/13511/3813 2373/13512/3812
f 2375/13513/3818 2328/13514/3815 2335/13515/3819
f 2370/13507/3809 2328/13509/3815 2375/13516/3818
f 2351/13517/3820 2330/13518/3821 2332/13514/3817
f 2351/13517/3820 2332/13514/3817 2352/13519/3816
f 2353/13520/3822 2335/13521/3819 2334/13522/3823
f 2375/13513/3818 2335/13515/3819 2353/13523/3822
f 2379/13487/3824 2354/13486/3825 2330/13524/3821
f 2379/13487/3824 2330/13524/3821 2351/13525/3820
f 2355/13526/3826 2334/13527/3823 2339/13528/3827
f 2353/13520/3822 2334/13522/3823 2355/13529/3826
f 2356/13530/3828 2337/13531/3829 2354/13532/3825
f 2356/13530/3828 2354/13532/3825 2379/13533/3824
f 2357/13534/3830 2339/13535/3827 2358/13536/3831
f 2355/13537/3826 2339/13538/3827 2357/13539/3830
f 2359/13540/3832 2342/13541/3833 2337/13542/3829
f 2359/13540/3832 2337/13542/3829 2356/13543/3828
f 2383/13544/3834 2358/13545/3831 2340/13546/3835
f 2357/13547/3830 2358/13548/3831 2383/13549/3834
f 2389/13550/3836 2343/13551/3837 2342/13552/3833
f 2389/13550/3836 2342/13552/3833 2359/13553/3832
f 2387/13554/3838 2340/13555/3835 2344/13556/3839
f 2383/13544/3834 2340/13546/3835 2387/13557/3838
f 2386/13558/3840 2344/13559/3839 2343/13560/3837
f 2386/13558/3840 2343/13560/3837 2389/13526/3836
f 2387/13554/3838 2344/13556/3839 2386/13561/3840
f 2365/13562/3841 2345/13563/3793 2360/13564/3798
f 2392/13565/3842 2363/13566/3796 2345/13567/3793
f 2365/13568/3841 2361/13569/3843 2345/13570/3793
f 2392/13571/3842 2345/13572/3793 2361/13573/3843
f 2365/13574/3841 2360/13575/3798 2364/13576/3802
f 2398/13577/3844 2362/13578/3800 2363/13579/3796
f 2398/13580/3844 2363/13581/3796 2392/13582/3842
f 2396/13583/3845 2364/13584/3802 2349/13585/3806
f 2365/13586/3841 2364/13587/3802 2396/13588/3845
f 2367/13589/3846 2366/13590/3804 2362/13591/3800
f 2367/13592/3846 2362/13593/3800 2398/13594/3844
f 2368/13595/3847 2349/13596/3806 2350/13597/3811
f 2396/13598/3845 2349/13599/3806 2368/13600/3847
f 2369/13601/3848 2372/13602/3814 2366/13603/3804
f 2369/13604/3848 2366/13605/3804 2367/13606/3846
f 2402/13607/3849 2350/13608/3811 2370/13609/3809
f 2368/13610/3847 2350/13611/3811 2402/13612/3849
f 2371/13613/3850 2373/13614/3812 2372/13615/3814
f 2371/1425/3850 2372/13616/3814 2369/13617/3848
f 2374/13618/3851 2370/13619/3809 2375/13620/3818
f 2402/13621/3849 2370/13622/3809 2403/13623/3852
f 2374/13624/3851 2403/13625/3852 2370/13626/3809
f 2376/13627/3853 2352/13628/3816 2373/13629/3812
f 2376/13630/3853 2373/13631/3812 2371/13632/3850
f 2374/13633/3851 2375/13634/3818 2353/13635/3822
f 2376/13636/3853 2351/13637/3820 2352/13638/3816
f 2378/13639/3854 2353/13591/3822 2355/13640/3826
f 2374/13641/3851 2353/13642/3822 2407/13643/3855
f 2378/13644/3854 2407/13645/3855 2353/13646/3822
f 2377/13647/3856 2379/13648/3824 2351/13649/3820
f 2376/13650/3853 2377/13651/3856 2351/13652/3820
f 2382/13653/3857 2355/13654/3826 2357/13655/3830
f 2382/13656/3857 2378/13657/3854 2355/13658/3826
f 2416/13659/3858 2356/13660/3828 2379/13661/3824
f 2377/13662/3856 2380/13663/3859 2379/13664/3824
f 2416/13665/3858 2379/13666/3824 2380/13667/3859
f 2381/13668/3860 2357/13669/3830 2383/13670/3834
f 2381/13671/3860 2382/13672/3857 2357/13673/3830
f 2416/13674/3858 2359/13675/3832 2356/13676/3828
f 2381/13677/3860 2383/13678/3834 2387/13679/3838
f 2384/13680/3861 2389/13681/3836 2359/13682/3832
f 2416/13683/3858 2418/13684/3862 2359/13685/3832
f 2384/13686/3861 2359/13687/3832 2418/13688/3862
f 2385/13689/3863 2387/13690/3838 2386/13691/3840
f 2381/13692/3860 2387/13693/3838 2385/13694/3863
f 2388/13695/3864 2386/13696/3840 2389/13697/3836
f 2388/13698/3864 2389/13699/3836 2384/13700/3861
f 2385/13701/3863 2386/13702/3840 2388/13703/3864
f 2390/13704/3865 2393/13705/3866 2365/13706/3867
f 2390/13707/3865 2391/13708/3868 2393/13709/3866
f 2393/13705/3866 2400/13710/3869 2392/13711/3870
f 2393/13712/3866 2394/13713/3871 2400/13714/3869
f 2393/13705/3866 2361/13715/3872 2365/13706/3867
f 2393/13705/3866 2392/13711/3870 2361/13715/3872
f 2391/13716/3868 2395/13717/3873 2393/13718/3866
f 2395/13719/3873 2394/13720/3871 2393/13721/3866
f 2396/13722/3874 2390/13704/3865 2365/13706/3867
f 2390/13704/3865 2396/13722/3874 2368/13723/3875
f 2404/13724/3876 2390/13704/3865 2368/13723/3875
f 2404/13725/3876 2423/13726/3877 2390/13727/3865
f 2397/13728/3878 2391/13729/3868 2390/13730/3865
f 2423/13731/3877 2397/13732/3878 2390/13733/3865
f 2392/13734/3870 2400/13735/3869 2398/13736/3879
f 2400/13737/3869 2399/13738/3880 2398/13739/3879
f 2399/13740/3880 2400/13741/3869 2422/13742/3881
f 2394/13743/3871 2422/13744/3881 2400/13745/3869
f 2399/13738/3880 2367/13746/3882 2398/13739/3879
f 2369/13747/3883 2367/13746/3882 2399/13738/3880
f 2369/13747/3883 2399/13738/3880 2406/13748/3884
f 2429/13749/3885 2406/13750/3884 2399/13751/3880
f 2422/13752/3881 2401/13753/3886 2399/13754/3880
f 2401/13755/3886 2429/13756/3885 2399/13757/3880
f 2404/13724/3876 2368/13723/3875 2402/13758/3887
f 2404/13734/3876 2402/13759/3887 2403/13760/3888
f 2409/13761/3889 2404/13762/3876 2403/13763/3888
f 2409/13764/3889 2411/13765/3890 2404/13751/3876
f 2425/13766/3891 2423/13767/3877 2404/13768/3876
f 2411/13769/3890 2425/13770/3891 2404/13771/3876
f 2406/13748/3884 2371/13772/3892 2369/13747/3883
f 2376/13773/3893 2371/13772/3892 2406/13748/3884
f 2406/13748/3884 2414/13774/3894 2376/13773/3893
f 2406/13775/3884 2412/13776/3895 2414/13777/3894
f 2429/13778/3885 2405/13779/3896 2406/13780/3884
f 2405/13781/3896 2412/13782/3895 2406/13783/3884
f 2374/13784/3897 2409/13761/3889 2403/13763/3888
f 2409/13761/3889 2374/13784/3897 2407/13785/3898
f 2408/13786/3899 2409/13761/3889 2407/13785/3898
f 2408/13787/3899 2432/13788/3900 2409/13789/3889
f 2410/13790/3901 2411/13791/3890 2409/13792/3889
f 2432/13793/3900 2410/13794/3901 2409/13795/3889
f 2377/13796/3902 2376/13773/3893 2414/13774/3894
f 2407/13785/3898 2378/13797/3903 2408/13786/3899
f 2377/13796/3902 2414/13774/3894 2380/13798/3904
f 2414/13774/3894 2415/13799/3905 2380/13798/3904
f 2412/13800/3895 2413/13801/3906 2414/13802/3894
f 2413/13803/3906 2437/13804/3907 2414/13805/3894
f 2414/13806/3894 2437/13807/3907 2415/13808/3905
f 2378/13797/3903 2382/13809/3908 2408/13786/3899
f 2416/13810/3909 2380/13798/3904 2415/13799/3905
f 2419/13811/3910 2408/13786/3899 2382/13809/3908
f 2419/13812/3910 2417/13813/3911 2408/13814/3899
f 2434/13815/3912 2432/13816/3900 2408/13817/3899
f 2417/13818/3911 2434/13819/3912 2408/13820/3899
f 2381/13821/3913 2419/13811/3910 2382/13809/3908
f 2418/13822/3914 2416/13810/3909 2415/13799/3905
f 2381/13821/3913 2385/13823/3915 2419/13811/3910
f 2384/13824/3916 2418/13822/3914 2444/13825/3917
f 2418/13822/3914 2415/13799/3905 2444/13825/3917
f 2385/13823/3915 2388/13826/3918 2444/13825/3917
f 2444/13825/3917 2419/13811/3910 2385/13823/3915
f 2388/13826/3918 2384/13824/3916 2444/13825/3917
f 2442/13827/3919 2417/13828/3911 2419/13829/3910
f 2445/13830/3920 2442/13831/3919 2419/13832/3910
f 2444/13833/3917 2445/13834/3920 2419/13835/3910
f 2391/13836/3921 2420/13837/3922 2395/13838/3923
f 2420/13839/3922 2394/13840/3924 2395/13841/3923
f 2452/13842/3925 2391/13843/3921 2397/13844/3926
f 2391/13836/3921 2421/13845/3927 2420/13837/3922
f 2452/13842/3925 2421/13846/3927 2391/13843/3921
f 2451/13847/3928 2422/13848/3929 2394/13849/3924
f 2420/13839/3922 2451/13850/3928 2394/13840/3924
f 2426/13851/3930 2397/13852/3926 2423/13853/3931
f 2426/13851/3930 2452/13854/3925 2397/13852/3926
f 2424/13855/3932 2401/13856/3933 2422/13857/3929
f 2451/13847/3928 2424/13858/3932 2422/13848/3929
f 2454/13859/3934 2423/13860/3931 2425/13861/3935
f 2454/13859/3934 2426/13862/3930 2423/13860/3931
f 2427/13863/3936 2429/13864/3937 2401/13865/3933
f 2424/13855/3932 2427/13866/3936 2401/13856/3933
f 2428/6253/3938 2425/13867/3935 2411/13868/3939
f 2428/6253/3938 2454/13869/3934 2425/13867/3935
f 2455/13870/3940 2405/13871/3941 2429/13872/3937
f 2427/13863/3936 2455/13873/3940 2429/13864/3937
f 2430/13874/3942 2411/13875/3939 2410/13876/3943
f 2430/13874/3942 2428/13877/3938 2411/13875/3939
f 2431/13878/3944 2412/13879/3945 2405/13880/3941
f 2455/13870/3940 2431/13881/3944 2405/13871/3941
f 2432/13882/3946 2430/13883/3942 2410/13884/3943
f 2457/13869/3947 2413/13885/3948 2412/13886/3945
f 2431/13878/3944 2457/13887/3947 2412/13879/3945
f 2435/13888/3949 2432/13889/3946 2434/13890/3950
f 2432/13882/3946 2458/13891/3951 2430/13883/3942
f 2435/13888/3949 2458/13892/3951 2432/13889/3946
f 2433/13893/3952 2437/13894/3953 2413/13895/3948
f 2457/13869/3947 2433/13896/3952 2413/13885/3948
f 2461/13897/3954 2434/13898/3950 2417/13899/3955
f 2461/13897/3954 2435/13900/3949 2434/13898/3950
f 2436/13901/3956 2438/13902/3957 2437/13903/3953
f 2437/13904/3907 2438/13905/3958 2415/13906/3905
f 2433/13893/3952 2436/13907/3956 2437/13894/3953
f 2439/13908/3959 2417/13909/3955 2442/13910/3960
f 2439/13908/3959 2461/13911/3954 2417/13909/3955
f 2441/13912/3961 2440/13913/3962 2438/13914/3957
f 2415/13915/3905 2438/13916/3958 2440/13917/3963
f 2436/13901/3956 2441/13918/3961 2438/13902/3957
f 2465/13919/3964 2442/13920/3960 2445/13878/3965
f 2465/13919/3964 2439/13921/3959 2442/13920/3960
f 2462/13922/3966 2443/13923/3967 2440/13924/3962
f 2440/13925/3963 2443/13926/3968 2444/13927/3917
f 2441/13912/3961 2462/13928/3966 2440/13913/3962
f 2444/13929/3917 2415/13930/3905 2440/13931/3963
f 2448/13932/3969 2445/13933/3965 2446/13934/3970
f 2446/13935/3971 2445/13936/3920 2444/13937/3917
f 2448/13932/3969 2465/13841/3964 2445/13933/3965
f 2447/13938/3972 2446/13939/3970 2443/13940/3967
f 2443/13941/3968 2446/13942/3971 2444/13943/3917
f 2462/13922/3966 2447/13944/3972 2443/13923/3967
f 2447/13938/3972 2448/13945/3969 2446/13939/3970
f 2450/13946/3973 2420/13947/3974 2421/13948/3975
f 2451/13949/3976 2420/13950/3974 2450/13951/3973
f 2421/13952/3975 2452/13953/3977 2449/13954/3978
f 2421/13955/3975 2449/13956/3978 2450/13957/3973
f 2466/13958/3979 2424/13959/3980 2451/13960/3976
f 2451/13961/3976 2450/13962/3973 2466/13963/3979
f 2449/13964/3978 2452/13965/3977 2426/13966/3981
f 2424/13967/3980 2467/13968/3982 2427/13969/3983
f 2424/13970/3980 2466/13971/3979 2467/13972/3982
f 2426/13973/3981 2454/13974/3984 2453/13975/3985
f 2426/13976/3981 2453/13977/3985 2449/13978/3978
f 2455/13979/3986 2427/13980/3983 2467/13981/3982
f 2453/13982/3985 2454/13983/3984 2428/13984/3987
f 2456/13985/3988 2431/13986/3989 2455/13987/3986
f 2455/13988/3986 2467/13989/3982 2456/13990/3988
f 2428/13991/3987 2430/13992/3990 2468/13993/3991
f 2428/13994/3987 2468/13995/3991 2453/13996/3985
f 2457/13997/3992 2431/13998/3989 2456/13999/3988
f 2468/14000/3991 2430/14001/3990 2458/14002/3993
f 2460/14003/3994 2433/14004/3995 2457/14005/3992
f 2457/14006/3992 2456/13957/3988 2460/14007/3994
f 2458/14008/3993 2435/14009/3996 2459/14000/3997
f 2458/14010/3993 2459/14011/3997 2468/13962/3991
f 2436/14012/3998 2433/14013/3995 2460/14014/3994
f 2459/14015/3997 2435/14016/3996 2461/14017/3999
f 2463/14018/4000 2441/14019/4001 2436/14020/3998
f 2436/14021/3998 2460/14022/3994 2463/14023/4000
f 2461/14024/3999 2439/14025/4002 2469/14026/4003
f 2461/14027/3999 2469/14028/4003 2459/14029/3997
f 2462/14030/4004 2441/14031/4001 2463/14032/4000
f 2469/14033/4003 2439/14034/4002 2465/14035/4005
f 2464/14036/4006 2447/14037/4007 2462/14038/4004
f 2462/14039/4004 2463/14040/4000 2464/14041/4006
f 2465/14042/4005 2448/14043/4008 2470/14044/4009
f 2465/14045/4005 2470/14046/4009 2469/14047/4003
f 2447/14048/4007 2470/14049/4009 2448/14050/4008
f 2447/14051/4007 2464/14052/4006 2470/14053/4009
f 2450/14054/3973 2449/14055/3978 2453/14056/3985
f 2467/14057/3982 2466/14058/3979 2450/14059/3973
f 2467/14060/3982 2450/14061/3973 2453/14062/3985
f 2464/14063/4006 2467/14064/3982 2453/14065/3985
f 2460/14066/3994 2456/14067/3988 2467/14064/3982
f 2464/14063/4006 2460/14066/3994 2467/14064/3982
f 2453/14068/3985 2468/14069/3991 2459/14070/3997
f 2459/14070/3997 2469/14071/4003 2453/14068/3985
f 2469/14072/4003 2464/14073/4006 2453/14074/3985
f 2464/14063/4006 2463/14075/4000 2460/14066/3994
f 2469/14076/4003 2470/14077/4009 2464/14078/4006
f 2471/14079/4010 2475/14080/4011 2480/14081/4012
f 2475/14082/4013 2471/14083/4014 2474/14084/4015
f 2480/14085/4012 2472/14086/4016 2471/14087/4010
f 2472/14086/4016 2483/14088/4017 2471/14087/4010
f 2483/14088/4017 2473/14089/4018 2471/14087/4010
f 2473/14090/4018 2487/14091/4019 2471/14092/4010
f 2487/14093/4020 2474/14094/4015 2471/14095/4014
f 2475/14096/4011 2476/14097/4021 2480/14098/4012
f 2476/14099/4022 2475/14100/4013 2477/14101/4023
f 2475/14102/4013 2474/14103/4015 2477/14104/4023
f 2478/14105/4024 2480/14106/4025 2476/14107/4022
f 2476/14108/4022 2477/14109/4023 2478/14110/4024
f 2480/14111/4026 2482/14112/4027 2472/14113/4028
f 2478/14114/4024 2479/14115/4029 2480/14116/4025
f 2480/14117/4026 2479/14118/4030 2482/14119/4027
f 2481/14120/4031 2483/14121/4032 2472/14122/4028
f 2481/14123/4031 2472/14124/4028 2482/14125/4027
f 2484/14126/4033 2473/14127/4034 2483/14128/4032
f 2484/14129/4033 2483/14130/4032 2481/14131/4031
f 2473/14132/4018 2486/14133/4035 2487/14134/4019
f 2486/14135/4036 2473/14136/4034 2484/14137/4033
f 2486/14133/4035 2485/14138/4037 2487/14134/4019
f 2573/14139/4038 2485/14140/4039 2486/14141/4036
f 2484/14142/4033 2573/14143/4038 2486/14144/4036
f 2493/14145/4040 2487/14146/4019 2498/14147/4041
f 2493/14148/4042 2492/14149/4043 2487/14150/4020
f 2485/14138/4037 2488/14151/4044 2487/14134/4019
f 2489/14152/4045 2498/14153/4041 2487/14154/4019
f 2488/14151/4044 2489/14155/4045 2487/14134/4019
f 2487/14156/4020 2492/14157/4043 2474/14158/4015
f 2491/14159/4046 2493/14145/4040 2490/14160/4047
f 2493/14161/4042 2491/14162/4048 2575/14163/4049
f 2490/14160/4047 2493/14145/4040 2498/14147/4041
f 2493/14164/4042 2574/14165/4050 2492/14166/4043
f 2493/14167/4042 2575/14168/4049 2574/14169/4050
f 2491/14170/4048 2490/14171/4051 2575/14172/4049
f 2485/14138/4037 2494/14173/4052 2488/14151/4044
f 2494/14174/4053 2485/14175/4039 2495/14176/4054
f 2573/14177/4038 2495/14178/4054 2485/14179/4039
f 2490/14180/4051 2498/14181/4055 2497/14182/4056
f 2490/14183/4051 2497/14184/4056 2575/14185/4049
f 2502/14186/4057 2498/14187/4055 2489/14188/4058
f 2496/14189/4059 2497/14190/4056 2498/14191/4055
f 2502/14192/4057 2496/14193/4059 2498/14194/4055
f 2494/14195/4052 2499/14196/4060 2488/14197/4044
f 2494/14195/4052 2507/14198/4061 2499/14196/4060
f 2500/14199/4062 2507/14200/4063 2494/14201/4053
f 2495/14202/4054 2500/14203/4062 2494/14204/4053
f 2489/14205/4064 2488/14206/4065 2502/14207/4066
f 2488/14208/4065 2499/14209/4067 2501/14210/4068
f 2501/14211/4068 2502/14212/4066 2488/14213/4065
f 2507/14198/4061 2505/14214/4069 2499/14196/4060
f 2576/14215/4070 2499/14216/4067 2505/14217/4071
f 2499/14218/4067 2576/14219/4070 2501/14220/4068
f 2507/14198/4061 2506/14221/4072 2505/14214/4069
f 2503/14222/4073 2505/14223/4071 2506/14224/4074
f 2504/14225/4075 2576/14226/4070 2505/14227/4071
f 2505/14228/4071 2503/14229/4073 2504/14230/4075
f 2509/14231/4076 2506/14232/4072 2507/14233/4061
f 2509/14234/4077 2503/14235/4073 2506/14236/4074
f 2512/14237/4078 2509/14238/4076 2507/14239/4061
f 2513/14240/4079 2512/14241/4080 2507/14242/4063
f 2500/14243/4062 2577/14244/4081 2507/14245/4063
f 2577/14246/4081 2513/14247/4079 2507/14248/4063
f 2508/14249/4082 2509/14250/4076 2512/14251/4078
f 2509/14252/4077 2508/14253/4083 2510/14254/4084
f 2578/14255/4085 2503/14256/4073 2509/14257/4077
f 2578/14258/4085 2509/14259/4077 2510/14260/4084
f 2508/14249/4082 2512/14251/4078 2514/14261/4086
f 2511/14262/4087 2514/14263/4088 2512/14264/4080
f 2511/14265/4087 2512/14266/4080 2513/14267/4079
f 2516/14268/4089 2508/14249/4082 2514/14261/4086
f 2508/14269/4083 2516/14270/4090 2510/14271/4084
f 2520/14272/4091 2516/14273/4089 2514/14274/4086
f 2514/14275/4086 2515/14276/4092 2520/14277/4091
f 2514/14278/4088 2581/14279/4093 2515/14280/4094
f 2514/14281/4088 2511/14282/4087 2581/14283/4093
f 2516/14284/4090 2520/14285/4095 2519/14286/4096
f 2510/14287/4084 2516/14288/4090 2519/14289/4096
f 2520/14277/4091 2515/14276/4092 2517/14290/3478
f 2523/14291/4097 2520/14292/4095 2518/14293/4098
f 2520/14277/4091 2517/14290/3478 2518/14294/4099
f 2521/14295/4100 2519/14296/4096 2520/14297/4095
f 2521/14298/4100 2520/14299/4095 2523/14300/4097
f 2515/14301/4094 2583/14302/4101 2522/14303/4102
f 2515/14304/4092 2522/14305/4103 2517/14306/3478
f 2515/14307/4094 2581/14308/4093 2583/14309/4101
f 2523/14310/4097 2518/14311/4098 2524/14312/4104
f 2517/14290/3478 2524/14313/4105 2518/14294/4099
f 2583/14314/4101 2525/14315/4106 2522/14316/4102
f 2525/14317/4107 2517/14306/3478 2522/14305/4103
f 2531/14318/4108 2524/14313/4105 2525/14319/4107
f 2517/14290/3478 2525/14319/4107 2524/14313/4105
f 2531/14320/4109 2525/14321/4106 2526/14322/4110
f 2583/14323/4101 2526/14324/4110 2525/14325/4106
f 2524/14326/4105 2531/14327/4108 2528/14328/4111
f 2528/14329/4112 2527/14330/4113 2524/14331/4104
f 2582/14332/4114 2524/14333/4104 2527/14334/4113
f 2523/14335/4097 2524/14336/4104 2582/14337/4114
f 2528/14338/4111 2531/14339/4108 2533/14340/4115
f 2533/14341/4116 2529/14342/4117 2528/14343/4112
f 2529/14344/4117 2527/14345/4113 2528/14346/4112
f 2533/14340/4115 2531/14339/4108 2534/14347/4118
f 2530/14348/4119 2534/14349/4120 2531/14350/4109
f 2531/14351/4109 2526/14352/4110 2530/14353/4119
f 2533/14340/4115 2534/14347/4118 2532/14354/4121
f 2532/14355/4122 2529/14356/4117 2533/14357/4116
f 2534/14358/4118 2536/14359/4123 2532/14360/4121
f 2535/14361/4124 2536/14362/4125 2534/14363/4120
f 2530/14364/4119 2535/14365/4124 2534/14366/4120
f 2532/14367/4121 2536/14368/4123 2537/14369/4126
f 2532/14370/4122 2537/14371/4127 2541/14372/4128
f 2538/14373/4129 2529/14374/4117 2532/14375/4122
f 2538/14376/4129 2532/14377/4122 2541/14378/4128
f 2536/14379/4123 2542/14380/4130 2537/14381/4126
f 2536/14379/4123 2544/14382/4131 2542/14380/4130
f 2539/14383/4132 2544/14382/4131 2536/14379/4123
f 2540/14384/4133 2539/14385/4134 2536/14386/4125
f 2586/14387/4135 2536/14388/4125 2535/14389/4124
f 2540/14390/4133 2536/14391/4125 2586/14392/4135
f 2541/14393/4128 2537/14394/4127 2542/14395/4136
f 2545/14396/4137 2542/14397/4136 2544/14398/4138
f 2542/14399/4136 2585/14400/4139 2541/14401/4128
f 2585/14402/4139 2542/14403/4136 2545/14404/4137
f 2539/14383/4132 2543/14405/4140 2544/14382/4131
f 2543/14406/4141 2549/14407/4142 2544/14408/4138
f 2544/14409/4138 2549/14410/4142 2545/14411/4137
f 2543/14412/4140 2546/14413/4143 2547/14414/4144
f 2547/14415/4145 2548/14416/4146 2543/14417/4141
f 2554/14418/4147 2543/14412/4140 2539/14419/4132
f 2554/14418/4147 2546/14413/4143 2543/14412/4140
f 2549/14420/4142 2543/14421/4141 2548/14422/4146
f 2547/14423/4144 2546/14424/4143 2551/14425/4148
f 2548/14426/4149 2547/14427/4150 2551/14428/4151
f 2539/14429/4134 2550/14430/4152 2554/14431/4153
f 2550/14432/4152 2539/14433/4134 2540/14434/4133
f 2552/14435/4154 2551/14436/4148 2556/14437/4155
f 2552/14438/4156 2588/14439/4157 2551/14440/4151
f 2556/14437/4155 2551/14436/4148 2546/14441/4143
f 2548/14442/4149 2551/14443/4151 2587/14444/4158
f 2587/14445/4158 2551/14446/4151 2588/14447/4157
f 2555/14448/4159 2552/14435/4154 2556/14437/4155
f 2555/14449/4160 2589/14172/4161 2552/14171/4156
f 2552/14450/4156 2589/14451/4161 2588/14452/4157
f 2553/14453/4162 2546/14413/4143 2554/14418/4147
f 2590/14454/4163 2553/14455/4164 2554/14456/4153
f 2590/14457/4163 2554/14458/4153 2550/14459/4152
f 2556/14460/4165 2589/14461/4161 2555/14162/4160
f 2556/14462/4165 2546/14463/4166 2557/14464/4167
f 2556/14465/4165 2558/14466/4168 2589/14467/4161
f 2556/14468/4165 2557/14469/4167 2558/14470/4168
f 2561/14471/4169 2546/14413/4143 2553/14453/4162
f 2561/14472/4169 2559/14473/4170 2546/14474/4143
f 2546/14475/4166 2559/14476/4171 2572/14477/4172
f 2546/14478/4166 2572/14479/4172 2557/14480/4167
f 2553/14481/4164 2560/14482/4173 2561/14483/4174
f 2560/14484/4173 2553/14485/4164 2590/14486/4163
f 2562/14487/4175 2559/14488/4170 2561/14489/4169
f 2560/14490/4173 2562/14491/4176 2561/14492/4174
f 2566/14493/4177 2559/14488/4170 2562/14487/4175
f 2563/14494/4178 2566/14495/4179 2562/14496/4176
f 2560/14497/4173 2563/14498/4178 2562/14499/4176
f 2564/14500/4180 2559/14488/4170 2566/14493/4177
f 2564/14501/4181 2566/14502/4179 2565/14503/4182
f 2563/14504/4178 2565/14505/4182 2566/14506/4179
f 2570/14507/4183 2564/14508/4180 2569/14509/4184
f 2567/14510/4185 2569/14511/4186 2564/14512/4187
f 2559/14513/4170 2564/14514/4180 2570/14515/4183
f 2564/14516/4181 2565/14517/4182 2568/14518/4188
f 2567/14519/4185 2564/14520/4187 2568/14521/4189
f 2569/14522/4186 2571/14523/4190 2570/14524/4191
f 2569/14525/4186 2567/14526/4185 2571/14527/4190
f 2570/14528/4191 2572/14529/4172 2559/14530/4171
f 2570/14531/4191 2571/14532/4190 2572/14533/4172
f 2477/14534/4192 2474/14535/4193 2479/14536/4194
f 2482/14537/4195 2479/14536/4194 2474/14535/4193
f 2481/14538/4196 2482/14537/4195 2474/14535/4193
f 2484/14539/4197 2481/14538/4196 2474/14535/4193
f 2492/14540/4198 2484/14539/4197 2474/14535/4193
f 2478/14541/4199 2477/14534/4192 2479/14536/4194
f 2573/14542/4200 2484/14539/4197 2492/14540/4198
f 2495/14543/4201 2573/14542/4200 2492/14540/4198
f 2492/14540/4198 2574/14544/4202 2496/14545/4203
f 2501/14546/4204 2495/14543/4201 2492/14540/4198
f 2496/14545/4203 2502/14547/4205 2492/14540/4198
f 2502/14547/4205 2501/14546/4204 2492/14540/4198
f 2574/14544/4202 2575/14548/4206 2497/14549/4207
f 2497/14549/4207 2496/14545/4203 2574/14544/4202
f 2500/14550/4208 2495/14543/4201 2501/14546/4204
f 2576/14551/4209 2500/14550/4208 2501/14546/4204
f 2577/14552/4210 2500/14550/4208 2576/14551/4209
f 2504/14553/4211 2577/14554/4210 2576/14555/4209
f 2503/14556/4212 2577/14557/4210 2504/14558/4211
f 2503/14556/4212 2578/14559/4213 2577/14557/4210
f 2578/14559/4213 2513/14560/4214 2577/14557/4210
f 2578/14559/4213 2510/14561/4215 2513/14560/4214
f 2513/14560/4214 2510/14561/4215 2511/14562/4216
f 2510/14561/4215 2519/14563/4217 2511/14562/4216
f 2511/14562/4216 2519/14563/4217 2581/14564/4218
f 2519/14563/4217 2521/14565/4219 2581/14564/4218
f 2521/14565/4219 2580/14566/3654 2581/14564/4218
f 2521/14567/4100 2523/14568/4097 2579/14569/4220
f 2521/14565/4219 2579/14570/4221 2580/14566/3654
f 2583/14571/4101 2581/14572/4093 2584/14573/4222
f 2580/14574/3654 2584/14575/4223 2581/14576/4218
f 2523/14577/4097 2582/14578/4114 2579/14579/4220
f 2582/14580/4224 2580/14566/3654 2579/14570/4221
f 2583/14581/4101 2584/14582/4222 2526/14583/4110
f 2580/14574/3654 2526/14584/4225 2584/14575/4223
f 2527/14585/4226 2526/14586/4225 2582/14580/4224
f 2582/14580/4224 2526/14586/4225 2580/14566/3654
f 2530/14587/4227 2526/14586/4225 2527/14585/4226
f 2529/14588/4228 2530/14587/4227 2527/14585/4226
f 2535/14589/4229 2530/14587/4227 2529/14588/4228
f 2538/14590/4230 2535/14589/4229 2529/14588/4228
f 2538/14590/4230 2586/14591/4231 2535/14589/4229
f 2541/14592/4232 2586/14591/4231 2538/14590/4230
f 2541/14592/4232 2585/14593/4233 2586/14591/4231
f 2585/14594/4233 2545/14595/4234 2586/14596/4231
f 2586/14597/4231 2545/14598/4234 2540/14599/4235
f 2545/14598/4234 2549/14600/4236 2540/14599/4235
f 2548/14601/4237 2557/14602/4238 2549/14600/4236
f 2540/14599/4235 2549/14600/4236 2550/14603/4239
f 2549/14600/4236 2557/14602/4238 2550/14603/4239
f 2587/14604/4240 2557/14602/4238 2548/14601/4237
f 2588/14605/4241 2558/14606/4242 2587/14604/4240
f 2557/14602/4238 2587/14604/4240 2558/14606/4242
f 2558/14606/4242 2588/14605/4241 2589/14607/4243
f 2550/14603/4239 2557/14602/4238 2590/14608/4244
f 2590/14608/4244 2557/14602/4238 2560/14609/4245
f 2557/14602/4238 2572/14610/4246 2560/14609/4245
f 2560/14609/4245 2572/14610/4246 2563/14611/4247
f 2563/14611/4247 2572/14610/4246 2565/14612/4248
f 2565/14612/4248 2572/14610/4246 2568/14613/4249
f 2567/14614/4250 2568/14613/4249 2571/14615/4251
f 2571/14615/4251 2568/14613/4249 2572/14610/4246
f 2595/14616/4252 2596/14617/4253 2594/14618/4254
f 2595/14619/4252 2594/14620/4254 2591/14621/4255
f 2592/14622/4256 2594/14618/4254 2596/14617/4253
f 2594/14623/4257 2592/14624/4258 2692/14625/4259
f 2666/14626/4260 2591/14627/4255 2594/14628/4254
f 2594/14629/4257 2593/14630/4261 2666/14631/4262
f 2690/14632/4263 2593/14633/4261 2594/14634/4257
f 2594/14635/4257 2692/14636/4259 2690/14637/4263
f 2598/14638/4264 2596/14639/4265 2595/14640/4266
f 2591/14641/4267 2671/14642/4268 2595/14643/4266
f 2691/14644/4269 2595/14643/4266 2671/14642/4268
f 2598/14638/4264 2595/14640/4266 2691/14645/4269
f 2602/14646/4270 2592/14622/4256 2596/14617/4253
f 2602/14646/4270 2600/14647/4271 2592/14622/4256
f 2692/14648/4259 2592/14649/4258 2600/14650/4272
f 2596/14651/4265 2597/14652/4273 2602/14653/4274
f 2596/14654/4265 2598/14655/4264 2597/14656/4273
f 2599/14657/4275 2600/14647/4271 2602/14646/4270
f 2604/14658/4276 2600/14647/4271 2599/14657/4275
f 2600/14659/4272 2604/14660/4277 2694/14661/4278
f 2692/14662/4259 2600/14663/4272 2601/14664/4279
f 2600/14665/4272 2694/14666/4278 2601/14667/4279
f 2597/14668/4273 2599/14669/4280 2602/14670/4274
f 2604/14658/4276 2599/14657/4275 2603/14671/4281
f 2603/14672/4282 2606/14673/4283 2604/14674/4277
f 2694/14675/4278 2604/14676/4277 2606/14677/4283
f 2607/14678/4284 2603/14671/4281 2599/14657/4275
f 2603/14671/4281 2607/14678/4284 2605/14679/4285
f 2609/14680/4286 2603/14681/4282 2605/14682/4287
f 2606/14683/4283 2603/14684/4282 2609/14685/4286
f 2693/14686/4288 2607/14687/4289 2599/14688/4280
f 2597/14689/4273 2693/14690/4288 2599/14691/4280
f 2610/14692/4290 2605/14679/4285 2607/14678/4284
f 2605/14679/4285 2610/14692/4290 2608/14693/4291
f 2608/14694/4292 2609/14695/4286 2605/14696/4287
f 2610/14697/4293 2607/14698/4289 2611/14699/4294
f 2693/14700/4288 2611/14701/4294 2607/14702/4289
f 2610/14692/4290 2613/14703/4295 2608/14693/4291
f 2608/14693/4291 2613/14703/4295 2614/14704/4296
f 2614/14705/4297 2612/14706/4298 2608/14707/4292
f 2608/14694/4292 2612/14708/4298 2609/14695/4286
f 2610/14709/4293 2617/14710/4299 2613/14711/4300
f 2610/14697/4293 2611/14699/4294 2695/14712/4301
f 2610/14709/4293 2695/14713/4301 2617/14710/4299
f 2616/14714/4302 2614/14704/4296 2613/14703/4295
f 2614/14704/4296 2616/14714/4302 2622/14715/4303
f 2615/14716/4304 2614/14717/4297 2622/14718/4305
f 2614/14705/4297 2615/14719/4304 2612/14706/4298
f 2616/14720/4306 2613/14721/4300 2617/14722/4299
f 2616/14714/4302 2618/14723/4307 2622/14715/4303
f 2618/14724/4308 2616/14725/4306 2619/14726/4309
f 2616/14720/4306 2617/14722/4299 2619/14727/4309
f 2622/14715/4303 2618/14723/4307 2620/14728/4310
f 2620/14729/4311 2621/14730/4312 2622/14731/4305
f 2615/14716/4304 2622/14718/4305 2621/12742/4312
f 2623/14732/4313 2620/14728/4310 2618/14723/4307
f 2623/14733/4314 2618/14734/4308 2624/14735/4315
f 2618/14724/4308 2619/14726/4309 2624/14736/4315
f 2623/14732/4313 2629/14737/4316 2620/14728/4310
f 2625/14738/4317 2620/14739/4311 2629/14740/4318
f 2620/14729/4311 2696/14741/4319 2621/14730/4312
f 2625/14742/4317 2696/14743/4319 2620/14744/4311
f 2623/14732/4313 2626/14745/3478 2629/14737/4316
f 2627/14746/4320 2628/14747/4321 2623/14748/4314
f 2623/14732/4313 2628/14749/4322 2626/14745/3478
f 2623/14733/4314 2624/14735/4315 2697/14750/4323
f 2627/14746/4320 2623/14748/4314 2697/14751/4323
f 2629/14737/4316 2630/14752/4324 2632/14753/4325
f 2629/14737/4316 2626/14745/3478 2630/14752/4324
f 2632/14754/4326 2625/14755/4317 2629/14756/4318
f 2627/14746/4320 2630/14757/4327 2628/14747/4321
f 2630/14752/4324 2626/14745/3478 2628/14749/4322
f 2630/14752/4324 2634/14758/4328 2632/14753/4325
f 2630/14759/4327 2702/14760/4329 2634/14761/4330
f 2630/14759/4327 2631/14762/4331 2702/14760/4329
f 2627/14746/4320 2631/14763/4331 2630/14757/4327
f 2633/14764/4332 2632/14753/4325 2634/14758/4328
f 2632/14765/4326 2633/1417/4333 2637/14766/4334
f 2632/14765/4326 2637/14766/4334 2701/14767/4335
f 2632/14768/4326 2701/14769/4335 2625/12728/4317
f 2635/14770/4336 2633/14764/4332 2634/14758/4328
f 2634/14771/4330 2703/14772/4337 2635/14773/4338
f 2634/14771/4330 2702/14774/4329 2703/14772/4337
f 2640/14775/4339 2633/14764/4332 2635/14770/4336
f 2636/14716/4340 2633/14776/4333 2640/14717/4341
f 2636/14716/4340 2637/14777/4334 2633/14776/4333
f 2635/14770/4336 2638/14778/4342 2640/14775/4339
f 2635/14779/4338 2639/14780/4343 2638/14781/4344
f 2635/14779/4338 2703/14782/4337 2639/14780/4343
f 2643/14783/4345 2640/14775/4339 2638/14778/4342
f 2645/14784/4346 2643/14783/4345 2638/14778/4342
f 2645/14785/4347 2638/14786/4344 2639/14709/4343
f 2640/14787/4341 2643/14788/4348 2641/14789/4349
f 2640/14787/4341 2641/14789/4349 2636/14790/4340
f 2642/14791/4350 2643/14792/4345 2645/14793/4346
f 2645/14794/4346 2644/14795/4351 2642/14796/4350
f 2645/14797/4347 2648/14798/4352 2644/14799/4353
f 2645/14785/4347 2639/14709/4343 2704/14800/4354
f 2645/14797/4347 2704/14801/4354 2648/14798/4352
f 2643/14802/4348 2642/14803/4355 2705/14804/4356
f 2643/14802/4348 2705/14804/4356 2641/14805/4349
f 2651/14806/4357 2642/14796/4350 2644/14795/4351
f 2644/14795/4351 2646/14807/4358 2651/14806/4357
f 2647/14808/4359 2646/11636/4360 2644/14809/4353
f 2647/14810/4359 2644/14811/4353 2648/14812/4352
f 2705/14813/4356 2642/14814/4355 2651/14815/4361
f 2649/14816/4362 2651/14806/4357 2646/14807/4358
f 2649/14816/4362 2646/14807/4358 2654/14817/4363
f 2646/14807/4358 2650/14818/4364 2654/14817/4363
f 2658/14819/4365 2650/14820/4366 2646/14821/4360
f 2658/14822/4365 2646/14823/4360 2647/14824/4359
f 2651/14825/4361 2649/12854/4367 2706/14826/4368
f 2706/14827/4368 2705/14828/4356 2651/14829/4361
f 2654/14830/4369 2707/14831/4370 2649/14832/4367
f 2707/14833/4370 2706/14834/4368 2649/14835/4367
f 2650/14818/4364 2652/14836/4371 2654/14817/4363
f 2650/14818/4364 2657/14837/4372 2652/14836/4371
f 2657/14838/4373 2650/14839/4366 2658/14840/4365
f 2653/14841/4374 2654/14842/4369 2652/14843/4375
f 2654/14844/4369 2655/14845/4376 2707/14846/4370
f 2653/14847/4374 2655/14848/4376 2654/14849/4369
f 2652/14836/4371 2657/14837/4372 2662/14850/4377
f 2656/14851/4378 2662/14850/4377 2657/14837/4372
f 2708/14852/4379 2656/14853/4380 2657/14854/4373
f 2657/14855/4373 2658/14856/4365 2708/14857/4379
f 2662/14858/4381 2653/14859/4374 2652/14860/4375
f 2656/14861/4378 2660/14862/4382 2662/14863/4377
f 2659/14864/4383 2662/14865/4377 2660/14866/4382
f 2662/14867/4381 2659/14868/4384 2672/14869/4385
f 2661/14870/4386 2662/14871/4381 2672/14872/4385
f 2662/14873/4381 2661/14874/4386 2653/14875/4374
f 2660/14876/4387 2656/14877/4380 2674/14878/4388
f 2663/14879/4389 2674/14878/4388 2656/14877/4380
f 2708/14852/4379 2663/14880/4389 2656/14853/4380
f 2591/14881/4255 2666/14882/4260 2664/14883/4390
f 2664/14884/4391 2671/14642/4268 2591/14641/4267
f 2660/14885/4382 2665/14886/4392 2659/14887/4383
f 2665/14888/4393 2660/14876/4387 2674/14878/4388
f 2664/14889/4390 2666/14890/4260 2669/14891/4394
f 2666/14892/4262 2593/14893/4261 2669/14894/4395
f 2665/14895/4392 2670/14896/4396 2659/14897/4383
f 2659/14898/4384 2670/14899/4397 2672/14900/4385
f 2669/14901/4394 2668/14902/4398 2664/14903/4390
f 2671/14642/4268 2664/14884/4391 2668/14904/4399
f 2670/14905/4396 2665/14906/4392 2667/14907/4400
f 2674/14878/4388 2667/14908/4401 2665/14888/4393
f 2668/14909/4398 2669/14910/4394 2593/14911/4402
f 2667/14912/4400 2672/14913/4403 2670/14914/4396
f 2668/14915/4398 2593/14916/4402 2671/14917/4404
f 2667/14918/4400 2674/14919/4405 2672/14920/4403
f 2671/14921/4404 2593/14922/4402 2677/14923/4406
f 2593/14924/4261 2690/14925/4263 2677/14926/4407
f 2674/14927/4405 2675/14928/4408 2672/14929/4403
f 2672/14930/4385 2675/14931/4409 2661/14932/4386
f 2671/14933/4404 2677/14934/4406 2673/14935/4410
f 2673/14936/4411 2691/14644/4269 2671/14642/4268
f 2674/14937/4405 2679/14938/4412 2675/14939/4408
f 2679/14940/4413 2674/14878/4388 2663/14879/4389
f 2673/14941/4410 2677/14942/4406 2676/14943/4414
f 2677/14944/4407 2678/14945/4415 2676/14946/4416
f 2678/14945/4415 2677/14944/4407 2690/14947/4263
f 2679/14948/4412 2684/14949/4417 2675/14950/4408
f 2675/14951/4409 2684/14952/4418 2688/14953/4419
f 2688/14953/4419 2661/14954/4386 2675/14951/4409
f 2673/14955/4410 2676/14956/4414 2682/14957/4420
f 2682/14958/4421 2689/14959/4422 2673/14960/4411
f 2691/14961/4269 2673/14962/4411 2689/14963/4422
f 2679/14964/4412 2680/14965/4423 2684/14966/4417
f 2680/14967/4424 2679/14968/4413 2687/14969/4425
f 2663/14970/4389 2687/14971/4425 2679/14972/4413
f 2682/14973/4420 2676/14974/4414 2681/14975/4426
f 2676/14976/4416 2678/14977/4415 2681/14978/4427
f 2682/14979/4420 2681/14980/4426 2683/14981/4428
f 2683/14982/4429 2689/14959/4422 2682/14958/4421
f 2680/14983/4423 2685/14984/4430 2684/14985/4417
f 2684/14986/4418 2685/14987/4431 2688/14988/4419
f 2680/14989/4423 2686/14990/4432 2685/14991/4430
f 2686/14992/4433 2680/14967/4424 2687/14969/4425
f 2683/14993/4428 2681/14994/4426 2689/12971/4434
f 2678/14995/4435 2689/14996/4434 2681/14997/4426
f 2686/14998/4432 2687/14999/4436 2685/15000/4430
f 2688/15001/4437 2685/15002/4430 2687/15003/4436
f 2690/15004/4438 2689/15005/4434 2678/15006/4435
f 2661/15007/4439 2688/15008/4437 2687/2879/4436
f 2689/15009/4434 2690/15010/4438 2691/15011/4440
f 2687/15012/4436 2663/15013/4441 2661/15014/4439
f 2691/15015/4440 2690/15016/4438 2692/15017/4442
f 2691/15015/4440 2692/15017/4442 2598/15018/4443
f 2598/15018/4443 2692/15017/4442 2597/15019/4444
f 2692/15017/4442 2601/15020/4445 2597/15019/4444
f 2693/15021/4446 2601/15020/4445 2694/15022/4447
f 2597/15019/4444 2601/15020/4445 2693/15021/4446
f 2694/15023/4447 2606/15024/4448 2693/15025/4446
f 2611/15026/4449 2693/15027/4446 2606/15028/4448
f 2609/15029/4450 2611/15026/4449 2606/15028/4448
f 2609/15029/4450 2695/15030/4451 2611/15026/4449
f 2612/15031/4452 2695/15030/4451 2609/15029/4450
f 2612/15031/4452 2617/15032/4453 2695/15030/4451
f 2615/15033/4454 2617/15032/4453 2612/15031/4452
f 2615/15033/4454 2619/15034/4455 2617/15032/4453
f 2621/15035/4456 2619/15034/4455 2615/15033/4454
f 2621/15036/4456 2624/15037/4457 2619/15038/4455
f 2696/15039/4458 2624/15040/4457 2621/15041/4456
f 2696/15039/4458 2697/15042/4459 2624/15040/4457
f 2698/15043/4460 2697/15042/4459 2696/15039/4458
f 2625/15044/4317 2698/15045/4461 2696/15046/4319
f 2698/15043/4460 2699/15047/3654 2697/15042/4459
f 2627/14746/4320 2697/14751/4323 2700/15048/4462
f 2700/15049/4463 2697/15042/4459 2699/15047/3654
f 2698/15043/4460 2701/15050/4464 2631/15051/4465
f 2698/15043/4460 2631/15051/4465 2699/15047/3654
f 2625/15052/4317 2701/15053/4335 2698/15054/4461
f 2627/14746/4320 2700/15048/4462 2631/14763/4331
f 2700/15049/4463 2699/15047/3654 2631/15051/4465
f 2701/15050/4464 2702/15055/4466 2631/15051/4465
f 2701/15050/4464 2637/15056/4467 2702/15055/4466
f 2637/15057/4467 2703/15058/4468 2702/15059/4466
f 2637/15060/4467 2636/15061/4469 2703/15062/4468
f 2636/15061/4469 2639/15063/4470 2703/15062/4468
f 2636/15061/4469 2641/15064/4471 2639/15063/4470
f 2641/15064/4471 2704/15065/4472 2639/15063/4470
f 2641/15066/4471 2705/15067/4473 2704/15068/4472
f 2705/15069/4473 2648/15070/4474 2704/15071/4472
f 2705/15069/4473 2706/15072/4475 2648/15070/4474
f 2648/15070/4474 2706/15072/4475 2647/15073/4476
f 2707/15074/4477 2647/15075/4476 2706/15076/4475
f 2658/15077/4478 2647/15078/4476 2655/15079/4479
f 2647/15078/4476 2707/15080/4477 2655/15079/4479
f 2653/15081/4480 2658/15077/4478 2655/15079/4479
f 2708/15082/4481 2658/15077/4478 2653/15081/4480
f 2663/15083/4441 2708/15082/4481 2653/15081/4480
f 2663/15083/4441 2653/15081/4480 2661/15084/4439
f 2709/15085/4482 2716/15086/4483 2710/15087/4484
f 2709/15088/4482 2714/15089/4485 2716/15090/4483
f 2711/14854/4486 2709/15091/4487 2710/15092/4488
f 2714/15093/4489 2709/15094/4487 2788/15095/4490
f 2712/15096/4491 2788/15095/4490 2709/15094/4487
f 2711/14854/4486 2712/15097/4491 2709/15091/4487
f 2713/15098/4492 2710/15087/4484 2716/15086/4483
f 2716/15099/4493 2810/15100/4494 2713/15101/4495
f 2715/15102/4496 2716/15103/4483 2714/15104/4485
f 2716/15105/4493 2715/15106/4497 2717/15107/4498
f 2809/15108/4499 2716/15109/4493 2717/15110/4498
f 2716/15111/4493 2809/15112/4499 2810/15113/4494
f 2718/15114/4500 2710/15087/4484 2713/15098/4492
f 2718/15114/4500 2713/15098/4492 2720/15115/4501
f 2810/15116/4494 2720/15117/4502 2713/15118/4495
f 2710/15119/4488 2718/15120/4503 2729/15121/4504
f 2710/15122/4488 2729/15123/4504 2711/15124/4486
f 2719/15125/4505 2718/15114/4500 2720/15115/4501
f 2723/15126/4506 2719/15127/4505 2720/15128/4501
f 2720/15129/4502 2722/15130/4507 2723/15131/4508
f 2810/15132/4494 2811/15133/4509 2720/15134/4502
f 2720/15135/4502 2811/15136/4509 2722/15137/4507
f 2729/15138/4504 2718/15139/4503 2719/15140/4510
f 2723/15141/4506 2727/15142/4511 2719/15143/4505
f 2727/15144/4512 2723/15145/4508 2721/15146/4513
f 2722/15147/4507 2721/15148/4513 2723/15149/4508
f 2724/15150/4514 2719/15143/4505 2727/15142/4511
f 2727/15142/4511 2726/15151/4515 2724/15150/4514
f 2725/15152/4516 2726/15153/4517 2727/15154/4512
f 2721/15155/4513 2725/15156/4516 2727/15157/4512
f 2728/15158/4518 2719/15159/4510 2724/15160/4519
f 2729/15161/4504 2719/15162/4510 2728/15163/4518
f 2734/15164/4520 2724/15150/4514 2726/15151/4515
f 2726/15165/4515 2730/15166/4521 2734/15167/4520
f 2730/15168/4522 2726/15169/4517 2725/15170/4516
f 2734/15171/4523 2731/15172/4524 2724/15173/4519
f 2728/15174/4518 2724/15175/4519 2731/15176/4524
f 2734/15167/4520 2730/15166/4521 2732/15177/4525
f 2730/15178/4521 2733/15179/4526 2732/15180/4525
f 2733/15181/4527 2730/15182/4522 2813/15183/4528
f 2730/15168/4522 2725/15170/4516 2813/12655/4528
f 2734/15184/4523 2732/15185/4529 2736/15186/4530
f 2734/15171/4523 2812/15187/4531 2731/15172/4524
f 2734/15184/4523 2736/15186/4530 2812/15188/4531
f 2739/15189/4532 2732/15180/4525 2733/15179/4526
f 2733/15179/4526 2740/15190/4533 2739/15189/4532
f 2735/15191/4534 2740/15192/4535 2733/12741/4527
f 2733/15181/4527 2813/15183/4528 2735/15193/4534
f 2739/15194/4536 2736/15195/4530 2732/15196/4529
f 2739/15189/4532 2740/15190/4533 2737/15197/4537
f 2737/15198/4538 2738/15199/4539 2739/15200/4536
f 2739/15194/4536 2738/15201/4539 2736/15195/4530
f 2740/15202/4533 2741/15203/4540 2737/15204/4537
f 2741/15205/4541 2740/15206/4535 2742/15207/4542
f 2735/15191/4534 2742/15208/4542 2740/15192/4535
f 2747/15209/4543 2737/15210/4537 2741/15211/4540
f 2747/15212/4544 2743/15213/4545 2737/15214/4538
f 2737/15198/4538 2743/15215/4545 2738/15199/4539
f 2744/15216/3472 2747/15209/4543 2741/15211/4540
f 2756/15217/3473 2744/15218/3474 2741/15219/4541
f 2741/15205/4541 2742/15207/4542 2745/15220/4546
f 2756/15221/3473 2741/15222/4541 2745/15223/4546
f 2746/15224/3475 2747/14748/4544 2749/15225/4547
f 2747/15226/4543 2748/15227/3478 2749/15228/4548
f 2744/15229/3472 2748/15230/3478 2747/15231/4543
f 2747/15212/4544 2814/15232/4549 2743/15213/4545
f 2746/15224/3475 2814/15233/4549 2747/14748/4544
f 2751/15234/4550 2746/15224/3475 2749/15225/4547
f 2751/15235/4551 2749/15228/4548 2748/15227/3478
f 2751/15235/4551 2744/15236/3472 2753/15237/4552
f 2751/15235/4551 2748/15227/3478 2744/15236/3472
f 2756/15238/3473 2753/15239/4553 2744/15240/3474
f 2751/15235/4551 2753/15237/4552 2750/15241/4554
f 2751/15242/4550 2750/15243/4555 2752/15244/4556
f 2751/15242/4550 2752/15244/4556 2817/15245/4557
f 2751/15234/4550 2817/15246/4557 2746/15224/3475
f 2754/15247/4558 2750/15248/4554 2753/15249/4552
f 2753/15250/4553 2819/15251/4559 2754/15252/4560
f 2753/15250/4553 2755/15253/4561 2819/15251/4559
f 2756/15254/3473 2755/15255/4561 2753/15222/4553
f 2757/15256/4562 2750/15257/4554 2754/15258/4558
f 2750/15259/4555 2757/12684/4563 2762/15260/4564
f 2750/15259/4555 2762/15260/4564 2752/15261/4556
f 2758/15262/4565 2757/15256/4562 2754/15258/4558
f 2759/12673/4566 2758/15263/4567 2754/15264/4560
f 2759/12673/4566 2754/15264/4560 2819/15265/4559
f 2757/15256/4562 2758/15262/4565 2760/15266/4568
f 2757/15267/4563 2760/15196/4569 2761/15195/4570
f 2757/15267/4563 2761/15195/4570 2762/15268/4564
f 2766/15269/4571 2760/15266/4568 2758/15262/4565
f 2763/15270/4572 2760/15271/4568 2766/15272/4571
f 2763/15273/4573 2761/15274/4570 2760/15185/4569
f 2758/12657/4567 2820/15275/4574 2766/15276/4575
f 2758/12657/4567 2759/15277/4566 2820/15275/4574
f 2764/15278/4576 2763/15279/4572 2766/15280/4571
f 2763/15279/4572 2764/15278/4576 2769/15281/4577
f 2763/14736/4573 2769/15282/4578 2768/15261/4579
f 2763/15273/4573 2765/15283/4580 2761/15274/4570
f 2763/14736/4573 2768/15261/4579 2765/14724/4580
f 2766/15284/4575 2821/15285/4581 2764/15286/4582
f 2766/15284/4575 2820/15287/4574 2821/15285/4581
f 2767/15288/4583 2769/15281/4577 2764/15278/4576
f 2769/15281/4577 2767/15288/4583 2772/15289/4584
f 2823/15290/4585 2769/15291/4578 2772/15292/4586
f 2823/15293/4585 2768/8322/4579 2769/15294/4578
f 2821/15295/4581 2767/12863/4587 2764/15296/4582
f 2770/15297/4588 2772/15289/4584 2767/15288/4583
f 2770/15298/4588 2776/15299/4589 2772/15300/4584
f 2772/15301/4584 2776/15302/4589 2773/15303/4590
f 2771/15304/4591 2772/15140/4586 2773/15305/4592
f 2771/15306/4591 2823/15307/4585 2772/15308/4586
f 2767/15309/4587 2822/15310/4593 2770/15311/4594
f 2822/15312/4593 2767/15313/4587 2821/15314/4581
f 2776/15315/4595 2770/15316/4594 2824/14691/4596
f 2824/15317/4596 2770/15318/4594 2822/15319/4593
f 2773/15303/4590 2776/15302/4589 2774/15320/4597
f 2773/15303/4590 2774/15320/4597 2775/15321/4598
f 2775/15119/4599 2771/15322/4591 2773/15323/4592
f 2778/15324/4600 2774/15325/4601 2776/12812/4595
f 2776/15326/4595 2824/15327/4596 2825/15328/4602
f 2778/15329/4600 2776/15330/4595 2825/15331/4602
f 2774/15320/4597 2781/15332/4603 2775/15321/4598
f 2777/15333/4604 2775/15321/4598 2781/15332/4603
f 2826/14853/4605 2775/15334/4599 2777/15335/4606
f 2775/15336/4599 2826/15337/4605 2771/15338/4591
f 2781/15339/4607 2774/15340/4601 2778/15341/4600
f 2777/15342/4604 2781/15343/4603 2779/15344/4608
f 2779/15345/4609 2792/15346/4610 2777/15347/4606
f 2800/15348/4611 2777/15347/4606 2792/15346/4610
f 2826/14853/4605 2777/15335/4606 2800/15349/4611
f 2780/15350/4612 2779/13061/4608 2781/13060/4603
f 2781/15351/4607 2789/15352/4613 2780/15353/4614
f 2791/15354/4615 2789/15355/4613 2781/15356/4607
f 2781/15357/4607 2778/15358/4600 2791/15359/4615
f 2714/15360/4485 2782/15361/4616 2715/15362/4496
f 2782/15363/4617 2714/15093/4489 2788/15095/4490
f 2779/15364/4608 2780/15365/4612 2783/15366/4618
f 2783/15367/4619 2792/15346/4610 2779/15345/4609
f 2782/15368/4616 2785/15369/4620 2715/15370/4496
f 2715/15371/4497 2785/15372/4621 2717/15373/4498
f 2783/15374/4618 2780/15375/4612 2787/15376/4622
f 2780/15377/4614 2789/15378/4613 2787/15379/4623
f 2785/15380/4620 2782/15381/4616 2784/15382/4624
f 2788/15095/4490 2784/15383/4625 2782/15363/4617
f 2787/15384/4622 2786/15385/4626 2783/15386/4618
f 2792/15346/4610 2783/15367/4619 2786/15387/4627
f 2784/14983/4624 2717/15388/4628 2785/15389/4620
f 2786/15390/4626 2787/13038/4622 2789/15391/4629
f 2784/15392/4624 2788/15393/4630 2717/15394/4628
f 2786/15395/4626 2789/15396/4629 2792/15397/4631
f 2788/15398/4630 2790/15399/4632 2717/15400/4628
f 2717/15401/4498 2790/15402/4633 2809/15403/4499
f 2792/15404/4631 2789/15405/4629 2793/15406/4634
f 2789/15407/4613 2791/15408/4615 2793/15409/4635
f 2788/15410/4630 2795/15411/4636 2790/15412/4632
f 2795/15413/4637 2788/15095/4490 2712/15096/4491
f 2792/15414/4631 2793/15415/4634 2794/15416/4638
f 2794/15417/4639 2800/15348/4611 2792/15346/4610
f 2795/15418/4636 2796/15419/4640 2790/15420/4632
f 2790/15421/4633 2796/15422/4641 2802/15423/4642
f 2802/15423/4642 2809/15424/4499 2790/15421/4633
f 2794/15425/4638 2793/15426/4634 2797/15427/4643
f 2793/15428/4635 2805/15429/4644 2797/15430/4645
f 2805/15429/4644 2793/15428/4635 2791/15431/4615
f 2795/15432/4636 2798/15433/4646 2796/15434/4640
f 2798/15435/4647 2795/15436/4637 2799/15437/4648
f 2712/15438/4491 2799/15439/4648 2795/15440/4637
f 2794/15441/4638 2797/15442/4643 2803/15443/4649
f 2803/15444/4650 2808/15445/4651 2794/15446/4639
f 2800/15447/4611 2794/15448/4639 2808/15449/4651
f 2798/15450/4646 2807/15451/4652 2796/15452/4640
f 2798/15453/4646 2801/15454/4653 2807/1840/4652
f 2801/15455/4654 2798/15435/4647 2799/15437/4648
f 2796/15456/4641 2807/15457/4655 2802/15458/4642
f 2803/15459/4649 2797/15460/4643 2806/15461/4656
f 2803/15462/4649 2806/15463/4656 2804/15464/4657
f 2804/15465/4658 2808/15445/4651 2803/15444/4650
f 2797/15466/4645 2805/14976/4644 2806/15467/4659
f 2801/15468/4653 2799/15469/4660 2807/15470/4652
f 2802/15471/4661 2807/15472/4652 2799/15473/4660
f 2804/15468/4657 2806/15474/4656 2808/15475/4662
f 2805/15476/4663 2808/15477/4662 2806/15478/4656
f 2809/12797/4664 2802/15479/4661 2799/12798/4660
f 2791/15480/4665 2808/15481/4662 2805/12950/4663
f 2799/15482/4660 2712/15483/4666 2809/15484/4664
f 2808/12781/4662 2791/12780/4665 2800/15485/4667
f 2712/15486/4666 2810/15487/4668 2809/15488/4664
f 2712/15489/4666 2711/15490/4669 2810/15491/4668
f 2711/15492/4669 2729/15493/4670 2810/15494/4668
f 2810/15494/4668 2729/15493/4670 2811/15495/4671
f 2728/15496/4672 2722/15497/4673 2811/15498/4671
f 2729/15499/4670 2728/15496/4672 2811/15498/4671
f 2722/15497/4673 2728/15496/4672 2721/15500/4674
f 2731/15501/4675 2721/15500/4674 2728/15496/4672
f 2725/15502/4676 2721/15500/4674 2731/15501/4675
f 2725/15502/4676 2731/15501/4675 2812/15503/4677
f 2813/15504/4678 2725/15502/4676 2812/15503/4677
f 2813/15505/4678 2812/15506/4677 2736/15507/4679
f 2735/15508/4680 2813/15509/4678 2736/15510/4679
f 2735/15511/4680 2736/15512/4679 2738/15513/4681
f 2742/15514/4682 2735/15511/4680 2738/15513/4681
f 2742/15515/4682 2738/15516/4681 2743/15517/4683
f 2745/15518/4684 2742/15515/4682 2743/15517/4683
f 2745/15518/4684 2743/15517/4683 2814/15519/4685
f 2818/15520/3650 2745/15518/4684 2814/15519/4685
f 2756/15221/3473 2745/15223/4546 2818/15521/3651
f 2746/15224/3475 2815/15522/3652 2814/15233/4549
f 2815/15523/3653 2816/15524/3654 2814/15525/4685
f 2818/1814/3650 2814/15526/4685 2816/15527/3654
f 2746/15224/3475 2817/15246/4557 2815/15522/3652
f 2815/15523/3653 2817/15528/4686 2816/15524/3654
f 2817/15528/4686 2755/15529/4687 2818/15530/3650
f 2817/15528/4686 2818/15530/3650 2816/15524/3654
f 2756/15254/3473 2818/15531/3651 2755/15255/4561
f 2755/15529/4687 2817/15528/4686 2752/15532/4688
f 2755/15529/4687 2752/15532/4688 2819/15533/4689
f 2819/15533/4689 2752/15532/4688 2762/15534/4690
f 2819/15535/4689 2762/15536/4690 2759/15537/4691
f 2759/15537/4691 2762/15536/4690 2761/15538/4692
f 2759/15539/4691 2761/15540/4692 2820/15541/4693
f 2820/15542/4693 2761/15543/4692 2765/15544/4694
f 2820/15545/4693 2765/15546/4694 2821/15547/4695
f 2821/15547/4695 2765/15546/4694 2768/15548/4696
f 2821/15547/4695 2768/15548/4696 2822/15549/4697
f 2768/15548/4696 2823/15550/4698 2822/15549/4697
f 2824/15551/4699 2822/15549/4697 2823/15550/4698
f 2771/15552/4700 2825/15553/4701 2823/15550/4698
f 2823/15550/4698 2825/15553/4701 2824/15551/4699
f 2778/15554/4702 2825/15555/4701 2771/15556/4700
f 2826/15557/4703 2778/15554/4702 2771/15556/4700
f 2800/15558/4667 2778/15559/4702 2826/15560/4703
f 2800/15561/4667 2791/15562/4665 2778/15563/4702
f 2834/15564/4704 2837/15565/4705 2827/15566/4706
f 2831/15567/4707 2834/15568/4708 2827/15569/4709
f 2828/15570/4710 2827/15566/4706 2837/15565/4705
f 2829/15571/4711 2827/15566/4706 2828/15570/4710
f 2830/15572/4712 2827/15566/4706 2829/15571/4711
f 2844/15573/4713 2827/15566/4706 2830/15572/4712
f 2832/15574/4714 2827/15575/4709 2844/15576/4715
f 2831/15577/4707 2827/15578/4709 2921/15579/4716
f 2832/15580/4714 2921/15581/4716 2827/15582/4709
f 2833/15583/4717 2837/15565/4705 2834/15564/4704
f 2835/15584/4718 2833/15585/4719 2834/15586/4708
f 2835/15587/4718 2834/15588/4708 2831/15589/4707
f 2833/15590/4719 2836/15591/4720 2837/15592/4721
f 2833/15593/4719 2835/15594/4718 2836/15595/4720
f 2836/15596/4722 2828/15597/4723 2837/15598/4724
f 2829/15599/4725 2828/15600/4723 2838/15601/4726
f 2836/15602/4722 2838/15603/4726 2828/15604/4723
f 2830/15605/4727 2829/15606/4725 2922/15607/4728
f 2829/15608/4725 2838/15609/4726 2922/1262/4728
f 2839/15610/4729 2844/15573/4713 2830/15572/4712
f 2830/15611/4727 2843/15612/4730 2839/15613/4731
f 2830/15614/4727 2922/15615/4728 2840/15616/4732
f 2843/15617/4730 2830/15618/4727 2840/15619/4732
f 2842/15620/4733 2844/15573/4713 2839/15610/4729
f 2839/15621/4731 2841/15622/4734 2842/15623/4735
f 2839/15624/4731 2843/15625/4730 2841/15626/4734
f 2844/15573/4713 2849/15627/4736 2845/15628/4737
f 2923/15629/4738 2844/15630/4715 2845/15631/4739
f 2853/15632/4740 2844/15573/4713 2842/15620/4733
f 2849/15627/4736 2844/15573/4713 2852/15633/4741
f 2852/15633/4741 2844/15573/4713 2853/15632/4740
f 2923/15634/4738 2832/15635/4714 2844/15636/4715
f 2845/15628/4737 2850/15637/4742 2846/15638/4743
f 2923/15639/4738 2845/15640/4739 2846/15641/4744
f 2850/15637/4742 2845/15628/4737 2849/15627/4736
f 2925/15642/4745 2846/15643/4744 2850/15644/4746
f 2923/15645/4738 2846/15646/4744 2847/15647/4747
f 2847/15648/4747 2846/15649/4744 2925/15650/4745
f 2848/15651/4748 2853/15632/4740 2842/15620/4733
f 2842/15652/4735 2926/15653/4749 2848/15654/4750
f 2926/15655/4749 2842/15656/4735 2841/15657/4734
f 2849/15658/4751 2851/15659/4752 2850/15660/4746
f 2925/15661/4745 2850/15662/4746 2851/15663/4752
f 2852/15664/4753 2851/15665/4752 2849/15666/4751
f 2854/15667/4754 2853/15632/4740 2848/15651/4748
f 2860/15668/4755 2854/15667/4754 2848/15651/4748
f 2848/15669/4750 2917/15670/4756 2860/15671/4757
f 2848/15672/4750 2926/15673/4749 2917/15674/4756
f 2853/15675/4758 2927/15676/4759 2852/15677/4760
f 2852/15678/4753 2924/15679/4761 2851/15680/4752
f 2924/15681/4762 2852/15682/4760 2927/15683/4759
f 2855/15684/4763 2853/15685/4758 2854/15686/4764
f 2927/14208/4759 2853/14210/4758 2855/15687/4763
f 2856/15688/4765 2854/15689/4754 2860/15690/4755
f 2856/15691/4766 2857/15692/4767 2854/15693/4764
f 2854/15694/4764 2857/15695/4767 2855/15696/4763
f 2858/15697/4768 2856/15698/4765 2860/15699/4755
f 2857/15700/4767 2856/15701/4766 2858/15702/4769
f 2858/15697/4768 2860/15699/4755 2859/15703/4770
f 2859/15703/4770 2860/15699/4755 2863/15704/4771
f 2860/15705/4757 2917/15706/4756 2863/15707/4772
f 2859/15708/4773 2916/15709/4774 2858/15710/4769
f 2858/15711/4769 2861/15712/4775 2857/15713/4767
f 2916/15714/4774 2861/15715/4775 2858/15716/4769
f 2859/15703/4770 2863/15704/4771 2864/15717/4776
f 2859/15718/4773 2864/15719/4777 2916/15720/4774
f 2863/15704/4771 2862/15721/4778 2864/15717/4776
f 2862/15722/4779 2863/15723/4772 2865/15724/4780
f 2863/5491/4772 2917/15725/4756 2865/15726/4780
f 2864/15717/4776 2862/15721/4778 2866/15727/4781
f 2864/15728/4777 2866/15729/4782 2930/15730/4783
f 2916/15731/4774 2864/15732/4777 2928/15733/4784
f 2928/15734/4784 2864/15735/4777 2930/15736/4783
f 2862/15721/4778 2869/15737/4785 2866/15727/4781
f 2929/15738/4786 2869/15739/4787 2862/15740/4779
f 2862/15741/4779 2865/15742/4780 2929/15743/4786
f 2866/15727/4781 2869/15737/4785 2867/15744/4788
f 2867/15745/4789 2931/15746/4790 2866/15747/4782
f 2930/15748/4783 2866/15749/4782 2931/15750/4790
f 2867/15744/4788 2869/15737/4785 2868/15751/3478
f 2933/15752/4791 2867/15753/4789 2870/15754/4792
f 2867/15744/4788 2868/15751/3478 2870/15755/4793
f 2933/15756/4791 2931/15757/4790 2867/15758/4789
f 2875/15759/4794 2871/15760/4795 2869/15761/4787
f 2868/15762/3478 2869/15763/4785 2871/15764/4796
f 2929/15765/4786 2935/15766/4797 2869/15767/4787
f 2875/15768/4794 2869/15769/4787 2935/15770/4797
f 2876/15771/4798 2933/14567/4791 2870/15772/4792
f 2876/15773/4799 2870/15755/4793 2868/15751/3478
f 2875/15774/4794 2873/15775/4800 2871/15776/4795
f 2868/15762/3478 2871/15764/4796 2873/15777/4801
f 2872/15778/4802 2876/15773/4799 2873/15779/4801
f 2876/15773/4799 2868/15751/3478 2873/15779/4801
f 2878/15780/4803 2872/15778/4802 2873/15779/4801
f 2874/15781/4804 2878/15782/4805 2873/15783/4800
f 2874/15784/4804 2873/15785/4800 2936/15786/4806
f 2936/15787/4806 2873/15788/4800 2875/15789/4794
f 2876/15790/4798 2872/15791/4807 2938/15792/4808
f 2876/15793/4798 2938/15794/4808 2933/15795/4791
f 2877/15796/4809 2872/15778/4802 2878/15780/4803
f 2877/15797/4810 2939/15798/4811 2872/15799/4807
f 2939/15800/4811 2938/15801/4808 2872/15802/4807
f 2879/15803/4812 2877/15796/4809 2878/15780/4803
f 2878/15804/4805 2918/15805/4813 2879/15806/4814
f 2878/15807/4805 2874/15808/4804 2918/15809/4813
f 2880/15810/4815 2877/15796/4809 2879/15803/4812
f 2880/15811/4816 2919/15812/4817 2877/15813/4810
f 2881/15814/4818 2939/15815/4811 2877/15816/4810
f 2919/15817/4817 2881/15818/4818 2877/15819/4810
f 2880/15810/4815 2879/15803/4812 2882/15820/4819
f 2882/2360/4820 2879/15821/4814 2895/15822/4821
f 2879/15823/4814 2918/15824/4813 2895/15825/4821
f 2883/15826/4822 2880/15810/4815 2882/15820/4819
f 2880/15827/4816 2883/14257/4823 2919/14256/4817
f 2883/15826/4822 2882/15820/4819 2885/15828/4824
f 2884/15829/4825 2883/15830/4823 2885/15831/4826
f 2919/15832/4817 2883/15833/4823 2920/15834/4827
f 2883/15835/4823 2884/15836/4825 2920/15837/4827
f 2885/15838/4824 2882/15839/4819 2887/15840/4828
f 2882/15841/4819 2886/15842/4829 2887/15843/4828
f 2886/15844/4830 2882/15845/4820 2895/15846/4821
f 2885/15847/4826 2887/15848/4831 2884/15849/4825
f 2887/15843/4828 2886/15842/4829 2890/15850/4832
f 2888/15851/4833 2887/15852/4831 2890/15853/4834
f 2887/15854/4831 2888/15855/4833 2884/15856/4825
f 2892/15857/4835 2890/15850/4832 2889/15858/4836
f 2890/15859/4834 2892/15860/4837 2891/15861/4838
f 2886/15842/4829 2894/15862/4839 2890/15850/4832
f 2890/15850/4832 2894/15862/4839 2889/15858/4836
f 2891/15863/4838 2888/15864/4833 2890/15865/4834
f 2897/15866/4840 2892/15857/4835 2889/15858/4836
f 2892/15867/4841 2897/15868/4842 2893/15869/4843
f 2941/15870/4844 2891/15871/4838 2892/15872/4837
f 2892/15873/4841 2893/15874/4843 2941/15875/4845
f 2894/15876/4846 2886/15877/4830 2940/15878/4847
f 2886/15879/4830 2895/15880/4821 2940/15881/4847
f 2898/15882/4848 2897/15866/4840 2896/15883/4849
f 2897/15884/4842 2898/15885/4850 2893/15886/4843
f 2889/15858/4836 2896/15883/4849 2897/15866/4840
f 2896/15883/4849 2899/15887/4851 2898/15882/4848
f 2900/15888/4852 2898/15889/4850 2899/15890/4853
f 2900/15891/4852 2893/15892/4843 2898/15893/4850
f 2894/15862/4839 2906/15894/4854 2889/15858/4836
f 2906/15895/4855 2894/15896/4846 2908/15897/4856
f 2940/15898/4847 2908/15899/4856 2894/15900/4846
f 2901/15901/4857 2899/15902/4853 2896/15903/4858
f 2902/15904/4859 2900/15905/4852 2899/15906/4853
f 2901/15907/4857 2902/15908/4859 2899/15909/4853
f 2901/15910/4857 2896/15911/4858 2889/15912/4860
f 2906/15894/4854 2905/15913/4861 2889/15858/4836
f 2889/15858/4836 2905/15913/4861 2903/15914/4862
f 2904/15915/4863 2889/15916/4860 2903/15917/4864
f 2901/15918/4857 2889/15919/4860 2904/15920/4863
f 2905/15921/4865 2906/15922/4855 2907/15923/4866
f 2906/15924/4855 2908/15925/4856 2907/15926/4866
f 2905/15913/4861 2910/15927/4867 2903/15914/4862
f 2905/15928/4865 2944/15929/4868 2910/15930/4869
f 2907/15931/4866 2942/15932/4870 2905/15933/4865
f 2905/15934/4865 2942/15935/4870 2944/15936/4868
f 2910/15927/4867 2909/15937/4871 2903/15914/4862
f 2910/15938/4869 2911/15939/4872 2909/15940/4873
f 2910/15941/4869 2944/15942/4868 2911/15943/4872
f 2909/15937/4871 2913/15944/4874 2903/15914/4862
f 2946/15945/4875 2913/15946/4876 2909/15947/4873
f 2946/15948/4875 2909/15949/4873 2911/15950/4872
f 2912/15951/4877 2914/15952/4878 2913/15944/4874
f 2912/15953/4879 2913/15954/4880 2946/15955/4881
f 2914/15952/4878 2903/15914/4862 2913/15944/4874
f 2945/15956/4882 2914/15957/4883 2912/15958/4879
f 2912/15959/4879 2946/15960/4881 2945/15961/4882
f 2915/15962/4884 2903/15963/4864 2914/15964/4883
f 2945/15965/4882 2915/15966/4884 2914/15967/4883
f 2904/15968/4863 2903/15969/4864 2943/15970/4885
f 2915/15971/4884 2943/15972/4885 2903/15973/4864
f 2926/15974/4886 2855/15975/4887 2917/15976/4888
f 2917/15977/4888 2855/15978/4887 2857/15979/4889
f 2917/15980/4888 2857/15981/4889 2861/15982/4890
f 2916/15983/4891 2917/15984/4888 2861/15985/4890
f 2865/15986/4892 2917/15987/4888 2916/15988/4891
f 2918/15989/4893 2919/15990/4894 2895/15991/4895
f 2919/15992/4894 2920/15993/4896 2895/15994/4895
f 2895/15995/4895 2920/15996/4896 2884/15997/4897
f 2895/15998/4895 2884/15999/4897 2888/16000/4898
f 2940/16001/4899 2895/16002/4895 2888/16003/4898
f 2921/16004/4900 2836/16005/4901 2831/16006/4902
f 2836/16007/4901 2921/16008/4900 2838/16009/4903
f 2838/16009/4903 2921/16008/4900 2922/16010/4904
f 2922/16010/4904 2921/16008/4900 2840/16011/4905
f 2840/16012/4905 2921/16013/4900 2832/16014/4906
f 2831/16015/4902 2836/16016/4901 2835/16017/4907
f 2840/16018/4905 2832/16019/4906 2843/16020/4908
f 2843/16020/4908 2832/16019/4906 2841/16021/4909
f 2923/16022/4910 2851/16023/4911 2832/16024/4906
f 2841/16021/4909 2832/16019/4906 2927/16025/4912
f 2924/16026/4913 2832/16027/4906 2851/16028/4911
f 2927/16025/4912 2832/16019/4906 2924/16029/4913
f 2847/16030/4914 2925/16031/4915 2923/16022/4910
f 2925/16031/4915 2851/16023/4911 2923/16022/4910
f 2841/16021/4909 2927/16025/4912 2926/16032/4886
f 2926/16033/4886 2927/16034/4912 2855/16035/4887
f 2928/16036/4916 2865/16037/4892 2916/16038/4891
f 2928/16036/4916 2929/16039/4917 2865/16037/4892
f 2930/16040/4918 2929/16039/4917 2928/16036/4916
f 2931/16041/4919 2929/16042/4917 2930/16043/4918
f 2929/16044/4917 2931/16045/4919 2935/16046/4920
f 2932/16047/3654 2935/16046/4920 2931/16045/4919
f 2933/16048/4791 2934/16049/4921 2931/16050/4790
f 2932/16047/3654 2931/16045/4919 2934/16051/4922
f 2875/16052/4794 2935/16053/4797 2937/16054/4923
f 2935/14304/4920 2932/16055/3654 2937/16056/4924
f 2933/16057/4791 2938/16058/4808 2934/16059/4921
f 2938/16060/4925 2932/16047/3654 2934/16051/4922
f 2936/16061/4806 2875/16062/4794 2937/16063/4923
f 2936/14317/4926 2937/16056/4924 2932/16055/3654
f 2874/16064/4927 2936/16065/4926 2938/16060/4925
f 2938/16060/4925 2936/16065/4926 2932/16047/3654
f 2938/14274/4925 2939/14328/4928 2874/16066/4927
f 2939/16067/4928 2881/16068/4929 2874/16069/4927
f 2881/16068/4929 2918/16070/4893 2874/16069/4927
f 2881/16068/4929 2919/16071/4894 2918/16070/4893
f 2940/16072/4899 2888/16073/4898 2891/16074/4930
f 2891/16075/4930 2941/16076/4931 2904/16077/4932
f 2908/16078/4933 2940/16079/4899 2891/16075/4930
f 2908/16078/4933 2891/16075/4930 2904/16077/4932
f 2941/16080/4931 2893/16081/4934 2904/16082/4932
f 2900/16083/4935 2901/16084/4936 2893/16085/4934
f 2901/16084/4936 2904/16086/4932 2893/16085/4934
f 2902/16087/4937 2901/16084/4936 2900/16083/4935
f 2907/16088/4938 2908/16078/4933 2904/16077/4932
f 2942/16089/4939 2907/16088/4938 2904/16077/4932
f 2942/16090/4939 2904/16091/4932 2943/16092/4940
f 2944/16093/4941 2942/16094/4939 2943/16095/4940
f 2911/16096/4942 2944/16093/4941 2943/16095/4940
f 2946/16097/4943 2911/16096/4942 2943/16095/4940
f 2915/16098/4944 2945/16099/4945 2946/16100/4943
f 2943/16101/4940 2915/16102/4944 2946/16103/4943
f 2949/16104/4946 2972/16105/4947 2947/16106/4948
f 2949/16107/4949 2947/16108/4950 2951/16109/4951
f 2972/16110/4947 2954/16111/4952 2947/16112/4948
f 2954/16113/4953 2951/16114/4951 2947/16115/4950
f 2950/16116/4954 2948/16117/4955 2949/16118/4946
f 2962/16119/4956 2950/16120/4957 2949/16121/4949
f 2949/16122/4946 2948/16123/4955 2972/16124/4947
f 2949/16125/4949 2951/16126/4951 2952/16127/4958
f 2949/16128/4949 2952/16129/4958 2962/16130/4956
f 2953/16131/4959 2956/16132/4960 2954/16133/4952
f 2954/16134/4953 2956/16135/4961 2979/16136/4962
f 2972/16137/4947 2953/16138/4959 2954/16139/4952
f 2954/16140/4953 2978/16141/4963 2951/16142/4951
f 2979/16143/4962 2978/16144/4963 2954/16145/4953
f 2961/16146/4964 2955/16147/4965 2950/16148/4954
f 2961/16149/4966 2950/16150/4957 2962/16151/4956
f 2950/16152/4954 2955/16153/4965 2948/16154/4955
f 2964/16155/4967 2957/16156/4968 2956/16157/4960
f 2956/16158/4961 2957/16159/4969 2979/16160/4962
f 2953/16161/4959 2964/16162/4967 2956/16163/4960
f 2958/16164/4970 2960/16165/4971 2961/16166/4964
f 2958/16167/4972 2961/16168/4966 2959/16169/4973
f 2961/16170/4964 2960/16171/4971 2955/16172/4965
f 2959/16173/4973 2961/16174/4966 2962/16175/4956
f 2966/16176/4974 2963/16177/4975 2957/16178/4968
f 2963/16179/4976 2967/16180/4977 2957/16181/4969
f 2964/16182/4967 2966/16183/4974 2957/16184/4968
f 2957/16185/4969 2967/16186/4977 2979/16187/4962
f 2958/16188/4970 2968/16189/4978 2960/16190/4971
f 2958/16191/4979 3010/16192/4980 2968/16193/4981
f 2958/16194/4979 2965/16195/4982 3010/16196/4980
f 2958/16197/4972 2959/16198/4973 2965/16199/4983
f 2966/16200/4974 2974/16201/4984 2963/16188/4975
f 2963/16202/4985 2974/16203/4986 3011/16204/4987
f 2963/16205/4985 3011/16206/4987 3009/16207/4988
f 2963/16208/4976 3009/16209/4989 2967/16210/4977
f 2970/16211/4990 2960/16212/4991 2968/16213/4992
f 2970/16214/4990 2968/16215/4992 3010/16216/4993
f 2969/16217/4990 2955/16218/4994 2960/16219/4991
f 2969/16220/4990 2960/16221/4991 2970/16222/4990
f 2971/16223/4990 2948/16224/4995 2955/16225/4994
f 2971/16226/4990 2955/16227/4994 2969/16228/4990
f 3075/16229/4990 2972/16230/4996 2948/16231/4995
f 3075/16232/4990 2948/16224/4995 2971/16223/4990
f 2953/16233/4997 2972/16230/4996 3075/16229/4990
f 2964/16234/4998 2953/16235/4997 3076/16236/4990
f 2953/16237/4997 3075/16238/4990 3076/16239/4990
f 2966/16240/4999 2964/16241/4998 3077/16242/4990
f 2964/16243/4998 3076/16244/4990 3077/16245/4990
f 2974/16246/5000 2966/16247/4999 2973/16248/4990
f 2966/16249/4999 3077/16250/4990 2973/16251/4990
f 2974/16252/5000 2973/16253/4990 3011/16254/5001
f 2975/16255/5002 2977/16256/5003 2952/16257/5004
f 2952/16258/4958 2977/16259/5005 2962/16260/4956
f 2975/16255/5002 2981/16261/5006 2977/16256/5003
f 2981/16262/5006 2976/16263/5007 2977/16264/5003
f 2962/16265/4956 2977/16266/5005 2976/16267/5008
f 2984/16268/5009 2952/16257/5004 2951/16269/5010
f 2984/16268/5009 2975/16255/5002 2952/16257/5004
f 2978/16270/5011 2984/16268/5009 2951/16269/5010
f 2980/16271/5012 2986/16272/5013 2978/16270/5011
f 2979/16273/4962 2980/16274/5014 2978/16275/4963
f 2978/16270/5011 2986/16272/5013 2984/16268/5009
f 2980/16271/5012 2991/16276/5015 2986/16272/5013
f 2991/16277/5015 2980/16278/5012 2988/16279/5016
f 2988/16280/5017 2980/16281/5014 2979/16282/4962
f 2981/16283/5018 2975/16284/5019 2983/16285/5020
f 2981/16286/5006 2982/16287/5021 2976/16288/5007
f 2982/16289/5022 2981/16290/5018 2993/16291/5023
f 2999/16292/5024 2993/16293/5023 2981/16294/5018
f 2999/16295/5024 2981/16296/5018 2983/16297/5020
f 2984/16298/5025 3020/16299/5026 2975/16300/5019
f 2975/16301/5019 3020/16302/5026 2983/16303/5020
f 2987/16304/5027 2984/16305/5025 2986/14643/5028
f 2984/16306/5025 2985/16307/5029 3020/16308/5026
f 2987/16309/5027 2985/16307/5029 2984/16306/5025
f 2986/16310/5028 2991/16311/5030 2990/16312/5031
f 2986/16313/5028 2990/16303/5031 2987/16314/5027
f 2991/16315/5015 2988/16316/5016 2994/16317/5032
f 2991/16318/5030 2994/16319/5033 2997/16320/5034
f 2989/16321/5035 2991/16322/5030 2997/16323/5034
f 2989/16324/5035 2990/16325/5031 2991/16326/5030
f 2982/16327/5021 2996/16328/5036 2976/16329/5007
f 2962/16330/4956 2976/16331/5008 2996/16332/5037
f 2994/16333/5032 2988/16334/5016 2992/16335/5038
f 2992/16336/5039 2988/16337/5017 2979/16338/4962
f 2982/16339/5021 2993/16340/5040 2996/16341/5036
f 2994/16342/5032 2992/16343/5038 2997/16344/5041
f 2993/16345/5040 2995/16346/5042 2996/16347/5036
f 2996/16348/5037 2995/16349/5043 3002/16350/5044
f 3002/16351/5044 2962/16352/4956 2996/16353/5037
f 2997/16354/5041 2992/16355/5038 3000/16356/5045
f 2998/16357/5046 3000/16358/5047 2992/16359/5039
f 2998/16360/5046 2992/16361/5039 2979/16362/4962
f 2993/16363/5040 2999/16364/5048 2995/16365/5042
f 2997/16366/5041 3000/16367/5045 2989/16368/5049
f 2999/16369/5048 3003/16370/5050 2995/16371/5042
f 2995/16372/5043 3003/16373/5051 3002/16374/5044
f 2989/16375/5049 3000/16376/5045 3001/16377/5052
f 2998/16378/5046 3001/16379/5053 3000/16380/5047
f 2999/16381/5048 2983/16382/5054 3003/16383/5050
f 2989/16384/5049 3001/16385/5052 2990/16386/5055
f 2983/16387/5054 3006/16388/5056 3003/16389/5050
f 3003/16390/5051 3006/16391/5057 3007/16392/5058
f 3007/16393/5058 2959/16394/4973 3003/16395/5051
f 2959/16396/4973 3002/16397/5044 3003/16398/5051
f 3032/16399/5059 2990/16400/5055 3001/16401/5052
f 3004/16402/5060 3032/16403/5061 3001/16404/5053
f 2967/16405/4977 3004/16406/5060 3001/16407/5053
f 2998/16408/5046 2967/16409/4977 3001/16410/5053
f 3020/2429/5026 3005/16411/5062 2983/16412/5020
f 2983/16413/5054 3005/16414/5063 3006/16415/5056
f 2990/16416/5031 3027/16417/5064 2987/16418/5027
f 3032/16419/5059 3027/16420/5065 2990/16421/5055
f 3008/16422/5066 3010/16423/4980 2965/16424/4982
f 2965/16425/4983 3007/16426/5058 3008/16427/5067
f 2965/16428/4983 2959/16429/4973 3007/16430/5058
f 3011/16431/4987 3036/16432/5068 3009/16433/4988
f 3009/16434/4989 3036/16435/5069 3004/16436/5060
f 3009/16437/4989 3004/16430/5060 2967/16429/4977
f 3008/16438/5066 3033/16439/5070 3010/16440/4980
f 3038/16441/4990 3010/16442/4993 3033/16443/5071
f 3038/16444/4990 2970/16445/4990 3010/16446/4993
f 3011/16447/4987 3012/16448/5072 3036/16449/5068
f 3011/16450/5001 3084/16451/4990 3012/16452/5073
f 3011/16453/5001 2973/16454/4990 3084/16455/4990
f 3020/16456/5074 3013/16457/5075 3016/16458/5076
f 3045/16459/5077 3016/16460/5078 3013/16461/5079
f 3013/16462/5075 2987/16463/5080 3018/16464/5081
f 3013/16465/5079 3018/16466/5082 3014/16467/5083
f 2985/16468/5084 3013/16469/5075 3020/16470/5074
f 2985/16468/5084 2987/16471/5080 3013/16469/5075
f 3013/16472/5079 3014/16473/5083 3015/16474/5085
f 3045/16465/5077 3013/16467/5079 3015/16475/5085
f 3016/16476/5076 3019/16477/5086 3020/16478/5074
f 3021/16479/5087 3019/16480/5088 3016/16481/5078
f 3021/16482/5087 3016/16483/5078 3045/16484/5077
f 3018/16485/5081 2987/16486/5080 3017/16487/5089
f 3018/16488/5082 3017/16489/5090 3025/16490/5091
f 3018/16491/5082 3025/16492/5091 3014/16493/5083
f 3019/16494/5086 3023/16495/5092 3020/16496/5074
f 3021/16497/5087 3023/16498/5093 3019/16499/5088
f 3022/16500/5094 3017/16501/5089 2987/16502/5080
f 3025/16503/5091 3017/16504/5090 3022/16505/5095
f 3026/16506/5096 3020/16507/5074 3023/16508/5092
f 3050/16509/5097 3026/16510/5098 3023/16511/5093
f 3021/16512/5087 3050/16513/5097 3023/16514/5093
f 3029/16515/5099 3022/16516/5094 2987/16517/5080
f 3024/16518/5100 3022/16519/5095 3029/16520/5101
f 3025/16521/5091 3022/16522/5095 3024/16523/5100
f 3005/16524/5102 3020/16525/5074 3026/16526/5096
f 3026/16527/5098 3057/16528/5103 3005/16529/5063
f 3026/16530/5098 3052/16531/5104 3057/16532/5103
f 3050/16533/5097 3052/16534/5104 3026/16535/5098
f 2987/16536/5080 3027/16537/5105 3029/16538/5099
f 3062/16539/5106 3029/16540/5101 3027/16541/5065
f 3062/16542/5106 3028/16543/5107 3029/16544/5101
f 3024/16545/5100 3029/16546/5101 3028/16547/5107
f 3005/16548/5063 3030/16549/5108 3006/16550/5056
f 3005/16551/5063 3057/16552/5103 3030/16553/5108
f 3031/16554/5109 3027/16555/5065 3032/16556/5059
f 3031/16557/5109 3062/16558/5106 3027/16559/5065
f 3007/16560/5058 3006/16561/5057 3030/16562/5110
f 3004/16563/5060 3031/16564/5111 3032/16565/5061
f 3008/16566/5066 3041/16567/5112 3033/16568/5070
f 3008/16566/5066 3040/16569/5113 3041/16567/5112
f 3008/16570/5067 3034/16571/5114 3040/16572/5115
f 3008/16573/5067 3007/16574/5058 3034/16575/5114
f 3036/16576/5068 3012/16577/5072 3042/16578/5116
f 3036/16576/5068 3042/16578/5116 3035/16579/5117
f 3036/16580/5069 3035/16581/5118 3037/16582/5119
f 3036/16583/5069 3037/16584/5119 3004/16585/5060
f 3069/16586/4990 3033/16587/5071 3041/16588/5120
f 3069/16586/4990 3038/16589/4990 3033/16587/5071
f 3012/16590/5073 3074/16591/4990 3042/16592/5121
f 3012/16590/5073 3084/16593/4990 3074/16591/4990
f 3030/16594/5110 3055/16595/5122 3039/16596/5123
f 3030/16597/5108 3057/16598/5103 3055/16599/5124
f 3030/16600/5110 3039/16601/5123 3034/16602/5114
f 3007/16603/5058 3030/16604/5110 3034/16605/5114
f 3066/16606/5125 3058/16607/5126 3031/16608/5111
f 3031/16609/5109 3058/16610/5127 3062/16611/5106
f 3066/16612/5125 3031/16613/5111 3037/16614/5119
f 3004/16615/5060 3037/16616/5119 3031/16617/5111
f 3063/16618/5128 3041/16567/5112 3040/16569/5113
f 3034/16619/5114 3063/16620/5129 3040/16621/5115
f 3042/16578/5116 3065/16622/5130 3035/16579/5117
f 3065/16623/5131 3037/16624/5119 3035/16625/5118
f 3063/16618/5128 3064/16626/5132 3041/16567/5112
f 3064/16627/5133 3069/16628/4990 3041/16629/5120
f 3042/16578/5116 3067/16630/5134 3065/16622/5130
f 3067/16631/5135 3042/16632/5121 3074/16633/4990
f 3047/16634/5136 3044/16635/5137 3049/16636/5138
f 3044/16637/5139 3047/16638/5140 3045/16639/5077
f 3060/16640/5141 3044/16641/5137 3048/16642/5142
f 3044/16643/5139 3014/16644/5083 3048/16645/5143
f 3060/16646/5141 3043/16647/5144 3044/16648/5137
f 3049/16649/5138 3044/16650/5137 3043/16651/5144
f 3044/16652/5139 3015/16653/5085 3014/16654/5083
f 3044/16655/5139 3045/16656/5077 3015/16657/5085
f 3046/16658/5145 3047/16659/5136 3049/16660/5138
f 3047/16661/5140 3046/16662/5146 3021/16663/5087
f 3047/16664/5140 3021/16665/5087 3045/16666/5077
f 3048/16659/5142 3051/16667/5147 3060/16660/5141
f 3048/16668/5143 3025/16669/5091 3051/16670/5148
f 3048/16671/5143 3014/16672/5083 3025/16673/5091
f 3053/16674/5149 3046/16675/5145 3049/16676/5138
f 3046/16677/5146 3053/16678/5150 3050/16679/5097
f 3046/6226/5146 3050/16680/5097 3021/16681/5087
f 3051/16682/5147 3054/16683/5151 3060/16684/5141
f 3051/16685/5148 3024/16686/5100 3054/16687/5152
f 3051/16688/5148 3025/16689/5091 3024/16690/5100
f 3049/16691/5138 3055/16692/5153 3053/16693/5149
f 3053/16694/5150 3055/16695/5124 3052/16696/5104
f 3053/16697/5150 3052/16698/5104 3050/16699/5097
f 3054/16700/5151 3058/16701/5154 3060/16702/5141
f 3054/16703/5152 3028/16704/5107 3058/16705/5127
f 3054/16706/5152 3024/16707/5100 3028/16708/5107
f 3055/16709/5153 3068/16710/5155 3039/16711/5156
f 3055/16712/5153 3070/16713/5157 3068/16714/5155
f 3055/16715/5153 3056/16716/5158 3070/16717/5157
f 3055/16718/5153 3049/16719/5138 3056/16720/5158
f 3057/16721/5103 3052/16722/5104 3055/16723/5124
f 3073/16724/5159 3058/16725/5154 3066/16726/5160
f 3058/16727/5154 3061/16728/5157 3059/16729/5161
f 3058/16730/5154 3059/16731/5161 3060/16732/5141
f 3073/16733/5159 3061/16734/5157 3058/16735/5154
f 3062/16736/5106 3058/16723/5127 3028/16722/5107
f 3039/16737/5156 3064/16738/5162 3063/16739/5163
f 3034/16740/5114 3039/16741/5123 3063/16742/5129
f 3039/16743/5156 3068/16744/5155 3064/16745/5162
f 3067/16746/5164 3066/16747/5160 3065/16748/5165
f 3065/16749/5131 3066/16750/5125 3037/16751/5119
f 3067/16752/5164 3073/16753/5159 3066/16754/5160
f 3064/16755/5133 3068/16756/5166 3069/16757/4990
f 3068/16758/5166 3070/16759/5167 3086/16760/4990
f 3068/16761/5166 3086/16762/4990 3069/16763/4990
f 3070/16764/5167 3056/16765/5168 3085/16766/4990
f 3070/16767/5167 3085/16768/4990 3086/16769/4990
f 3043/16770/5144 3071/16771/5169 3056/16772/5158
f 3056/16765/5168 3071/16773/5170 3080/16774/4990
f 3043/16775/5144 3056/16776/5158 3049/16777/5138
f 3056/16765/5168 3080/16774/4990 3085/16766/4990
f 3059/16778/5161 3071/16771/5169 3043/16770/5144
f 3059/16779/5171 3080/16774/4990 3071/16773/5170
f 3061/16780/5167 3079/16781/4990 3059/16779/5171
f 3059/16782/5161 3043/16783/5144 3060/16784/5141
f 3059/16779/5171 3079/16781/4990 3080/16774/4990
f 3073/16785/5172 3072/16786/4990 3061/16787/5167
f 3061/16788/5167 3072/16789/4990 3079/16790/4990
f 3067/16791/5135 3074/16792/4990 3073/16793/5172
f 3073/16794/5172 3074/16795/4990 3072/16796/4990
f 3076/16797/4990 3075/16798/4990 3081/16799/4990
f 3081/16799/4990 3075/16798/4990 2971/16800/4990
f 3076/16801/4990 3081/16802/4990 3078/16803/4990
f 3077/16804/4990 3076/16805/4990 3078/16806/4990
f 3079/16807/4990 3081/16808/4990 3080/16809/4990
f 3079/16807/4990 3078/16810/4990 3081/16808/4990
f 3072/16811/4990 3078/16812/4990 3079/16813/4990
f 3085/16814/4990 3080/16809/4990 3081/16808/4990
f 3081/16815/4990 2971/16816/4990 3082/16817/4990
f 3085/16814/4990 3081/16808/4990 3082/16818/4990
f 3084/16593/4990 3072/16819/4990 3074/16591/4990
f 3084/16593/4990 3083/16820/4990 3072/16819/4990
f 2973/16821/4990 3083/16822/4990 3084/16823/4990
f 3072/16824/4990 3083/16825/4990 3078/16826/4990
f 3077/16804/4990 3078/16806/4990 3083/16827/4990
f 2973/16828/4990 3077/16804/4990 3083/16827/4990
f 2967/16829/4977 2998/16830/5046 2979/16831/4962
f 3082/16817/4990 2971/16816/4990 2969/16832/4990
f 3086/16833/4990 3085/16834/4990 3082/16835/4990
f 3086/4988/4990 3082/16836/4990 3087/16837/4990
f 3082/16838/4990 2969/16839/4990 3087/16840/4990
f 3086/16841/4990 3038/16589/4990 3069/16586/4990
f 3086/16841/4990 3087/16592/4990 3038/16589/4990
f 3087/16842/4990 2970/16843/4990 3038/16844/4990
f 3087/16840/4990 2969/16839/4990 2970/16845/4990
f 2962/16846/4956 3002/16847/5044 2959/16848/4973
f 3090/16849/5173 3088/16850/5174 3093/16851/5175
f 3090/16852/5173 3138/16853/5176 3088/16854/5174
f 3089/16855/5177 3090/16849/5173 3093/16851/5175
f 3092/14790/5178 3090/16856/5179 3089/16857/5180
f 3142/16858/5181 3138/14695/5182 3090/14708/5179
f 3092/14790/5178 3142/16859/5181 3090/16856/5179
f 3191/16860/5183 3093/16861/5184 3088/16862/5185
f 3138/16863/5176 3091/16864/5186 3088/16865/5174
f 3191/16866/5183 3088/16867/5185 3091/16868/5187
f 3089/16855/5177 3093/16851/5175 3097/16869/5188
f 3095/16870/5189 3089/16855/5177 3097/16869/5188
f 3089/12671/5180 3095/16871/5190 3099/16872/5191
f 3089/12671/5180 3099/16872/5191 3092/16873/5178
f 3192/16874/5192 3097/16875/5193 3093/16876/5184
f 3191/16860/5183 3094/16877/5194 3093/16861/5184
f 3192/16874/5192 3093/16876/5184 3094/14780/5194
f 3095/16878/5189 3097/15038/5188 3096/15037/5195
f 3193/16879/5196 3096/14772/5197 3097/16880/5193
f 3193/16879/5196 3097/16880/5193 3192/16881/5192
f 3102/16882/5198 3095/16883/5189 3096/16884/5195
f 3098/16885/5199 3095/16886/5190 3102/16887/5200
f 3098/16885/5199 3099/16888/5191 3095/16886/5190
f 3102/16882/5198 3096/16884/5195 3100/16889/5201
f 3105/16890/5202 3100/16891/5203 3096/16892/5197
f 3105/16890/5202 3096/16892/5197 3193/16893/5196
f 3101/16894/4316 3102/16882/5198 3100/16889/5201
f 3194/16895/5204 3102/16896/5200 3101/16897/4318
f 3098/16898/5199 3102/16899/5200 3194/16900/5204
f 3101/16894/4316 3100/16889/5201 3103/16901/3478
f 3104/16902/5205 3103/16901/3478 3100/16889/5201
f 3196/16903/4320 3104/16904/5206 3100/16905/5203
f 3196/16903/4320 3100/16905/5203 3105/16906/5202
f 3101/16894/4316 3106/16907/5207 3108/16908/5208
f 3101/16894/4316 3103/16901/3478 3106/16907/5207
f 3194/16909/5204 3101/16910/4318 3108/16911/5209
f 3104/16902/5205 3106/16907/5207 3103/16901/3478
f 3196/16903/4320 3106/16912/5210 3104/16904/5206
f 3108/16908/5208 3106/16907/5207 3110/16913/5211
f 3198/16914/5212 3110/16915/5213 3106/16916/5210
f 3196/16903/4320 3198/12665/5212 3106/16912/5210
f 3108/16908/5208 3110/16913/5211 3107/16917/5214
f 3199/16918/5215 3108/16919/5209 3107/16920/5216
f 3194/16921/5204 3108/16922/5209 3199/16923/5215
f 3107/16924/5214 3110/16925/5211 3111/16926/5217
f 3109/16927/5218 3111/16880/5219 3110/16928/5213
f 3198/16914/5212 3109/16929/5218 3110/16915/5213
f 3107/16930/5214 3111/16931/5217 3118/16932/5220
f 3118/16933/5221 3112/16934/5222 3107/15208/5216
f 3199/16918/5215 3107/16920/5216 3112/16935/5222
f 3118/16932/5220 3111/16931/5217 3114/16936/5223
f 3113/16937/5224 3114/16938/5225 3111/16939/5219
f 3109/16927/5218 3113/16881/5224 3111/16880/5219
f 3118/16932/5220 3114/16936/5223 3115/16940/5226
f 3115/16940/5226 3114/16936/5223 3119/16941/5227
f 3143/16860/5228 3119/16862/5229 3114/16942/5225
f 3113/16937/5224 3116/16943/5230 3114/16938/5225
f 3143/16860/5228 3114/16942/5225 3116/16944/5230
f 3117/16945/5231 3118/12776/5221 3115/15276/5232
f 3118/16933/5221 3117/16946/5231 3112/16934/5222
f 3115/16947/5226 3119/16948/5227 3145/16949/5233
f 3145/16950/5233 3119/16951/5227 3144/16952/5234
f 3143/16953/5228 3144/16954/5235 3119/12747/5229
f 3201/16955/5236 3115/16956/5232 3145/16957/5237
f 3117/16945/5231 3115/15276/5232 3201/15275/5236
f 3121/16958/5238 3120/16959/5239 3124/15016/5240
f 3164/16960/5241 3121/15484/5238 3124/16961/5240
f 3130/16962/5242 3124/16963/5243 3120/16964/5244
f 3124/16965/5240 3122/15006/5245 3164/16966/5241
f 3122/16967/5246 3124/16968/5243 3123/16969/5247
f 3178/16970/5248 3123/16971/5247 3124/16972/5243
f 3124/16972/5243 3130/16973/5242 3178/16970/5248
f 3121/16958/5238 3125/16974/5249 3120/16959/5239
f 3125/16975/5250 3121/16976/5251 3126/16977/5252
f 3121/16978/5251 3164/16979/5253 3127/16980/5254
f 3127/16980/5254 3175/16981/5255 3121/16978/5251
f 3121/16978/5251 3175/16981/5255 3126/16982/5252
f 3125/16974/5249 3128/16983/5256 3120/16959/5239
f 3120/16959/5239 3128/16983/5256 3129/16984/5257
f 3120/16985/5244 3129/16986/5258 3189/16987/5259
f 3130/12939/5242 3120/12938/5244 3131/16988/5260
f 3120/16989/5244 3189/16990/5259 3131/16991/5260
f 3134/16992/5261 3128/16993/5262 3125/16994/5250
f 3125/16975/5250 3126/16977/5252 3134/16995/5261
f 3132/16996/5263 3133/15022/5264 3129/16984/5257
f 3189/16997/5259 3129/12829/5258 3133/16998/5265
f 3128/16983/5256 3132/16996/5263 3129/16984/5257
f 3133/16999/5264 3132/17000/5263 3137/17001/5266
f 3133/17002/5265 3137/17003/5267 3190/17004/5268
f 3189/17005/5259 3133/17006/5265 3190/17007/5268
f 3128/17008/5262 3136/17009/5269 3132/17010/5270
f 3134/17011/5261 3135/17012/5271 3128/17013/5262
f 3128/17014/5262 3135/17015/5271 3136/17016/5269
f 3091/17017/5186 3137/17018/5266 3132/17019/5263
f 3138/17020/5176 3137/17018/5266 3091/17017/5186
f 3137/17021/5267 3138/17022/5182 3139/17023/5272
f 3139/17024/5272 3190/17025/5268 3137/17026/5267
f 3132/17027/5270 3140/17028/5273 3091/17029/5187
f 3132/17030/5270 3136/17031/5269 3140/17032/5273
f 3138/17033/5182 3141/17034/5274 3139/17035/5272
f 3142/17036/5181 3141/17037/5274 3138/17038/5182
f 3191/17039/5183 3091/17040/5187 3140/17041/5273
f 3145/17042/5233 3144/17043/5234 3152/17044/5275
f 3144/17043/5234 3147/17045/5276 3152/17044/5275
f 3147/17046/5277 3144/17047/5235 3148/17048/5278
f 3143/17049/5228 3148/17050/5278 3144/17051/5235
f 3152/17052/5279 3203/17053/5280 3145/17054/5237
f 3201/17055/5236 3145/17056/5237 3202/17057/5281
f 3145/17058/5237 3203/17059/5280 3202/17060/5281
f 3150/17061/5282 3152/17062/5275 3147/17063/5276
f 3146/17064/5283 3156/17065/5284 3147/17066/5276
f 3146/14822/5285 3147/17067/5277 3149/17068/5286
f 3147/17066/5276 3156/17065/5284 3150/17069/5282
f 3147/17070/5277 3148/17071/5278 3149/17072/5286
f 3150/17073/5287 3151/17074/5288 3152/17075/5279
f 3203/17076/5280 3152/17077/5279 3151/17078/5288
f 3158/17079/5289 3156/17065/5284 3146/17064/5283
f 3153/17080/5290 3158/17079/5289 3146/17064/5283
f 3154/17081/5291 3153/17082/5292 3146/17083/5285
f 3146/17084/5285 3149/17085/5286 3204/17086/5293
f 3154/17087/5291 3146/17088/5285 3204/17089/5293
f 3155/17090/5294 3150/17091/5287 3156/17092/5295
f 3155/17093/5294 3151/17094/5288 3150/17095/5287
f 3158/17096/5296 3155/17097/5294 3156/17098/5295
f 3162/17099/5297 3158/17079/5289 3153/17080/5290
f 3153/17100/5292 3157/17101/5298 3162/17102/5299
f 3153/17100/5292 3154/17103/5291 3157/17101/5298
f 3162/17099/5297 3161/17104/5300 3158/17079/5289
f 3205/17105/5301 3158/17106/5296 3161/17107/5302
f 3158/17108/5296 3159/17109/5303 3155/17110/5294
f 3205/17111/5301 3159/17112/5303 3158/17113/5296
f 3160/17114/5304 3161/17115/5300 3162/17116/5297
f 3161/17117/5300 3160/17118/5304 3165/15008/5305
f 3165/17119/5306 3173/17120/5307 3161/17121/5302
f 3181/17122/5308 3161/17123/5302 3173/17124/5307
f 3161/17123/5302 3181/17122/5308 3205/17125/5301
f 3162/17126/5299 3174/17127/5309 3160/17128/5310
f 3174/17127/5309 3162/17126/5299 3176/17129/5311
f 3162/17126/5299 3157/17130/5298 3176/17129/5311
f 3122/17131/5245 3163/17132/5312 3164/17133/5241
f 3168/17134/5313 3164/17135/5241 3163/17136/5312
f 3168/17137/5314 3169/17138/5315 3164/16979/5253
f 3169/17138/5315 3127/16980/5254 3164/16979/5253
f 3165/17139/5305 3160/17140/5304 3170/17141/5316
f 3166/17142/5317 3170/17143/5316 3160/17144/5304
f 3166/17145/5318 3160/17128/5310 3172/17146/5319
f 3172/17146/5319 3160/17128/5310 3174/17127/5309
f 3171/17147/5320 3163/17148/5321 3122/17149/5246
f 3123/17150/5247 3171/17147/5320 3122/17149/5246
f 3167/17151/5322 3165/17152/5306 3170/17153/5323
f 3173/17154/5307 3165/17152/5306 3167/17151/5322
f 3169/17155/5324 3168/17156/5313 3163/17157/5312
f 3172/17158/5325 3170/17159/5316 3166/17160/5317
f 3169/17161/5324 3163/17162/5312 3171/17163/5326
f 3172/17164/5325 3167/17165/5327 3170/17166/5316
f 3127/17167/5328 3169/17168/5324 3171/17169/5326
f 3127/17170/5328 3171/17171/5326 3123/17172/5329
f 3174/17173/5330 3167/17174/5327 3172/17175/5325
f 3174/17176/5330 3173/17177/5331 3167/17178/5327
f 3175/17179/5332 3127/17180/5328 3123/17181/5329
f 3176/17182/5333 3173/17183/5331 3174/17184/5330
f 3175/17185/5332 3123/17186/5329 3178/17187/5334
f 3176/17188/5333 3181/17189/5335 3173/17190/5331
f 3177/17191/5336 3175/17192/5332 3178/17193/5334
f 3175/16981/5255 3177/17194/5337 3183/17195/5338
f 3183/17195/5338 3186/17196/5339 3175/16981/5255
f 3186/17196/5339 3126/16982/5252 3175/16981/5255
f 3184/17197/5340 3181/17198/5335 3176/17199/5333
f 3176/17129/5311 3185/17200/5341 3184/17201/5342
f 3185/17200/5341 3176/17129/5311 3187/17202/5343
f 3187/17202/5343 3176/17129/5311 3157/17130/5298
f 3177/17203/5336 3178/17204/5334 3179/17205/5344
f 3188/17206/5345 3179/17207/5346 3178/16970/5248
f 3130/16973/5242 3188/17206/5345 3178/16970/5248
f 3184/17208/5340 3180/17209/5347 3181/17210/5335
f 3182/17211/5348 3181/17122/5308 3180/17212/5349
f 3205/17125/5301 3181/17122/5308 3182/17211/5348
f 3179/17213/5344 3183/17214/5350 3177/17215/5336
f 3180/17216/5347 3184/17217/5340 3185/17218/5351
f 3183/17219/5350 3179/17220/5344 3188/17221/5352
f 3185/17222/5351 3182/17223/5353 3180/17224/5347
f 3186/17225/5354 3183/17226/5350 3188/17227/5352
f 3187/17228/5355 3182/17229/5353 3185/17230/5351
f 3188/17231/5352 3130/15344/5356 3186/17232/5354
f 3182/17233/5353 3187/17234/5355 3205/17235/5357
f 3126/17236/5358 3186/14621/5354 3130/14620/5356
f 3157/17237/5359 3205/17238/5357 3187/17239/5355
f 3126/17240/5358 3130/17241/5356 3134/17242/5360
f 3131/17243/5361 3134/17242/5360 3130/17241/5356
f 3135/17244/5362 3134/17242/5360 3131/17243/5361
f 3135/17244/5362 3131/17243/5361 3189/17245/5363
f 3136/17246/5364 3135/17244/5362 3189/17245/5363
f 3190/17247/5365 3136/17246/5364 3189/17245/5363
f 3190/17247/5365 3139/17248/5366 3136/17246/5364
f 3140/17249/5367 3136/17246/5364 3139/17248/5366
f 3139/17248/5366 3141/17250/5368 3140/17249/5367
f 3191/17251/5369 3140/17249/5367 3141/17250/5368
f 3141/17250/5368 3142/17252/5370 3191/17251/5369
f 3191/17251/5369 3142/17252/5370 3094/17253/5371
f 3142/17252/5370 3092/17254/5372 3094/17253/5371
f 3192/17255/5373 3094/17253/5371 3092/17254/5372
f 3092/17254/5372 3099/17256/5374 3192/17255/5373
f 3192/17255/5373 3099/17256/5374 3193/17257/5375
f 3099/17256/5374 3098/17258/5376 3193/17257/5375
f 3105/17259/5377 3193/17257/5375 3098/17258/5376
f 3200/17260/4460 3105/17259/5377 3098/17258/5376
f 3098/17261/5199 3194/17262/5204 3200/17263/4461
f 3200/17260/4460 3195/17264/3654 3105/17259/5377
f 3196/17265/4320 3105/17266/5202 3197/17267/4462
f 3105/17259/5377 3195/17264/3654 3197/17268/4463
f 3198/17269/5378 3200/17260/4460 3199/17270/5379
f 3198/17269/5378 3195/17264/3654 3200/17260/4460
f 3194/17271/5204 3199/17272/5215 3200/17273/4461
f 3196/17265/4320 3197/17267/4462 3198/17274/5212
f 3198/17269/5378 3197/17268/4463 3195/17264/3654
f 3198/17269/5378 3199/17270/5379 3109/17275/5380
f 3112/17276/5381 3109/17275/5380 3199/17270/5379
f 3113/17277/5382 3109/17275/5380 3112/17276/5381
f 3117/17278/5383 3113/17277/5382 3112/17276/5381
f 3113/17277/5382 3117/17278/5383 3116/17279/5384
f 3201/17280/5385 3116/17279/5384 3117/17278/5383
f 3143/17281/5386 3116/17279/5384 3201/17280/5385
f 3202/17282/5387 3143/17283/5386 3201/17284/5385
f 3143/17285/5386 3202/17286/5387 3148/17287/5388
f 3203/17288/5389 3148/17287/5388 3202/17286/5387
f 3148/17287/5388 3203/17288/5389 3149/17289/5390
f 3151/17290/5391 3149/17289/5390 3203/17288/5389
f 3151/17290/5391 3155/17291/5392 3149/17289/5390
f 3149/17289/5390 3155/17291/5392 3204/17292/5393
f 3204/17292/5393 3155/17291/5392 3159/17293/5394
f 3204/17292/5393 3159/17293/5394 3154/17294/5395
f 3159/17293/5394 3205/17295/5357 3154/17294/5395
f 3157/17296/5359 3154/17294/5395 3205/17295/5357
f 3207/17297/5396 3209/17298/5397 3206/17299/5398
f 3220/17300/5399 3207/17301/5396 3206/17302/5398
f 3208/17303/5400 3207/17301/5396 3220/17300/5399
f 3207/17304/5401 3208/17305/5402 3345/17306/5403
f 3209/17307/5404 3207/17304/5401 3210/17308/5405
f 3210/17308/5405 3207/17304/5401 3345/17306/5403
f 3209/17298/5397 3223/17309/5406 3206/17299/5398
f 3220/17310/5407 3206/17311/5408 3211/17312/5409
f 3206/17313/5408 3223/17314/5410 3222/17315/5411
f 3206/17313/5408 3222/17315/5411 3212/17316/5412
f 3206/17313/5408 3212/17316/5412 3322/17317/5413
f 3322/17317/5413 3336/17318/5414 3206/17313/5408
f 3211/17312/5409 3206/17311/5408 3348/17319/5415
f 3336/17320/5414 3348/17321/5415 3206/17322/5408
f 3214/14060/5416 3229/17323/5417 3217/17324/5418
f 3213/17325/5419 3214/17326/5416 3217/17327/5418
f 3214/14060/5416 3231/17328/5420 3229/17323/5417
f 3231/17329/5421 3214/17330/5422 3215/17331/5423
f 3214/17332/5422 3213/17333/5424 3247/17334/5425
f 3214/17335/5422 3247/17336/5425 3296/17337/5426
f 3296/17338/5426 3338/17339/5427 3214/17340/5422
f 3216/17341/5428 3214/17342/5422 3338/17343/5427
f 3214/17342/5422 3216/17341/5428 3215/17344/5423
f 3217/17345/5429 3229/17346/5430 3344/17347/5431
f 3213/17325/5419 3217/17327/5418 3218/17348/5432
f 3235/17349/5433 3218/17350/5434 3217/17345/5429
f 3235/17349/5433 3217/17345/5429 3219/17351/5435
f 3341/17352/5436 3219/17351/5435 3217/17345/5429
f 3344/17347/5431 3341/17352/5436 3217/17345/5429
f 3220/17353/5399 3221/17354/5437 3208/17355/5400
f 3208/17305/5402 3221/17356/5438 3236/17357/5439
f 3208/17305/5402 3236/17357/5439 3265/17358/5440
f 3208/17305/5402 3265/17358/5440 3316/17359/5441
f 3337/17360/5442 3208/17305/5402 3316/17359/5441
f 3337/17360/5442 3345/17306/5403 3208/17305/5402
f 3222/17361/5443 3223/17362/5406 3209/17326/5397
f 3222/17361/5443 3209/17326/5397 3224/17363/5444
f 3224/17364/5445 3209/17307/5404 3274/17365/5446
f 3307/17366/5447 3274/17365/5446 3209/17307/5404
f 3225/17367/5448 3307/17366/5447 3209/17307/5404
f 3340/17368/5449 3225/17367/5448 3209/17307/5404
f 3210/17308/5405 3340/17368/5449 3209/17307/5404
f 3220/17353/5399 3232/17369/5450 3221/17354/5437
f 3232/17370/5451 3220/17371/5407 3226/17372/5452
f 3226/17372/5452 3220/17371/5407 3308/17373/5453
f 3308/17373/5453 3220/17371/5407 3227/17374/5454
f 3211/17375/5409 3227/17376/5454 3220/17377/5407
f 3228/17378/5455 3229/17379/5417 3231/17380/5420
f 3228/17378/5455 3231/17380/5420 3230/17381/5456
f 3238/17382/5457 3230/17383/5458 3231/17384/5421
f 3250/17385/5459 3238/17386/5457 3231/17387/5421
f 3250/17388/5459 3231/17389/5421 3332/17390/5460
f 3343/17391/5461 3332/17390/5460 3231/17389/5421
f 3215/17392/5423 3343/17391/5461 3231/17389/5421
f 3229/17346/5430 3228/17393/5462 3317/17394/5463
f 3229/17346/5430 3317/17394/5463 3333/17395/5464
f 3333/17395/5464 3344/17347/5431 3229/17346/5430
f 3236/17396/5465 3221/17397/5437 3232/17398/5450
f 3236/17396/5465 3232/17398/5450 3233/17399/5466
f 3226/17400/5452 3233/17401/5467 3232/17402/5451
f 3237/17403/5468 3213/17404/5419 3218/17405/5432
f 3213/17406/5424 3237/17407/5469 3247/17408/5425
f 3234/17409/5470 3228/17410/5455 3230/17411/5456
f 3234/17409/5470 3230/17411/5456 3238/17412/5471
f 3235/17413/5472 3237/17403/5468 3218/17405/5432
f 3228/17393/5462 3234/17414/5473 3244/17415/5474
f 3228/17393/5462 3244/17415/5474 3317/17394/5463
f 3242/17416/5475 3236/17417/5465 3233/17418/5466
f 3236/17357/5439 3242/17419/5476 3265/17358/5440
f 3222/17420/5443 3224/17421/5444 3268/17422/5477
f 3268/17423/5478 3224/17364/5445 3274/17365/5446
f 3226/17424/5479 3242/17416/5475 3233/17418/5466
f 3222/17420/5443 3268/17422/5477 3267/3025/5480
f 3222/17315/5411 3267/17425/5481 3212/17316/5412
f 3247/17426/5482 3237/17427/5468 3235/17428/5472
f 3244/17429/5483 3234/17430/5470 3238/17431/5471
f 3238/17431/5471 3239/17432/5484 3244/17429/5483
f 3250/17433/5459 3239/17434/5485 3238/17435/5457
f 3235/17428/5472 3241/17436/5486 3247/17426/5482
f 3240/17437/5487 3241/17438/5488 3235/17349/5433
f 3240/17437/5487 3235/17349/5433 3219/17351/5435
f 3253/17439/5489 3242/17440/5475 3226/17441/5479
f 3242/17419/5476 3253/17442/5490 3265/17358/5440
f 3226/17441/5479 3254/17443/5486 3253/17439/5489
f 3258/17444/5491 3254/17445/5492 3226/17372/5452
f 3272/17446/5493 3258/17444/5491 3226/17372/5452
f 3243/17447/5494 3272/17446/5493 3226/17372/5452
f 3308/17373/5453 3243/17447/5494 3226/17372/5452
f 3239/17448/5484 3250/17449/5495 3244/17450/5483
f 3245/17451/5496 3244/17450/5483 3250/17449/5495
f 3244/17415/5474 3245/17452/5497 3246/17453/5498
f 3244/17415/5474 3246/17453/5498 3261/17454/5499
f 3244/17415/5474 3261/17454/5499 3317/17394/5463
f 3248/17455/5500 3247/17456/5482 3241/17457/5486
f 3247/17336/5425 3248/17458/5501 3269/17459/5502
f 3247/17336/5425 3269/17459/5502 3296/17337/5426
f 3249/17460/5503 3245/17461/5496 3250/17462/5495
f 3249/17463/5504 3250/17388/5459 3280/17464/5505
f 3251/17465/5506 3280/17464/5505 3250/17388/5459
f 3332/17390/5460 3251/17465/5506 3250/17388/5459
f 3248/17455/5500 3241/17457/5486 3240/17466/5507
f 3246/17467/5508 3245/17461/5496 3249/17460/5503
f 3252/17468/5509 3253/17469/5489 3254/17470/5486
f 3253/17442/5490 3252/17471/5510 3265/17358/5440
f 3252/17468/5509 3254/17470/5486 3258/17472/5511
f 3255/17473/5512 3248/17474/5500 3240/17475/5507
f 3248/17458/5501 3255/17476/5513 3269/17459/5502
f 3246/17477/5508 3249/17440/5503 3256/17462/5514
f 3256/17478/5515 3249/17463/5504 3280/17464/5505
f 3240/17475/5507 3259/17479/5516 3255/17473/5512
f 3270/17480/5517 3259/17481/5518 3240/17437/5487
f 3283/17482/5519 3270/17480/5517 3240/17437/5487
f 3219/17351/5435 3283/17482/5519 3240/17437/5487
f 3257/17461/5520 3246/17477/5508 3256/17462/5514
f 3246/17453/5498 3257/17483/5521 3261/17454/5499
f 3265/17469/5522 3252/17484/5509 3258/17485/5511
f 3258/17485/5511 3263/17486/5523 3265/17469/5522
f 3272/17446/5493 3263/17487/5524 3258/17444/5491
f 3259/17488/5516 3270/17489/5525 3255/17490/5512
f 3270/17489/5525 3260/17491/5526 3255/17490/5512
f 3255/17492/5513 3260/17493/5527 3269/17494/5502
f 3261/17495/5528 3257/17496/5520 3256/17497/5514
f 3280/17464/5505 3262/17498/5529 3256/17478/5515
f 3262/17499/5530 3271/17500/5531 3256/17501/5514
f 3271/17502/5531 3261/17503/5528 3256/17504/5514
f 3263/17505/5523 3272/17506/5532 3265/17507/5522
f 3272/17506/5532 3264/17508/5533 3265/17507/5522
f 3265/17509/5440 3264/17510/5534 3266/17511/5535
f 3265/17358/5440 3266/17512/5535 3316/17359/5441
f 3212/17513/5536 3267/17514/5480 3268/17515/5477
f 3274/17365/5446 3273/17516/5529 3268/17423/5478
f 3273/17517/5530 3275/17518/5531 3268/17519/5477
f 3275/17520/5531 3212/17521/5536 3268/17522/5477
f 3269/17523/5537 3260/17524/5526 3270/17525/5525
f 3282/17526/5538 3262/17527/5530 3280/17528/5539
f 3282/17529/5538 3271/17530/5531 3262/17531/5530
f 3279/17532/5540 3269/17533/5537 3270/17534/5525
f 3279/17535/5540 3270/17536/5525 3283/17537/5541
f 3261/17538/5499 3271/17539/5542 3282/17540/5543
f 3261/17454/5499 3282/17541/5543 3317/17394/5463
f 3266/17542/5544 3264/17543/5533 3272/17544/5532
f 3278/17545/5538 3273/17546/5530 3274/17547/5545
f 3278/17548/5538 3275/17549/5531 3273/17550/5530
f 3276/17551/5546 3266/17552/5544 3272/17553/5532
f 3276/17554/5546 3272/17555/5532 3277/17556/5547
f 3243/17447/5494 3277/17557/5548 3272/17446/5493
f 3212/17558/5412 3275/17559/5542 3278/17560/5543
f 3212/17316/5412 3278/17561/5543 3322/17317/5413
f 3269/17459/5502 3279/17562/5549 3296/17337/5426
f 3281/17563/5550 3289/17564/5551 3280/17565/5539
f 3281/17566/5552 3280/17464/5505 3251/17465/5506
f 3289/17567/5551 3282/17568/5538 3280/17569/5539
f 3294/17570/5553 3279/17571/5540 3283/17572/5541
f 3219/17573/5554 3294/17574/5553 3283/17575/5541
f 3266/17576/5535 3276/17577/5555 3285/17578/5556
f 3266/17512/5535 3285/17579/5556 3316/17359/5441
f 3284/17580/5550 3293/17581/5551 3274/17582/5545
f 3284/17583/5552 3274/17365/5446 3307/17366/5447
f 3293/17584/5551 3278/17585/5538 3274/17586/5545
f 3285/17587/5557 3276/17588/5546 3277/17589/5547
f 3243/17590/5558 3285/17591/5557 3277/17592/5547
f 3279/17593/5549 3294/17594/5559 3296/17595/5426
f 3290/17596/5560 3281/17597/5550 3286/17598/5561
f 3286/17599/5562 3281/17566/5552 3251/17465/5506
f 3289/17600/5551 3281/17601/5550 3290/17602/5560
f 3287/17603/5563 3294/17604/5553 3219/17605/5554
f 3287/17603/5563 3219/17606/5554 3288/17607/5564
f 3302/17608/5565 3288/17609/5566 3219/17610/5435
f 3303/17611/5567 3302/17612/5565 3219/17351/5435
f 3321/17613/5568 3303/17611/5567 3219/17351/5435
f 3328/17614/5569 3321/17613/5568 3219/17351/5435
f 3341/17352/5436 3328/17614/5569 3219/17351/5435
f 3282/17541/5543 3289/17615/5570 3290/17616/5571
f 3282/17541/5543 3290/17616/5571 3317/17394/5463
f 3300/17617/5572 3284/17618/5550 3298/17619/5573
f 3298/17620/5574 3284/17583/5552 3307/17366/5447
f 3293/17621/5551 3284/17622/5550 3300/17623/5572
f 3291/17624/5575 3285/17625/5557 3243/17626/5558
f 3291/17627/5575 3243/17628/5558 3292/17629/5576
f 3308/17630/5453 3292/17631/5577 3243/17632/5494
f 3278/17561/5543 3293/17633/5570 3300/17634/5578
f 3278/17561/5543 3300/17634/5578 3322/17317/5413
f 3294/17635/5559 3287/17636/5579 3296/17637/5426
f 3251/17465/5506 3295/17638/5580 3286/17599/5562
f 3301/17639/5581 3286/17640/5561 3295/17641/5582
f 3301/17642/5581 3290/17643/5560 3286/17644/5561
f 3296/17645/5583 3287/17646/5563 3288/17647/5564
f 3288/17648/5564 3302/17649/5584 3296/17650/5583
f 3285/17579/5556 3291/17651/5585 3316/17359/5441
f 3307/17366/5447 3297/17652/5586 3298/17620/5574
f 3299/17653/5587 3298/17654/5573 3297/17655/5588
f 3299/17656/5587 3300/17657/5572 3298/17658/5573
f 3305/17659/5589 3291/17660/5575 3292/17661/5576
f 3292/17662/5576 3308/17663/5590 3305/17664/5589
f 3312/17665/5591 3295/17666/5582 3251/17667/5592
f 3312/17668/5591 3301/17669/5581 3295/17670/5582
f 3304/17671/5593 3296/17672/5583 3302/17673/5584
f 3303/17674/5594 3304/17675/5593 3302/17676/5584
f 3290/17616/5571 3301/17677/5595 3312/17678/5596
f 3312/17678/5596 3311/17679/5597 3290/17616/5571
f 3311/17679/5597 3317/17394/5463 3290/17616/5571
f 3291/17651/5585 3305/17680/5598 3316/17359/5441
f 3306/17681/5591 3297/17682/5588 3307/17683/5599
f 3306/17684/5591 3299/17685/5587 3297/17686/5588
f 3315/17687/5600 3305/17688/5589 3308/17689/5590
f 3309/17690/5601 3315/17687/5600 3308/17689/5590
f 3325/17691/5602 3309/17692/5603 3308/17373/5453
f 3331/17693/5604 3325/17691/5602 3308/17373/5453
f 3227/17374/5454 3331/17693/5604 3308/17373/5453
f 3300/17634/5578 3299/17694/5605 3306/17695/5606
f 3306/17695/5606 3314/17696/5597 3300/17634/5578
f 3314/17696/5597 3322/17317/5413 3300/17634/5578
f 3296/17697/5426 3304/17698/5607 3319/17699/5608
f 3296/17697/5426 3319/17699/5608 3338/17700/5427
f 3310/17701/5609 3318/17702/5610 3251/17465/5506
f 3311/17703/5611 3251/17704/5592 3318/17705/5612
f 3311/17706/5611 3312/17707/5591 3251/17708/5592
f 3332/17390/5460 3310/17701/5609 3251/17465/5506
f 3319/17709/5613 3304/17710/5593 3303/17711/5594
f 3303/17712/5594 3321/17713/5614 3319/17714/5613
f 3305/17680/5598 3315/17715/5615 3316/17359/5441
f 3313/17716/5609 3323/17717/5616 3307/17366/5447
f 3314/17718/5611 3307/17719/5599 3323/17720/5617
f 3314/17721/5611 3306/17722/5591 3307/17723/5599
f 3225/17367/5448 3313/17716/5609 3307/17366/5447
f 3316/17724/5618 3315/17725/5600 3309/17726/5601
f 3309/17727/5601 3325/17728/5619 3316/17729/5618
f 3318/17714/5612 3310/17730/5620 3317/17712/5621
f 3317/17731/5621 3311/17732/5611 3318/17733/5612
f 3326/17734/5622 3319/17735/5613 3321/17736/5614
f 3321/17617/5614 3320/17737/5623 3326/17618/5622
f 3328/17738/5569 3320/17739/5624 3321/17740/5568
f 3323/17741/5617 3313/17742/5625 3322/17743/5626
f 3322/17744/5626 3314/17745/5611 3323/17746/5617
f 3324/17747/5622 3316/17748/5618 3325/17749/5619
f 3325/17750/5619 3331/17751/5627 3324/17752/5622
f 3319/17699/5608 3326/17753/5628 3338/17700/5427
f 3332/17390/5460 3327/17754/5629 3310/17701/5609
f 3310/17733/5620 3327/17755/5630 3334/17731/5631
f 3334/17756/5631 3317/17757/5621 3310/17758/5620
f 3338/17759/5632 3326/17760/5622 3320/17761/5623
f 3320/17762/5623 3328/17763/5633 3338/17759/5632
f 3316/17359/5441 3324/17764/5634 3337/17360/5442
f 3225/17367/5448 3329/17765/5635 3313/17716/5609
f 3313/17644/5625 3329/17766/5636 3330/17767/5631
f 3330/17768/5631 3322/17769/5626 3313/17770/5625
f 3337/17771/5637 3324/17772/5622 3331/17773/5627
f 3331/17774/5627 3227/17775/5638 3337/17776/5637
f 3327/17777/5630 3332/17778/5639 3333/17779/5640
f 3333/17780/5640 3334/17781/5631 3327/17782/5630
f 3328/17783/5633 3335/17784/5641 3338/17785/5632
f 3341/17352/5436 3335/17786/5642 3328/17614/5569
f 3317/17394/5463 3334/17787/5643 3333/17395/5464
f 3329/17788/5636 3225/17789/5644 3336/17790/5645
f 3336/17791/5645 3330/17792/5631 3329/17793/5636
f 3227/17794/5638 3339/17795/5641 3337/17796/5637
f 3211/17797/5409 3339/17798/5646 3227/17799/5454
f 3322/17317/5413 3330/17800/5647 3336/17318/5414
f 3335/17801/5641 3341/17802/5648 3338/17803/5632
f 3341/17802/5648 3216/17804/5649 3338/17803/5632
f 3332/17805/5639 3343/17448/5650 3333/17450/5640
f 3339/17806/5641 3211/17807/5651 3337/17808/5637
f 3211/17807/5651 3345/17809/5652 3337/17808/5637
f 3225/17810/5644 3340/17811/5653 3336/17812/5645
f 3341/17813/5648 3342/17814/5654 3216/17815/5649
f 3347/17816/5655 3215/17344/5423 3216/17341/5428
f 3216/17341/5428 3342/17817/5656 3347/17816/5655
f 3343/17818/5650 3215/17819/5657 3333/17820/5640
f 3344/17347/5431 3356/17821/5658 3341/17352/5436
f 3419/17822/5659 3341/17352/5436 3356/17821/5658
f 3341/17813/5648 3419/17823/5660 3342/17814/5654
f 3215/17819/5657 3344/17824/5661 3333/17820/5640
f 3422/17823/5662 3345/17813/5652 3211/17825/5651
f 3383/17826/5663 3210/17308/5405 3345/17306/5403
f 3345/17306/5403 3422/17827/5664 3383/17826/5663
f 3340/17828/5653 3210/17829/5665 3336/17830/5645
f 3348/17319/5415 3346/17831/5666 3211/17312/5409
f 3423/17832/5667 3211/17312/5409 3346/17831/5666
f 3422/17823/5662 3211/17825/5651 3423/17833/5668
f 3210/17829/5665 3348/17834/5669 3336/17830/5645
f 3215/17835/5657 3356/17836/5670 3344/17837/5661
f 3215/17835/5657 3347/17838/5671 3356/17836/5670
f 3210/17839/5665 3346/17840/5672 3348/17841/5669
f 3210/17839/5665 3383/17842/5673 3346/17840/5672
f 3347/17843/5674 3349/17844/5675 3355/17845/5676
f 3477/17846/5677 3349/17847/5678 3347/17848/5655
f 3356/17849/5679 3347/17850/5674 3355/17851/5676
f 3477/17852/5677 3347/17853/5655 3342/17854/5656
f 3349/17855/5675 3350/17856/5680 3357/17857/5681
f 3479/17858/5682 3350/17859/5683 3349/17860/5678
f 3357/17861/5681 3355/17845/5676 3349/17844/5675
f 3479/17858/5682 3349/17860/5678 3477/17862/5677
f 3350/17863/5680 3352/17864/5684 3351/17865/5685
f 3352/17866/5686 3350/17867/5683 3479/17868/5682
f 3351/17869/5685 3357/17870/5681 3350/17871/5680
f 3352/17872/5684 3354/17873/5687 3353/17874/5688
f 3354/17875/5689 3352/17876/5686 3481/17877/5690
f 3353/17874/5688 3351/17878/5685 3352/17872/5684
f 3352/17866/5686 3479/17868/5682 3481/17879/5690
f 3354/17873/5687 3359/17880/5691 3353/17874/5688
f 3354/17873/5687 3364/17881/5692 3359/17882/5691
f 3364/17883/5693 3354/17884/5689 3480/17885/5694
f 3354/17875/5689 3481/17877/5690 3480/17886/5694
f 3356/17887/5658 3355/17888/5695 3475/17889/5696
f 3356/17890/5658 3475/17891/5696 3419/17892/5659
f 3357/17893/5697 3475/17894/5696 3355/17895/5695
f 3351/17896/5698 3476/17897/5699 3357/17898/5697
f 3357/17893/5697 3476/17899/5699 3475/17894/5696
f 3358/17900/5700 3351/17901/5698 3353/17902/5701
f 3351/17896/5698 3478/17903/5702 3476/17897/5699
f 3358/17900/5700 3478/17904/5702 3351/17901/5698
f 3359/17905/5703 3358/17906/5700 3353/17907/5701
f 3364/17881/5692 3375/17908/5704 3359/17909/5691
f 3375/17910/5705 3364/17911/5693 3374/17912/5706
f 3360/17913/5707 3374/17914/5706 3364/17915/5693
f 3362/17916/5708 3360/17917/5707 3364/17918/5693
f 3364/17919/5693 3361/17920/5709 3362/17921/5708
f 3364/13132/5693 3363/17922/5710 3361/17923/5709
f 3364/17924/5693 3398/17925/5711 3363/17926/5710
f 3364/17927/5693 3365/17928/5712 3398/17929/5711
f 3364/17930/5693 3480/17931/5694 3365/17932/5712
f 3399/17933/5713 3359/17934/5703 3367/17935/5714
f 3366/17936/5715 3359/17937/5703 3399/17938/5713
f 3359/17905/5703 3366/17939/5715 3358/17906/5700
f 3359/17940/5703 3368/17941/5716 3367/17942/5714
f 3375/17943/5704 3371/17944/5717 3359/17945/5691
f 3359/17946/5703 3371/17947/5718 3387/17948/5719
f 3369/17949/5720 3359/17946/5703 3387/17948/5719
f 3369/17949/5720 3370/17950/5721 3359/17946/5703
f 3370/17950/5721 3393/17951/5722 3359/17946/5703
f 3393/17952/5722 3368/17953/5716 3359/17954/5703
f 3371/17947/5718 3388/17955/5723 3387/17948/5719
f 3371/17956/5718 3391/17957/5724 3388/17958/5723
f 3391/17957/5724 3371/17956/5718 3392/17959/5725
f 3372/17960/5726 3371/17961/5717 3375/17962/5704
f 3375/17963/5704 3373/17964/5727 3372/17965/5726
f 3375/17966/5705 3483/17967/5728 3373/17968/5729
f 3390/17969/5730 3375/17970/5705 3374/17971/5706
f 3390/17969/5730 3389/17972/5731 3375/17970/5705
f 3389/17972/5731 3394/17973/5732 3375/17970/5705
f 3375/17974/5705 3394/17975/5732 3376/17976/5733
f 3375/17977/5705 3376/17978/5733 3377/17979/5734
f 3397/17980/5735 3375/17981/5705 3377/17982/5734
f 3375/17966/5705 3397/17983/5735 3483/17967/5728
f 3379/17984/5736 3392/17985/5725 3371/17986/5718
f 3371/17987/5718 3372/17988/5737 3379/17989/5736
f 3385/17990/5738 3378/17991/5739 3372/17965/5726
f 3402/17992/5740 3372/17993/5737 3378/17994/5741
f 3373/17964/5727 3385/17990/5738 3372/17965/5726
f 3372/17995/5737 3395/17996/5742 3379/17997/5736
f 3395/17998/5742 3372/17999/5737 3400/18000/5743
f 3402/18001/5740 3400/18002/5743 3372/18003/5737
f 3378/18004/5739 3380/18005/5744 3381/18006/5745
f 3484/31/5746 3378/18007/5741 3381/6527/5747
f 3385/17990/5738 3380/18008/5744 3378/17991/5739
f 3402/18009/5740 3378/18010/5741 3484/18011/5746
f 3381/18012/5745 3386/18013/5748 3382/18014/5749
f 3381/18015/5747 3382/18016/5750 3487/18017/5751
f 3380/18005/5744 3386/18018/5748 3381/18006/5745
f 3484/31/5746 3381/6527/5747 3485/18019/5752
f 3381/18015/5747 3487/18017/5751 3485/18020/5752
f 3346/18021/5753 3383/18022/5754 3382/18023/5749
f 3487/18024/5751 3382/18025/5750 3383/18026/5663
f 3386/18013/5748 3346/18027/5753 3382/18014/5749
f 3487/18028/5751 3383/18029/5663 3422/18030/5664
f 3483/18031/5728 3385/18032/5755 3373/18033/5729
f 3384/18034/5756 3380/18035/5757 3385/18036/5755
f 3483/18031/5728 3384/18037/5756 3385/18032/5755
f 3486/18038/5758 3386/18039/5759 3380/18040/5757
f 3384/18034/5756 3486/18041/5758 3380/18035/5757
f 3346/18042/5666 3386/18043/5759 3426/18044/5760
f 3486/18038/5758 3426/18045/5760 3386/18039/5759
f 3346/18046/5666 3426/18047/5760 3423/18048/5667
f 3374/18049/5761 3387/18050/5762 3388/18051/5763
f 3360/18052/5764 3387/18053/5762 3374/18054/5761
f 3360/18052/5764 3369/18055/5765 3387/18053/5762
f 3374/18049/5761 3388/18051/5763 3390/18056/5766
f 3390/18057/5766 3388/18058/5763 3391/18059/5767
f 3389/18060/5768 3390/18061/5766 3391/18062/5767
f 3362/18056/5769 3369/18063/5765 3360/18064/5764
f 3362/18056/5769 3370/18065/5770 3369/18063/5765
f 3391/18066/5767 3392/18067/5771 3389/18068/5768
f 3393/18069/5772 3370/16321/5770 3362/18070/5769
f 3393/18069/5772 3362/18070/5769 3361/18071/5773
f 3394/18072/5774 3389/18073/5768 3392/18074/5771
f 3379/18075/5775 3394/18076/5774 3392/458/5771
f 3368/18077/5776 3393/18078/5772 3361/18079/5773
f 3361/18080/5773 3363/18081/5777 3368/18082/5776
f 3376/18083/5778 3394/18084/5774 3379/18085/5775
f 3363/18086/5777 3367/18087/5779 3368/18088/5776
f 3379/18089/5775 3377/18090/5780 3376/18091/5778
f 3379/18089/5775 3395/18092/5781 3377/18090/5780
f 3399/18051/5782 3367/18050/5779 3363/18093/5777
f 3399/18051/5782 3363/18093/5777 3398/18094/5783
f 3377/18095/5780 3395/18096/5781 3400/18097/5784
f 3396/18098/5785 3377/18099/5780 3400/18100/5784
f 3397/18101/5735 3377/18102/5734 3396/18103/5786
f 3403/18104/5787 3399/18105/5782 3398/18106/5783
f 3399/18107/5713 3403/18108/5788 3482/18109/5789
f 3482/18110/5789 3366/18111/5715 3399/18112/5713
f 3403/18104/5787 3398/18106/5783 3405/18113/5790
f 3365/18114/5712 3405/18115/5791 3398/18116/5711
f 3400/18117/5784 3401/18118/5792 3396/18119/5785
f 3401/18120/5793 3400/18121/5743 3402/18122/5740
f 3407/18123/5794 3403/18124/5787 3405/18125/5790
f 3482/18109/5789 3403/18108/5788 3407/18126/5795
f 3407/18123/5794 3405/18125/5790 3404/18127/5796
f 3365/18128/5712 3404/18129/5797 3405/18130/5791
f 3401/18131/5792 3406/18132/5798 3396/18133/5785
f 3401/18131/5792 3409/18134/5799 3406/18132/5798
f 3402/18135/5740 3409/18136/5800 3401/18137/5793
f 3397/18101/5735 3396/18103/5786 3406/18138/5801
f 3404/18139/5796 3412/18140/5802 3407/18141/5794
f 3407/18142/5794 3412/18143/5802 3414/18144/5803
f 3402/18145/5740 3407/18146/5795 3414/18147/5804
f 3408/18148/5805 3482/18109/5789 3407/18126/5795
f 3402/18149/5740 3408/18150/5805 3407/18151/5795
f 3365/18128/5712 3412/18152/5806 3404/18129/5797
f 3411/18153/5807 3406/18154/5798 3409/18134/5799
f 3411/18153/5807 3409/18134/5799 3410/18155/5808
f 3402/18156/5740 3410/18157/5809 3409/17925/5800
f 3406/18158/5801 3411/18159/5810 3397/18160/5735
f 3412/18161/5802 3416/18162/5811 3414/18163/5803
f 3416/18164/5812 3412/18152/5806 3365/18128/5712
f 3413/18165/5813 3414/18166/5803 3416/18167/5811
f 3413/18165/5813 3415/18168/5814 3414/18166/5803
f 3402/18169/5740 3414/18170/5804 3415/18171/5815
f 3416/18172/5812 3365/18173/5712 3413/18174/5816
f 3418/18175/5817 3411/18176/5807 3410/18177/5808
f 3402/18178/5740 3418/18179/5818 3410/18180/5809
f 3418/18175/5817 3417/18154/5819 3411/18176/5807
f 3411/18159/5810 3417/18181/5820 3397/18160/5735
f 3415/18182/5814 3413/18183/5813 3417/18184/5819
f 3415/18182/5814 3417/18184/5819 3418/18185/5817
f 3402/16092/5740 3415/18186/5815 3418/18187/5818
f 3417/18188/5820 3413/18189/5816 3397/18190/5735
f 3365/18173/5712 3397/18191/5735 3413/18174/5816
f 3342/18192/5654 3419/18193/5660 3441/18194/5821
f 3342/18192/5654 3441/18194/5821 3420/18195/5822
f 3342/18196/5656 3420/18197/5823 3421/1571/5824
f 3421/18198/5824 3463/18199/5825 3342/18200/5656
f 3463/18201/5825 3477/18202/5677 3342/18203/5656
f 3441/18204/5826 3419/18205/5659 3462/18206/5827
f 3475/18207/5696 3462/18208/5827 3419/18209/5659
f 3422/18210/5662 3423/18211/5668 3429/18212/5828
f 3428/18213/5829 3422/18210/5662 3429/18212/5828
f 3422/18214/5664 3428/18215/5830 3435/18216/5831
f 3422/18217/5664 3435/18218/5831 3424/18219/5832
f 3424/18220/5832 3425/18221/5833 3422/18222/5664
f 3425/18223/5833 3487/18224/5751 3422/18225/5664
f 3429/18226/5834 3423/18227/5667 3474/18228/5835
f 3427/18229/5836 3474/18228/5835 3423/18227/5667
f 3426/18230/5760 3427/18231/5836 3423/18232/5667
f 3433/18233/5837 3428/18234/5829 3429/18235/5828
f 3428/18215/5830 3433/18236/5838 3435/18216/5831
f 3429/18235/5828 3430/18237/5839 3433/18233/5837
f 3430/18238/5840 3429/18226/5834 3431/18239/5841
f 3466/18240/5842 3431/18239/5841 3429/18226/5834
f 3474/18228/5835 3466/18240/5842 3429/18226/5834
f 3430/18241/5839 3432/18242/5843 3433/18243/5837
f 3433/18244/5838 3432/18245/5844 3435/18246/5831
f 3430/18241/5839 3434/18247/5845 3432/18242/5843
f 3434/18248/5846 3430/18238/5840 3431/18239/5841
f 3435/18249/5847 3432/18250/5843 3434/18251/5845
f 3434/18251/5845 3436/18252/5848 3435/18249/5847
f 3431/18239/5841 3436/18253/5849 3434/18248/5846
f 3435/18254/5847 3436/18255/5848 3438/18256/5850
f 3435/18257/5831 3438/18258/5851 3437/18259/5852
f 3435/18257/5831 3437/18259/5852 3424/18260/5832
f 3436/18255/5848 3431/18261/5853 3438/18256/5850
f 3431/17299/5853 3439/17460/5854 3438/18262/5850
f 3438/18258/5851 3439/18263/5855 3437/18259/5852
f 3431/17299/5853 3440/18264/5856 3439/17460/5854
f 3443/18265/5857 3440/18266/5858 3431/18239/5841
f 3464/18267/5859 3443/18265/5857 3431/18239/5841
f 3466/18240/5842 3464/18267/5859 3431/18239/5841
f 3421/18268/5860 3420/18269/5822 3441/18270/5821
f 3444/18271/5861 3421/18272/5860 3441/18273/5821
f 3444/17682/5861 3441/18274/5821 3442/18275/5862
f 3445/18276/5863 3442/18277/5864 3441/18278/5826
f 3445/18276/5863 3441/18278/5826 3462/18279/5827
f 3443/18280/5865 3439/18281/5854 3440/18282/5856
f 3443/18280/5865 3465/18283/5866 3439/18281/5854
f 3439/18263/5855 3465/18284/5867 3437/18259/5852
f 3421/18285/5824 3444/18286/5868 3448/18287/5869
f 3421/18198/5824 3448/18288/5869 3459/18289/5870
f 3459/18289/5870 3463/18199/5825 3421/18198/5824
f 3442/18290/5862 3445/18291/5871 3444/18292/5861
f 3445/18293/5871 3446/18294/5872 3444/18295/5861
f 3448/18296/5873 3444/18297/5861 3447/18298/5874
f 3446/18299/5872 3447/18300/5874 3444/18301/5861
f 3447/18302/5875 3446/18303/5876 3445/18276/5863
f 3449/18304/5877 3447/18302/5875 3445/18276/5863
f 3462/18279/5827 3449/18304/5877 3445/18276/5863
f 3448/18288/5869 3450/18305/5878 3453/18306/5879
f 3450/18307/5880 3448/18308/5873 3451/18309/5881
f 3451/18310/5881 3448/18311/5873 3447/18312/5874
f 3448/18288/5869 3453/18306/5879 3459/18289/5870
f 3453/18313/5882 3450/18314/5880 3449/18315/5883
f 3451/18316/5881 3449/18317/5883 3450/18318/5880
f 3449/18304/5877 3451/18319/5884 3447/18302/5875
f 3453/18306/5879 3452/18320/5885 3454/18321/5886
f 3452/18322/5887 3453/18323/5882 3455/18324/5888
f 3455/18325/5888 3453/18308/5882 3449/18326/5883
f 3454/18321/5886 3458/18327/5889 3453/18306/5879
f 3458/18327/5889 3459/18289/5870 3453/18306/5879
f 3454/18328/5890 3452/18329/5887 3457/18330/5891
f 3455/18331/5888 3457/18332/5891 3452/18333/5887
f 3455/18334/5892 3449/18304/5877 3456/18335/5893
f 3462/18279/5827 3456/18335/5893 3449/18304/5877
f 3454/18336/5890 3457/17824/5891 3458/17819/5894
f 3457/18337/5895 3455/18334/5892 3456/18335/5893
f 3460/18338/5896 3458/18339/5894 3457/18340/5891
f 3459/18341/5897 3458/18339/5894 3460/18338/5896
f 3456/18335/5893 3460/18342/5898 3457/18337/5895
f 3456/18343/5899 3459/18344/5897 3460/18345/5896
f 3461/18346/5900 3459/18344/5897 3456/18343/5899
f 3459/18289/5870 3461/18347/5901 3463/18199/5825
f 3461/18348/5900 3456/14518/5899 3462/18349/5902
f 3461/18348/5900 3462/18349/5902 3463/18350/5903
f 3443/18351/5865 3464/18352/5904 3465/18353/5866
f 3437/17710/5905 3465/18354/5866 3466/18355/5906
f 3464/18356/5904 3466/18357/5906 3465/18358/5866
f 3467/18359/5907 3437/18360/5905 3466/18361/5906
f 3437/18259/5852 3467/18362/5908 3468/18363/5909
f 3468/18363/5909 3471/18364/5910 3437/18259/5852
f 3471/18364/5910 3424/18260/5832 3437/18259/5852
f 3468/18365/5911 3467/18366/5907 3466/18367/5906
f 3471/18368/5912 3468/18369/5911 3466/18370/5906
f 3466/18371/5906 3469/18372/5913 3471/18373/5912
f 3470/18374/5914 3469/18375/5915 3466/18240/5842
f 3474/18228/5835 3470/18374/5914 3466/18240/5842
f 3469/18376/5913 3470/18377/5916 3471/18378/5912
f 3424/18379/5917 3471/18380/5912 3470/18381/5916
f 3473/18382/5918 3424/18383/5917 3470/18384/5916
f 3470/18385/5916 3472/18386/5919 3473/18387/5918
f 3474/18228/5835 3472/18388/5920 3470/18374/5914
f 3424/18220/5832 3473/18389/5921 3425/18221/5833
f 3472/18390/5919 3474/18391/5922 3473/18392/5918
f 3474/17514/5922 3425/18393/5923 3473/18394/5918
f 3474/17514/5922 3427/18395/5924 3425/18393/5923
f 3463/18396/5903 3462/18397/5902 3475/18398/5925
f 3477/18399/5926 3463/18400/5903 3475/18401/5925
f 3487/18402/5927 3425/18403/5923 3427/18404/5924
f 3427/18405/5924 3426/18406/5928 3487/18407/5927
f 3479/18408/5929 3477/18409/5926 3476/18410/5930
f 3477/18411/5926 3475/18412/5925 3476/18413/5930
f 3481/18414/5931 3479/18415/5929 3478/18416/5932
f 3476/18417/5930 3478/18418/5932 3479/18419/5929
f 3480/18420/5933 3481/18421/5931 3358/18422/5934
f 3478/18423/5932 3358/18422/5934 3481/18421/5931
f 3358/18422/5934 3366/18424/5935 3480/18420/5933
f 3482/18425/5936 3480/18420/5933 3366/18426/5935
f 3365/18427/5937 3480/18420/5933 3482/18425/5936
f 3397/18428/5938 3365/18429/5937 3482/18430/5936
f 3397/18428/5938 3482/18430/5936 3408/18431/5939
f 3483/18432/5940 3397/18433/5938 3408/18434/5939
f 3408/18435/5939 3402/18436/5941 3483/18432/5940
f 3402/18437/5941 3484/18438/5942 3384/18439/5943
f 3384/18439/5943 3483/18432/5940 3402/18437/5941
f 3484/18440/5942 3485/18441/5944 3486/18442/5945
f 3486/18443/5945 3384/18439/5943 3484/18438/5942
f 3487/18444/5927 3426/17626/5928 3485/18445/5944
f 3426/18446/5928 3486/18442/5945 3485/18441/5944
f 3488/18447/5946 3489/18448/5947 3491/18449/5948
f 3490/18450/5949 3489/18451/5950 3488/18452/5951
f 3524/18453/5952 3491/18454/5953 3489/18455/5950
f 3490/18450/5949 3524/18456/5952 3489/18451/5950
f 3488/18447/5946 3491/18449/5948 3500/18457/5954
f 3492/18458/5955 3493/18459/5956 3488/18447/5946
f 3494/18460/5957 3488/18461/5951 3493/18462/5958
f 3500/18457/5954 3492/18458/5955 3488/18447/5946
f 3494/18460/5957 3490/18463/5949 3488/18461/5951
f 3491/18449/5948 3496/18464/5959 3495/18465/5960
f 3526/18466/5961 3496/18467/5962 3491/18468/5953
f 3491/18449/5948 3495/18465/5960 3500/18457/5954
f 3524/18453/5952 3526/18469/5961 3491/18454/5953
f 3527/18470/5963 3493/18471/5958 3492/18472/5964
f 3527/18470/5963 3494/18473/5957 3493/18471/5958
f 3525/18474/5965 3495/10825/5966 3496/18475/5962
f 3526/18466/5961 3525/18476/5965 3496/18467/5962
f 3500/18477/5954 3497/18478/5967 3492/18479/5955
f 3501/18480/5968 3492/18481/5964 3497/18482/5969
f 3501/18480/5968 3527/18483/5963 3492/18481/5964
f 3495/18484/5960 3499/18485/5970 3505/18486/5971
f 3498/18487/5972 3499/18488/5973 3495/18489/5966
f 3500/18457/5954 3495/18465/5960 3519/18490/5974
f 3505/18491/5971 3508/18492/5975 3495/18465/5960
f 3508/18492/5975 3507/18493/5976 3495/18465/5960
f 3507/18493/5976 3518/18494/5977 3495/18465/5960
f 3518/18494/5977 3519/18490/5974 3495/18465/5960
f 3525/18474/5965 3498/18495/5972 3495/10825/5966
f 3504/18496/5978 3497/18497/5969 3500/18498/5979
f 3504/18496/5978 3501/18499/5968 3497/18497/5969
f 3502/18500/5980 3505/18501/5981 3499/18502/5973
f 3498/18487/5972 3502/18503/5980 3499/18488/5973
f 3510/18504/5982 3503/18505/5983 3500/18457/5954
f 3528/18506/5984 3500/7177/5979 3503/18507/5985
f 3510/18504/5982 3500/18457/5954 3519/18490/5974
f 3528/18506/5984 3504/7014/5978 3500/7177/5979
f 3529/18508/5986 3508/18509/5987 3505/18510/5981
f 3502/18500/5980 3529/18511/5986 3505/18501/5981
f 3530/18512/5988 3503/18513/5985 3510/18514/5989
f 3530/18512/5988 3528/18515/5984 3503/18513/5985
f 3506/18516/5990 3507/18517/5991 3508/18518/5987
f 3529/18508/5986 3506/18519/5990 3508/18509/5987
f 3509/18520/5992 3513/18521/5993 3510/18522/5982
f 3511/18523/5994 3510/18499/5989 3513/18496/5995
f 3509/18524/5992 3510/18504/5982 3519/18490/5974
f 3511/18523/5994 3530/18525/5988 3510/18499/5989
f 3507/18526/5976 3514/18527/5996 3518/18528/5977
f 3512/18529/5997 3514/18530/5998 3507/18531/5991
f 3506/18516/5990 3512/1862/5997 3507/18517/5991
f 3533/18532/5999 3513/18533/5995 3509/18534/6000
f 3533/18532/5999 3511/18535/5994 3513/18533/5995
f 3531/18536/6001 3518/18518/6002 3514/18537/5998
f 3512/18529/5997 3531/18538/6001 3514/18530/5998
f 3515/18539/6003 3509/18524/5992 3519/18490/5974
f 3516/18540/6004 3509/18541/6000 3515/18542/6005
f 3516/18540/6004 3533/18543/5999 3509/18541/6000
f 3518/18494/5977 3517/18544/6006 3519/18490/5974
f 3532/18545/6007 3517/18546/6008 3518/18547/6002
f 3531/18536/6001 3532/18548/6007 3518/18518/6002
f 3521/18549/6009 3515/18550/6003 3519/18551/5974
f 3534/18552/6010 3515/18553/6005 3521/18554/6011
f 3534/18552/6010 3516/18555/6004 3515/18553/6005
f 3520/18556/6012 3519/18557/6013 3517/18558/6008
f 3532/18545/6007 3520/18559/6012 3517/18546/6008
f 3519/18560/5974 3522/18561/6014 3521/18562/6009
f 3523/18563/6015 3521/18564/6011 3522/18565/6016
f 3523/18563/6015 3534/18566/6010 3521/18564/6011
f 3535/18567/6017 3522/18568/6016 3519/18569/6013
f 3520/18556/6012 3535/6735/6017 3519/18557/6013
f 3535/18567/6017 3523/18570/6015 3522/18568/6016
f 3524/18571/6018 3490/18572/6019 3494/18573/6020
f 3525/18574/6021 3526/18575/6022 3524/18576/6018
f 3524/18577/6018 3494/18578/6020 3506/18579/6023
f 3525/18580/6021 3524/18577/6018 3506/18579/6023
f 3494/18581/6020 3527/18582/6024 3501/18583/6025
f 3494/18584/6020 3501/18585/6025 3528/18586/6026
f 3494/18578/6020 3528/18587/6026 3516/18588/6027
f 3506/18579/6023 3494/18578/6020 3516/18588/6027
f 3502/18589/6028 3498/18590/6029 3525/18580/6021
f 3506/18579/6023 3502/18589/6028 3525/18580/6021
f 3501/18591/6025 3504/18592/6030 3528/18593/6026
f 3506/18579/6023 3529/18594/6031 3502/18589/6028
f 3528/18595/6026 3530/18596/6032 3511/18597/6033
f 3528/18598/6026 3511/18599/6033 3516/18600/6027
f 3531/18601/6034 3512/18602/6035 3506/18579/6023
f 3532/18603/6036 3531/18601/6034 3506/18579/6023
f 3520/18604/6037 3532/18603/6036 3506/18579/6023
f 3516/18588/6027 3520/18604/6037 3506/18579/6023
f 3511/18605/6033 3533/18606/6038 3516/18607/6027
f 3516/18588/6027 3523/18608/6039 3520/18604/6037
f 3516/18588/6027 3534/18609/6040 3523/18608/6039
f 3523/18608/6039 3535/18610/6041 3520/18604/6037
f 1085/18611/3435 1095/18612/3434 1044/18613/3435
f 3536/18614/6042 366/18615/6042 3537/18616/6042
f 3542/18617/6043 3540/18618/6044 1190/18619/6045
f 3542/18620/6043 3541/18621/6046 3540/18622/6044
f 3540/18623/6047 3541/18624/6048 1188/18625/6049
f 1190/18626/6050 3540/18627/6051 1188/18628/6052
f 3542/18629/6053 1190/18630/6054 1188/18631/6055
f 1188/18632/6055 3541/18633/6056 3542/18634/6053
f 562/18635/6057 2155/18636/6057 2154/18637/6057
f 561/18638/6058 3543/18639/6058 3544/18640/6058
f 3545/18641/6059 625/18642/6059 630/18643/6059
f 3547/18644/6060 933/18645/6061 1085/18646/6062
f 933/18647/6061 3546/642/6063 1085/18648/6062
f 1085/18649/6062 3546/18650/6063 3547/18651/6064
f 3547/18652/6065 3546/18653/6066 933/18654/6067
l 2157 2158
o hull_bottom.019
v -0.533811 -0.148207 -0.002830
v -0.533810 -0.148207 -0.002830
v -0.521340 -0.150460 -0.003189
v -0.521340 -0.150460 -0.003189
v -0.533810 -0.148207 -0.002830
v -0.543613 -0.146474 -0.001897
v -0.533811 -0.148207 -0.002830
v -0.521340 -0.150460 -0.003189
v -0.543613 -0.146474 -0.001897
v -0.543613 -0.146474 -0.001897
v -0.533810 -0.148207 -0.002830
v -0.533811 -0.148207 -0.002830
vn 0.1254 0.7904 -0.5996
vn 0.1255 0.7904 -0.5996
vn 0.1256 0.7905 -0.5994
vn 0.1791 0.9821 0.0575
vn -0.1791 -0.9822 -0.0571
vn 0.1162 0.8923 -0.4363
vn 0.1163 0.8922 -0.4364
vt 0.999301 0.996324
vt 0.999301 0.996323
vt 0.999890 0.996324
vt 0.012738 0.987257
vt 0.012884 0.992315
vt 0.012738 0.996303
vt 0.012884 0.992315
vt 0.013029 0.987257
vt 0.013029 0.996303
vt 0.999847 0.996324
vt 0.999301 0.996324
vt 0.999301 0.996324
s 1
f 3548/18655/6068 3549/18656/6069 3550/18657/6070
f 3551/18658/6071 3552/18659/6071 3553/18660/6071
f 3554/18661/6072 3555/18662/6072 3556/18663/6072
f 3557/18664/6073 3558/18665/6074 3559/18666/6073
